"mev_id","grupo","familia","backend_module","required_surface","detector_id","detector_logic","execution_class","min_legs","max_legs","atomic_possible","oracle_dep","bridge_dep","external_dep","matrix_links","primary_ops","secondary_ops","req_count","requirements","status_excel","design_state","initial_mode","strategy_enabled","cartridge_path","canon_strategy_json","repo_verification","test_evidence","live_shadow_evaluated","fee_producer_scope","state_SPECIFIED","state_IMPLEMENTED","state_TESTED","state_FORK_VERIFIED","state_LIVE_DATA_VERIFIED","state_EXECUTION_AUTHORIZED","state_SETTLED","state_RECONCILED"
"MEV-01-001","mev_01","Arbitrajes spot DEX dentro de una misma cadena","route_graph_engine","DEX_AMM","R_CLOSED_CYCLE","closed_route","DETERMINISTIC_EXECUTABLE","2","8","Sí","No","No","No","8","op_27 Path Ordering; op_21 Newton-Raphson; op_15 Golden Section; op_16 Kelly","op_01 SVD; op_22 Monte Carlo; op_26 Flash Loan; op_30 GNN Encoder","6","closed_token_cycle;protocol_exact_quotes;same_snapshot;token_continuity;strategy_specific_note_verified;native_risk_and_impact_policy","ROUTE_READY","READY_FOR_CARTRIDGE_MIGRATION","SHADOW","YES","backend/searcher-rs/cartridges/strategies/mev_01_001_dex_dex_arbitrage.rhai","skills/arbitragex-ultra/strategies/MEV-01-001/STRATEGY.json","VERIFIED","behavioral:cartridge_r_closed_cycle_test.rs(pilot)","yes:shadow_0_opportunities","V2/V3/V4 + Curve + gas + builder + funding: PRODUCTOR PRESENTE (rama fix/omegasearch-fees-01)","yes","yes:cartridge+canon+manifest","yes","no","partial:shadow_evaluated_no_opportunity","no","no","no"
"MEV-01-002","mev_01","Arbitrajes spot DEX dentro de una misma cadena","route_graph_engine","DEX_AMM","R_CLOSED_CYCLE","closed_route","DETERMINISTIC_EXECUTABLE","2","8","Sí","No","No","No","8","op_27 Path Ordering; op_21 Newton-Raphson; op_15 Golden Section; op_16 Kelly","op_01 SVD; op_22 Monte Carlo; op_26 Flash Loan; op_30 GNN Encoder","6","closed_token_cycle;protocol_exact_quotes;same_snapshot;token_continuity;strategy_specific_note_verified;native_risk_and_impact_policy","ROUTE_READY","READY_FOR_CARTRIDGE_MIGRATION","SHADOW","YES","backend/searcher-rs/cartridges/strategies/mev_01_002_cross_pool_arbitrage.rhai","skills/arbitragex-ultra/strategies/MEV-01-002/STRATEGY.json","VERIFIED","behavioral:cartridge_r_closed_cycle_test.rs(pilot)","yes:shadow_0_opportunities","V2/V3/V4 + Curve + gas + builder + funding: PRODUCTOR PRESENTE (rama fix/omegasearch-fees-01)","yes","yes:cartridge+canon+manifest","yes","no","partial:shadow_evaluated_no_opportunity","no","no","no"
"MEV-01-003","mev_01","Arbitrajes spot DEX dentro de una misma cadena","route_graph_engine","DEX_AMM","R_CLOSED_CYCLE","closed_route","DETERMINISTIC_EXECUTABLE","2","8","Sí","No","No","No","8","op_27 Path Ordering; op_21 Newton-Raphson; op_15 Golden Section; op_16 Kelly","op_01 SVD; op_22 Monte Carlo; op_26 Flash Loan; op_30 GNN Encoder","6","closed_token_cycle;protocol_exact_quotes;same_snapshot;token_continuity;strategy_specific_note_verified;native_risk_and_impact_policy","ROUTE_READY","READY_FOR_CARTRIDGE_MIGRATION","SHADOW","YES","backend/searcher-rs/cartridges/strategies/mev_01_003_cross_protocol_arbitrage.rhai","skills/arbitragex-ultra/strategies/MEV-01-003/STRATEGY.json","VERIFIED","behavioral:cartridge_r_closed_cycle_test.rs(pilot)","yes:shadow_0_opportunities","V2/V3/V4 + Curve + gas + builder + funding: PRODUCTOR PRESENTE (rama fix/omegasearch-fees-01)","yes","yes:cartridge+canon+manifest","yes","no","partial:shadow_evaluated_no_opportunity","no","no","no"
"MEV-01-004","mev_01","Arbitrajes spot DEX dentro de una misma cadena","route_graph_engine","DEX_AMM","R_CLOSED_CYCLE","closed_route","DETERMINISTIC_EXECUTABLE","2","8","Sí","No","No","No","8","op_27 Path Ordering; op_21 Newton-Raphson; op_15 Golden Section; op_16 Kelly","op_01 SVD; op_22 Monte Carlo; op_26 Flash Loan; op_30 GNN Encoder","6","closed_token_cycle;protocol_exact_quotes;same_snapshot;token_continuity;strategy_specific_note_verified;native_risk_and_impact_policy","ROUTE_READY","READY_FOR_CARTRIDGE_MIGRATION","SHADOW","YES","backend/searcher-rs/cartridges/strategies/mev_01_004_cross_version_arbitrage.rhai","skills/arbitragex-ultra/strategies/MEV-01-004/STRATEGY.json","VERIFIED","behavioral:cartridge_r_closed_cycle_test.rs(pilot)","yes:shadow_0_opportunities","V2/V3/V4 + Curve + gas + builder + funding: PRODUCTOR PRESENTE (rama fix/omegasearch-fees-01)","yes","yes:cartridge+canon+manifest","yes","no","partial:shadow_evaluated_no_opportunity","no","no","no"
"MEV-01-005","mev_01","Arbitrajes spot DEX dentro de una misma cadena","route_graph_engine","DEX_AMM","R_CLOSED_CYCLE","closed_route","DETERMINISTIC_EXECUTABLE","2","8","Sí","No","No","No","8","op_27 Path Ordering; op_21 Newton-Raphson; op_15 Golden Section; op_16 Kelly","op_01 SVD; op_22 Monte Carlo; op_26 Flash Loan; op_30 GNN Encoder","6","closed_token_cycle;protocol_exact_quotes;same_snapshot;token_continuity;strategy_specific_note_verified;native_risk_and_impact_policy","ROUTE_READY","READY_FOR_CARTRIDGE_MIGRATION","SHADOW","YES","backend/searcher-rs/cartridges/strategies/mev_01_005_cross_fork_arbitrage.rhai","skills/arbitragex-ultra/strategies/MEV-01-005/STRATEGY.json","VERIFIED","behavioral:cartridge_r_closed_cycle_test.rs(pilot)","yes:shadow_0_opportunities","V2/V3/V4 + Curve + gas + builder + funding: PRODUCTOR PRESENTE (rama fix/omegasearch-fees-01)","yes","yes:cartridge+canon+manifest","yes","no","partial:shadow_evaluated_no_opportunity","no","no","no"
"MEV-01-006","mev_01","Arbitrajes spot DEX dentro de una misma cadena","route_graph_engine","DEX_AMM","R_CLOSED_CYCLE","closed_route","DETERMINISTIC_EXECUTABLE","2","8","Sí","No","No","No","8","op_27 Path Ordering; op_21 Newton-Raphson; op_15 Golden Section; op_16 Kelly","op_01 SVD; op_22 Monte Carlo; op_26 Flash Loan; op_30 GNN Encoder","6","closed_token_cycle;protocol_exact_quotes;same_snapshot;token_continuity;strategy_specific_note_verified;native_risk_and_impact_policy","ROUTE_READY","READY_FOR_CARTRIDGE_MIGRATION","SHADOW","YES","backend/searcher-rs/cartridges/strategies/mev_01_006_cross_fee_tier_arbitrage.rhai","skills/arbitragex-ultra/strategies/MEV-01-006/STRATEGY.json","VERIFIED","behavioral:cartridge_r_closed_cycle_test.rs(pilot)","yes:shadow_0_opportunities","V2/V3/V4 + Curve + gas + builder + funding: PRODUCTOR PRESENTE (rama fix/omegasearch-fees-01)","yes","yes:cartridge+canon+manifest","yes","no","partial:shadow_evaluated_no_opportunity","no","no","no"
"MEV-01-007","mev_01","Arbitrajes spot DEX dentro de una misma cadena","route_graph_engine","DEX_AMM","R_CLOSED_CYCLE","closed_route","DETERMINISTIC_EXECUTABLE","2","8","Sí","No","No","No","8","op_27 Path Ordering; op_21 Newton-Raphson; op_15 Golden Section; op_16 Kelly","op_01 SVD; op_22 Monte Carlo; op_26 Flash Loan; op_30 GNN Encoder","6","closed_token_cycle;protocol_exact_quotes;same_snapshot;token_continuity;strategy_specific_note_verified;native_risk_and_impact_policy","ROUTE_READY","READY_FOR_CARTRIDGE_MIGRATION","SHADOW","YES","backend/searcher-rs/cartridges/strategies/mev_01_007_cross_liquidity_tier_arbitrage.rhai","skills/arbitragex-ultra/strategies/MEV-01-007/STRATEGY.json","VERIFIED","behavioral:cartridge_r_closed_cycle_test.rs(pilot)","yes:shadow_0_opportunities","V2/V3/V4 + Curve + gas + builder + funding: PRODUCTOR PRESENTE (rama fix/omegasearch-fees-01)","yes","yes:cartridge+canon+manifest","yes","no","partial:shadow_evaluated_no_opportunity","no","no","no"
"MEV-01-008","mev_01","Arbitrajes spot DEX dentro de una misma cadena","route_graph_engine","DEX_AMM","R_CLOSED_CYCLE","closed_route","DETERMINISTIC_EXECUTABLE","2","8","Sí","No","No","No","8","op_27 Path Ordering; op_21 Newton-Raphson; op_15 Golden Section; op_16 Kelly","op_01 SVD; op_22 Monte Carlo; op_26 Flash Loan; op_30 GNN Encoder","6","closed_token_cycle;protocol_exact_quotes;same_snapshot;token_continuity;strategy_specific_note_verified;native_risk_and_impact_policy","ROUTE_READY","READY_FOR_CARTRIDGE_MIGRATION","SHADOW","YES","backend/searcher-rs/cartridges/strategies/mev_01_008_amm_amm_arbitrage.rhai","skills/arbitragex-ultra/strategies/MEV-01-008/STRATEGY.json","VERIFIED","behavioral:cartridge_r_closed_cycle_test.rs(pilot)","yes:shadow_0_opportunities","V2/V3/V4 + Curve + gas + builder + funding: PRODUCTOR PRESENTE (rama fix/omegasearch-fees-01)","yes","yes:cartridge+canon+manifest","yes","no","partial:shadow_evaluated_no_opportunity","no","no","no"
"MEV-01-009","mev_01","Arbitrajes spot DEX dentro de una misma cadena","route_graph_engine","DEX_AMM","R_ORDERBOOK","firm_pair","EXTERNAL_DATA_REQUIRED","2","8","Sí","No","No","No","7","op_08 Kalman; op_10 Welford; op_23 Queueing; op_11 Bayes","op_13 Regression; op_22 Monte Carlo; op_16 Kelly","7","same_economic_asset;matched_quantity;firm_depth;inventory_available;settlement_executable;strategy_specific_note_verified;native_risk_and_impact_policy","ROUTE_READY","READY_FOR_CARTRIDGE_MIGRATION","SHADOW","YES","backend/searcher-rs/cartridges/strategies/mev_01_009_amm_clob_arbitrage.rhai","skills/arbitragex-ultra/strategies/MEV-01-009/STRATEGY.json","VERIFIED","syntax_only","yes:shadow_0_opportunities","V2/V3/V4 + Curve + gas + builder + funding: PRODUCTOR PRESENTE (rama fix/omegasearch-fees-01)","yes","yes:cartridge+canon+manifest","partial:compile_only","no","partial:shadow_evaluated_no_opportunity","no","no","no"
"MEV-01-010","mev_01","Arbitrajes spot DEX dentro de una misma cadena","route_graph_engine","DEX_AMM","R_ORDERBOOK","firm_pair","EXTERNAL_DATA_REQUIRED","2","8","Sí","No","No","No","7","op_08 Kalman; op_10 Welford; op_23 Queueing; op_11 Bayes","op_13 Regression; op_22 Monte Carlo; op_16 Kelly","7","same_economic_asset;matched_quantity;firm_depth;inventory_available;settlement_executable;strategy_specific_note_verified;native_risk_and_impact_policy","ROUTE_READY","READY_FOR_CARTRIDGE_MIGRATION","SHADOW","YES","backend/searcher-rs/cartridges/strategies/mev_01_010_clob_clob_arbitrage.rhai","skills/arbitragex-ultra/strategies/MEV-01-010/STRATEGY.json","VERIFIED","syntax_only","yes:shadow_0_opportunities","V2/V3/V4 + Curve + gas + builder + funding: PRODUCTOR PRESENTE (rama fix/omegasearch-fees-01)","yes","yes:cartridge+canon+manifest","partial:compile_only","no","partial:shadow_evaluated_no_opportunity","no","no","no"
"MEV-01-011","mev_01","Arbitrajes spot DEX dentro de una misma cadena","route_graph_engine","DEX_AMM","R_ORDERBOOK","firm_pair","EXTERNAL_DATA_REQUIRED","2","8","Sí","No","No","No","7","op_08 Kalman; op_10 Welford; op_23 Queueing; op_11 Bayes","op_13 Regression; op_22 Monte Carlo; op_16 Kelly","7","same_economic_asset;matched_quantity;firm_depth;inventory_available;settlement_executable;strategy_specific_note_verified;native_risk_and_impact_policy","ROUTE_READY","READY_FOR_CARTRIDGE_MIGRATION","SHADOW","YES","backend/searcher-rs/cartridges/strategies/mev_01_011_amm_rfq_arbitrage.rhai","skills/arbitragex-ultra/strategies/MEV-01-011/STRATEGY.json","VERIFIED","syntax_only","yes:shadow_0_opportunities","V2/V3/V4 + Curve + gas + builder + funding: PRODUCTOR PRESENTE (rama fix/omegasearch-fees-01)","yes","yes:cartridge+canon+manifest","partial:compile_only","no","partial:shadow_evaluated_no_opportunity","no","no","no"
"MEV-01-012","mev_01","Arbitrajes spot DEX dentro de una misma cadena","route_graph_engine","DEX_AMM","R_ORDERBOOK","firm_pair","EXTERNAL_DATA_REQUIRED","2","8","Sí","No","No","No","7","op_08 Kalman; op_10 Welford; op_23 Queueing; op_11 Bayes","op_13 Regression; op_22 Monte Carlo; op_16 Kelly","7","same_economic_asset;matched_quantity;firm_depth;inventory_available;settlement_executable;strategy_specific_note_verified;native_risk_and_impact_policy","ROUTE_READY","READY_FOR_CARTRIDGE_MIGRATION","SHADOW","YES","backend/searcher-rs/cartridges/strategies/mev_01_012_rfq_rfq_arbitrage.rhai","skills/arbitragex-ultra/strategies/MEV-01-012/STRATEGY.json","VERIFIED","syntax_only","yes:shadow_0_opportunities","V2/V3/V4 + Curve + gas + builder + funding: PRODUCTOR PRESENTE (rama fix/omegasearch-fees-01)","yes","yes:cartridge+canon+manifest","partial:compile_only","no","partial:shadow_evaluated_no_opportunity","no","no","no"
"MEV-01-013","mev_01","Arbitrajes spot DEX dentro de una misma cadena","route_graph_engine","DEX_AMM","R_CLOSED_CYCLE","closed_route","DETERMINISTIC_EXECUTABLE","2","8","Sí","No","No","No","8","op_27 Path Ordering; op_21 Newton-Raphson; op_15 Golden Section; op_16 Kelly","op_01 SVD; op_22 Monte Carlo; op_26 Flash Loan; op_30 GNN Encoder","6","closed_token_cycle;protocol_exact_quotes;same_snapshot;token_continuity;strategy_specific_note_verified;native_risk_and_impact_policy","ROUTE_READY","READY_FOR_CARTRIDGE_MIGRATION","SHADOW","YES","backend/searcher-rs/cartridges/strategies/mev_01_013_aggregator_dex_arbitrage.rhai","skills/arbitragex-ultra/strategies/MEV-01-013/STRATEGY.json","VERIFIED","behavioral:cartridge_r_closed_cycle_test.rs(pilot)","yes:shadow_0_opportunities","V2/V3/V4 + Curve + gas + builder + funding: PRODUCTOR PRESENTE (rama fix/omegasearch-fees-01)","yes","yes:cartridge+canon+manifest","yes","no","partial:shadow_evaluated_no_opportunity","no","no","no"
"MEV-01-014","mev_01","Arbitrajes spot DEX dentro de una misma cadena","route_graph_engine","DEX_AMM","R_CLOSED_CYCLE","closed_route","DETERMINISTIC_EXECUTABLE","2","8","Sí","No","No","No","8","op_27 Path Ordering; op_21 Newton-Raphson; op_15 Golden Section; op_16 Kelly","op_01 SVD; op_22 Monte Carlo; op_26 Flash Loan; op_30 GNN Encoder","6","closed_token_cycle;protocol_exact_quotes;same_snapshot;token_continuity;strategy_specific_note_verified;native_risk_and_impact_policy","ROUTE_READY","READY_FOR_CARTRIDGE_MIGRATION","SHADOW","YES","backend/searcher-rs/cartridges/strategies/mev_01_014_router_pool_arbitrage.rhai","skills/arbitragex-ultra/strategies/MEV-01-014/STRATEGY.json","VERIFIED","behavioral:cartridge_r_closed_cycle_test.rs(pilot)","yes:shadow_0_opportunities","V2/V3/V4 + Curve + gas + builder + funding: PRODUCTOR PRESENTE (rama fix/omegasearch-fees-01)","yes","yes:cartridge+canon+manifest","yes","no","partial:shadow_evaluated_no_opportunity","no","no","no"
"MEV-01-015","mev_01","Arbitrajes spot DEX dentro de una misma cadena","route_graph_engine","DEX_AMM","R_CLOSED_CYCLE","closed_route","DETERMINISTIC_EXECUTABLE","2","2","Sí","No","No","No","8","op_27 Path Ordering; op_21 Newton-Raphson; op_15 Golden Section; op_16 Kelly","op_01 SVD; op_22 Monte Carlo; op_26 Flash Loan; op_30 GNN Encoder","6","closed_token_cycle;protocol_exact_quotes;same_snapshot;token_continuity;strategy_specific_note_verified;native_risk_and_impact_policy","ROUTE_READY","READY_FOR_CARTRIDGE_MIGRATION","SHADOW","YES","backend/searcher-rs/cartridges/strategies/mev_01_015_two_leg_arbitrage.rhai","skills/arbitragex-ultra/strategies/MEV-01-015/STRATEGY.json","VERIFIED","behavioral:cartridge_r_closed_cycle_test.rs(pilot)","yes:shadow_0_opportunities","V2/V3/V4 + Curve + gas + builder + funding: PRODUCTOR PRESENTE (rama fix/omegasearch-fees-01)","yes","yes:cartridge+canon+manifest","yes","no","partial:shadow_evaluated_no_opportunity","no","no","no"
"MEV-01-016","mev_01","Arbitrajes spot DEX dentro de una misma cadena","route_graph_engine","DEX_AMM","R_CLOSED_CYCLE","closed_route","DETERMINISTIC_EXECUTABLE","3","3","Sí","No","No","No","8","op_27 Path Ordering; op_21 Newton-Raphson; op_15 Golden Section; op_16 Kelly","op_01 SVD; op_22 Monte Carlo; op_26 Flash Loan; op_30 GNN Encoder","6","closed_token_cycle;protocol_exact_quotes;same_snapshot;token_continuity;strategy_specific_note_verified;native_risk_and_impact_policy","ROUTE_READY","READY_FOR_CARTRIDGE_MIGRATION","SHADOW","YES","backend/searcher-rs/cartridges/strategies/mev_01_016_triangular_arbitrage.rhai","skills/arbitragex-ultra/strategies/MEV-01-016/STRATEGY.json","VERIFIED","behavioral:cartridge_r_closed_cycle_test.rs(pilot)","yes:shadow_0_opportunities","V2/V3/V4 + Curve + gas + builder + funding: PRODUCTOR PRESENTE (rama fix/omegasearch-fees-01)","yes","yes:cartridge+canon+manifest","yes","no","partial:shadow_evaluated_no_opportunity","no","no","no"
"MEV-01-017","mev_01","Arbitrajes spot DEX dentro de una misma cadena","route_graph_engine","DEX_AMM","R_CLOSED_CYCLE","closed_route","DETERMINISTIC_EXECUTABLE","4","4","Sí","No","No","No","8","op_27 Path Ordering; op_21 Newton-Raphson; op_15 Golden Section; op_16 Kelly","op_01 SVD; op_22 Monte Carlo; op_26 Flash Loan; op_30 GNN Encoder","6","closed_token_cycle;protocol_exact_quotes;same_snapshot;token_continuity;strategy_specific_note_verified;native_risk_and_impact_policy","ROUTE_READY","READY_FOR_CARTRIDGE_MIGRATION","SHADOW","YES","backend/searcher-rs/cartridges/strategies/mev_01_017_quadrangular_arbitrage.rhai","skills/arbitragex-ultra/strategies/MEV-01-017/STRATEGY.json","VERIFIED","behavioral:cartridge_r_closed_cycle_test.rs(pilot)","yes:shadow_0_opportunities","V2/V3/V4 + Curve + gas + builder + funding: PRODUCTOR PRESENTE (rama fix/omegasearch-fees-01)","yes","yes:cartridge+canon+manifest","yes","no","partial:shadow_evaluated_no_opportunity","no","no","no"
"MEV-01-018","mev_01","Arbitrajes spot DEX dentro de una misma cadena","route_graph_engine","DEX_AMM","R_CLOSED_CYCLE","closed_route","DETERMINISTIC_EXECUTABLE","3","16","Sí","No","No","No","8","op_27 Path Ordering; op_21 Newton-Raphson; op_15 Golden Section; op_16 Kelly","op_01 SVD; op_22 Monte Carlo; op_26 Flash Loan; op_30 GNN Encoder","6","closed_token_cycle;protocol_exact_quotes;same_snapshot;token_continuity;strategy_specific_note_verified;native_risk_and_impact_policy","ROUTE_READY","READY_FOR_CARTRIDGE_MIGRATION","SHADOW","YES","backend/searcher-rs/cartridges/strategies/mev_01_018_n_leg_cyclic_arbitrage.rhai","skills/arbitragex-ultra/strategies/MEV-01-018/STRATEGY.json","VERIFIED","behavioral:cartridge_r_closed_cycle_test.rs(pilot)","yes:shadow_0_opportunities","V2/V3/V4 + Curve + gas + builder + funding: PRODUCTOR PRESENTE (rama fix/omegasearch-fees-01)","yes","yes:cartridge+canon+manifest","yes","no","partial:shadow_evaluated_no_opportunity","no","no","no"
"MEV-01-019","mev_01","Arbitrajes spot DEX dentro de una misma cadena","route_graph_engine","DEX_AMM","R_CLOSED_CYCLE","closed_route","DETERMINISTIC_EXECUTABLE","3","16","Sí","No","No","No","8","op_27 Path Ordering; op_21 Newton-Raphson; op_15 Golden Section; op_16 Kelly","op_01 SVD; op_22 Monte Carlo; op_26 Flash Loan; op_30 GNN Encoder","6","closed_token_cycle;protocol_exact_quotes;same_snapshot;token_continuity;strategy_specific_note_verified;native_risk_and_impact_policy","ROUTE_READY","READY_FOR_CARTRIDGE_MIGRATION","SHADOW","YES","backend/searcher-rs/cartridges/strategies/mev_01_019_multi_hop_arbitrage.rhai","skills/arbitragex-ultra/strategies/MEV-01-019/STRATEGY.json","VERIFIED","behavioral:cartridge_r_closed_cycle_test.rs(pilot)","yes:shadow_0_opportunities","V2/V3/V4 + Curve + gas + builder + funding: PRODUCTOR PRESENTE (rama fix/omegasearch-fees-01)","yes","yes:cartridge+canon+manifest","yes","no","partial:shadow_evaluated_no_opportunity","no","no","no"
"MEV-01-020","mev_01","Arbitrajes spot DEX dentro de una misma cadena","route_graph_engine","DEX_AMM","R_CLOSED_CYCLE","closed_route","DETERMINISTIC_EXECUTABLE","3","16","Sí","No","No","No","8","op_27 Path Ordering; op_21 Newton-Raphson; op_15 Golden Section; op_16 Kelly","op_01 SVD; op_22 Monte Carlo; op_26 Flash Loan; op_30 GNN Encoder","6","closed_token_cycle;protocol_exact_quotes;same_snapshot;token_continuity;strategy_specific_note_verified;native_risk_and_impact_policy","ROUTE_READY","READY_FOR_CARTRIDGE_MIGRATION","SHADOW","YES","backend/searcher-rs/cartridges/strategies/mev_01_020_multi_dex_cyclic_arbitrage.rhai","skills/arbitragex-ultra/strategies/MEV-01-020/STRATEGY.json","VERIFIED","behavioral:cartridge_r_closed_cycle_test.rs(pilot)","yes:shadow_0_opportunities","V2/V3/V4 + Curve + gas + builder + funding: PRODUCTOR PRESENTE (rama fix/omegasearch-fees-01)","yes","yes:cartridge+canon+manifest","yes","no","partial:shadow_evaluated_no_opportunity","no","no","no"
"MEV-01-021","mev_01","Arbitrajes spot DEX dentro de una misma cadena","route_graph_engine","DEX_AMM","R_CLOSED_CYCLE","closed_route","DETERMINISTIC_EXECUTABLE","3","16","Sí","No","No","No","8","op_27 Path Ordering; op_21 Newton-Raphson; op_15 Golden Section; op_16 Kelly","op_01 SVD; op_22 Monte Carlo; op_26 Flash Loan; op_30 GNN Encoder","6","closed_token_cycle;protocol_exact_quotes;same_snapshot;token_continuity;strategy_specific_note_verified;native_risk_and_impact_policy","ROUTE_READY","READY_FOR_CARTRIDGE_MIGRATION","SHADOW","YES","backend/searcher-rs/cartridges/strategies/mev_01_021_intra_dex_cyclic_arbitrage.rhai","skills/arbitragex-ultra/strategies/MEV-01-021/STRATEGY.json","VERIFIED","behavioral:cartridge_r_closed_cycle_test.rs(pilot)","yes:shadow_0_opportunities","V2/V3/V4 + Curve + gas + builder + funding: PRODUCTOR PRESENTE (rama fix/omegasearch-fees-01)","yes","yes:cartridge+canon+manifest","yes","no","partial:shadow_evaluated_no_opportunity","no","no","no"
"MEV-01-022","mev_01","Arbitrajes spot DEX dentro de una misma cadena","route_graph_engine","DEX_AMM","R_CLOSED_CYCLE","closed_route","DETERMINISTIC_EXECUTABLE","3","16","Sí","No","No","No","8","op_27 Path Ordering; op_21 Newton-Raphson; op_15 Golden Section; op_16 Kelly","op_01 SVD; op_22 Monte Carlo; op_26 Flash Loan; op_30 GNN Encoder","6","closed_token_cycle;protocol_exact_quotes;same_snapshot;token_continuity;strategy_specific_note_verified;native_risk_and_impact_policy","ROUTE_READY","READY_FOR_CARTRIDGE_MIGRATION","SHADOW","YES","backend/searcher-rs/cartridges/strategies/mev_01_022_non_cyclic_inventory_arbitrage.rhai","skills/arbitragex-ultra/strategies/MEV-01-022/STRATEGY.json","VERIFIED","behavioral:cartridge_r_closed_cycle_test.rs(pilot)","yes:shadow_0_opportunities","V2/V3/V4 + Curve + gas + builder + funding: PRODUCTOR PRESENTE (rama fix/omegasearch-fees-01)","yes","yes:cartridge+canon+manifest","yes","no","partial:shadow_evaluated_no_opportunity","no","no","no"
"MEV-01-023","mev_01","Arbitrajes spot DEX dentro de una misma cadena","route_graph_engine","DEX_AMM","R_DIRECT_INDIRECT","path_comparison","DETERMINISTIC_EXECUTABLE","2","8","Sí","No","No","No","6","op_27 Path Ordering; op_21 Newton-Raphson; op_15 Golden Section","op_01 SVD; op_20 Gradient Descent; op_22 Monte Carlo","7","identical_input;identical_output_asset;same_snapshot;firm_baseline;settlement_executable;strategy_specific_note_verified;native_risk_and_impact_policy","ROUTE_READY","READY_FOR_CARTRIDGE_MIGRATION","SHADOW","YES","backend/searcher-rs/cartridges/strategies/mev_01_023_path_inconsistency_arbitrage.rhai","skills/arbitragex-ultra/strategies/MEV-01-023/STRATEGY.json","VERIFIED","syntax_only","yes:shadow_0_opportunities","V2/V3/V4 + Curve + gas + builder + funding: PRODUCTOR PRESENTE (rama fix/omegasearch-fees-01)","yes","yes:cartridge+canon+manifest","partial:compile_only","no","partial:shadow_evaluated_no_opportunity","no","no","no"
"MEV-01-024","mev_01","Arbitrajes spot DEX dentro de una misma cadena","route_graph_engine","DEX_AMM","R_DIRECT_INDIRECT","path_comparison","DETERMINISTIC_EXECUTABLE","2","8","Sí","No","No","No","6","op_27 Path Ordering; op_21 Newton-Raphson; op_15 Golden Section","op_01 SVD; op_20 Gradient Descent; op_22 Monte Carlo","7","identical_input;identical_output_asset;same_snapshot;firm_baseline;settlement_executable;strategy_specific_note_verified;native_risk_and_impact_policy","ROUTE_READY","READY_FOR_CARTRIDGE_MIGRATION","SHADOW","YES","backend/searcher-rs/cartridges/strategies/mev_01_024_direct_vs_indirect_route_arbitrage.rhai","skills/arbitragex-ultra/strategies/MEV-01-024/STRATEGY.json","VERIFIED","syntax_only","yes:shadow_0_opportunities","V2/V3/V4 + Curve + gas + builder + funding: PRODUCTOR PRESENTE (rama fix/omegasearch-fees-01)","yes","yes:cartridge+canon+manifest","partial:compile_only","no","partial:shadow_evaluated_no_opportunity","no","no","no"
"MEV-01-025","mev_01","Arbitrajes spot DEX dentro de una misma cadena","route_graph_engine","DEX_AMM","R_SPLIT","split_allocation","DETERMINISTIC_EXECUTABLE","2","8","Sí","No","No","No","6","op_19 Simplex; op_20 Gradient Descent; op_15 Golden Section","op_21 Newton-Raphson; op_27 Path Ordering; op_22 Monte Carlo","7","input_allocation_conserved;nonnegative_allocations;shared_pool_state_consistent;firm_unsplit_baseline;settlement_executable;strategy_specific_note_verified;native_risk_and_impact_policy","ROUTE_READY","READY_FOR_CARTRIDGE_MIGRATION","SHADOW","YES","backend/searcher-rs/cartridges/strategies/mev_01_025_split_route_arbitrage.rhai","skills/arbitragex-ultra/strategies/MEV-01-025/STRATEGY.json","VERIFIED","syntax_only","yes:shadow_0_opportunities","V2/V3/V4 + Curve + gas + builder + funding: PRODUCTOR PRESENTE (rama fix/omegasearch-fees-01)","yes","yes:cartridge+canon+manifest","partial:compile_only","no","partial:shadow_evaluated_no_opportunity","no","no","no"
"MEV-01-026","mev_01","Arbitrajes spot DEX dentro de una misma cadena","route_graph_engine","DEX_AMM","R_SPLIT","split_allocation","DETERMINISTIC_EXECUTABLE","2","8","Sí","No","No","No","6","op_19 Simplex; op_20 Gradient Descent; op_15 Golden Section","op_21 Newton-Raphson; op_27 Path Ordering; op_22 Monte Carlo","7","input_allocation_conserved;nonnegative_allocations;shared_pool_state_consistent;firm_unsplit_baseline;settlement_executable;strategy_specific_note_verified;native_risk_and_impact_policy","ROUTE_READY","READY_FOR_CARTRIDGE_MIGRATION","SHADOW","YES","backend/searcher-rs/cartridges/strategies/mev_01_026_parallel_route_arbitrage.rhai","skills/arbitragex-ultra/strategies/MEV-01-026/STRATEGY.json","VERIFIED","syntax_only","yes:shadow_0_opportunities","V2/V3/V4 + Curve + gas + builder + funding: PRODUCTOR PRESENTE (rama fix/omegasearch-fees-01)","yes","yes:cartridge+canon+manifest","partial:compile_only","no","partial:shadow_evaluated_no_opportunity","no","no","no"
"MEV-01-027","mev_01","Arbitrajes spot DEX dentro de una misma cadena","route_graph_engine","DEX_AMM","R_BASKET_NAV","redemption","DETERMINISTIC_IF_REDEEMABLE","3","16","Sí","No","No","No","7","op_13 Regression; op_19 Simplex; op_21 Newton-Raphson","op_08 Kalman; op_11 Bayes; op_16 Kelly; op_22 Monte Carlo","7","conversion_contract_valid;redemption_within_limits;component_quotes_firm;delay_costed;settlement_executable;strategy_specific_note_verified;native_risk_and_impact_policy","ROUTE_READY","READY_FOR_CARTRIDGE_MIGRATION","SHADOW","YES","backend/searcher-rs/cartridges/strategies/mev_01_027_basket_arbitrage.rhai","skills/arbitragex-ultra/strategies/MEV-01-027/STRATEGY.json","VERIFIED","syntax_only","yes:shadow_0_opportunities","redemption: recibo redemption_within_limits REAL; delay_costed FAIL-honesto; mint/redeem fee NO productor","yes","yes:cartridge+canon+manifest","partial:compile_only","no","partial:shadow_evaluated_no_opportunity","no","no","no"
"MEV-01-028","mev_01","Arbitrajes spot DEX dentro de una misma cadena","route_graph_engine","DEX_AMM","R_BASKET_NAV","redemption","DETERMINISTIC_IF_REDEEMABLE","2","8","Sí","No","No","No","7","op_13 Regression; op_19 Simplex; op_21 Newton-Raphson","op_08 Kalman; op_11 Bayes; op_16 Kelly; op_22 Monte Carlo","7","conversion_contract_valid;redemption_within_limits;component_quotes_firm;delay_costed;settlement_executable;strategy_specific_note_verified;native_risk_and_impact_policy","ROUTE_READY","READY_FOR_CARTRIDGE_MIGRATION","SHADOW","YES","backend/searcher-rs/cartridges/strategies/mev_01_028_index_arbitrage.rhai","skills/arbitragex-ultra/strategies/MEV-01-028/STRATEGY.json","VERIFIED","syntax_only","yes:shadow_0_opportunities","redemption: recibo redemption_within_limits REAL; delay_costed FAIL-honesto; mint/redeem fee NO productor","yes","yes:cartridge+canon+manifest","partial:compile_only","no","partial:shadow_evaluated_no_opportunity","no","no","no"
"MEV-01-029","mev_01","Arbitrajes spot DEX dentro de una misma cadena","route_graph_engine","DEX_AMM","R_CLOSED_CYCLE","closed_route","DETERMINISTIC_EXECUTABLE","3","16","Sí","No","No","No","8","op_27 Path Ordering; op_21 Newton-Raphson; op_15 Golden Section; op_16 Kelly","op_01 SVD; op_22 Monte Carlo; op_26 Flash Loan; op_30 GNN Encoder","6","closed_token_cycle;protocol_exact_quotes;same_snapshot;token_continuity;strategy_specific_note_verified;native_risk_and_impact_policy","ROUTE_READY","READY_FOR_CARTRIDGE_MIGRATION","SHADOW","YES","backend/searcher-rs/cartridges/strategies/mev_01_029_ring_arbitrage.rhai","skills/arbitragex-ultra/strategies/MEV-01-029/STRATEGY.json","VERIFIED","behavioral:cartridge_r_closed_cycle_test.rs(pilot)","yes:shadow_0_opportunities","V2/V3/V4 + Curve + gas + builder + funding: PRODUCTOR PRESENTE (rama fix/omegasearch-fees-01)","yes","yes:cartridge+canon+manifest","yes","no","partial:shadow_evaluated_no_opportunity","no","no","no"
"MEV-01-030","mev_01","Arbitrajes spot DEX dentro de una misma cadena","route_graph_engine","DEX_AMM","R_COW","constrained_settlement","DETERMINISTIC_SETTLEMENT","2","8","Sí","No","No","No","7","op_19 Simplex; op_29 Shapley; op_24 Nash; op_27 Path Ordering","op_20 Gradient Descent; op_22 Monte Carlo; op_23 Queueing","7","order_limits_respected;balance_conservation;approvals_valid;orders_not_expired;settlement_executable;strategy_specific_note_verified;native_risk_and_impact_policy","ROUTE_READY","READY_FOR_CARTRIDGE_MIGRATION","SHADOW","YES","backend/searcher-rs/cartridges/strategies/mev_01_030_coincidence_of_wants_arbitrage.rhai","skills/arbitragex-ultra/strategies/MEV-01-030/STRATEGY.json","VERIFIED","syntax_only","yes:shadow_0_opportunities","V2/V3/V4 + Curve + gas + builder + funding: PRODUCTOR PRESENTE (rama fix/omegasearch-fees-01)","yes","yes:cartridge+canon+manifest","partial:compile_only","no","partial:shadow_evaluated_no_opportunity","no","no","no"
"MEV-01-031","mev_01","Arbitrajes spot DEX dentro de una misma cadena","route_graph_engine","DEX_AMM","R_CLOSED_CYCLE","closed_route","DETERMINISTIC_EXECUTABLE","2","8","Sí","No","No","No","8","op_27 Path Ordering; op_21 Newton-Raphson; op_15 Golden Section; op_16 Kelly","op_01 SVD; op_22 Monte Carlo; op_26 Flash Loan; op_30 GNN Encoder","6","closed_token_cycle;protocol_exact_quotes;same_snapshot;token_continuity;strategy_specific_note_verified;native_risk_and_impact_policy","ROUTE_READY","READY_FOR_CARTRIDGE_MIGRATION","SHADOW","YES","backend/searcher-rs/cartridges/strategies/mev_01_031_exact_in_exact_out_arbitrage.rhai","skills/arbitragex-ultra/strategies/MEV-01-031/STRATEGY.json","VERIFIED","behavioral:cartridge_r_closed_cycle_test.rs(pilot)","yes:shadow_0_opportunities","V2/V3/V4 + Curve + gas + builder + funding: PRODUCTOR PRESENTE (rama fix/omegasearch-fees-01)","yes","yes:cartridge+canon+manifest","yes","no","partial:shadow_evaluated_no_opportunity","no","no","no"
"MEV-01-032","mev_01","Arbitrajes spot DEX dentro de una misma cadena","route_graph_engine","DEX_AMM","R_CLOSED_CYCLE","closed_route","DETERMINISTIC_EXECUTABLE","2","8","Sí","No","No","No","8","op_27 Path Ordering; op_21 Newton-Raphson; op_15 Golden Section; op_16 Kelly","op_01 SVD; op_22 Monte Carlo; op_26 Flash Loan; op_30 GNN Encoder","6","closed_token_cycle;protocol_exact_quotes;same_snapshot;token_continuity;strategy_specific_note_verified;native_risk_and_impact_policy","ROUTE_READY","READY_FOR_CARTRIDGE_MIGRATION","SHADOW","YES","backend/searcher-rs/cartridges/strategies/mev_01_032_fee_adjusted_arbitrage.rhai","skills/arbitragex-ultra/strategies/MEV-01-032/STRATEGY.json","VERIFIED","behavioral:cartridge_r_closed_cycle_test.rs(pilot)","yes:shadow_0_opportunities","V2/V3/V4 + Curve + gas + builder + funding: PRODUCTOR PRESENTE (rama fix/omegasearch-fees-01)","yes","yes:cartridge+canon+manifest","yes","no","partial:shadow_evaluated_no_opportunity","no","no","no"
"MEV-01-033","mev_01","Arbitrajes spot DEX dentro de una misma cadena","route_graph_engine","DEX_AMM","R_CLOSED_CYCLE","closed_route","DETERMINISTIC_EXECUTABLE","2","8","Sí","No","No","No","8","op_27 Path Ordering; op_21 Newton-Raphson; op_15 Golden Section; op_16 Kelly","op_01 SVD; op_22 Monte Carlo; op_26 Flash Loan; op_30 GNN Encoder","6","closed_token_cycle;protocol_exact_quotes;same_snapshot;token_continuity;strategy_specific_note_verified;native_risk_and_impact_policy","ROUTE_READY","READY_FOR_CARTRIDGE_MIGRATION","SHADOW","YES","backend/searcher-rs/cartridges/strategies/mev_01_033_gas_adjusted_arbitrage.rhai","skills/arbitragex-ultra/strategies/MEV-01-033/STRATEGY.json","VERIFIED","behavioral:cartridge_r_closed_cycle_test.rs(pilot)","yes:shadow_0_opportunities","V2/V3/V4 + Curve + gas + builder + funding: PRODUCTOR PRESENTE (rama fix/omegasearch-fees-01)","yes","yes:cartridge+canon+manifest","yes","no","partial:shadow_evaluated_no_opportunity","no","no","no"
"MEV-01-034","mev_01","Arbitrajes spot DEX dentro de una misma cadena","route_graph_engine","DEX_AMM","R_CLOSED_CYCLE","closed_route","DETERMINISTIC_EXECUTABLE","2","8","Sí","No","No","No","8","op_27 Path Ordering; op_21 Newton-Raphson; op_15 Golden Section; op_16 Kelly","op_01 SVD; op_22 Monte Carlo; op_26 Flash Loan; op_30 GNN Encoder","6","closed_token_cycle;protocol_exact_quotes;same_snapshot;token_continuity;strategy_specific_note_verified;native_risk_and_impact_policy","ROUTE_READY","READY_FOR_CARTRIDGE_MIGRATION","SHADOW","YES","backend/searcher-rs/cartridges/strategies/mev_01_034_rebate_arbitrage.rhai","skills/arbitragex-ultra/strategies/MEV-01-034/STRATEGY.json","VERIFIED","behavioral:cartridge_r_closed_cycle_test.rs(pilot)","yes:shadow_0_opportunities","V2/V3/V4 + Curve + gas + builder + funding: PRODUCTOR PRESENTE (rama fix/omegasearch-fees-01)","yes","yes:cartridge+canon+manifest","yes","no","partial:shadow_evaluated_no_opportunity","no","no","no"
"MEV-01-035","mev_01","Arbitrajes spot DEX dentro de una misma cadena","route_graph_engine","DEX_AMM","R_CLOSED_CYCLE","closed_route","DETERMINISTIC_EXECUTABLE","2","8","Sí","No","No","No","8","op_27 Path Ordering; op_21 Newton-Raphson; op_15 Golden Section; op_16 Kelly","op_01 SVD; op_22 Monte Carlo; op_26 Flash Loan; op_30 GNN Encoder","6","closed_token_cycle;protocol_exact_quotes;same_snapshot;token_continuity;strategy_specific_note_verified;native_risk_and_impact_policy","ROUTE_READY","READY_FOR_CARTRIDGE_MIGRATION","SHADOW","YES","backend/searcher-rs/cartridges/strategies/mev_01_035_dynamic_fee_arbitrage.rhai","skills/arbitragex-ultra/strategies/MEV-01-035/STRATEGY.json","VERIFIED","behavioral:cartridge_r_closed_cycle_test.rs(pilot)","yes:shadow_0_opportunities","V2/V3/V4 + Curve + gas + builder + funding: PRODUCTOR PRESENTE (rama fix/omegasearch-fees-01)","yes","yes:cartridge+canon+manifest","yes","no","partial:shadow_evaluated_no_opportunity","no","no","no"
"MEV-01-036","mev_01","Arbitrajes spot DEX dentro de una misma cadena","route_graph_engine","DEX_AMM","R_CLOSED_CYCLE","closed_route","DETERMINISTIC_EXECUTABLE","2","8","Sí","No","No","No","8","op_27 Path Ordering; op_21 Newton-Raphson; op_15 Golden Section; op_16 Kelly","op_01 SVD; op_22 Monte Carlo; op_26 Flash Loan; op_30 GNN Encoder","6","closed_token_cycle;protocol_exact_quotes;same_snapshot;token_continuity;strategy_specific_note_verified;native_risk_and_impact_policy","ROUTE_READY","READY_FOR_CARTRIDGE_MIGRATION","SHADOW","YES","backend/searcher-rs/cartridges/strategies/mev_01_036_hook_arbitrage.rhai","skills/arbitragex-ultra/strategies/MEV-01-036/STRATEGY.json","VERIFIED","behavioral:cartridge_r_closed_cycle_test.rs(pilot)","yes:shadow_0_opportunities","V2/V3/V4 + Curve + gas + builder + funding: PRODUCTOR PRESENTE (rama fix/omegasearch-fees-01)","yes","yes:cartridge+canon+manifest","yes","no","partial:shadow_evaluated_no_opportunity","no","no","no"
"MEV-02-001","mev_02","Arbitrajes según la curva del AMM","amm_curve_engine","DEX_AMM","CF_CPMM","closed_route","DETERMINISTIC_EXECUTABLE","2","8","Sí","No","No","No","6","op_21 Newton-Raphson; op_15 Golden Section; op_27 Path Ordering","op_16 Kelly; op_22 Monte Carlo; op_26 Flash Loan","6","closed_token_cycle;protocol_exact_quotes;same_snapshot;token_continuity;strategy_specific_note_verified;native_risk_and_impact_policy","ROUTE_READY","READY_FOR_CARTRIDGE_MIGRATION","SHADOW","YES","backend/searcher-rs/cartridges/strategies/mev_02_001_constant_product_arbitrage.rhai","skills/arbitragex-ultra/strategies/MEV-02-001/STRATEGY.json","VERIFIED","syntax_only","yes:shadow_0_opportunities","curve/PMM/bins/bond producers: NO PRODUCTOR en esta oleada (C cubre V2/V3/V4/Curve StableSwap+CryptoSwap/gas/builder/funding)","yes","yes:cartridge+canon+manifest","partial:compile_only","no","partial:shadow_evaluated_no_opportunity","no","no","no"
"MEV-02-002","mev_02","Arbitrajes según la curva del AMM","amm_curve_engine","DEX_AMM","CF_CONSTANT_SUM","closed_route","DETERMINISTIC_EXECUTABLE","2","8","Sí","No","No","No","4","op_19 Simplex; op_21 Newton-Raphson; op_15 Golden Section","op_22 Monte Carlo","7","closed_token_cycle;protocol_exact_quotes;same_snapshot;token_continuity;reserve_boundary_respected;strategy_specific_note_verified;native_risk_and_impact_policy","ROUTE_READY","READY_FOR_CARTRIDGE_MIGRATION","SHADOW","YES","backend/searcher-rs/cartridges/strategies/mev_02_002_constant_sum_arbitrage.rhai","skills/arbitragex-ultra/strategies/MEV-02-002/STRATEGY.json","VERIFIED","syntax_only","yes:shadow_0_opportunities","curve/PMM/bins/bond producers: NO PRODUCTOR en esta oleada (C cubre V2/V3/V4/Curve StableSwap+CryptoSwap/gas/builder/funding)","yes","yes:cartridge+canon+manifest","partial:compile_only","no","partial:shadow_evaluated_no_opportunity","no","no","no"
"MEV-02-003","mev_02","Arbitrajes según la curva del AMM","amm_curve_engine","DEX_AMM","CF_STABLESWAP","closed_route","DETERMINISTIC_EXECUTABLE","2","8","Sí","No","No","No","5","op_21 Newton-Raphson; op_15 Golden Section; op_27 Path Ordering","op_16 Kelly; op_22 Monte Carlo","7","closed_token_cycle;protocol_exact_quotes;same_snapshot;token_continuity;exact_invariant_version_and_rates;strategy_specific_note_verified;native_risk_and_impact_policy","ROUTE_READY","READY_FOR_CARTRIDGE_MIGRATION","SHADOW","YES","backend/searcher-rs/cartridges/strategies/mev_02_003_stableswap_arbitrage.rhai","skills/arbitragex-ultra/strategies/MEV-02-003/STRATEGY.json","VERIFIED","syntax_only","yes:shadow_0_opportunities","curve/PMM/bins/bond producers: NO PRODUCTOR en esta oleada (C cubre V2/V3/V4/Curve StableSwap+CryptoSwap/gas/builder/funding)","yes","yes:cartridge+canon+manifest","partial:compile_only","no","partial:shadow_evaluated_no_opportunity","no","no","no"
"MEV-02-004","mev_02","Arbitrajes según la curva del AMM","amm_curve_engine","DEX_AMM","CF_WEIGHTED","closed_route","DETERMINISTIC_EXECUTABLE","2","8","Sí","No","No","No","5","op_21 Newton-Raphson; op_15 Golden Section; op_19 Simplex","op_16 Kelly; op_22 Monte Carlo","7","closed_token_cycle;protocol_exact_quotes;same_snapshot;token_continuity;normalized_weights_and_scaling;strategy_specific_note_verified;native_risk_and_impact_policy","ROUTE_READY","READY_FOR_CARTRIDGE_MIGRATION","SHADOW","YES","backend/searcher-rs/cartridges/strategies/mev_02_004_weighted_pool_arbitrage.rhai","skills/arbitragex-ultra/strategies/MEV-02-004/STRATEGY.json","VERIFIED","syntax_only","yes:shadow_0_opportunities","curve/PMM/bins/bond producers: NO PRODUCTOR en esta oleada (C cubre V2/V3/V4/Curve StableSwap+CryptoSwap/gas/builder/funding)","yes","yes:cartridge+canon+manifest","partial:compile_only","no","partial:shadow_evaluated_no_opportunity","no","no","no"
"MEV-02-005","mev_02","Arbitrajes según la curva del AMM","amm_curve_engine","DEX_AMM","CF_CLAMM","closed_route","DETERMINISTIC_EXECUTABLE","2","8","Sí","No","No","No","7","op_21 Newton-Raphson; op_15 Golden Section; op_27 Path Ordering","op_10 Welford; op_16 Kelly; op_22 Monte Carlo; op_30 GNN Encoder","7","closed_token_cycle;protocol_exact_quotes;same_snapshot;token_continuity;full_tick_traversal_or_protocol_quoter;strategy_specific_note_verified;native_risk_and_impact_policy","ROUTE_READY","READY_FOR_CARTRIDGE_MIGRATION","SHADOW","YES","backend/searcher-rs/cartridges/strategies/mev_02_005_concentrated_liquidity_arbitrage.rhai","skills/arbitragex-ultra/strategies/MEV-02-005/STRATEGY.json","VERIFIED","syntax_only","yes:shadow_0_opportunities","curve/PMM/bins/bond producers: NO PRODUCTOR en esta oleada (C cubre V2/V3/V4/Curve StableSwap+CryptoSwap/gas/builder/funding)","yes","yes:cartridge+canon+manifest","partial:compile_only","no","partial:shadow_evaluated_no_opportunity","no","no","no"
"MEV-02-006","mev_02","Arbitrajes según la curva del AMM","amm_curve_engine","DEX_AMM","CF_LB","closed_route","DETERMINISTIC_EXECUTABLE","2","8","Sí","No","No","No","5","op_27 Path Ordering; op_21 Newton-Raphson; op_15 Golden Section","op_10 Welford; op_22 Monte Carlo","7","closed_token_cycle;protocol_exact_quotes;same_snapshot;token_continuity;all_crossed_bins_and_variable_fees;strategy_specific_note_verified;native_risk_and_impact_policy","ROUTE_READY","READY_FOR_CARTRIDGE_MIGRATION","SHADOW","YES","backend/searcher-rs/cartridges/strategies/mev_02_006_liquidity_bin_arbitrage.rhai","skills/arbitragex-ultra/strategies/MEV-02-006/STRATEGY.json","VERIFIED","syntax_only","yes:shadow_0_opportunities","curve/PMM/bins/bond producers: NO PRODUCTOR en esta oleada (C cubre V2/V3/V4/Curve StableSwap+CryptoSwap/gas/builder/funding)","yes","yes:cartridge+canon+manifest","partial:compile_only","no","partial:shadow_evaluated_no_opportunity","no","no","no"
"MEV-02-007","mev_02","Arbitrajes según la curva del AMM","amm_curve_engine","DEX_AMM","CF_PMM","closed_route","DETERMINISTIC_WITH_ORACLE","2","8","Sí","No","No","No","5","op_21 Newton-Raphson; op_15 Golden Section; op_08 Kalman","op_13 Regression; op_22 Monte Carlo","7","closed_token_cycle;protocol_exact_quotes;same_snapshot;token_continuity;oracle_round_and_inventory_branch;strategy_specific_note_verified;native_risk_and_impact_policy","ROUTE_READY","READY_FOR_CARTRIDGE_MIGRATION","SHADOW","YES","backend/searcher-rs/cartridges/strategies/mev_02_007_proactive_market_maker_arbitrage.rhai","skills/arbitragex-ultra/strategies/MEV-02-007/STRATEGY.json","VERIFIED","syntax_only","yes:shadow_0_opportunities","curve/PMM/bins/bond producers: NO PRODUCTOR en esta oleada (C cubre V2/V3/V4/Curve StableSwap+CryptoSwap/gas/builder/funding)","yes","yes:cartridge+canon+manifest","partial:compile_only","no","partial:shadow_evaluated_no_opportunity","no","no","no"
"MEV-02-008","mev_02","Arbitrajes según la curva del AMM","amm_curve_engine","DEX_AMM","CF_DYNAMIC","closed_route","DETERMINISTIC_IF_ADAPTER","2","8","Sí","No","No","No","6","op_08 Kalman; op_10 Welford; op_21 Newton-Raphson; op_15 Golden Section","op_13 Regression; op_22 Monte Carlo","7","closed_token_cycle;protocol_exact_quotes;same_snapshot;token_continuity;dynamic_parameters_and_hook_state;strategy_specific_note_verified;native_risk_and_impact_policy","ROUTE_READY","READY_FOR_CARTRIDGE_MIGRATION","SHADOW","YES","backend/searcher-rs/cartridges/strategies/mev_02_008_dynamic_liquidity_arbitrage.rhai","skills/arbitragex-ultra/strategies/MEV-02-008/STRATEGY.json","VERIFIED","syntax_only","yes:shadow_0_opportunities","curve/PMM/bins/bond producers: NO PRODUCTOR en esta oleada (C cubre V2/V3/V4/Curve StableSwap+CryptoSwap/gas/builder/funding)","yes","yes:cartridge+canon+manifest","partial:compile_only","no","partial:shadow_evaluated_no_opportunity","no","no","no"
"MEV-02-009","mev_02","Arbitrajes según la curva del AMM","amm_curve_engine","DEX_AMM","CF_DYNAMIC","closed_route","DETERMINISTIC_IF_ADAPTER","2","8","Sí","No","No","No","6","op_08 Kalman; op_10 Welford; op_21 Newton-Raphson; op_15 Golden Section","op_13 Regression; op_22 Monte Carlo","7","closed_token_cycle;protocol_exact_quotes;same_snapshot;token_continuity;dynamic_parameters_and_hook_state;strategy_specific_note_verified;native_risk_and_impact_policy","ROUTE_READY","READY_FOR_CARTRIDGE_MIGRATION","SHADOW","YES","backend/searcher-rs/cartridges/strategies/mev_02_009_dynamic_weight_arbitrage.rhai","skills/arbitragex-ultra/strategies/MEV-02-009/STRATEGY.json","VERIFIED","syntax_only","yes:shadow_0_opportunities","curve/PMM/bins/bond producers: NO PRODUCTOR en esta oleada (C cubre V2/V3/V4/Curve StableSwap+CryptoSwap/gas/builder/funding)","yes","yes:cartridge+canon+manifest","partial:compile_only","no","partial:shadow_evaluated_no_opportunity","no","no","no"
"MEV-02-010","mev_02","Arbitrajes según la curva del AMM","amm_curve_engine","DEX_AMM","CF_BOND","closed_route","DETERMINISTIC_EXECUTABLE","2","8","Sí","No","No","No","5","op_21 Newton-Raphson; op_15 Golden Section; op_20 Gradient Descent","op_13 Regression; op_22 Monte Carlo","7","closed_token_cycle;protocol_exact_quotes;same_snapshot;token_continuity;exact_integrated_cost_curve;strategy_specific_note_verified;native_risk_and_impact_policy","ROUTE_READY","READY_FOR_CARTRIDGE_MIGRATION","SHADOW","YES","backend/searcher-rs/cartridges/strategies/mev_02_010_bonding_curve_arbitrage.rhai","skills/arbitragex-ultra/strategies/MEV-02-010/STRATEGY.json","VERIFIED","syntax_only","yes:shadow_0_opportunities","curve/PMM/bins/bond producers: NO PRODUCTOR en esta oleada (C cubre V2/V3/V4/Curve StableSwap+CryptoSwap/gas/builder/funding)","yes","yes:cartridge+canon+manifest","partial:compile_only","no","partial:shadow_evaluated_no_opportunity","no","no","no"
"MEV-02-011","mev_02","Arbitrajes según la curva del AMM","amm_curve_engine","DEX_AMM","CF_DYNAMIC","closed_route","DETERMINISTIC_IF_ADAPTER","2","8","Sí","Sí","No","No","6","op_08 Kalman; op_10 Welford; op_21 Newton-Raphson; op_15 Golden Section","op_13 Regression; op_22 Monte Carlo","7","closed_token_cycle;protocol_exact_quotes;same_snapshot;token_continuity;dynamic_parameters_and_hook_state;strategy_specific_note_verified;native_risk_and_impact_policy","NO_COMPATIBLE_ROUTE","READY_FOR_CARTRIDGE_MIGRATION","SHADOW","YES","backend/searcher-rs/cartridges/strategies/mev_02_011_oracle_priced_amm_arbitrage.rhai","skills/arbitragex-ultra/strategies/MEV-02-011/STRATEGY.json","VERIFIED","syntax_only","no","curve/PMM/bins/bond producers: NO PRODUCTOR en esta oleada (C cubre V2/V3/V4/Curve StableSwap+CryptoSwap/gas/builder/funding)","yes","yes:cartridge+canon+manifest","partial:compile_only","no","no","no","no","no"
"MEV-02-012","mev_02","Arbitrajes según la curva del AMM","amm_curve_engine","DEX_AMM","CF_VAMM","carry_projection","DETERMINISTIC_WITH_DERIVATIVE_STATE","2","8","Sí","No","No","No","5","op_13 Regression; op_08 Kalman; op_21 Newton-Raphson","op_10 Welford; op_22 Monte Carlo","8","hedged_position;matched_horizon;margin_sufficient;funding_schedule;finite_horizon;settlement_executable;strategy_specific_note_verified;native_risk_and_impact_policy","ROUTE_READY","READY_FOR_CARTRIDGE_MIGRATION","SHADOW","YES","backend/searcher-rs/cartridges/strategies/mev_02_012_virtual_amm_arbitrage.rhai","skills/arbitragex-ultra/strategies/MEV-02-012/STRATEGY.json","VERIFIED","syntax_only","yes:shadow_0_opportunities","curve/PMM/bins/bond producers: NO PRODUCTOR en esta oleada (C cubre V2/V3/V4/Curve StableSwap+CryptoSwap/gas/builder/funding)","yes","yes:cartridge+canon+manifest","partial:compile_only","no","partial:shadow_evaluated_no_opportunity","no","no","no"
"MEV-02-013","mev_02","Arbitrajes según la curva del AMM","amm_curve_engine","DEX_AMM","CF_DYNAMIC","closed_route","DETERMINISTIC_IF_ADAPTER","2","8","Sí","No","No","No","6","op_08 Kalman; op_10 Welford; op_21 Newton-Raphson; op_15 Golden Section","op_13 Regression; op_22 Monte Carlo","7","closed_token_cycle;protocol_exact_quotes;same_snapshot;token_continuity;dynamic_parameters_and_hook_state;strategy_specific_note_verified;native_risk_and_impact_policy","ROUTE_READY","READY_FOR_CARTRIDGE_MIGRATION","SHADOW","YES","backend/searcher-rs/cartridges/strategies/mev_02_013_hybrid_amm_clob_arbitrage.rhai","skills/arbitragex-ultra/strategies/MEV-02-013/STRATEGY.json","VERIFIED","syntax_only","yes:shadow_0_opportunities","curve/PMM/bins/bond producers: NO PRODUCTOR en esta oleada (C cubre V2/V3/V4/Curve StableSwap+CryptoSwap/gas/builder/funding)","yes","yes:cartridge+canon+manifest","partial:compile_only","no","partial:shadow_evaluated_no_opportunity","no","no","no"
"MEV-02-014","mev_02","Arbitrajes según la curva del AMM","amm_curve_engine","DEX_AMM","CF_TWAMM","post_state_route","DETERMINISTIC_POST_STATE","2","8","Sí","No","No","No","5","op_05 PDMP / jump process; op_21 Newton-Raphson; op_27 Path Ordering","op_08 Kalman; op_22 Monte Carlo","7","confirmed_transition;post_state_bound;protocol_exact_quotes;settlement_executable;virtual_orders_advanced_to_snapshot;strategy_specific_note_verified;native_risk_and_impact_policy","ROUTE_READY","READY_FOR_CARTRIDGE_MIGRATION","SHADOW","YES","backend/searcher-rs/cartridges/strategies/mev_02_014_twamm_arbitrage.rhai","skills/arbitragex-ultra/strategies/MEV-02-014/STRATEGY.json","VERIFIED","syntax_only","yes:shadow_0_opportunities","curve/PMM/bins/bond producers: NO PRODUCTOR en esta oleada (C cubre V2/V3/V4/Curve StableSwap+CryptoSwap/gas/builder/funding)","yes","yes:cartridge+canon+manifest","partial:compile_only","no","partial:shadow_evaluated_no_opportunity","no","no","no"
"MEV-02-015","mev_02","Arbitrajes según la curva del AMM","amm_curve_engine","DEX_AMM","CF_BATCH","constrained_settlement","DETERMINISTIC_SETTLEMENT","2","8","Sí","No","No","No","6","op_19 Simplex; op_24 Nash; op_29 Shapley","op_20 Gradient Descent; op_22 Monte Carlo; op_23 Queueing","7","order_limits_respected;balance_conservation;approvals_valid;orders_not_expired;settlement_executable;strategy_specific_note_verified;native_risk_and_impact_policy","ROUTE_READY","READY_FOR_CARTRIDGE_MIGRATION","SHADOW","YES","backend/searcher-rs/cartridges/strategies/mev_02_015_batch_amm_arbitrage.rhai","skills/arbitragex-ultra/strategies/MEV-02-015/STRATEGY.json","VERIFIED","syntax_only","yes:shadow_0_opportunities","curve/PMM/bins/bond producers: NO PRODUCTOR en esta oleada (C cubre V2/V3/V4/Curve StableSwap+CryptoSwap/gas/builder/funding)","yes","yes:cartridge+canon+manifest","partial:compile_only","no","partial:shadow_evaluated_no_opportunity","no","no","no"
"MEV-02-016","mev_02","Arbitrajes según la curva del AMM","amm_curve_engine","DEX_AMM","CF_BATCH","constrained_settlement","DETERMINISTIC_SETTLEMENT","2","8","Sí","No","No","No","6","op_19 Simplex; op_24 Nash; op_29 Shapley","op_20 Gradient Descent; op_22 Monte Carlo; op_23 Queueing","7","order_limits_respected;balance_conservation;approvals_valid;orders_not_expired;settlement_executable;strategy_specific_note_verified;native_risk_and_impact_policy","ROUTE_READY","READY_FOR_CARTRIDGE_MIGRATION","SHADOW","YES","backend/searcher-rs/cartridges/strategies/mev_02_016_auction_managed_amm_arbitrage.rhai","skills/arbitragex-ultra/strategies/MEV-02-016/STRATEGY.json","VERIFIED","syntax_only","yes:shadow_0_opportunities","curve/PMM/bins/bond producers: NO PRODUCTOR en esta oleada (C cubre V2/V3/V4/Curve StableSwap+CryptoSwap/gas/builder/funding)","yes","yes:cartridge+canon+manifest","partial:compile_only","no","partial:shadow_evaluated_no_opportunity","no","no","no"
"MEV-02-017","mev_02","Arbitrajes según la curva del AMM","amm_curve_engine","DEX_AMM","CF_CROSSINV","closed_route","DETERMINISTIC_EXECUTABLE","2","8","Sí","No","No","No","6","op_27 Path Ordering; op_21 Newton-Raphson; op_15 Golden Section","op_19 Simplex; op_22 Monte Carlo; op_30 GNN Encoder","6","closed_token_cycle;protocol_exact_quotes;same_snapshot;token_continuity;strategy_specific_note_verified;native_risk_and_impact_policy","ROUTE_READY","READY_FOR_CARTRIDGE_MIGRATION","SHADOW","YES","backend/searcher-rs/cartridges/strategies/mev_02_017_cross_invariant_arbitrage.rhai","skills/arbitragex-ultra/strategies/MEV-02-017/STRATEGY.json","VERIFIED","syntax_only","yes:shadow_0_opportunities","curve/PMM/bins/bond producers: NO PRODUCTOR en esta oleada (C cubre V2/V3/V4/Curve StableSwap+CryptoSwap/gas/builder/funding)","yes","yes:cartridge+canon+manifest","partial:compile_only","no","partial:shadow_evaluated_no_opportunity","no","no","no"
"MEV-03-001","mev_03","Arbitrajes disparados por transacciones o cambios de estado","state_event_engine","DEX_STATE","E_POST","post_state_route","DETERMINISTIC_POST_STATE","2","8","Sí","No","No","No","8","op_05 PDMP / jump process; op_25 Bundle Recon; op_27 Path Ordering; op_21 Newton-Raphson","op_08 Kalman; op_10 Welford; op_11 Bayes; op_22 Monte Carlo","6","confirmed_transition;post_state_bound;protocol_exact_quotes;settlement_executable;strategy_specific_note_verified;native_risk_and_impact_policy","ROUTE_READY","READY_FOR_CARTRIDGE_MIGRATION","SHADOW","YES","backend/searcher-rs/cartridges/strategies/mev_03_001_swap_backrun_arbitrage.rhai","skills/arbitragex-ultra/strategies/MEV-03-001/STRATEGY.json","VERIFIED","behavioral:cartridge_wave_b_test.rs","yes:shadow_0_opportunities","post-state/latency events: coste de swap V2/V3 disponible; oracle/CEX/derivados sin productor","yes","yes:cartridge+canon+manifest","yes","no","partial:shadow_evaluated_no_opportunity","no","no","no"
"MEV-03-002","mev_03","Arbitrajes disparados por transacciones o cambios de estado","state_event_engine","DEX_STATE","E_POST","post_state_route","DETERMINISTIC_POST_STATE","2","8","Sí","No","No","No","8","op_05 PDMP / jump process; op_25 Bundle Recon; op_27 Path Ordering; op_21 Newton-Raphson","op_08 Kalman; op_10 Welford; op_11 Bayes; op_22 Monte Carlo","6","confirmed_transition;post_state_bound;protocol_exact_quotes;settlement_executable;strategy_specific_note_verified;native_risk_and_impact_policy","ROUTE_READY","READY_FOR_CARTRIDGE_MIGRATION","SHADOW","YES","backend/searcher-rs/cartridges/strategies/mev_03_002_multi_swap_backrun.rhai","skills/arbitragex-ultra/strategies/MEV-03-002/STRATEGY.json","VERIFIED","behavioral:cartridge_wave_b_test.rs","yes:shadow_0_opportunities","post-state/latency events: coste de swap V2/V3 disponible; oracle/CEX/derivados sin productor","yes","yes:cartridge+canon+manifest","yes","no","partial:shadow_evaluated_no_opportunity","no","no","no"
"MEV-03-003","mev_03","Arbitrajes disparados por transacciones o cambios de estado","state_event_engine","DEX_STATE","E_POST","post_state_route","DETERMINISTIC_POST_STATE","2","8","Sí","No","No","No","8","op_05 PDMP / jump process; op_25 Bundle Recon; op_27 Path Ordering; op_21 Newton-Raphson","op_08 Kalman; op_10 Welford; op_11 Bayes; op_22 Monte Carlo","6","confirmed_transition;post_state_bound;protocol_exact_quotes;settlement_executable;strategy_specific_note_verified;native_risk_and_impact_policy","ROUTE_READY","READY_FOR_CARTRIDGE_MIGRATION","SHADOW","YES","backend/searcher-rs/cartridges/strategies/mev_03_003_cross_pool_ripple_arbitrage.rhai","skills/arbitragex-ultra/strategies/MEV-03-003/STRATEGY.json","VERIFIED","behavioral:cartridge_wave_b_test.rs","yes:shadow_0_opportunities","post-state/latency events: coste de swap V2/V3 disponible; oracle/CEX/derivados sin productor","yes","yes:cartridge+canon+manifest","yes","no","partial:shadow_evaluated_no_opportunity","no","no","no"
"MEV-03-004","mev_03","Arbitrajes disparados por transacciones o cambios de estado","state_event_engine","DEX_STATE","E_POST","post_state_route","DETERMINISTIC_POST_STATE","2","8","Sí","No","No","No","8","op_05 PDMP / jump process; op_25 Bundle Recon; op_27 Path Ordering; op_21 Newton-Raphson","op_08 Kalman; op_10 Welford; op_11 Bayes; op_22 Monte Carlo","6","confirmed_transition;post_state_bound;protocol_exact_quotes;settlement_executable;strategy_specific_note_verified;native_risk_and_impact_policy","ROUTE_READY","READY_FOR_CARTRIDGE_MIGRATION","SHADOW","YES","backend/searcher-rs/cartridges/strategies/mev_03_004_top_of_block_arbitrage.rhai","skills/arbitragex-ultra/strategies/MEV-03-004/STRATEGY.json","VERIFIED","behavioral:cartridge_wave_b_test.rs","yes:shadow_0_opportunities","post-state/latency events: coste de swap V2/V3 disponible; oracle/CEX/derivados sin productor","yes","yes:cartridge+canon+manifest","yes","no","partial:shadow_evaluated_no_opportunity","no","no","no"
"MEV-03-005","mev_03","Arbitrajes disparados por transacciones o cambios de estado","state_event_engine","DEX_STATE","E_POST","post_state_route","DETERMINISTIC_POST_STATE","2","8","Sí","No","No","No","8","op_05 PDMP / jump process; op_25 Bundle Recon; op_27 Path Ordering; op_21 Newton-Raphson","op_08 Kalman; op_10 Welford; op_11 Bayes; op_22 Monte Carlo","6","confirmed_transition;post_state_bound;protocol_exact_quotes;settlement_executable;strategy_specific_note_verified;native_risk_and_impact_policy","ROUTE_READY","READY_FOR_CARTRIDGE_MIGRATION","SHADOW","YES","backend/searcher-rs/cartridges/strategies/mev_03_005_end_of_block_arbitrage.rhai","skills/arbitragex-ultra/strategies/MEV-03-005/STRATEGY.json","VERIFIED","behavioral:cartridge_wave_b_test.rs","yes:shadow_0_opportunities","post-state/latency events: coste de swap V2/V3 disponible; oracle/CEX/derivados sin productor","yes","yes:cartridge+canon+manifest","yes","no","partial:shadow_evaluated_no_opportunity","no","no","no"
"MEV-03-006","mev_03","Arbitrajes disparados por transacciones o cambios de estado","state_event_engine","DEX_STATE","E_POST","post_state_route","DETERMINISTIC_POST_STATE","2","8","Condicional","No","No","No","8","op_05 PDMP / jump process; op_25 Bundle Recon; op_27 Path Ordering; op_21 Newton-Raphson","op_08 Kalman; op_10 Welford; op_11 Bayes; op_22 Monte Carlo","6","confirmed_transition;post_state_bound;protocol_exact_quotes;settlement_executable;strategy_specific_note_verified;native_risk_and_impact_policy","ROUTE_READY","READY_FOR_CARTRIDGE_MIGRATION","SHADOW","YES","backend/searcher-rs/cartridges/strategies/mev_03_006_inter_block_arbitrage.rhai","skills/arbitragex-ultra/strategies/MEV-03-006/STRATEGY.json","VERIFIED","behavioral:cartridge_wave_b_test.rs","yes:shadow_0_opportunities","post-state/latency events: coste de swap V2/V3 disponible; oracle/CEX/derivados sin productor","yes","yes:cartridge+canon+manifest","yes","no","partial:shadow_evaluated_no_opportunity","no","no","no"
"MEV-03-007","mev_03","Arbitrajes disparados por transacciones o cambios de estado","state_event_engine","DEX_STATE","E_LATENCY","post_state_route","LATENCY_SENSITIVE","2","8","Sí","No","No","No","7","op_08 Kalman; op_10 Welford; op_23 Queueing; op_11 Bayes","op_13 Regression; op_22 Monte Carlo; op_16 Kelly","8","confirmed_transition;post_state_bound;protocol_exact_quotes;settlement_executable;independent_timestamps;execution_before_quote_expiry;strategy_specific_note_verified;native_risk_and_impact_policy","ROUTE_READY","READY_FOR_CARTRIDGE_MIGRATION","SHADOW","YES","backend/searcher-rs/cartridges/strategies/mev_03_007_stale_price_arbitrage.rhai","skills/arbitragex-ultra/strategies/MEV-03-007/STRATEGY.json","VERIFIED","behavioral:cartridge_wave_b_test.rs","yes:shadow_0_opportunities","post-state/latency events: coste de swap V2/V3 disponible; oracle/CEX/derivados sin productor","yes","yes:cartridge+canon+manifest","yes","no","partial:shadow_evaluated_no_opportunity","no","no","no"
"MEV-03-008","mev_03","Arbitrajes disparados por transacciones o cambios de estado","state_event_engine","DEX_STATE","E_LATENCY","post_state_route","LATENCY_SENSITIVE","2","8","Sí","No","No","No","7","op_08 Kalman; op_10 Welford; op_23 Queueing; op_11 Bayes","op_13 Regression; op_22 Monte Carlo; op_16 Kelly","8","confirmed_transition;post_state_bound;protocol_exact_quotes;settlement_executable;independent_timestamps;execution_before_quote_expiry;strategy_specific_note_verified;native_risk_and_impact_policy","ROUTE_READY","READY_FOR_CARTRIDGE_MIGRATION","SHADOW","YES","backend/searcher-rs/cartridges/strategies/mev_03_008_latency_arbitrage.rhai","skills/arbitragex-ultra/strategies/MEV-03-008/STRATEGY.json","VERIFIED","behavioral:cartridge_wave_b_test.rs","yes:shadow_0_opportunities","post-state/latency events: coste de swap V2/V3 disponible; oracle/CEX/derivados sin productor","yes","yes:cartridge+canon+manifest","yes","no","partial:shadow_evaluated_no_opportunity","no","no","no"
"MEV-03-009","mev_03","Arbitrajes disparados por transacciones o cambios de estado","state_event_engine","DEX_STATE","E_ORACLE","post_state_route","DETERMINISTIC_POST_ORACLE","2","8","Sí","Sí","No","No","7","op_08 Kalman; op_11 Bayes; op_21 Newton-Raphson; op_25 Bundle Recon","op_05 PDMP / jump process; op_10 Welford; op_22 Monte Carlo","7","confirmed_transition;post_state_bound;protocol_exact_quotes;settlement_executable;oracle_round_verified;strategy_specific_note_verified;native_risk_and_impact_policy","NO_COMPATIBLE_ROUTE","READY_FOR_CARTRIDGE_MIGRATION","SHADOW","YES","backend/searcher-rs/cartridges/strategies/mev_03_009_oracle_update_arbitrage.rhai","skills/arbitragex-ultra/strategies/MEV-03-009/STRATEGY.json","VERIFIED","behavioral:cartridge_wave_b_test.rs","no","post-state/latency events: coste de swap V2/V3 disponible; oracle/CEX/derivados sin productor","yes","yes:cartridge+canon+manifest","yes","no","no","no","no","no"
"MEV-03-010","mev_03","Arbitrajes disparados por transacciones o cambios de estado","state_event_engine","DEX_STATE","E_ORACLE","post_state_route","DETERMINISTIC_POST_ORACLE","2","8","Sí","Sí","No","No","7","op_08 Kalman; op_11 Bayes; op_21 Newton-Raphson; op_25 Bundle Recon","op_05 PDMP / jump process; op_10 Welford; op_22 Monte Carlo","7","confirmed_transition;post_state_bound;protocol_exact_quotes;settlement_executable;oracle_round_verified;strategy_specific_note_verified;native_risk_and_impact_policy","NO_COMPATIBLE_ROUTE","READY_FOR_CARTRIDGE_MIGRATION","SHADOW","YES","backend/searcher-rs/cartridges/strategies/mev_03_010_oev_oracle_extractable_value.rhai","skills/arbitragex-ultra/strategies/MEV-03-010/STRATEGY.json","VERIFIED","behavioral:cartridge_wave_b_test.rs","no","post-state/latency events: coste de swap V2/V3 disponible; oracle/CEX/derivados sin productor","yes","yes:cartridge+canon+manifest","yes","no","no","no","no","no"
"MEV-03-011","mev_03","Arbitrajes disparados por transacciones o cambios de estado","state_event_engine","DEX_STATE","E_STATE","post_state_route","DETERMINISTIC_POST_STATE","2","8","Sí","No","No","No","6","op_05 PDMP / jump process; op_08 Kalman; op_21 Newton-Raphson","op_11 Bayes; op_13 Regression; op_22 Monte Carlo","6","confirmed_transition;post_state_bound;protocol_exact_quotes;settlement_executable;strategy_specific_note_verified;native_risk_and_impact_policy","ROUTE_READY","READY_FOR_CARTRIDGE_MIGRATION","SHADOW","YES","backend/searcher-rs/cartridges/strategies/mev_03_011_rebase_arbitrage.rhai","skills/arbitragex-ultra/strategies/MEV-03-011/STRATEGY.json","VERIFIED","behavioral:cartridge_wave_b_test.rs","yes:shadow_0_opportunities","post-state/latency events: coste de swap V2/V3 disponible; oracle/CEX/derivados sin productor","yes","yes:cartridge+canon+manifest","yes","no","partial:shadow_evaluated_no_opportunity","no","no","no"
"MEV-03-012","mev_03","Arbitrajes disparados por transacciones o cambios de estado","state_event_engine","DEX_STATE","E_STATE","post_state_route","DETERMINISTIC_POST_STATE","2","8","Sí","No","No","No","6","op_05 PDMP / jump process; op_08 Kalman; op_21 Newton-Raphson","op_11 Bayes; op_13 Regression; op_22 Monte Carlo","6","confirmed_transition;post_state_bound;protocol_exact_quotes;settlement_executable;strategy_specific_note_verified;native_risk_and_impact_policy","ROUTE_READY","READY_FOR_CARTRIDGE_MIGRATION","SHADOW","YES","backend/searcher-rs/cartridges/strategies/mev_03_012_interest_index_update_arbitrage.rhai","skills/arbitragex-ultra/strategies/MEV-03-012/STRATEGY.json","VERIFIED","behavioral:cartridge_wave_b_test.rs","yes:shadow_0_opportunities","post-state/latency events: coste de swap V2/V3 disponible; oracle/CEX/derivados sin productor","yes","yes:cartridge+canon+manifest","yes","no","partial:shadow_evaluated_no_opportunity","no","no","no"
"MEV-03-013","mev_03","Arbitrajes disparados por transacciones o cambios de estado","state_event_engine","DEX_STATE","E_STATE","post_state_route","DETERMINISTIC_POST_STATE","2","8","Sí","No","No","No","6","op_05 PDMP / jump process; op_08 Kalman; op_21 Newton-Raphson","op_11 Bayes; op_13 Regression; op_22 Monte Carlo","6","confirmed_transition;post_state_bound;protocol_exact_quotes;settlement_executable;strategy_specific_note_verified;native_risk_and_impact_policy","ROUTE_READY","READY_FOR_CARTRIDGE_MIGRATION","SHADOW","YES","backend/searcher-rs/cartridges/strategies/mev_03_013_funding_update_arbitrage.rhai","skills/arbitragex-ultra/strategies/MEV-03-013/STRATEGY.json","VERIFIED","behavioral:cartridge_wave_b_test.rs","yes:shadow_0_opportunities","post-state/latency events: coste de swap V2/V3 disponible; oracle/CEX/derivados sin productor","yes","yes:cartridge+canon+manifest","yes","no","partial:shadow_evaluated_no_opportunity","no","no","no"
"MEV-03-014","mev_03","Arbitrajes disparados por transacciones o cambios de estado","state_event_engine","DEX_STATE","E_STATE","post_state_route","DETERMINISTIC_POST_STATE","2","8","Sí","No","No","No","6","op_05 PDMP / jump process; op_08 Kalman; op_21 Newton-Raphson","op_11 Bayes; op_13 Regression; op_22 Monte Carlo","6","confirmed_transition;post_state_bound;protocol_exact_quotes;settlement_executable;strategy_specific_note_verified;native_risk_and_impact_policy","ROUTE_READY","READY_FOR_CARTRIDGE_MIGRATION","SHADOW","YES","backend/searcher-rs/cartridges/strategies/mev_03_014_epoch_rollover_arbitrage.rhai","skills/arbitragex-ultra/strategies/MEV-03-014/STRATEGY.json","VERIFIED","behavioral:cartridge_wave_b_test.rs","yes:shadow_0_opportunities","post-state/latency events: coste de swap V2/V3 disponible; oracle/CEX/derivados sin productor","yes","yes:cartridge+canon+manifest","yes","no","partial:shadow_evaluated_no_opportunity","no","no","no"
"MEV-03-015","mev_03","Arbitrajes disparados por transacciones o cambios de estado","state_event_engine","DEX_STATE","E_STATE","post_state_route","DETERMINISTIC_POST_STATE","2","8","Sí","No","No","No","6","op_05 PDMP / jump process; op_08 Kalman; op_21 Newton-Raphson","op_11 Bayes; op_13 Regression; op_22 Monte Carlo","6","confirmed_transition;post_state_bound;protocol_exact_quotes;settlement_executable;strategy_specific_note_verified;native_risk_and_impact_policy","ROUTE_READY","READY_FOR_CARTRIDGE_MIGRATION","SHADOW","YES","backend/searcher-rs/cartridges/strategies/mev_03_015_settlement_arbitrage.rhai","skills/arbitragex-ultra/strategies/MEV-03-015/STRATEGY.json","VERIFIED","behavioral:cartridge_wave_b_test.rs","yes:shadow_0_opportunities","post-state/latency events: coste de swap V2/V3 disponible; oracle/CEX/derivados sin productor","yes","yes:cartridge+canon+manifest","yes","no","partial:shadow_evaluated_no_opportunity","no","no","no"
"MEV-03-016","mev_03","Arbitrajes disparados por transacciones o cambios de estado","state_event_engine","DEX_STATE","E_STATE","post_state_route","DETERMINISTIC_POST_STATE","2","8","Sí","No","No","No","6","op_05 PDMP / jump process; op_08 Kalman; op_21 Newton-Raphson","op_11 Bayes; op_13 Regression; op_22 Monte Carlo","6","confirmed_transition;post_state_bound;protocol_exact_quotes;settlement_executable;strategy_specific_note_verified;native_risk_and_impact_policy","ROUTE_READY","READY_FOR_CARTRIDGE_MIGRATION","SHADOW","YES","backend/searcher-rs/cartridges/strategies/mev_03_016_mint_burn_state_arbitrage.rhai","skills/arbitragex-ultra/strategies/MEV-03-016/STRATEGY.json","VERIFIED","behavioral:cartridge_wave_b_test.rs","yes:shadow_0_opportunities","post-state/latency events: coste de swap V2/V3 disponible; oracle/CEX/derivados sin productor","yes","yes:cartridge+canon+manifest","yes","no","partial:shadow_evaluated_no_opportunity","no","no","no"
"MEV-03-017","mev_03","Arbitrajes disparados por transacciones o cambios de estado","state_event_engine","DEX_STATE","E_STATE","post_state_route","DETERMINISTIC_POST_STATE","2","8","Sí","No","No","No","6","op_05 PDMP / jump process; op_08 Kalman; op_21 Newton-Raphson","op_11 Bayes; op_13 Regression; op_22 Monte Carlo","6","confirmed_transition;post_state_bound;protocol_exact_quotes;settlement_executable;strategy_specific_note_verified;native_risk_and_impact_policy","ROUTE_READY","READY_FOR_CARTRIDGE_MIGRATION","SHADOW","YES","backend/searcher-rs/cartridges/strategies/mev_03_017_redemption_state_arbitrage.rhai","skills/arbitragex-ultra/strategies/MEV-03-017/STRATEGY.json","VERIFIED","behavioral:cartridge_wave_b_test.rs","yes:shadow_0_opportunities","post-state/latency events: coste de swap V2/V3 disponible; oracle/CEX/derivados sin productor","yes","yes:cartridge+canon+manifest","yes","no","partial:shadow_evaluated_no_opportunity","no","no","no"
"MEV-03-018","mev_03","Arbitrajes disparados por transacciones o cambios de estado","state_event_engine","DEX_STATE","E_STATE","post_state_route","DETERMINISTIC_POST_STATE","2","8","Sí","No","No","No","6","op_05 PDMP / jump process; op_08 Kalman; op_21 Newton-Raphson","op_11 Bayes; op_13 Regression; op_22 Monte Carlo","6","confirmed_transition;post_state_bound;protocol_exact_quotes;settlement_executable;strategy_specific_note_verified;native_risk_and_impact_policy","ROUTE_READY","READY_FOR_CARTRIDGE_MIGRATION","SHADOW","YES","backend/searcher-rs/cartridges/strategies/mev_03_018_liquidity_add_arbitrage.rhai","skills/arbitragex-ultra/strategies/MEV-03-018/STRATEGY.json","VERIFIED","behavioral:cartridge_wave_b_test.rs","yes:shadow_0_opportunities","post-state/latency events: coste de swap V2/V3 disponible; oracle/CEX/derivados sin productor","yes","yes:cartridge+canon+manifest","yes","no","partial:shadow_evaluated_no_opportunity","no","no","no"
"MEV-03-019","mev_03","Arbitrajes disparados por transacciones o cambios de estado","state_event_engine","DEX_STATE","E_STATE","post_state_route","DETERMINISTIC_POST_STATE","2","8","Sí","No","No","No","6","op_05 PDMP / jump process; op_08 Kalman; op_21 Newton-Raphson","op_11 Bayes; op_13 Regression; op_22 Monte Carlo","6","confirmed_transition;post_state_bound;protocol_exact_quotes;settlement_executable;strategy_specific_note_verified;native_risk_and_impact_policy","ROUTE_READY","READY_FOR_CARTRIDGE_MIGRATION","SHADOW","YES","backend/searcher-rs/cartridges/strategies/mev_03_019_liquidity_removal_arbitrage.rhai","skills/arbitragex-ultra/strategies/MEV-03-019/STRATEGY.json","VERIFIED","behavioral:cartridge_wave_b_test.rs","yes:shadow_0_opportunities","post-state/latency events: coste de swap V2/V3 disponible; oracle/CEX/derivados sin productor","yes","yes:cartridge+canon+manifest","yes","no","partial:shadow_evaluated_no_opportunity","no","no","no"
"MEV-03-020","mev_03","Arbitrajes disparados por transacciones o cambios de estado","state_event_engine","DEX_STATE","E_STATE","post_state_route","DETERMINISTIC_POST_STATE","2","8","Sí","No","No","No","6","op_05 PDMP / jump process; op_08 Kalman; op_21 Newton-Raphson","op_11 Bayes; op_13 Regression; op_22 Monte Carlo","6","confirmed_transition;post_state_bound;protocol_exact_quotes;settlement_executable;strategy_specific_note_verified;native_risk_and_impact_policy","ROUTE_READY","READY_FOR_CARTRIDGE_MIGRATION","SHADOW","YES","backend/searcher-rs/cartridges/strategies/mev_03_020_pool_initialization_arbitrage.rhai","skills/arbitragex-ultra/strategies/MEV-03-020/STRATEGY.json","VERIFIED","behavioral:cartridge_wave_b_test.rs","yes:shadow_0_opportunities","post-state/latency events: coste de swap V2/V3 disponible; oracle/CEX/derivados sin productor","yes","yes:cartridge+canon+manifest","yes","no","partial:shadow_evaluated_no_opportunity","no","no","no"
"MEV-03-021","mev_03","Arbitrajes disparados por transacciones o cambios de estado","state_event_engine","DEX_STATE","E_STATE","post_state_route","DETERMINISTIC_POST_STATE","2","8","Sí","No","No","No","6","op_05 PDMP / jump process; op_08 Kalman; op_21 Newton-Raphson","op_11 Bayes; op_13 Regression; op_22 Monte Carlo","6","confirmed_transition;post_state_bound;protocol_exact_quotes;settlement_executable;strategy_specific_note_verified;native_risk_and_impact_policy","ROUTE_READY","READY_FOR_CARTRIDGE_MIGRATION","SHADOW","YES","backend/searcher-rs/cartridges/strategies/mev_03_021_migration_arbitrage.rhai","skills/arbitragex-ultra/strategies/MEV-03-021/STRATEGY.json","VERIFIED","behavioral:cartridge_wave_b_test.rs","yes:shadow_0_opportunities","post-state/latency events: coste de swap V2/V3 disponible; oracle/CEX/derivados sin productor","yes","yes:cartridge+canon+manifest","yes","no","partial:shadow_evaluated_no_opportunity","no","no","no"
"MEV-03-022","mev_03","Arbitrajes disparados por transacciones o cambios de estado","state_event_engine","DEX_STATE","E_STATE","post_state_route","DETERMINISTIC_POST_STATE","2","8","Sí","No","No","No","6","op_05 PDMP / jump process; op_08 Kalman; op_21 Newton-Raphson","op_11 Bayes; op_13 Regression; op_22 Monte Carlo","6","confirmed_transition;post_state_bound;protocol_exact_quotes;settlement_executable;strategy_specific_note_verified;native_risk_and_impact_policy","ROUTE_READY","READY_FOR_CARTRIDGE_MIGRATION","SHADOW","YES","backend/searcher-rs/cartridges/strategies/mev_03_022_fee_switch_arbitrage.rhai","skills/arbitragex-ultra/strategies/MEV-03-022/STRATEGY.json","VERIFIED","behavioral:cartridge_wave_b_test.rs","yes:shadow_0_opportunities","post-state/latency events: coste de swap V2/V3 disponible; oracle/CEX/derivados sin productor","yes","yes:cartridge+canon+manifest","yes","no","partial:shadow_evaluated_no_opportunity","no","no","no"
"MEV-03-023","mev_03","Arbitrajes disparados por transacciones o cambios de estado","state_event_engine","DEX_STATE","E_STATE","post_state_route","DETERMINISTIC_POST_STATE","2","8","Sí","No","No","No","6","op_05 PDMP / jump process; op_08 Kalman; op_21 Newton-Raphson","op_11 Bayes; op_13 Regression; op_22 Monte Carlo","6","confirmed_transition;post_state_bound;protocol_exact_quotes;settlement_executable;strategy_specific_note_verified;native_risk_and_impact_policy","ROUTE_READY","READY_FOR_CARTRIDGE_MIGRATION","SHADOW","YES","backend/searcher-rs/cartridges/strategies/mev_03_023_parameter_update_arbitrage.rhai","skills/arbitragex-ultra/strategies/MEV-03-023/STRATEGY.json","VERIFIED","behavioral:cartridge_wave_b_test.rs","yes:shadow_0_opportunities","post-state/latency events: coste de swap V2/V3 disponible; oracle/CEX/derivados sin productor","yes","yes:cartridge+canon+manifest","yes","no","partial:shadow_evaluated_no_opportunity","no","no","no"
"MEV-03-024","mev_03","Arbitrajes disparados por transacciones o cambios de estado","state_event_engine","DEX_STATE","E_STATE","post_state_route","DETERMINISTIC_POST_STATE","2","8","Sí","No","No","No","6","op_05 PDMP / jump process; op_08 Kalman; op_21 Newton-Raphson","op_11 Bayes; op_13 Regression; op_22 Monte Carlo","6","confirmed_transition;post_state_bound;protocol_exact_quotes;settlement_executable;strategy_specific_note_verified;native_risk_and_impact_policy","ROUTE_READY","READY_FOR_CARTRIDGE_MIGRATION","SHADOW","YES","backend/searcher-rs/cartridges/strategies/mev_03_024_governance_execution_arbitrage.rhai","skills/arbitragex-ultra/strategies/MEV-03-024/STRATEGY.json","VERIFIED","behavioral:cartridge_wave_b_test.rs","yes:shadow_0_opportunities","post-state/latency events: coste de swap V2/V3 disponible; oracle/CEX/derivados sin productor","yes","yes:cartridge+canon+manifest","yes","no","partial:shadow_evaluated_no_opportunity","no","no","no"
"MEV-03-025","mev_03","Arbitrajes disparados por transacciones o cambios de estado","state_event_engine","DEX_STATE","E_AUCTION","auction","DETERMINISTIC_AUCTION","2","8","Sí","No","No","No","6","op_19 Simplex; op_21 Newton-Raphson; op_23 Queueing; op_24 Nash","op_08 Kalman; op_22 Monte Carlo","7","auction_rules_valid;lot_available;deadline_valid;firm_unwind;settlement_executable;strategy_specific_note_verified;native_risk_and_impact_policy","ROUTE_READY","READY_FOR_CARTRIDGE_MIGRATION","SHADOW","YES","backend/searcher-rs/cartridges/strategies/mev_03_025_keeper_triggered_arbitrage.rhai","skills/arbitragex-ultra/strategies/MEV-03-025/STRATEGY.json","VERIFIED","behavioral:cartridge_wave_b_test.rs","yes:shadow_0_opportunities","post-state/latency events: coste de swap V2/V3 disponible; oracle/CEX/derivados sin productor","yes","yes:cartridge+canon+manifest","yes","no","partial:shadow_evaluated_no_opportunity","no","no","no"
"MEV-03-026","mev_03","Arbitrajes disparados por transacciones o cambios de estado","state_event_engine","DEX_STATE","E_AUCTION","auction","DETERMINISTIC_AUCTION","3","16","Sí","No","No","No","6","op_19 Simplex; op_21 Newton-Raphson; op_23 Queueing; op_24 Nash","op_08 Kalman; op_22 Monte Carlo","7","auction_rules_valid;lot_available;deadline_valid;firm_unwind;settlement_executable;strategy_specific_note_verified;native_risk_and_impact_policy","ROUTE_READY","READY_FOR_CARTRIDGE_MIGRATION","SHADOW","YES","backend/searcher-rs/cartridges/strategies/mev_03_026_auction_clearing_arbitrage.rhai","skills/arbitragex-ultra/strategies/MEV-03-026/STRATEGY.json","VERIFIED","behavioral:cartridge_wave_b_test.rs","yes:shadow_0_opportunities","post-state/latency events: coste de swap V2/V3 disponible; oracle/CEX/derivados sin productor","yes","yes:cartridge+canon+manifest","yes","no","partial:shadow_evaluated_no_opportunity","no","no","no"
"MEV-03-027","mev_03","Arbitrajes disparados por transacciones o cambios de estado","state_event_engine","DEX_STATE","E_LATENCY","post_state_route","LATENCY_SENSITIVE","2","8","Condicional","No","No","No","7","op_08 Kalman; op_10 Welford; op_23 Queueing; op_11 Bayes","op_13 Regression; op_22 Monte Carlo; op_16 Kelly","8","confirmed_transition;post_state_bound;protocol_exact_quotes;settlement_executable;independent_timestamps;execution_before_quote_expiry;strategy_specific_note_verified;native_risk_and_impact_policy","ROUTE_READY","READY_FOR_CARTRIDGE_MIGRATION","SHADOW","YES","backend/searcher-rs/cartridges/strategies/mev_03_027_block_time_arbitrage.rhai","skills/arbitragex-ultra/strategies/MEV-03-027/STRATEGY.json","VERIFIED","behavioral:cartridge_wave_b_test.rs","yes:shadow_0_opportunities","post-state/latency events: coste de swap V2/V3 disponible; oracle/CEX/derivados sin productor","yes","yes:cartridge+canon+manifest","yes","no","partial:shadow_evaluated_no_opportunity","no","no","no"
"MEV-03-028","mev_03","Arbitrajes disparados por transacciones o cambios de estado","state_event_engine","DEX_STATE","E_LATENCY","post_state_route","LATENCY_SENSITIVE","2","8","Sí","No","No","No","7","op_08 Kalman; op_10 Welford; op_23 Queueing; op_11 Bayes","op_13 Regression; op_22 Monte Carlo; op_16 Kelly","8","confirmed_transition;post_state_bound;protocol_exact_quotes;settlement_executable;independent_timestamps;execution_before_quote_expiry;strategy_specific_note_verified;native_risk_and_impact_policy","ROUTE_READY","READY_FOR_CARTRIDGE_MIGRATION","SHADOW","YES","backend/searcher-rs/cartridges/strategies/mev_03_028_sequencer_latency_arbitrage.rhai","skills/arbitragex-ultra/strategies/MEV-03-028/STRATEGY.json","VERIFIED","behavioral:cartridge_wave_b_test.rs","yes:shadow_0_opportunities","post-state/latency events: coste de swap V2/V3 disponible; oracle/CEX/derivados sin productor","yes","yes:cartridge+canon+manifest","yes","no","partial:shadow_evaluated_no_opportunity","no","no","no"
"MEV-03-029","mev_03","Arbitrajes disparados por transacciones o cambios de estado","state_event_engine","DEX_STATE","OBSERVE","observe_only","OBSERVE_ONLY","2","8","Condicional","No","No","No","3","op_10 Welford; op_11 Bayes","op_22 Monte Carlo","0","","OBSERVE_ONLY","OBSERVE_ONLY_BY_DESIGN","SHADOW","YES","backend/searcher-rs/cartridges/strategies/mev_03_029_spam_arbitrage.rhai","skills/arbitragex-ultra/strategies/MEV-03-029/STRATEGY.json","VERIFIED","behavioral:cartridge_wave_b_test.rs","no","sin clasificar: NO productor verificado","yes","yes:cartridge+canon+manifest","yes","no","no","no","no","no"
"MEV-03-030","mev_03","Arbitrajes disparados por transacciones o cambios de estado","state_event_engine","DEX_STATE","OBSERVE","observe_only","OBSERVE_ONLY","2","8","No","No","No","No","3","op_10 Welford; op_11 Bayes","op_22 Monte Carlo","0","","OBSERVE_ONLY","OBSERVE_ONLY_BY_DESIGN","SHADOW","YES","backend/searcher-rs/cartridges/strategies/mev_03_030_reorg_time_bandit_arbitrage.rhai","skills/arbitragex-ultra/strategies/MEV-03-030/STRATEGY.json","VERIFIED","behavioral:cartridge_wave_b_test.rs","no","sin clasificar: NO productor verificado","yes","yes:cartridge+canon+manifest","yes","no","no","no","no","no"
"MEV-03-031","mev_03","Arbitrajes disparados por transacciones o cambios de estado","state_event_engine","DEX_STATE","E_STATE","post_state_route","DETERMINISTIC_POST_STATE","2","8","No","No","No","No","6","op_05 PDMP / jump process; op_08 Kalman; op_21 Newton-Raphson","op_11 Bayes; op_13 Regression; op_22 Monte Carlo","6","confirmed_transition;post_state_bound;protocol_exact_quotes;settlement_executable;strategy_specific_note_verified;native_risk_and_impact_policy","ROUTE_READY","READY_FOR_CARTRIDGE_MIGRATION","SHADOW","YES","backend/searcher-rs/cartridges/strategies/mev_03_031_fork_state_arbitrage.rhai","skills/arbitragex-ultra/strategies/MEV-03-031/STRATEGY.json","VERIFIED","behavioral:cartridge_wave_b_test.rs","yes:shadow_0_opportunities","post-state/latency events: coste de swap V2/V3 disponible; oracle/CEX/derivados sin productor","yes","yes:cartridge+canon+manifest","yes","no","partial:shadow_evaluated_no_opportunity","no","no","no"
"MEV-04-001","mev_04","Arbitrajes por equivalencia, paridad o redención del activo","parity_redemption_engine","PARITY_REDEMPTION","P_PEG","redemption","DETERMINISTIC_IF_REDEEMABLE","2","8","Sí","No","No","No","6","op_08 Kalman; op_21 Newton-Raphson; op_15 Golden Section","op_13 Regression; op_11 Bayes; op_22 Monte Carlo","7","conversion_contract_valid;redemption_within_limits;component_quotes_firm;delay_costed;settlement_executable;strategy_specific_note_verified;native_risk_and_impact_policy","NEEDS_ROUTE_DATA","READY_FOR_CARTRIDGE_MIGRATION","SHADOW","YES","backend/searcher-rs/cartridges/strategies/mev_04_001_stablecoin_peg_arbitrage.rhai","skills/arbitragex-ultra/strategies/MEV-04-001/STRATEGY.json","VERIFIED","behavioral:cartridge_wave_b_test.rs","no","redemption: recibo redemption_within_limits REAL; delay_costed FAIL-honesto; mint/redeem fee NO productor","yes","yes:cartridge+canon+manifest","yes","no","no","no","no","no"
"MEV-04-002","mev_04","Arbitrajes por equivalencia, paridad o redención del activo","parity_redemption_engine","PARITY_REDEMPTION","P_PEG","redemption","DETERMINISTIC_IF_REDEEMABLE","2","8","Sí","No","No","No","6","op_08 Kalman; op_21 Newton-Raphson; op_15 Golden Section","op_13 Regression; op_11 Bayes; op_22 Monte Carlo","7","conversion_contract_valid;redemption_within_limits;component_quotes_firm;delay_costed;settlement_executable;strategy_specific_note_verified;native_risk_and_impact_policy","NEEDS_ROUTE_DATA","READY_FOR_CARTRIDGE_MIGRATION","SHADOW","YES","backend/searcher-rs/cartridges/strategies/mev_04_002_cross_stablecoin_arbitrage.rhai","skills/arbitragex-ultra/strategies/MEV-04-002/STRATEGY.json","VERIFIED","behavioral:cartridge_wave_b_test.rs","no","redemption: recibo redemption_within_limits REAL; delay_costed FAIL-honesto; mint/redeem fee NO productor","yes","yes:cartridge+canon+manifest","yes","no","no","no","no","no"
"MEV-04-003","mev_04","Arbitrajes por equivalencia, paridad o redención del activo","parity_redemption_engine","PARITY_REDEMPTION","P_PEG","redemption","DETERMINISTIC_IF_REDEEMABLE","2","8","Sí","No","No","No","6","op_08 Kalman; op_21 Newton-Raphson; op_15 Golden Section","op_13 Regression; op_11 Bayes; op_22 Monte Carlo","7","conversion_contract_valid;redemption_within_limits;component_quotes_firm;delay_costed;settlement_executable;strategy_specific_note_verified;native_risk_and_impact_policy","NEEDS_ROUTE_DATA","READY_FOR_CARTRIDGE_MIGRATION","SHADOW","YES","backend/searcher-rs/cartridges/strategies/mev_04_003_algorithmic_stablecoin_arbitrage.rhai","skills/arbitragex-ultra/strategies/MEV-04-003/STRATEGY.json","VERIFIED","behavioral:cartridge_wave_b_test.rs","no","redemption: recibo redemption_within_limits REAL; delay_costed FAIL-honesto; mint/redeem fee NO productor","yes","yes:cartridge+canon+manifest","yes","no","no","no","no","no"
"MEV-04-004","mev_04","Arbitrajes por equivalencia, paridad o redención del activo","parity_redemption_engine","PARITY_REDEMPTION","P_PEG","redemption","DETERMINISTIC_IF_REDEEMABLE","2","8","Sí","No","No","No","6","op_08 Kalman; op_21 Newton-Raphson; op_15 Golden Section","op_13 Regression; op_11 Bayes; op_22 Monte Carlo","7","conversion_contract_valid;redemption_within_limits;component_quotes_firm;delay_costed;settlement_executable;strategy_specific_note_verified;native_risk_and_impact_policy","NEEDS_ROUTE_DATA","READY_FOR_CARTRIDGE_MIGRATION","SHADOW","YES","backend/searcher-rs/cartridges/strategies/mev_04_004_collateralized_stablecoin_arbitrage.rhai","skills/arbitragex-ultra/strategies/MEV-04-004/STRATEGY.json","VERIFIED","behavioral:cartridge_wave_b_test.rs","no","redemption: recibo redemption_within_limits REAL; delay_costed FAIL-honesto; mint/redeem fee NO productor","yes","yes:cartridge+canon+manifest","yes","no","no","no","no","no"
"MEV-04-005","mev_04","Arbitrajes por equivalencia, paridad o redención del activo","parity_redemption_engine","PARITY_REDEMPTION","P_PEG","redemption","DETERMINISTIC_IF_REDEEMABLE","2","8","Sí","No","No","No","6","op_08 Kalman; op_21 Newton-Raphson; op_15 Golden Section","op_13 Regression; op_11 Bayes; op_22 Monte Carlo","7","conversion_contract_valid;redemption_within_limits;component_quotes_firm;delay_costed;settlement_executable;strategy_specific_note_verified;native_risk_and_impact_policy","NEEDS_ROUTE_DATA","READY_FOR_CARTRIDGE_MIGRATION","SHADOW","YES","backend/searcher-rs/cartridges/strategies/mev_04_005_mint_redeem_stablecoin_arbitrage.rhai","skills/arbitragex-ultra/strategies/MEV-04-005/STRATEGY.json","VERIFIED","behavioral:cartridge_wave_b_test.rs","no","redemption: recibo redemption_within_limits REAL; delay_costed FAIL-honesto; mint/redeem fee NO productor","yes","yes:cartridge+canon+manifest","yes","no","no","no","no","no"
"MEV-04-006","mev_04","Arbitrajes por equivalencia, paridad o redención del activo","parity_redemption_engine","PARITY_REDEMPTION","P_WRAP","redemption","DETERMINISTIC_IF_CONVERTIBLE","2","8","Sí","No","No","No","5","op_21 Newton-Raphson; op_08 Kalman; op_13 Regression","op_15 Golden Section; op_22 Monte Carlo","8","conversion_contract_valid;redemption_within_limits;component_quotes_firm;delay_costed;settlement_executable;representation_allowlisted;strategy_specific_note_verified;native_risk_and_impact_policy","NEEDS_ROUTE_DATA","READY_FOR_CARTRIDGE_MIGRATION","SHADOW","YES","backend/searcher-rs/cartridges/strategies/mev_04_006_native_wrapped_arbitrage.rhai","skills/arbitragex-ultra/strategies/MEV-04-006/STRATEGY.json","VERIFIED","behavioral:cartridge_wave_b_test.rs","no","redemption: recibo redemption_within_limits REAL; delay_costed FAIL-honesto; mint/redeem fee NO productor","yes","yes:cartridge+canon+manifest","yes","no","no","no","no","no"
"MEV-04-007","mev_04","Arbitrajes por equivalencia, paridad o redención del activo","parity_redemption_engine","PARITY_REDEMPTION","P_WRAP","redemption","DETERMINISTIC_IF_CONVERTIBLE","2","8","Sí","No","Sí","No","5","op_21 Newton-Raphson; op_08 Kalman; op_13 Regression","op_15 Golden Section; op_22 Monte Carlo","8","conversion_contract_valid;redemption_within_limits;component_quotes_firm;delay_costed;settlement_executable;representation_allowlisted;strategy_specific_note_verified;native_risk_and_impact_policy","NEEDS_ROUTE_DATA","READY_FOR_CARTRIDGE_MIGRATION","SHADOW","YES","backend/searcher-rs/cartridges/strategies/mev_04_007_canonical_bridged_token_arbitrage.rhai","skills/arbitragex-ultra/strategies/MEV-04-007/STRATEGY.json","VERIFIED","behavioral:cartridge_wave_b_test.rs","no","redemption: recibo redemption_within_limits REAL; delay_costed FAIL-honesto; mint/redeem fee NO productor","yes","yes:cartridge+canon+manifest","yes","no","no","no","no","no"
"MEV-04-008","mev_04","Arbitrajes por equivalencia, paridad o redención del activo","parity_redemption_engine","PARITY_REDEMPTION","P_WRAP","redemption","DETERMINISTIC_IF_CONVERTIBLE","2","8","Sí","No","No","No","5","op_21 Newton-Raphson; op_08 Kalman; op_13 Regression","op_15 Golden Section; op_22 Monte Carlo","8","conversion_contract_valid;redemption_within_limits;component_quotes_firm;delay_costed;settlement_executable;representation_allowlisted;strategy_specific_note_verified;native_risk_and_impact_policy","NEEDS_ROUTE_DATA","READY_FOR_CARTRIDGE_MIGRATION","SHADOW","YES","backend/searcher-rs/cartridges/strategies/mev_04_008_cross_wrapper_arbitrage.rhai","skills/arbitragex-ultra/strategies/MEV-04-008/STRATEGY.json","VERIFIED","behavioral:cartridge_wave_b_test.rs","no","redemption: recibo redemption_within_limits REAL; delay_costed FAIL-honesto; mint/redeem fee NO productor","yes","yes:cartridge+canon+manifest","yes","no","no","no","no","no"
"MEV-04-009","mev_04","Arbitrajes por equivalencia, paridad o redención del activo","parity_redemption_engine","PARITY_REDEMPTION","P_WRAP","redemption","DETERMINISTIC_IF_CONVERTIBLE","2","8","Sí","No","No","No","5","op_21 Newton-Raphson; op_08 Kalman; op_13 Regression","op_15 Golden Section; op_22 Monte Carlo","8","conversion_contract_valid;redemption_within_limits;component_quotes_firm;delay_costed;settlement_executable;representation_allowlisted;strategy_specific_note_verified;native_risk_and_impact_policy","NEEDS_ROUTE_DATA","READY_FOR_CARTRIDGE_MIGRATION","SHADOW","YES","backend/searcher-rs/cartridges/strategies/mev_04_009_synthetic_underlying_arbitrage.rhai","skills/arbitragex-ultra/strategies/MEV-04-009/STRATEGY.json","VERIFIED","behavioral:cartridge_wave_b_test.rs","no","redemption: recibo redemption_within_limits REAL; delay_costed FAIL-honesto; mint/redeem fee NO productor","yes","yes:cartridge+canon+manifest","yes","no","no","no","no","no"
"MEV-04-010","mev_04","Arbitrajes por equivalencia, paridad o redención del activo","parity_redemption_engine","PARITY_REDEMPTION","P_4626","redemption","DETERMINISTIC_IF_REDEEMABLE","2","8","Sí","No","No","No","5","op_21 Newton-Raphson; op_13 Regression; op_08 Kalman","op_15 Golden Section; op_22 Monte Carlo","8","conversion_contract_valid;redemption_within_limits;component_quotes_firm;delay_costed;settlement_executable;preview_and_max_limits;strategy_specific_note_verified;native_risk_and_impact_policy","NEEDS_ROUTE_DATA","READY_FOR_CARTRIDGE_MIGRATION","SHADOW","YES","backend/searcher-rs/cartridges/strategies/mev_04_010_receipt_token_arbitrage.rhai","skills/arbitragex-ultra/strategies/MEV-04-010/STRATEGY.json","VERIFIED","behavioral:cartridge_wave_b_test.rs","no","redemption: recibo redemption_within_limits REAL; delay_costed FAIL-honesto; mint/redeem fee NO productor","yes","yes:cartridge+canon+manifest","yes","no","no","no","no","no"
"MEV-04-011","mev_04","Arbitrajes por equivalencia, paridad o redención del activo","parity_redemption_engine","PARITY_REDEMPTION","P_4626","redemption","DETERMINISTIC_IF_REDEEMABLE","2","8","Sí","No","No","No","5","op_21 Newton-Raphson; op_13 Regression; op_08 Kalman","op_15 Golden Section; op_22 Monte Carlo","8","conversion_contract_valid;redemption_within_limits;component_quotes_firm;delay_costed;settlement_executable;preview_and_max_limits;strategy_specific_note_verified;native_risk_and_impact_policy","NEEDS_ROUTE_DATA","READY_FOR_CARTRIDGE_MIGRATION","SHADOW","YES","backend/searcher-rs/cartridges/strategies/mev_04_011_erc_4626_share_price_arbitrage.rhai","skills/arbitragex-ultra/strategies/MEV-04-011/STRATEGY.json","VERIFIED","behavioral:cartridge_wave_b_test.rs","no","redemption: recibo redemption_within_limits REAL; delay_costed FAIL-honesto; mint/redeem fee NO productor","yes","yes:cartridge+canon+manifest","yes","no","no","no","no","no"
"MEV-04-012","mev_04","Arbitrajes por equivalencia, paridad o redención del activo","parity_redemption_engine","PARITY_REDEMPTION","P_4626","redemption","DETERMINISTIC_IF_REDEEMABLE","2","8","Sí","No","No","No","5","op_21 Newton-Raphson; op_13 Regression; op_08 Kalman","op_15 Golden Section; op_22 Monte Carlo","8","conversion_contract_valid;redemption_within_limits;component_quotes_firm;delay_costed;settlement_executable;preview_and_max_limits;strategy_specific_note_verified;native_risk_and_impact_policy","NEEDS_ROUTE_DATA","READY_FOR_CARTRIDGE_MIGRATION","SHADOW","YES","backend/searcher-rs/cartridges/strategies/mev_04_012_vault_share_underlying_arbitrage.rhai","skills/arbitragex-ultra/strategies/MEV-04-012/STRATEGY.json","VERIFIED","behavioral:cartridge_wave_b_test.rs","no","redemption: recibo redemption_within_limits REAL; delay_costed FAIL-honesto; mint/redeem fee NO productor","yes","yes:cartridge+canon+manifest","yes","no","no","no","no","no"
"MEV-04-013","mev_04","Arbitrajes por equivalencia, paridad o redención del activo","parity_redemption_engine","PARITY_REDEMPTION","P_NAV","redemption","DETERMINISTIC_IF_REDEEMABLE","2","8","Sí","No","No","No","6","op_13 Regression; op_19 Simplex; op_21 Newton-Raphson","op_08 Kalman; op_11 Bayes; op_22 Monte Carlo","7","conversion_contract_valid;redemption_within_limits;component_quotes_firm;delay_costed;settlement_executable;strategy_specific_note_verified;native_risk_and_impact_policy","NEEDS_ROUTE_DATA","READY_FOR_CARTRIDGE_MIGRATION","SHADOW","YES","backend/searcher-rs/cartridges/strategies/mev_04_013_lp_token_nav_arbitrage.rhai","skills/arbitragex-ultra/strategies/MEV-04-013/STRATEGY.json","VERIFIED","behavioral:cartridge_wave_b_test.rs","no","redemption: recibo redemption_within_limits REAL; delay_costed FAIL-honesto; mint/redeem fee NO productor","yes","yes:cartridge+canon+manifest","yes","no","no","no","no","no"
"MEV-04-014","mev_04","Arbitrajes por equivalencia, paridad o redención del activo","parity_redemption_engine","PARITY_REDEMPTION","P_NAV","redemption","DETERMINISTIC_IF_REDEEMABLE","3","16","Sí","No","No","No","6","op_13 Regression; op_19 Simplex; op_21 Newton-Raphson","op_08 Kalman; op_11 Bayes; op_22 Monte Carlo","7","conversion_contract_valid;redemption_within_limits;component_quotes_firm;delay_costed;settlement_executable;strategy_specific_note_verified;native_risk_and_impact_policy","NEEDS_ROUTE_DATA","READY_FOR_CARTRIDGE_MIGRATION","SHADOW","YES","backend/searcher-rs/cartridges/strategies/mev_04_014_index_token_basket_arbitrage.rhai","skills/arbitragex-ultra/strategies/MEV-04-014/STRATEGY.json","VERIFIED","behavioral:cartridge_wave_b_test.rs","no","redemption: recibo redemption_within_limits REAL; delay_costed FAIL-honesto; mint/redeem fee NO productor","yes","yes:cartridge+canon+manifest","yes","no","no","no","no","no"
"MEV-04-015","mev_04","Arbitrajes por equivalencia, paridad o redención del activo","parity_redemption_engine","PARITY_REDEMPTION","P_NAV","redemption","DETERMINISTIC_IF_REDEEMABLE","2","8","Sí","No","No","No","6","op_13 Regression; op_19 Simplex; op_21 Newton-Raphson","op_08 Kalman; op_11 Bayes; op_22 Monte Carlo","7","conversion_contract_valid;redemption_within_limits;component_quotes_firm;delay_costed;settlement_executable;strategy_specific_note_verified;native_risk_and_impact_policy","NEEDS_ROUTE_DATA","READY_FOR_CARTRIDGE_MIGRATION","SHADOW","YES","backend/searcher-rs/cartridges/strategies/mev_04_015_etf_like_token_arbitrage.rhai","skills/arbitragex-ultra/strategies/MEV-04-015/STRATEGY.json","VERIFIED","behavioral:cartridge_wave_b_test.rs","no","redemption: recibo redemption_within_limits REAL; delay_costed FAIL-honesto; mint/redeem fee NO productor","yes","yes:cartridge+canon+manifest","yes","no","no","no","no","no"
"MEV-04-016","mev_04","Arbitrajes por equivalencia, paridad o redención del activo","parity_redemption_engine","PARITY_REDEMPTION","P_NAV","redemption","DETERMINISTIC_IF_REDEEMABLE","2","8","No","No","No","No","6","op_13 Regression; op_19 Simplex; op_21 Newton-Raphson","op_08 Kalman; op_11 Bayes; op_22 Monte Carlo","7","conversion_contract_valid;redemption_within_limits;component_quotes_firm;delay_costed;settlement_executable;strategy_specific_note_verified;native_risk_and_impact_policy","NEEDS_ROUTE_DATA","READY_FOR_CARTRIDGE_MIGRATION","SHADOW","YES","backend/searcher-rs/cartridges/strategies/mev_04_016_rwa_nav_arbitrage.rhai","skills/arbitragex-ultra/strategies/MEV-04-016/STRATEGY.json","VERIFIED","behavioral:cartridge_wave_b_test.rs","no","redemption: recibo redemption_within_limits REAL; delay_costed FAIL-honesto; mint/redeem fee NO productor","yes","yes:cartridge+canon+manifest","yes","no","no","no","no","no"
"MEV-04-017","mev_04","Arbitrajes por equivalencia, paridad o redención del activo","parity_redemption_engine","PARITY_REDEMPTION","P_PEG","redemption","DETERMINISTIC_IF_REDEEMABLE","2","8","Sí","No","No","No","6","op_08 Kalman; op_21 Newton-Raphson; op_15 Golden Section","op_13 Regression; op_11 Bayes; op_22 Monte Carlo","7","conversion_contract_valid;redemption_within_limits;component_quotes_firm;delay_costed;settlement_executable;strategy_specific_note_verified;native_risk_and_impact_policy","NEEDS_ROUTE_DATA","READY_FOR_CARTRIDGE_MIGRATION","SHADOW","YES","backend/searcher-rs/cartridges/strategies/mev_04_017_rebasing_token_arbitrage.rhai","skills/arbitragex-ultra/strategies/MEV-04-017/STRATEGY.json","VERIFIED","behavioral:cartridge_wave_b_test.rs","no","redemption: recibo redemption_within_limits REAL; delay_costed FAIL-honesto; mint/redeem fee NO productor","yes","yes:cartridge+canon+manifest","yes","no","no","no","no","no"
"MEV-04-018","mev_04","Arbitrajes por equivalencia, paridad o redención del activo","parity_redemption_engine","PARITY_REDEMPTION","P_PEG","redemption","DETERMINISTIC_IF_REDEEMABLE","2","8","Sí","No","No","No","6","op_08 Kalman; op_21 Newton-Raphson; op_15 Golden Section","op_13 Regression; op_11 Bayes; op_22 Monte Carlo","7","conversion_contract_valid;redemption_within_limits;component_quotes_firm;delay_costed;settlement_executable;strategy_specific_note_verified;native_risk_and_impact_policy","NEEDS_ROUTE_DATA","READY_FOR_CARTRIDGE_MIGRATION","SHADOW","YES","backend/searcher-rs/cartridges/strategies/mev_04_018_fee_on_transfer_token_arbitrage.rhai","skills/arbitragex-ultra/strategies/MEV-04-018/STRATEGY.json","VERIFIED","behavioral:cartridge_wave_b_test.rs","no","redemption: recibo redemption_within_limits REAL; delay_costed FAIL-honesto; mint/redeem fee NO productor","yes","yes:cartridge+canon+manifest","yes","no","no","no","no","no"
"MEV-04-019","mev_04","Arbitrajes por equivalencia, paridad o redención del activo","parity_redemption_engine","PARITY_REDEMPTION","P_LST","redemption","SETTLEMENT_DELAY_SENSITIVE","2","8","Sí","No","No","No","6","op_13 Regression; op_08 Kalman; op_21 Newton-Raphson","op_23 Queueing; op_11 Bayes; op_22 Monte Carlo","8","conversion_contract_valid;redemption_within_limits;component_quotes_firm;delay_costed;settlement_executable;withdrawal_queue_measured;strategy_specific_note_verified;native_risk_and_impact_policy","NEEDS_ROUTE_DATA","READY_FOR_CARTRIDGE_MIGRATION","SHADOW","YES","backend/searcher-rs/cartridges/strategies/mev_04_019_liquid_staking_token_arbitrage.rhai","skills/arbitragex-ultra/strategies/MEV-04-019/STRATEGY.json","VERIFIED","behavioral:cartridge_wave_b_test.rs","no","redemption: recibo redemption_within_limits REAL; delay_costed FAIL-honesto; mint/redeem fee NO productor","yes","yes:cartridge+canon+manifest","yes","no","no","no","no","no"
"MEV-04-020","mev_04","Arbitrajes por equivalencia, paridad o redención del activo","parity_redemption_engine","PARITY_REDEMPTION","P_LST","redemption","SETTLEMENT_DELAY_SENSITIVE","2","8","Sí","No","No","No","6","op_13 Regression; op_08 Kalman; op_21 Newton-Raphson","op_23 Queueing; op_11 Bayes; op_22 Monte Carlo","8","conversion_contract_valid;redemption_within_limits;component_quotes_firm;delay_costed;settlement_executable;withdrawal_queue_measured;strategy_specific_note_verified;native_risk_and_impact_policy","NEEDS_ROUTE_DATA","READY_FOR_CARTRIDGE_MIGRATION","SHADOW","YES","backend/searcher-rs/cartridges/strategies/mev_04_020_lst_redemption_arbitrage.rhai","skills/arbitragex-ultra/strategies/MEV-04-020/STRATEGY.json","VERIFIED","behavioral:cartridge_wave_b_test.rs","no","redemption: recibo redemption_within_limits REAL; delay_costed FAIL-honesto; mint/redeem fee NO productor","yes","yes:cartridge+canon+manifest","yes","no","no","no","no","no"
"MEV-04-021","mev_04","Arbitrajes por equivalencia, paridad o redención del activo","parity_redemption_engine","PARITY_REDEMPTION","P_LST","redemption","SETTLEMENT_DELAY_SENSITIVE","2","8","Sí","No","No","No","6","op_13 Regression; op_08 Kalman; op_21 Newton-Raphson","op_23 Queueing; op_11 Bayes; op_22 Monte Carlo","8","conversion_contract_valid;redemption_within_limits;component_quotes_firm;delay_costed;settlement_executable;withdrawal_queue_measured;strategy_specific_note_verified;native_risk_and_impact_policy","NEEDS_ROUTE_DATA","READY_FOR_CARTRIDGE_MIGRATION","SHADOW","YES","backend/searcher-rs/cartridges/strategies/mev_04_021_liquid_restaking_token_arbitrage.rhai","skills/arbitragex-ultra/strategies/MEV-04-021/STRATEGY.json","VERIFIED","behavioral:cartridge_wave_b_test.rs","no","redemption: recibo redemption_within_limits REAL; delay_costed FAIL-honesto; mint/redeem fee NO productor","yes","yes:cartridge+canon+manifest","yes","no","no","no","no","no"
"MEV-04-022","mev_04","Arbitrajes por equivalencia, paridad o redención del activo","parity_redemption_engine","PARITY_REDEMPTION","P_LST","redemption","SETTLEMENT_DELAY_SENSITIVE","2","8","Sí","No","No","No","6","op_13 Regression; op_08 Kalman; op_21 Newton-Raphson","op_23 Queueing; op_11 Bayes; op_22 Monte Carlo","8","conversion_contract_valid;redemption_within_limits;component_quotes_firm;delay_costed;settlement_executable;withdrawal_queue_measured;strategy_specific_note_verified;native_risk_and_impact_policy","NEEDS_ROUTE_DATA","READY_FOR_CARTRIDGE_MIGRATION","SHADOW","YES","backend/searcher-rs/cartridges/strategies/mev_04_022_cross_lst_arbitrage.rhai","skills/arbitragex-ultra/strategies/MEV-04-022/STRATEGY.json","VERIFIED","behavioral:cartridge_wave_b_test.rs","no","redemption: recibo redemption_within_limits REAL; delay_costed FAIL-honesto; mint/redeem fee NO productor","yes","yes:cartridge+canon+manifest","yes","no","no","no","no","no"
"MEV-04-023","mev_04","Arbitrajes por equivalencia, paridad o redención del activo","parity_redemption_engine","PARITY_REDEMPTION","P_WRAP","redemption","DETERMINISTIC_IF_CONVERTIBLE","2","8","Sí","No","No","No","5","op_21 Newton-Raphson; op_08 Kalman; op_13 Regression","op_15 Golden Section; op_22 Monte Carlo","8","conversion_contract_valid;redemption_within_limits;component_quotes_firm;delay_costed;settlement_executable;representation_allowlisted;strategy_specific_note_verified;native_risk_and_impact_policy","NEEDS_ROUTE_DATA","READY_FOR_CARTRIDGE_MIGRATION","SHADOW","YES","backend/searcher-rs/cartridges/strategies/mev_04_023_governance_wrapper_arbitrage.rhai","skills/arbitragex-ultra/strategies/MEV-04-023/STRATEGY.json","VERIFIED","behavioral:cartridge_wave_b_test.rs","no","redemption: recibo redemption_within_limits REAL; delay_costed FAIL-honesto; mint/redeem fee NO productor","yes","yes:cartridge+canon+manifest","yes","no","no","no","no","no"
"MEV-04-024","mev_04","Arbitrajes por equivalencia, paridad o redención del activo","parity_redemption_engine","PARITY_REDEMPTION","P_YIELD","carry_projection","DETERMINISTIC_IF_SETTLEABLE","2","8","Sí","No","No","No","6","op_13 Regression; op_08 Kalman; op_21 Newton-Raphson","op_15 Golden Section; op_22 Monte Carlo; op_16 Kelly","8","hedged_position;matched_horizon;margin_sufficient;funding_schedule;finite_horizon;settlement_executable;strategy_specific_note_verified;native_risk_and_impact_policy","NEEDS_ROUTE_DATA","READY_FOR_CARTRIDGE_MIGRATION","SHADOW","YES","backend/searcher-rs/cartridges/strategies/mev_04_024_vote_escrow_derivative_arbitrage.rhai","skills/arbitragex-ultra/strategies/MEV-04-024/STRATEGY.json","VERIFIED","behavioral:cartridge_wave_b_test.rs","no","redemption: recibo redemption_within_limits REAL; delay_costed FAIL-honesto; mint/redeem fee NO productor","yes","yes:cartridge+canon+manifest","yes","no","no","no","no","no"
"MEV-04-025","mev_04","Arbitrajes por equivalencia, paridad o redención del activo","parity_redemption_engine","PARITY_REDEMPTION","P_NAV","redemption","DETERMINISTIC_IF_REDEEMABLE","2","8","Sí","No","No","No","6","op_13 Regression; op_19 Simplex; op_21 Newton-Raphson","op_08 Kalman; op_11 Bayes; op_22 Monte Carlo","7","conversion_contract_valid;redemption_within_limits;component_quotes_firm;delay_costed;settlement_executable;strategy_specific_note_verified;native_risk_and_impact_policy","NEEDS_ROUTE_DATA","READY_FOR_CARTRIDGE_MIGRATION","SHADOW","YES","backend/searcher-rs/cartridges/strategies/mev_04_025_tokenized_position_arbitrage.rhai","skills/arbitragex-ultra/strategies/MEV-04-025/STRATEGY.json","VERIFIED","behavioral:cartridge_wave_b_test.rs","no","redemption: recibo redemption_within_limits REAL; delay_costed FAIL-honesto; mint/redeem fee NO productor","yes","yes:cartridge+canon+manifest","yes","no","no","no","no","no"
"MEV-04-026","mev_04","Arbitrajes por equivalencia, paridad o redención del activo","parity_redemption_engine","PARITY_REDEMPTION","P_PTYT","redemption","DETERMINISTIC_IF_REDEEMABLE","2","8","Sí","No","No","No","6","op_13 Regression; op_21 Newton-Raphson; op_15 Golden Section","op_08 Kalman; op_16 Kelly; op_22 Monte Carlo","9","conversion_contract_valid;redemption_within_limits;component_quotes_firm;delay_costed;settlement_executable;same_underlying_maturity;split_merge_available;strategy_specific_note_verified;native_risk_and_impact_policy","NEEDS_ROUTE_DATA","READY_FOR_CARTRIDGE_MIGRATION","SHADOW","YES","backend/searcher-rs/cartridges/strategies/mev_04_026_principal_token_arbitrage.rhai","skills/arbitragex-ultra/strategies/MEV-04-026/STRATEGY.json","VERIFIED","behavioral:cartridge_wave_b_test.rs","no","redemption: recibo redemption_within_limits REAL; delay_costed FAIL-honesto; mint/redeem fee NO productor","yes","yes:cartridge+canon+manifest","yes","no","no","no","no","no"
"MEV-04-027","mev_04","Arbitrajes por equivalencia, paridad o redención del activo","parity_redemption_engine","PARITY_REDEMPTION","P_PTYT","redemption","DETERMINISTIC_IF_REDEEMABLE","2","8","Sí","No","No","No","6","op_13 Regression; op_21 Newton-Raphson; op_15 Golden Section","op_08 Kalman; op_16 Kelly; op_22 Monte Carlo","9","conversion_contract_valid;redemption_within_limits;component_quotes_firm;delay_costed;settlement_executable;same_underlying_maturity;split_merge_available;strategy_specific_note_verified;native_risk_and_impact_policy","NEEDS_ROUTE_DATA","READY_FOR_CARTRIDGE_MIGRATION","SHADOW","YES","backend/searcher-rs/cartridges/strategies/mev_04_027_yield_token_arbitrage.rhai","skills/arbitragex-ultra/strategies/MEV-04-027/STRATEGY.json","VERIFIED","behavioral:cartridge_wave_b_test.rs","no","redemption: recibo redemption_within_limits REAL; delay_costed FAIL-honesto; mint/redeem fee NO productor","yes","yes:cartridge+canon+manifest","yes","no","no","no","no","no"
"MEV-04-028","mev_04","Arbitrajes por equivalencia, paridad o redención del activo","parity_redemption_engine","PARITY_REDEMPTION","P_PTYT","redemption","DETERMINISTIC_IF_REDEEMABLE","3","4","Sí","No","No","No","6","op_13 Regression; op_21 Newton-Raphson; op_15 Golden Section","op_08 Kalman; op_16 Kelly; op_22 Monte Carlo","9","conversion_contract_valid;redemption_within_limits;component_quotes_firm;delay_costed;settlement_executable;same_underlying_maturity;split_merge_available;strategy_specific_note_verified;native_risk_and_impact_policy","NEEDS_ROUTE_DATA","READY_FOR_CARTRIDGE_MIGRATION","SHADOW","YES","backend/searcher-rs/cartridges/strategies/mev_04_028_pt_yt_parity_arbitrage.rhai","skills/arbitragex-ultra/strategies/MEV-04-028/STRATEGY.json","VERIFIED","behavioral:cartridge_wave_b_test.rs","no","redemption: recibo redemption_within_limits REAL; delay_costed FAIL-honesto; mint/redeem fee NO productor","yes","yes:cartridge+canon+manifest","yes","no","no","no","no","no"
"MEV-04-029","mev_04","Arbitrajes por equivalencia, paridad o redención del activo","parity_redemption_engine","PARITY_REDEMPTION","P_YIELD","carry_projection","DETERMINISTIC_IF_SETTLEABLE","2","8","Condicional","No","No","No","6","op_13 Regression; op_08 Kalman; op_21 Newton-Raphson","op_15 Golden Section; op_22 Monte Carlo; op_16 Kelly","8","hedged_position;matched_horizon;margin_sufficient;funding_schedule;finite_horizon;settlement_executable;strategy_specific_note_verified;native_risk_and_impact_policy","NEEDS_ROUTE_DATA","READY_FOR_CARTRIDGE_MIGRATION","SHADOW","YES","backend/searcher-rs/cartridges/strategies/mev_04_029_cross_maturity_yield_arbitrage.rhai","skills/arbitragex-ultra/strategies/MEV-04-029/STRATEGY.json","VERIFIED","behavioral:cartridge_wave_b_test.rs","no","redemption: recibo redemption_within_limits REAL; delay_costed FAIL-honesto; mint/redeem fee NO productor","yes","yes:cartridge+canon+manifest","yes","no","no","no","no","no"
"MEV-04-030","mev_04","Arbitrajes por equivalencia, paridad o redención del activo","parity_redemption_engine","PARITY_REDEMPTION","P_YIELD","carry_projection","DETERMINISTIC_IF_SETTLEABLE","2","8","Condicional","No","No","No","6","op_13 Regression; op_08 Kalman; op_21 Newton-Raphson","op_15 Golden Section; op_22 Monte Carlo; op_16 Kelly","8","hedged_position;matched_horizon;margin_sufficient;funding_schedule;finite_horizon;settlement_executable;strategy_specific_note_verified;native_risk_and_impact_policy","NEEDS_ROUTE_DATA","READY_FOR_CARTRIDGE_MIGRATION","SHADOW","YES","backend/searcher-rs/cartridges/strategies/mev_04_030_fixed_yield_floating_yield_arbitrage.rhai","skills/arbitragex-ultra/strategies/MEV-04-030/STRATEGY.json","VERIFIED","behavioral:cartridge_wave_b_test.rs","no","redemption: recibo redemption_within_limits REAL; delay_costed FAIL-honesto; mint/redeem fee NO productor","yes","yes:cartridge+canon+manifest","yes","no","no","no","no","no"
"MEV-04-031","mev_04","Arbitrajes por equivalencia, paridad o redención del activo","parity_redemption_engine","PARITY_REDEMPTION","OBSERVE","observe_only","OBSERVE_ONLY","2","8","No","No","No","No","3","op_10 Welford; op_11 Bayes","op_22 Monte Carlo","0","","OBSERVE_ONLY","OBSERVE_ONLY_BY_DESIGN","SHADOW","YES","backend/searcher-rs/cartridges/strategies/mev_04_031_points_pre_token_arbitrage.rhai","skills/arbitragex-ultra/strategies/MEV-04-031/STRATEGY.json","VERIFIED","behavioral:cartridge_wave_b_test.rs","no","sin clasificar: NO productor verificado","yes","yes:cartridge+canon+manifest","yes","no","no","no","no","no"
"MEV-05-001","mev_05","Arbitraje CEX–DEX y mercados externos","cex_external_engine","CEX_DEX","C_CEXDEX","firm_pair","EXTERNAL_DATA_REQUIRED","2","8","No","No","No","Sí","8","op_08 Kalman; op_10 Welford; op_23 Queueing; op_21 Newton-Raphson","op_11 Bayes; op_13 Regression; op_16 Kelly; op_22 Monte Carlo","7","same_economic_asset;matched_quantity;firm_depth;inventory_available;settlement_executable;strategy_specific_note_verified;native_risk_and_impact_policy","NEEDS_ROUTE_DATA","READY_FOR_CARTRIDGE_MIGRATION","PAPER","YES","backend/searcher-rs/cartridges/strategies/mev_05_001_cex_dex_spot_arbitrage.rhai","skills/arbitragex-ultra/strategies/MEV-05-001/STRATEGY.json","VERIFIED","behavioral:cartridge_wave_c_test.rs","no","post-state/latency events: coste de swap V2/V3 disponible; oracle/CEX/derivados sin productor","yes","yes:cartridge+canon+manifest","yes","no","no","no","no","no"
"MEV-05-002","mev_05","Arbitraje CEX–DEX y mercados externos","cex_external_engine","CEX_DEX","C_CEXDEX","firm_pair","EXTERNAL_DATA_REQUIRED","2","8","No","No","No","Sí","8","op_08 Kalman; op_10 Welford; op_23 Queueing; op_21 Newton-Raphson","op_11 Bayes; op_13 Regression; op_16 Kelly; op_22 Monte Carlo","7","same_economic_asset;matched_quantity;firm_depth;inventory_available;settlement_executable;strategy_specific_note_verified;native_risk_and_impact_policy","NEEDS_ROUTE_DATA","READY_FOR_CARTRIDGE_MIGRATION","PAPER","YES","backend/searcher-rs/cartridges/strategies/mev_05_002_dex_cex_spot_arbitrage.rhai","skills/arbitragex-ultra/strategies/MEV-05-002/STRATEGY.json","VERIFIED","behavioral:cartridge_wave_c_test.rs","no","post-state/latency events: coste de swap V2/V3 disponible; oracle/CEX/derivados sin productor","yes","yes:cartridge+canon+manifest","yes","no","no","no","no","no"
"MEV-05-003","mev_05","Arbitraje CEX–DEX y mercados externos","cex_external_engine","CEX_DEX","C_CEXDEX","firm_pair","EXTERNAL_DATA_REQUIRED","3","3","No","No","No","Sí","8","op_08 Kalman; op_10 Welford; op_23 Queueing; op_21 Newton-Raphson","op_11 Bayes; op_13 Regression; op_16 Kelly; op_22 Monte Carlo","7","same_economic_asset;matched_quantity;firm_depth;inventory_available;settlement_executable;strategy_specific_note_verified;native_risk_and_impact_policy","NEEDS_ROUTE_DATA","READY_FOR_CARTRIDGE_MIGRATION","PAPER","YES","backend/searcher-rs/cartridges/strategies/mev_05_003_cex_dex_triangular_arbitrage.rhai","skills/arbitragex-ultra/strategies/MEV-05-003/STRATEGY.json","VERIFIED","behavioral:cartridge_wave_c_test.rs","no","post-state/latency events: coste de swap V2/V3 disponible; oracle/CEX/derivados sin productor","yes","yes:cartridge+canon+manifest","yes","no","no","no","no","no"
"MEV-05-004","mev_05","Arbitraje CEX–DEX y mercados externos","cex_external_engine","CEX_DEX","C_CEXDEX","firm_pair","EXTERNAL_DATA_REQUIRED","2","8","No","No","No","Sí","8","op_08 Kalman; op_10 Welford; op_23 Queueing; op_21 Newton-Raphson","op_11 Bayes; op_13 Regression; op_16 Kelly; op_22 Monte Carlo","7","same_economic_asset;matched_quantity;firm_depth;inventory_available;settlement_executable;strategy_specific_note_verified;native_risk_and_impact_policy","NEEDS_ROUTE_DATA","READY_FOR_CARTRIDGE_MIGRATION","PAPER","YES","backend/searcher-rs/cartridges/strategies/mev_05_004_cex_multi_dex_arbitrage.rhai","skills/arbitragex-ultra/strategies/MEV-05-004/STRATEGY.json","VERIFIED","behavioral:cartridge_wave_c_test.rs","no","post-state/latency events: coste de swap V2/V3 disponible; oracle/CEX/derivados sin productor","yes","yes:cartridge+canon+manifest","yes","no","no","no","no","no"
"MEV-05-005","mev_05","Arbitraje CEX–DEX y mercados externos","cex_external_engine","CEX_DEX","C_CEXDEX","firm_pair","EXTERNAL_DATA_REQUIRED","2","8","No","No","No","Sí","8","op_08 Kalman; op_10 Welford; op_23 Queueing; op_21 Newton-Raphson","op_11 Bayes; op_13 Regression; op_16 Kelly; op_22 Monte Carlo","7","same_economic_asset;matched_quantity;firm_depth;inventory_available;settlement_executable;strategy_specific_note_verified;native_risk_and_impact_policy","NEEDS_ROUTE_DATA","READY_FOR_CARTRIDGE_MIGRATION","PAPER","YES","backend/searcher-rs/cartridges/strategies/mev_05_005_multi_cex_dex_arbitrage.rhai","skills/arbitragex-ultra/strategies/MEV-05-005/STRATEGY.json","VERIFIED","behavioral:cartridge_wave_c_test.rs","no","post-state/latency events: coste de swap V2/V3 disponible; oracle/CEX/derivados sin productor","yes","yes:cartridge+canon+manifest","yes","no","no","no","no","no"
"MEV-05-006","mev_05","Arbitraje CEX–DEX y mercados externos","cex_external_engine","CEX_DEX","C_CEXDEX","firm_pair","EXTERNAL_DATA_REQUIRED","2","8","No","No","No","Sí","8","op_08 Kalman; op_10 Welford; op_23 Queueing; op_21 Newton-Raphson","op_11 Bayes; op_13 Regression; op_16 Kelly; op_22 Monte Carlo","7","same_economic_asset;matched_quantity;firm_depth;inventory_available;settlement_executable;strategy_specific_note_verified;native_risk_and_impact_policy","NEEDS_ROUTE_DATA","READY_FOR_CARTRIDGE_MIGRATION","PAPER","YES","backend/searcher-rs/cartridges/strategies/mev_05_006_cex_order_book_amm_arbitrage.rhai","skills/arbitragex-ultra/strategies/MEV-05-006/STRATEGY.json","VERIFIED","behavioral:cartridge_wave_c_test.rs","no","post-state/latency events: coste de swap V2/V3 disponible; oracle/CEX/derivados sin productor","yes","yes:cartridge+canon+manifest","yes","no","no","no","no","no"
"MEV-05-007","mev_05","Arbitraje CEX–DEX y mercados externos","cex_external_engine","CEX_DEX","C_CEXDERIV","carry_projection","EXTERNAL_DATA_REQUIRED","2","8","No","No","No","Sí","8","op_13 Regression; op_08 Kalman; op_23 Queueing; op_21 Newton-Raphson","op_10 Welford; op_11 Bayes; op_22 Monte Carlo; op_16 Kelly","8","hedged_position;matched_horizon;margin_sufficient;funding_schedule;finite_horizon;settlement_executable;strategy_specific_note_verified;native_risk_and_impact_policy","NEEDS_ROUTE_DATA","READY_FOR_CARTRIDGE_MIGRATION","PAPER","YES","backend/searcher-rs/cartridges/strategies/mev_05_007_cex_futures_dex_spot_arbitrage.rhai","skills/arbitragex-ultra/strategies/MEV-05-007/STRATEGY.json","VERIFIED","behavioral:cartridge_wave_c_test.rs","no","post-state/latency events: coste de swap V2/V3 disponible; oracle/CEX/derivados sin productor","yes","yes:cartridge+canon+manifest","yes","no","no","no","no","no"
"MEV-05-008","mev_05","Arbitraje CEX–DEX y mercados externos","cex_external_engine","CEX_DEX","C_CEXDERIV","carry_projection","EXTERNAL_DATA_REQUIRED","2","8","No","No","No","Sí","8","op_13 Regression; op_08 Kalman; op_23 Queueing; op_21 Newton-Raphson","op_10 Welford; op_11 Bayes; op_22 Monte Carlo; op_16 Kelly","8","hedged_position;matched_horizon;margin_sufficient;funding_schedule;finite_horizon;settlement_executable;strategy_specific_note_verified;native_risk_and_impact_policy","NEEDS_ROUTE_DATA","READY_FOR_CARTRIDGE_MIGRATION","PAPER","YES","backend/searcher-rs/cartridges/strategies/mev_05_008_cex_perpetual_dex_spot_arbitrage.rhai","skills/arbitragex-ultra/strategies/MEV-05-008/STRATEGY.json","VERIFIED","behavioral:cartridge_wave_c_test.rs","no","post-state/latency events: coste de swap V2/V3 disponible; oracle/CEX/derivados sin productor","yes","yes:cartridge+canon+manifest","yes","no","no","no","no","no"
"MEV-05-009","mev_05","Arbitraje CEX–DEX y mercados externos","cex_external_engine","CEX_DEX","E_LATENCY","post_state_route","LATENCY_SENSITIVE","2","8","No","No","No","Sí","7","op_08 Kalman; op_10 Welford; op_23 Queueing; op_11 Bayes","op_13 Regression; op_22 Monte Carlo; op_16 Kelly","8","confirmed_transition;post_state_bound;protocol_exact_quotes;settlement_executable;independent_timestamps;execution_before_quote_expiry;strategy_specific_note_verified;native_risk_and_impact_policy","NEEDS_ROUTE_DATA","READY_FOR_CARTRIDGE_MIGRATION","PAPER","YES","backend/searcher-rs/cartridges/strategies/mev_05_009_cex_price_lead_latency_arbitrage.rhai","skills/arbitragex-ultra/strategies/MEV-05-009/STRATEGY.json","VERIFIED","behavioral:cartridge_wave_c_test.rs","no","post-state/latency events: coste de swap V2/V3 disponible; oracle/CEX/derivados sin productor","yes","yes:cartridge+canon+manifest","yes","no","no","no","no","no"
"MEV-05-010","mev_05","Arbitraje CEX–DEX y mercados externos","cex_external_engine","CEX_DEX","E_LATENCY","post_state_route","LATENCY_SENSITIVE","2","8","No","No","No","Sí","7","op_08 Kalman; op_10 Welford; op_23 Queueing; op_11 Bayes","op_13 Regression; op_22 Monte Carlo; op_16 Kelly","8","confirmed_transition;post_state_bound;protocol_exact_quotes;settlement_executable;independent_timestamps;execution_before_quote_expiry;strategy_specific_note_verified;native_risk_and_impact_policy","NEEDS_ROUTE_DATA","READY_FOR_CARTRIDGE_MIGRATION","PAPER","YES","backend/searcher-rs/cartridges/strategies/mev_05_010_dex_price_lead_arbitrage.rhai","skills/arbitragex-ultra/strategies/MEV-05-010/STRATEGY.json","VERIFIED","behavioral:cartridge_wave_c_test.rs","no","post-state/latency events: coste de swap V2/V3 disponible; oracle/CEX/derivados sin productor","yes","yes:cartridge+canon+manifest","yes","no","no","no","no","no"
"MEV-05-011","mev_05","Arbitraje CEX–DEX y mercados externos","cex_external_engine","CEX_DEX","C_CEXDEX","firm_pair","EXTERNAL_DATA_REQUIRED","2","8","No","No","No","Sí","8","op_08 Kalman; op_10 Welford; op_23 Queueing; op_21 Newton-Raphson","op_11 Bayes; op_13 Regression; op_16 Kelly; op_22 Monte Carlo","7","same_economic_asset;matched_quantity;firm_depth;inventory_available;settlement_executable;strategy_specific_note_verified;native_risk_and_impact_policy","NEEDS_ROUTE_DATA","READY_FOR_CARTRIDGE_MIGRATION","PAPER","YES","backend/searcher-rs/cartridges/strategies/mev_05_011_otc_dex_arbitrage.rhai","skills/arbitragex-ultra/strategies/MEV-05-011/STRATEGY.json","VERIFIED","behavioral:cartridge_wave_c_test.rs","no","post-state/latency events: coste de swap V2/V3 disponible; oracle/CEX/derivados sin productor","yes","yes:cartridge+canon+manifest","yes","no","no","no","no","no"
"MEV-05-012","mev_05","Arbitraje CEX–DEX y mercados externos","cex_external_engine","CEX_DEX","C_CEXDEX","firm_pair","EXTERNAL_DATA_REQUIRED","2","8","No","No","No","Sí","8","op_08 Kalman; op_10 Welford; op_23 Queueing; op_21 Newton-Raphson","op_11 Bayes; op_13 Regression; op_16 Kelly; op_22 Monte Carlo","7","same_economic_asset;matched_quantity;firm_depth;inventory_available;settlement_executable;strategy_specific_note_verified;native_risk_and_impact_policy","NEEDS_ROUTE_DATA","READY_FOR_CARTRIDGE_MIGRATION","PAPER","YES","backend/searcher-rs/cartridges/strategies/mev_05_012_market_maker_inventory_dex_arbitrage.rhai","skills/arbitragex-ultra/strategies/MEV-05-012/STRATEGY.json","VERIFIED","behavioral:cartridge_wave_c_test.rs","no","post-state/latency events: coste de swap V2/V3 disponible; oracle/CEX/derivados sin productor","yes","yes:cartridge+canon+manifest","yes","no","no","no","no","no"
"MEV-05-013","mev_05","Arbitraje CEX–DEX y mercados externos","cex_external_engine","CEX_DEX","C_CEXDEX","firm_pair","EXTERNAL_DATA_REQUIRED","2","8","No","No","No","Sí","8","op_08 Kalman; op_10 Welford; op_23 Queueing; op_21 Newton-Raphson","op_11 Bayes; op_13 Regression; op_16 Kelly; op_22 Monte Carlo","7","same_economic_asset;matched_quantity;firm_depth;inventory_available;settlement_executable;strategy_specific_note_verified;native_risk_and_impact_policy","NEEDS_ROUTE_DATA","READY_FOR_CARTRIDGE_MIGRATION","PAPER","YES","backend/searcher-rs/cartridges/strategies/mev_05_013_cross_custodian_arbitrage.rhai","skills/arbitragex-ultra/strategies/MEV-05-013/STRATEGY.json","VERIFIED","behavioral:cartridge_wave_c_test.rs","no","post-state/latency events: coste de swap V2/V3 disponible; oracle/CEX/derivados sin productor","yes","yes:cartridge+canon+manifest","yes","no","no","no","no","no"
"MEV-05-014","mev_05","Arbitraje CEX–DEX y mercados externos","cex_external_engine","CEX_DEX","C_CEXDEX","firm_pair","EXTERNAL_DATA_REQUIRED","2","8","No","No","No","Sí","8","op_08 Kalman; op_10 Welford; op_23 Queueing; op_21 Newton-Raphson","op_11 Bayes; op_13 Regression; op_16 Kelly; op_22 Monte Carlo","7","same_economic_asset;matched_quantity;firm_depth;inventory_available;settlement_executable;strategy_specific_note_verified;native_risk_and_impact_policy","NEEDS_ROUTE_DATA","READY_FOR_CARTRIDGE_MIGRATION","PAPER","YES","backend/searcher-rs/cartridges/strategies/mev_05_014_fiat_stablecoin_dex_arbitrage.rhai","skills/arbitragex-ultra/strategies/MEV-05-014/STRATEGY.json","VERIFIED","behavioral:cartridge_wave_c_test.rs","no","post-state/latency events: coste de swap V2/V3 disponible; oracle/CEX/derivados sin productor","yes","yes:cartridge+canon+manifest","yes","no","no","no","no","no"
"MEV-06-001","mev_06","Arbitrajes cross-chain y cross-domain","cross_domain_engine","CROSS_CHAIN","X_PREPOS","cross_domain","NONATOMIC_INVENTORY_REQUIRED","2","16","No","No","Sí","No","8","op_06 Markov Chain; op_07 HMM; op_23 Queueing; op_16 Kelly","op_08 Kalman; op_11 Bayes; op_22 Monte Carlo; op_27 Path Ordering","10","same_economic_asset;all_domain_snapshots;inventory_or_bridge_capacity;finality_model;failure_states_costed;settlement_executable;prepositioned_inventory_all_domains;non_atomic_settlement;strategy_specific_note_verified;native_risk_and_impact_policy","NEEDS_ROUTE_DATA","READY_FOR_CARTRIDGE_MIGRATION","PAPER","YES","backend/searcher-rs/cartridges/strategies/mev_06_001_l1_l1_arbitrage.rhai","skills/arbitragex-ultra/strategies/MEV-06-001/STRATEGY.json","VERIFIED","behavioral:cartridge_wave_c_test.rs","no","cross-domain: bridge/relayer/finality NO productor (fuera de la oleada)","yes","yes:cartridge+canon+manifest","yes","no","no","no","no","no"
"MEV-06-002","mev_06","Arbitrajes cross-chain y cross-domain","cross_domain_engine","CROSS_CHAIN","X_PREPOS","cross_domain","NONATOMIC_INVENTORY_REQUIRED","2","16","No","No","Sí","No","8","op_06 Markov Chain; op_07 HMM; op_23 Queueing; op_16 Kelly","op_08 Kalman; op_11 Bayes; op_22 Monte Carlo; op_27 Path Ordering","10","same_economic_asset;all_domain_snapshots;inventory_or_bridge_capacity;finality_model;failure_states_costed;settlement_executable;prepositioned_inventory_all_domains;non_atomic_settlement;strategy_specific_note_verified;native_risk_and_impact_policy","NEEDS_ROUTE_DATA","READY_FOR_CARTRIDGE_MIGRATION","PAPER","YES","backend/searcher-rs/cartridges/strategies/mev_06_002_l1_l2_arbitrage.rhai","skills/arbitragex-ultra/strategies/MEV-06-002/STRATEGY.json","VERIFIED","behavioral:cartridge_wave_c_test.rs","no","cross-domain: bridge/relayer/finality NO productor (fuera de la oleada)","yes","yes:cartridge+canon+manifest","yes","no","no","no","no","no"
"MEV-06-003","mev_06","Arbitrajes cross-chain y cross-domain","cross_domain_engine","CROSS_CHAIN","X_PREPOS","cross_domain","NONATOMIC_INVENTORY_REQUIRED","2","16","No","No","Sí","No","8","op_06 Markov Chain; op_07 HMM; op_23 Queueing; op_16 Kelly","op_08 Kalman; op_11 Bayes; op_22 Monte Carlo; op_27 Path Ordering","10","same_economic_asset;all_domain_snapshots;inventory_or_bridge_capacity;finality_model;failure_states_costed;settlement_executable;prepositioned_inventory_all_domains;non_atomic_settlement;strategy_specific_note_verified;native_risk_and_impact_policy","NEEDS_ROUTE_DATA","READY_FOR_CARTRIDGE_MIGRATION","PAPER","YES","backend/searcher-rs/cartridges/strategies/mev_06_003_l2_l1_arbitrage.rhai","skills/arbitragex-ultra/strategies/MEV-06-003/STRATEGY.json","VERIFIED","behavioral:cartridge_wave_c_test.rs","no","cross-domain: bridge/relayer/finality NO productor (fuera de la oleada)","yes","yes:cartridge+canon+manifest","yes","no","no","no","no","no"
"MEV-06-004","mev_06","Arbitrajes cross-chain y cross-domain","cross_domain_engine","CROSS_CHAIN","X_PREPOS","cross_domain","NONATOMIC_INVENTORY_REQUIRED","2","16","No","No","Sí","No","8","op_06 Markov Chain; op_07 HMM; op_23 Queueing; op_16 Kelly","op_08 Kalman; op_11 Bayes; op_22 Monte Carlo; op_27 Path Ordering","10","same_economic_asset;all_domain_snapshots;inventory_or_bridge_capacity;finality_model;failure_states_costed;settlement_executable;prepositioned_inventory_all_domains;non_atomic_settlement;strategy_specific_note_verified;native_risk_and_impact_policy","NEEDS_ROUTE_DATA","READY_FOR_CARTRIDGE_MIGRATION","PAPER","YES","backend/searcher-rs/cartridges/strategies/mev_06_004_l2_l2_cross_rollup_arbitrage.rhai","skills/arbitragex-ultra/strategies/MEV-06-004/STRATEGY.json","VERIFIED","behavioral:cartridge_wave_c_test.rs","no","cross-domain: bridge/relayer/finality NO productor (fuera de la oleada)","yes","yes:cartridge+canon+manifest","yes","no","no","no","no","no"
"MEV-06-005","mev_06","Arbitrajes cross-chain y cross-domain","cross_domain_engine","CROSS_CHAIN","X_PREPOS","cross_domain","NONATOMIC_INVENTORY_REQUIRED","2","16","No","No","Sí","No","8","op_06 Markov Chain; op_07 HMM; op_23 Queueing; op_16 Kelly","op_08 Kalman; op_11 Bayes; op_22 Monte Carlo; op_27 Path Ordering","10","same_economic_asset;all_domain_snapshots;inventory_or_bridge_capacity;finality_model;failure_states_costed;settlement_executable;prepositioned_inventory_all_domains;non_atomic_settlement;strategy_specific_note_verified;native_risk_and_impact_policy","NEEDS_ROUTE_DATA","READY_FOR_CARTRIDGE_MIGRATION","PAPER","YES","backend/searcher-rs/cartridges/strategies/mev_06_005_rollup_sidechain_arbitrage.rhai","skills/arbitragex-ultra/strategies/MEV-06-005/STRATEGY.json","VERIFIED","behavioral:cartridge_wave_c_test.rs","no","cross-domain: bridge/relayer/finality NO productor (fuera de la oleada)","yes","yes:cartridge+canon+manifest","yes","no","no","no","no","no"
"MEV-06-006","mev_06","Arbitrajes cross-chain y cross-domain","cross_domain_engine","CROSS_CHAIN","X_PREPOS","cross_domain","NONATOMIC_INVENTORY_REQUIRED","2","16","No","No","Sí","No","8","op_06 Markov Chain; op_07 HMM; op_23 Queueing; op_16 Kelly","op_08 Kalman; op_11 Bayes; op_22 Monte Carlo; op_27 Path Ordering","10","same_economic_asset;all_domain_snapshots;inventory_or_bridge_capacity;finality_model;failure_states_costed;settlement_executable;prepositioned_inventory_all_domains;non_atomic_settlement;strategy_specific_note_verified;native_risk_and_impact_policy","NEEDS_ROUTE_DATA","READY_FOR_CARTRIDGE_MIGRATION","PAPER","YES","backend/searcher-rs/cartridges/strategies/mev_06_006_sidechain_sidechain_arbitrage.rhai","skills/arbitragex-ultra/strategies/MEV-06-006/STRATEGY.json","VERIFIED","behavioral:cartridge_wave_c_test.rs","no","cross-domain: bridge/relayer/finality NO productor (fuera de la oleada)","yes","yes:cartridge+canon+manifest","yes","no","no","no","no","no"
"MEV-06-007","mev_06","Arbitrajes cross-chain y cross-domain","cross_domain_engine","CROSS_CHAIN","X_PREPOS","cross_domain","NONATOMIC_INVENTORY_REQUIRED","2","16","No","No","Sí","No","8","op_06 Markov Chain; op_07 HMM; op_23 Queueing; op_16 Kelly","op_08 Kalman; op_11 Bayes; op_22 Monte Carlo; op_27 Path Ordering","10","same_economic_asset;all_domain_snapshots;inventory_or_bridge_capacity;finality_model;failure_states_costed;settlement_executable;prepositioned_inventory_all_domains;non_atomic_settlement;strategy_specific_note_verified;native_risk_and_impact_policy","NEEDS_ROUTE_DATA","READY_FOR_CARTRIDGE_MIGRATION","PAPER","YES","backend/searcher-rs/cartridges/strategies/mev_06_007_appchain_arbitrage.rhai","skills/arbitragex-ultra/strategies/MEV-06-007/STRATEGY.json","VERIFIED","behavioral:cartridge_wave_c_test.rs","no","cross-domain: bridge/relayer/finality NO productor (fuera de la oleada)","yes","yes:cartridge+canon+manifest","yes","no","no","no","no","no"
"MEV-06-008","mev_06","Arbitrajes cross-chain y cross-domain","cross_domain_engine","CROSS_CHAIN","X_BRIDGE","cross_domain","NONATOMIC_BRIDGE_REQUIRED","2","16","No","No","Sí","No","7","op_06 Markov Chain; op_07 HMM; op_23 Queueing; op_22 Monte Carlo","op_11 Bayes; op_16 Kelly; op_13 Regression","10","same_economic_asset;all_domain_snapshots;inventory_or_bridge_capacity;finality_model;failure_states_costed;settlement_executable;bridge_quote_valid;non_atomic_settlement;strategy_specific_note_verified;native_risk_and_impact_policy","NEEDS_ROUTE_DATA","READY_FOR_CARTRIDGE_MIGRATION","PAPER","YES","backend/searcher-rs/cartridges/strategies/mev_06_008_cross_vm_arbitrage.rhai","skills/arbitragex-ultra/strategies/MEV-06-008/STRATEGY.json","VERIFIED","behavioral:cartridge_wave_c_test.rs","no","cross-domain: bridge/relayer/finality NO productor (fuera de la oleada)","yes","yes:cartridge+canon+manifest","yes","no","no","no","no","no"
"MEV-06-009","mev_06","Arbitrajes cross-chain y cross-domain","cross_domain_engine","CROSS_CHAIN","X_BRIDGE","cross_domain","NONATOMIC_BRIDGE_REQUIRED","2","16","No","No","Sí","No","7","op_06 Markov Chain; op_07 HMM; op_23 Queueing; op_22 Monte Carlo","op_11 Bayes; op_16 Kelly; op_13 Regression","10","same_economic_asset;all_domain_snapshots;inventory_or_bridge_capacity;finality_model;failure_states_costed;settlement_executable;bridge_quote_valid;non_atomic_settlement;strategy_specific_note_verified;native_risk_and_impact_policy","NEEDS_ROUTE_DATA","READY_FOR_CARTRIDGE_MIGRATION","PAPER","YES","backend/searcher-rs/cartridges/strategies/mev_06_009_cross_consensus_arbitrage.rhai","skills/arbitragex-ultra/strategies/MEV-06-009/STRATEGY.json","VERIFIED","behavioral:cartridge_wave_c_test.rs","no","cross-domain: bridge/relayer/finality NO productor (fuera de la oleada)","yes","yes:cartridge+canon+manifest","yes","no","no","no","no","no"
"MEV-06-010","mev_06","Arbitrajes cross-chain y cross-domain","cross_domain_engine","CROSS_CHAIN","X_PREPOS","cross_domain","NONATOMIC_INVENTORY_REQUIRED","2","16","No","No","Sí","No","8","op_06 Markov Chain; op_07 HMM; op_23 Queueing; op_16 Kelly","op_08 Kalman; op_11 Bayes; op_22 Monte Carlo; op_27 Path Ordering","10","same_economic_asset;all_domain_snapshots;inventory_or_bridge_capacity;finality_model;failure_states_costed;settlement_executable;prepositioned_inventory_all_domains;non_atomic_settlement;strategy_specific_note_verified;native_risk_and_impact_policy","NEEDS_ROUTE_DATA","READY_FOR_CARTRIDGE_MIGRATION","PAPER","YES","backend/searcher-rs/cartridges/strategies/mev_06_010_cross_domain_dex_dex_arbitrage.rhai","skills/arbitragex-ultra/strategies/MEV-06-010/STRATEGY.json","VERIFIED","behavioral:cartridge_wave_c_test.rs","no","cross-domain: bridge/relayer/finality NO productor (fuera de la oleada)","yes","yes:cartridge+canon+manifest","yes","no","no","no","no","no"
"MEV-06-011","mev_06","Arbitrajes cross-chain y cross-domain","cross_domain_engine","CROSS_CHAIN","X_PREPOS","cross_domain","NONATOMIC_INVENTORY_REQUIRED","3","3","No","No","Sí","No","8","op_06 Markov Chain; op_07 HMM; op_23 Queueing; op_16 Kelly","op_08 Kalman; op_11 Bayes; op_22 Monte Carlo; op_27 Path Ordering","10","same_economic_asset;all_domain_snapshots;inventory_or_bridge_capacity;finality_model;failure_states_costed;settlement_executable;prepositioned_inventory_all_domains;non_atomic_settlement;strategy_specific_note_verified;native_risk_and_impact_policy","NEEDS_ROUTE_DATA","READY_FOR_CARTRIDGE_MIGRATION","PAPER","YES","backend/searcher-rs/cartridges/strategies/mev_06_011_cross_domain_triangular_arbitrage.rhai","skills/arbitragex-ultra/strategies/MEV-06-011/STRATEGY.json","VERIFIED","behavioral:cartridge_wave_c_test.rs","no","cross-domain: bridge/relayer/finality NO productor (fuera de la oleada)","yes","yes:cartridge+canon+manifest","yes","no","no","no","no","no"
"MEV-06-012","mev_06","Arbitrajes cross-chain y cross-domain","cross_domain_engine","CROSS_CHAIN","X_BRIDGE","cross_domain","NONATOMIC_BRIDGE_REQUIRED","3","16","No","No","Sí","No","7","op_06 Markov Chain; op_07 HMM; op_23 Queueing; op_22 Monte Carlo","op_11 Bayes; op_16 Kelly; op_13 Regression","10","same_economic_asset;all_domain_snapshots;inventory_or_bridge_capacity;finality_model;failure_states_costed;settlement_executable;bridge_quote_valid;non_atomic_settlement;strategy_specific_note_verified;native_risk_and_impact_policy","NEEDS_ROUTE_DATA","READY_FOR_CARTRIDGE_MIGRATION","PAPER","YES","backend/searcher-rs/cartridges/strategies/mev_06_012_cross_chain_cyclic_arbitrage.rhai","skills/arbitragex-ultra/strategies/MEV-06-012/STRATEGY.json","VERIFIED","behavioral:cartridge_wave_c_test.rs","no","cross-domain: bridge/relayer/finality NO productor (fuera de la oleada)","yes","yes:cartridge+canon+manifest","yes","no","no","no","no","no"
"MEV-06-013","mev_06","Arbitrajes cross-chain y cross-domain","cross_domain_engine","CROSS_CHAIN","X_BRIDGE","cross_domain","NONATOMIC_BRIDGE_REQUIRED","3","16","No","No","Sí","No","7","op_06 Markov Chain; op_07 HMM; op_23 Queueing; op_22 Monte Carlo","op_11 Bayes; op_16 Kelly; op_13 Regression","10","same_economic_asset;all_domain_snapshots;inventory_or_bridge_capacity;finality_model;failure_states_costed;settlement_executable;bridge_quote_valid;non_atomic_settlement;strategy_specific_note_verified;native_risk_and_impact_policy","NEEDS_ROUTE_DATA","READY_FOR_CARTRIDGE_MIGRATION","PAPER","YES","backend/searcher-rs/cartridges/strategies/mev_06_013_multi_chain_n_leg_arbitrage.rhai","skills/arbitragex-ultra/strategies/MEV-06-013/STRATEGY.json","VERIFIED","behavioral:cartridge_wave_c_test.rs","no","cross-domain: bridge/relayer/finality NO productor (fuera de la oleada)","yes","yes:cartridge+canon+manifest","yes","no","no","no","no","no"
"MEV-06-014","mev_06","Arbitrajes cross-chain y cross-domain","cross_domain_engine","CROSS_CHAIN","X_BRIDGE","cross_domain","NONATOMIC_BRIDGE_REQUIRED","2","16","No","No","Sí","No","7","op_06 Markov Chain; op_07 HMM; op_23 Queueing; op_22 Monte Carlo","op_11 Bayes; op_16 Kelly; op_13 Regression","10","same_economic_asset;all_domain_snapshots;inventory_or_bridge_capacity;finality_model;failure_states_costed;settlement_executable;bridge_quote_valid;non_atomic_settlement;strategy_specific_note_verified;native_risk_and_impact_policy","NEEDS_ROUTE_DATA","READY_FOR_CARTRIDGE_MIGRATION","PAPER","YES","backend/searcher-rs/cartridges/strategies/mev_06_014_canonical_bridge_arbitrage.rhai","skills/arbitragex-ultra/strategies/MEV-06-014/STRATEGY.json","VERIFIED","behavioral:cartridge_wave_c_test.rs","no","cross-domain: bridge/relayer/finality NO productor (fuera de la oleada)","yes","yes:cartridge+canon+manifest","yes","no","no","no","no","no"
"MEV-06-015","mev_06","Arbitrajes cross-chain y cross-domain","cross_domain_engine","CROSS_CHAIN","X_BRIDGE","cross_domain","NONATOMIC_BRIDGE_REQUIRED","2","16","No","No","Sí","No","7","op_06 Markov Chain; op_07 HMM; op_23 Queueing; op_22 Monte Carlo","op_11 Bayes; op_16 Kelly; op_13 Regression","10","same_economic_asset;all_domain_snapshots;inventory_or_bridge_capacity;finality_model;failure_states_costed;settlement_executable;bridge_quote_valid;non_atomic_settlement;strategy_specific_note_verified;native_risk_and_impact_policy","NEEDS_ROUTE_DATA","READY_FOR_CARTRIDGE_MIGRATION","PAPER","YES","backend/searcher-rs/cartridges/strategies/mev_06_015_fast_bridge_arbitrage.rhai","skills/arbitragex-ultra/strategies/MEV-06-015/STRATEGY.json","VERIFIED","behavioral:cartridge_wave_c_test.rs","no","cross-domain: bridge/relayer/finality NO productor (fuera de la oleada)","yes","yes:cartridge+canon+manifest","yes","no","no","no","no","no"
"MEV-06-016","mev_06","Arbitrajes cross-chain y cross-domain","cross_domain_engine","CROSS_CHAIN","X_BRIDGE","cross_domain","NONATOMIC_BRIDGE_REQUIRED","2","16","No","No","Sí","No","7","op_06 Markov Chain; op_07 HMM; op_23 Queueing; op_22 Monte Carlo","op_11 Bayes; op_16 Kelly; op_13 Regression","10","same_economic_asset;all_domain_snapshots;inventory_or_bridge_capacity;finality_model;failure_states_costed;settlement_executable;bridge_quote_valid;non_atomic_settlement;strategy_specific_note_verified;native_risk_and_impact_policy","NEEDS_ROUTE_DATA","READY_FOR_CARTRIDGE_MIGRATION","PAPER","YES","backend/searcher-rs/cartridges/strategies/mev_06_016_bridge_rate_arbitrage.rhai","skills/arbitragex-ultra/strategies/MEV-06-016/STRATEGY.json","VERIFIED","behavioral:cartridge_wave_c_test.rs","no","cross-domain: bridge/relayer/finality NO productor (fuera de la oleada)","yes","yes:cartridge+canon+manifest","yes","no","no","no","no","no"
"MEV-06-017","mev_06","Arbitrajes cross-chain y cross-domain","cross_domain_engine","CROSS_CHAIN","X_BRIDGE","cross_domain","NONATOMIC_BRIDGE_REQUIRED","2","16","No","No","Sí","No","7","op_06 Markov Chain; op_07 HMM; op_23 Queueing; op_22 Monte Carlo","op_11 Bayes; op_16 Kelly; op_13 Regression","10","same_economic_asset;all_domain_snapshots;inventory_or_bridge_capacity;finality_model;failure_states_costed;settlement_executable;bridge_quote_valid;non_atomic_settlement;strategy_specific_note_verified;native_risk_and_impact_policy","NEEDS_ROUTE_DATA","READY_FOR_CARTRIDGE_MIGRATION","PAPER","YES","backend/searcher-rs/cartridges/strategies/mev_06_017_bridge_liquidity_arbitrage.rhai","skills/arbitragex-ultra/strategies/MEV-06-017/STRATEGY.json","VERIFIED","behavioral:cartridge_wave_c_test.rs","no","cross-domain: bridge/relayer/finality NO productor (fuera de la oleada)","yes","yes:cartridge+canon+manifest","yes","no","no","no","no","no"
"MEV-06-018","mev_06","Arbitrajes cross-chain y cross-domain","cross_domain_engine","CROSS_CHAIN","X_BRIDGE","cross_domain","NONATOMIC_BRIDGE_REQUIRED","2","16","No","No","Sí","No","7","op_06 Markov Chain; op_07 HMM; op_23 Queueing; op_22 Monte Carlo","op_11 Bayes; op_16 Kelly; op_13 Regression","10","same_economic_asset;all_domain_snapshots;inventory_or_bridge_capacity;finality_model;failure_states_costed;settlement_executable;bridge_quote_valid;non_atomic_settlement;strategy_specific_note_verified;native_risk_and_impact_policy","NEEDS_ROUTE_DATA","READY_FOR_CARTRIDGE_MIGRATION","PAPER","YES","backend/searcher-rs/cartridges/strategies/mev_06_018_bridge_rebalancing_arbitrage.rhai","skills/arbitragex-ultra/strategies/MEV-06-018/STRATEGY.json","VERIFIED","behavioral:cartridge_wave_c_test.rs","no","cross-domain: bridge/relayer/finality NO productor (fuera de la oleada)","yes","yes:cartridge+canon+manifest","yes","no","no","no","no","no"
"MEV-06-019","mev_06","Arbitrajes cross-chain y cross-domain","cross_domain_engine","CROSS_CHAIN","X_BRIDGE","cross_domain","NONATOMIC_BRIDGE_REQUIRED","2","16","No","No","Sí","No","7","op_06 Markov Chain; op_07 HMM; op_23 Queueing; op_22 Monte Carlo","op_11 Bayes; op_16 Kelly; op_13 Regression","10","same_economic_asset;all_domain_snapshots;inventory_or_bridge_capacity;finality_model;failure_states_costed;settlement_executable;bridge_quote_valid;non_atomic_settlement;strategy_specific_note_verified;native_risk_and_impact_policy","NEEDS_ROUTE_DATA","READY_FOR_CARTRIDGE_MIGRATION","PAPER","YES","backend/searcher-rs/cartridges/strategies/mev_06_019_canonical_vs_fast_bridge_arbitrage.rhai","skills/arbitragex-ultra/strategies/MEV-06-019/STRATEGY.json","VERIFIED","behavioral:cartridge_wave_c_test.rs","no","cross-domain: bridge/relayer/finality NO productor (fuera de la oleada)","yes","yes:cartridge+canon+manifest","yes","no","no","no","no","no"
"MEV-06-020","mev_06","Arbitrajes cross-chain y cross-domain","cross_domain_engine","CROSS_CHAIN","X_BRIDGE","cross_domain","NONATOMIC_BRIDGE_REQUIRED","2","16","No","No","Sí","No","7","op_06 Markov Chain; op_07 HMM; op_23 Queueing; op_22 Monte Carlo","op_11 Bayes; op_16 Kelly; op_13 Regression","10","same_economic_asset;all_domain_snapshots;inventory_or_bridge_capacity;finality_model;failure_states_costed;settlement_executable;bridge_quote_valid;non_atomic_settlement;strategy_specific_note_verified;native_risk_and_impact_policy","NEEDS_ROUTE_DATA","READY_FOR_CARTRIDGE_MIGRATION","PAPER","YES","backend/searcher-rs/cartridges/strategies/mev_06_020_wrapped_representation_arbitrage.rhai","skills/arbitragex-ultra/strategies/MEV-06-020/STRATEGY.json","VERIFIED","behavioral:cartridge_wave_c_test.rs","no","cross-domain: bridge/relayer/finality NO productor (fuera de la oleada)","yes","yes:cartridge+canon+manifest","yes","no","no","no","no","no"
"MEV-06-021","mev_06","Arbitrajes cross-chain y cross-domain","cross_domain_engine","CROSS_CHAIN","X_BRIDGE","cross_domain","NONATOMIC_BRIDGE_REQUIRED","2","16","No","No","Sí","No","7","op_06 Markov Chain; op_07 HMM; op_23 Queueing; op_22 Monte Carlo","op_11 Bayes; op_16 Kelly; op_13 Regression","10","same_economic_asset;all_domain_snapshots;inventory_or_bridge_capacity;finality_model;failure_states_costed;settlement_executable;bridge_quote_valid;non_atomic_settlement;strategy_specific_note_verified;native_risk_and_impact_policy","NEEDS_ROUTE_DATA","READY_FOR_CARTRIDGE_MIGRATION","PAPER","YES","backend/searcher-rs/cartridges/strategies/mev_06_021_message_latency_arbitrage.rhai","skills/arbitragex-ultra/strategies/MEV-06-021/STRATEGY.json","VERIFIED","behavioral:cartridge_wave_c_test.rs","no","cross-domain: bridge/relayer/finality NO productor (fuera de la oleada)","yes","yes:cartridge+canon+manifest","yes","no","no","no","no","no"
"MEV-06-022","mev_06","Arbitrajes cross-chain y cross-domain","cross_domain_engine","CROSS_CHAIN","X_BRIDGE","cross_domain","NONATOMIC_BRIDGE_REQUIRED","2","16","No","No","Sí","No","7","op_06 Markov Chain; op_07 HMM; op_23 Queueing; op_22 Monte Carlo","op_11 Bayes; op_16 Kelly; op_13 Regression","10","same_economic_asset;all_domain_snapshots;inventory_or_bridge_capacity;finality_model;failure_states_costed;settlement_executable;bridge_quote_valid;non_atomic_settlement;strategy_specific_note_verified;native_risk_and_impact_policy","NEEDS_ROUTE_DATA","READY_FOR_CARTRIDGE_MIGRATION","PAPER","YES","backend/searcher-rs/cartridges/strategies/mev_06_022_finality_delay_arbitrage.rhai","skills/arbitragex-ultra/strategies/MEV-06-022/STRATEGY.json","VERIFIED","behavioral:cartridge_wave_c_test.rs","no","cross-domain: bridge/relayer/finality NO productor (fuera de la oleada)","yes","yes:cartridge+canon+manifest","yes","no","no","no","no","no"
"MEV-06-023","mev_06","Arbitrajes cross-chain y cross-domain","cross_domain_engine","CROSS_CHAIN","X_PREPOS","cross_domain","NONATOMIC_INVENTORY_REQUIRED","2","16","No","No","Sí","No","8","op_06 Markov Chain; op_07 HMM; op_23 Queueing; op_16 Kelly","op_08 Kalman; op_11 Bayes; op_22 Monte Carlo; op_27 Path Ordering","10","same_economic_asset;all_domain_snapshots;inventory_or_bridge_capacity;finality_model;failure_states_costed;settlement_executable;prepositioned_inventory_all_domains;non_atomic_settlement;strategy_specific_note_verified;native_risk_and_impact_policy","NEEDS_ROUTE_DATA","READY_FOR_CARTRIDGE_MIGRATION","PAPER","YES","backend/searcher-rs/cartridges/strategies/mev_06_023_pre_positioned_inventory_arbitrage.rhai","skills/arbitragex-ultra/strategies/MEV-06-023/STRATEGY.json","VERIFIED","behavioral:cartridge_wave_c_test.rs","no","cross-domain: bridge/relayer/finality NO productor (fuera de la oleada)","yes","yes:cartridge+canon+manifest","yes","no","no","no","no","no"
"MEV-06-024","mev_06","Arbitrajes cross-chain y cross-domain","cross_domain_engine","CROSS_CHAIN","X_BRIDGE","cross_domain","NONATOMIC_BRIDGE_REQUIRED","2","16","No","No","Sí","No","7","op_06 Markov Chain; op_07 HMM; op_23 Queueing; op_22 Monte Carlo","op_11 Bayes; op_16 Kelly; op_13 Regression","10","same_economic_asset;all_domain_snapshots;inventory_or_bridge_capacity;finality_model;failure_states_costed;settlement_executable;bridge_quote_valid;non_atomic_settlement;strategy_specific_note_verified;native_risk_and_impact_policy","NEEDS_ROUTE_DATA","READY_FOR_CARTRIDGE_MIGRATION","PAPER","YES","backend/searcher-rs/cartridges/strategies/mev_06_024_bridge_in_the_loop_arbitrage.rhai","skills/arbitragex-ultra/strategies/MEV-06-024/STRATEGY.json","VERIFIED","behavioral:cartridge_wave_c_test.rs","no","cross-domain: bridge/relayer/finality NO productor (fuera de la oleada)","yes","yes:cartridge+canon+manifest","yes","no","no","no","no","no"
"MEV-06-025","mev_06","Arbitrajes cross-chain y cross-domain","cross_domain_engine","CROSS_CHAIN","X_BRIDGE","cross_domain","NONATOMIC_BRIDGE_REQUIRED","2","16","No","No","Sí","No","7","op_06 Markov Chain; op_07 HMM; op_23 Queueing; op_22 Monte Carlo","op_11 Bayes; op_16 Kelly; op_13 Regression","10","same_economic_asset;all_domain_snapshots;inventory_or_bridge_capacity;finality_model;failure_states_costed;settlement_executable;bridge_quote_valid;non_atomic_settlement;strategy_specific_note_verified;native_risk_and_impact_policy","NEEDS_ROUTE_DATA","READY_FOR_CARTRIDGE_MIGRATION","PAPER","YES","backend/searcher-rs/cartridges/strategies/mev_06_025_cross_chain_intent_arbitrage.rhai","skills/arbitragex-ultra/strategies/MEV-06-025/STRATEGY.json","VERIFIED","behavioral:cartridge_wave_c_test.rs","no","cross-domain: bridge/relayer/finality NO productor (fuera de la oleada)","yes","yes:cartridge+canon+manifest","yes","no","no","no","no","no"
"MEV-06-026","mev_06","Arbitrajes cross-chain y cross-domain","cross_domain_engine","CROSS_CHAIN","X_BRIDGE","cross_domain","NONATOMIC_BRIDGE_REQUIRED","2","16","No","No","Sí","No","7","op_06 Markov Chain; op_07 HMM; op_23 Queueing; op_22 Monte Carlo","op_11 Bayes; op_16 Kelly; op_13 Regression","10","same_economic_asset;all_domain_snapshots;inventory_or_bridge_capacity;finality_model;failure_states_costed;settlement_executable;bridge_quote_valid;non_atomic_settlement;strategy_specific_note_verified;native_risk_and_impact_policy","NEEDS_ROUTE_DATA","READY_FOR_CARTRIDGE_MIGRATION","PAPER","YES","backend/searcher-rs/cartridges/strategies/mev_06_026_cross_chain_solver_arbitrage.rhai","skills/arbitragex-ultra/strategies/MEV-06-026/STRATEGY.json","VERIFIED","behavioral:cartridge_wave_c_test.rs","no","cross-domain: bridge/relayer/finality NO productor (fuera de la oleada)","yes","yes:cartridge+canon+manifest","yes","no","no","no","no","no"
"MEV-06-027","mev_06","Arbitrajes cross-chain y cross-domain","cross_domain_engine","CROSS_CHAIN","X_PREPOS","cross_domain","NONATOMIC_INVENTORY_REQUIRED","2","16","Condicional","No","Sí","No","8","op_06 Markov Chain; op_07 HMM; op_23 Queueing; op_16 Kelly","op_08 Kalman; op_11 Bayes; op_22 Monte Carlo; op_27 Path Ordering","10","same_economic_asset;all_domain_snapshots;inventory_or_bridge_capacity;finality_model;failure_states_costed;settlement_executable;prepositioned_inventory_all_domains;non_atomic_settlement;strategy_specific_note_verified;native_risk_and_impact_policy","NEEDS_ROUTE_DATA","READY_FOR_CARTRIDGE_MIGRATION","PAPER","YES","backend/searcher-rs/cartridges/strategies/mev_06_027_shared_sequencer_arbitrage.rhai","skills/arbitragex-ultra/strategies/MEV-06-027/STRATEGY.json","VERIFIED","behavioral:cartridge_wave_c_test.rs","no","cross-domain: bridge/relayer/finality NO productor (fuera de la oleada)","yes","yes:cartridge+canon+manifest","yes","no","no","no","no","no"
"MEV-06-028","mev_06","Arbitrajes cross-chain y cross-domain","cross_domain_engine","CROSS_CHAIN","X_PREPOS","cross_domain","NONATOMIC_INVENTORY_REQUIRED","2","16","Condicional","No","Sí","No","8","op_06 Markov Chain; op_07 HMM; op_23 Queueing; op_16 Kelly","op_08 Kalman; op_11 Bayes; op_22 Monte Carlo; op_27 Path Ordering","10","same_economic_asset;all_domain_snapshots;inventory_or_bridge_capacity;finality_model;failure_states_costed;settlement_executable;prepositioned_inventory_all_domains;non_atomic_settlement;strategy_specific_note_verified;native_risk_and_impact_policy","NEEDS_ROUTE_DATA","READY_FOR_CARTRIDGE_MIGRATION","PAPER","YES","backend/searcher-rs/cartridges/strategies/mev_06_028_sequencer_builder_cross_domain_arbitrage.rhai","skills/arbitragex-ultra/strategies/MEV-06-028/STRATEGY.json","VERIFIED","behavioral:cartridge_wave_c_test.rs","no","cross-domain: bridge/relayer/finality NO productor (fuera de la oleada)","yes","yes:cartridge+canon+manifest","yes","no","no","no","no","no"
"MEV-06-029","mev_06","Arbitrajes cross-chain y cross-domain","cross_domain_engine","CROSS_CHAIN","X_ORACLE","cross_domain","EXTERNAL_SETTLEMENT_REQUIRED","2","16","No","Sí","Sí","No","7","op_08 Kalman; op_06 Markov Chain; op_23 Queueing; op_11 Bayes","op_07 HMM; op_13 Regression; op_22 Monte Carlo","10","same_economic_asset;all_domain_snapshots;inventory_or_bridge_capacity;finality_model;failure_states_costed;settlement_executable;cross_domain_oracle_timestamps;non_atomic_settlement;strategy_specific_note_verified;native_risk_and_impact_policy","NEEDS_ROUTE_DATA","READY_FOR_CARTRIDGE_MIGRATION","PAPER","YES","backend/searcher-rs/cartridges/strategies/mev_06_029_cross_domain_oracle_arbitrage.rhai","skills/arbitragex-ultra/strategies/MEV-06-029/STRATEGY.json","VERIFIED","behavioral:cartridge_wave_c_test.rs","no","cross-domain: bridge/relayer/finality NO productor (fuera de la oleada)","yes","yes:cartridge+canon+manifest","yes","no","no","no","no","no"
"MEV-06-030","mev_06","Arbitrajes cross-chain y cross-domain","cross_domain_engine","CROSS_CHAIN","X_ORACLE","cross_domain","EXTERNAL_SETTLEMENT_REQUIRED","2","16","No","No","Sí","No","7","op_08 Kalman; op_06 Markov Chain; op_23 Queueing; op_11 Bayes","op_07 HMM; op_13 Regression; op_22 Monte Carlo","10","same_economic_asset;all_domain_snapshots;inventory_or_bridge_capacity;finality_model;failure_states_costed;settlement_executable;cross_domain_oracle_timestamps;non_atomic_settlement;strategy_specific_note_verified;native_risk_and_impact_policy","NEEDS_ROUTE_DATA","READY_FOR_CARTRIDGE_MIGRATION","PAPER","YES","backend/searcher-rs/cartridges/strategies/mev_06_030_cross_chain_liquidation_arbitrage.rhai","skills/arbitragex-ultra/strategies/MEV-06-030/STRATEGY.json","VERIFIED","behavioral:cartridge_wave_c_test.rs","no","cross-domain: bridge/relayer/finality NO productor (fuera de la oleada)","yes","yes:cartridge+canon+manifest","yes","no","no","no","no","no"
"MEV-07-001","mev_07","Derivados y volatilidad","derivatives_engine","DERIVATIVES","D_BASIS","carry_projection","DERIVATIVE_DATA_REQUIRED","2","6","Condicional","Opcional","No","No","7","op_13 Regression; op_08 Kalman; op_21 Newton-Raphson","op_10 Welford; op_16 Kelly; op_22 Monte Carlo; op_23 Queueing","8","hedged_position;matched_horizon;margin_sufficient;funding_schedule;finite_horizon;settlement_executable;strategy_specific_note_verified;native_risk_and_impact_policy","NEEDS_ROUTE_DATA","READY_FOR_CARTRIDGE_MIGRATION","PAPER","YES","backend/searcher-rs/cartridges/strategies/mev_07_001_spot_perpetual_arbitrage.rhai","skills/arbitragex-ultra/strategies/MEV-07-001/STRATEGY.json","VERIFIED","behavioral:cartridge_wave_c_test.rs","no","dominio sin productor en esta oleada (derivados/NFT/intents)","yes","yes:cartridge+canon+manifest","yes","no","no","no","no","no"
"MEV-07-002","mev_07","Derivados y volatilidad","derivatives_engine","DERIVATIVES","D_BASIS","carry_projection","DERIVATIVE_DATA_REQUIRED","2","6","Condicional","Opcional","No","No","7","op_13 Regression; op_08 Kalman; op_21 Newton-Raphson","op_10 Welford; op_16 Kelly; op_22 Monte Carlo; op_23 Queueing","8","hedged_position;matched_horizon;margin_sufficient;funding_schedule;finite_horizon;settlement_executable;strategy_specific_note_verified;native_risk_and_impact_policy","NEEDS_ROUTE_DATA","READY_FOR_CARTRIDGE_MIGRATION","PAPER","YES","backend/searcher-rs/cartridges/strategies/mev_07_002_perpetual_perpetual_arbitrage.rhai","skills/arbitragex-ultra/strategies/MEV-07-002/STRATEGY.json","VERIFIED","behavioral:cartridge_wave_c_test.rs","no","dominio sin productor en esta oleada (derivados/NFT/intents)","yes","yes:cartridge+canon+manifest","yes","no","no","no","no","no"
"MEV-07-003","mev_07","Derivados y volatilidad","derivatives_engine","DERIVATIVES","D_BASIS","carry_projection","DERIVATIVE_DATA_REQUIRED","2","6","Condicional","Opcional","No","No","7","op_13 Regression; op_08 Kalman; op_21 Newton-Raphson","op_10 Welford; op_16 Kelly; op_22 Monte Carlo; op_23 Queueing","8","hedged_position;matched_horizon;margin_sufficient;funding_schedule;finite_horizon;settlement_executable;strategy_specific_note_verified;native_risk_and_impact_policy","NEEDS_ROUTE_DATA","READY_FOR_CARTRIDGE_MIGRATION","PAPER","YES","backend/searcher-rs/cartridges/strategies/mev_07_003_spot_future_arbitrage.rhai","skills/arbitragex-ultra/strategies/MEV-07-003/STRATEGY.json","VERIFIED","behavioral:cartridge_wave_c_test.rs","no","dominio sin productor en esta oleada (derivados/NFT/intents)","yes","yes:cartridge+canon+manifest","yes","no","no","no","no","no"
"MEV-07-004","mev_07","Derivados y volatilidad","derivatives_engine","DERIVATIVES","D_BASIS","carry_projection","DERIVATIVE_DATA_REQUIRED","2","6","Condicional","Opcional","No","No","7","op_13 Regression; op_08 Kalman; op_21 Newton-Raphson","op_10 Welford; op_16 Kelly; op_22 Monte Carlo; op_23 Queueing","8","hedged_position;matched_horizon;margin_sufficient;funding_schedule;finite_horizon;settlement_executable;strategy_specific_note_verified;native_risk_and_impact_policy","NEEDS_ROUTE_DATA","READY_FOR_CARTRIDGE_MIGRATION","PAPER","YES","backend/searcher-rs/cartridges/strategies/mev_07_004_future_future_arbitrage.rhai","skills/arbitragex-ultra/strategies/MEV-07-004/STRATEGY.json","VERIFIED","behavioral:cartridge_wave_c_test.rs","no","dominio sin productor en esta oleada (derivados/NFT/intents)","yes","yes:cartridge+canon+manifest","yes","no","no","no","no","no"
"MEV-07-005","mev_07","Derivados y volatilidad","derivatives_engine","DERIVATIVES","D_BASIS","carry_projection","DERIVATIVE_DATA_REQUIRED","2","6","Condicional","Opcional","No","No","7","op_13 Regression; op_08 Kalman; op_21 Newton-Raphson","op_10 Welford; op_16 Kelly; op_22 Monte Carlo; op_23 Queueing","8","hedged_position;matched_horizon;margin_sufficient;funding_schedule;finite_horizon;settlement_executable;strategy_specific_note_verified;native_risk_and_impact_policy","NEEDS_ROUTE_DATA","READY_FOR_CARTRIDGE_MIGRATION","PAPER","YES","backend/searcher-rs/cartridges/strategies/mev_07_005_cash_and_carry_arbitrage.rhai","skills/arbitragex-ultra/strategies/MEV-07-005/STRATEGY.json","VERIFIED","behavioral:cartridge_wave_c_test.rs","no","dominio sin productor en esta oleada (derivados/NFT/intents)","yes","yes:cartridge+canon+manifest","yes","no","no","no","no","no"
"MEV-07-006","mev_07","Derivados y volatilidad","derivatives_engine","DERIVATIVES","D_BASIS","carry_projection","DERIVATIVE_DATA_REQUIRED","2","6","Condicional","Opcional","No","No","7","op_13 Regression; op_08 Kalman; op_21 Newton-Raphson","op_10 Welford; op_16 Kelly; op_22 Monte Carlo; op_23 Queueing","8","hedged_position;matched_horizon;margin_sufficient;funding_schedule;finite_horizon;settlement_executable;strategy_specific_note_verified;native_risk_and_impact_policy","NEEDS_ROUTE_DATA","READY_FOR_CARTRIDGE_MIGRATION","PAPER","YES","backend/searcher-rs/cartridges/strategies/mev_07_006_reverse_cash_and_carry_arbitrage.rhai","skills/arbitragex-ultra/strategies/MEV-07-006/STRATEGY.json","VERIFIED","behavioral:cartridge_wave_c_test.rs","no","dominio sin productor en esta oleada (derivados/NFT/intents)","yes","yes:cartridge+canon+manifest","yes","no","no","no","no","no"
"MEV-07-007","mev_07","Derivados y volatilidad","derivatives_engine","DERIVATIVES","D_BASIS","carry_projection","DERIVATIVE_DATA_REQUIRED","2","6","Condicional","Opcional","No","No","7","op_13 Regression; op_08 Kalman; op_21 Newton-Raphson","op_10 Welford; op_16 Kelly; op_22 Monte Carlo; op_23 Queueing","8","hedged_position;matched_horizon;margin_sufficient;funding_schedule;finite_horizon;settlement_executable;strategy_specific_note_verified;native_risk_and_impact_policy","NEEDS_ROUTE_DATA","READY_FOR_CARTRIDGE_MIGRATION","PAPER","YES","backend/searcher-rs/cartridges/strategies/mev_07_007_basis_arbitrage.rhai","skills/arbitragex-ultra/strategies/MEV-07-007/STRATEGY.json","VERIFIED","behavioral:cartridge_wave_c_test.rs","no","dominio sin productor en esta oleada (derivados/NFT/intents)","yes","yes:cartridge+canon+manifest","yes","no","no","no","no","no"
"MEV-07-008","mev_07","Derivados y volatilidad","derivatives_engine","DERIVATIVES","D_FUNDING","carry_projection","DERIVATIVE_DATA_REQUIRED","2","6","Condicional","Opcional","No","No","7","op_13 Regression; op_08 Kalman; op_10 Welford","op_11 Bayes; op_16 Kelly; op_22 Monte Carlo; op_23 Queueing","8","hedged_position;matched_horizon;margin_sufficient;funding_schedule;finite_horizon;settlement_executable;strategy_specific_note_verified;native_risk_and_impact_policy","NEEDS_ROUTE_DATA","READY_FOR_CARTRIDGE_MIGRATION","PAPER","YES","backend/searcher-rs/cartridges/strategies/mev_07_008_funding_rate_arbitrage.rhai","skills/arbitragex-ultra/strategies/MEV-07-008/STRATEGY.json","VERIFIED","behavioral:cartridge_wave_c_test.rs","no","dominio sin productor en esta oleada (derivados/NFT/intents)","yes","yes:cartridge+canon+manifest","yes","no","no","no","no","no"
"MEV-07-009","mev_07","Derivados y volatilidad","derivatives_engine","DERIVATIVES","D_FUNDING","carry_projection","DERIVATIVE_DATA_REQUIRED","2","6","Condicional","Opcional","No","No","7","op_13 Regression; op_08 Kalman; op_10 Welford","op_11 Bayes; op_16 Kelly; op_22 Monte Carlo; op_23 Queueing","8","hedged_position;matched_horizon;margin_sufficient;funding_schedule;finite_horizon;settlement_executable;strategy_specific_note_verified;native_risk_and_impact_policy","NEEDS_ROUTE_DATA","READY_FOR_CARTRIDGE_MIGRATION","PAPER","YES","backend/searcher-rs/cartridges/strategies/mev_07_009_cross_exchange_funding_arbitrage.rhai","skills/arbitragex-ultra/strategies/MEV-07-009/STRATEGY.json","VERIFIED","behavioral:cartridge_wave_c_test.rs","no","dominio sin productor en esta oleada (derivados/NFT/intents)","yes","yes:cartridge+canon+manifest","yes","no","no","no","no","no"
"MEV-07-010","mev_07","Derivados y volatilidad","derivatives_engine","DERIVATIVES","D_BASIS","carry_projection","DERIVATIVE_DATA_REQUIRED","2","6","Condicional","Opcional","No","No","7","op_13 Regression; op_08 Kalman; op_21 Newton-Raphson","op_10 Welford; op_16 Kelly; op_22 Monte Carlo; op_23 Queueing","8","hedged_position;matched_horizon;margin_sufficient;funding_schedule;finite_horizon;settlement_executable;strategy_specific_note_verified;native_risk_and_impact_policy","NEEDS_ROUTE_DATA","READY_FOR_CARTRIDGE_MIGRATION","PAPER","YES","backend/searcher-rs/cartridges/strategies/mev_07_010_calendar_spread_arbitrage.rhai","skills/arbitragex-ultra/strategies/MEV-07-010/STRATEGY.json","VERIFIED","behavioral:cartridge_wave_c_test.rs","no","dominio sin productor en esta oleada (derivados/NFT/intents)","yes","yes:cartridge+canon+manifest","yes","no","no","no","no","no"
"MEV-07-011","mev_07","Derivados y volatilidad","derivatives_engine","DERIVATIVES","D_BASIS","carry_projection","DERIVATIVE_DATA_REQUIRED","2","6","Condicional","Opcional","No","No","7","op_13 Regression; op_08 Kalman; op_21 Newton-Raphson","op_10 Welford; op_16 Kelly; op_22 Monte Carlo; op_23 Queueing","8","hedged_position;matched_horizon;margin_sufficient;funding_schedule;finite_horizon;settlement_executable;strategy_specific_note_verified;native_risk_and_impact_policy","NEEDS_ROUTE_DATA","READY_FOR_CARTRIDGE_MIGRATION","PAPER","YES","backend/searcher-rs/cartridges/strategies/mev_07_011_cross_maturity_futures_arbitrage.rhai","skills/arbitragex-ultra/strategies/MEV-07-011/STRATEGY.json","VERIFIED","behavioral:cartridge_wave_c_test.rs","no","dominio sin productor en esta oleada (derivados/NFT/intents)","yes","yes:cartridge+canon+manifest","yes","no","no","no","no","no"
"MEV-07-012","mev_07","Derivados y volatilidad","derivatives_engine","DERIVATIVES","D_BASIS","carry_projection","DERIVATIVE_DATA_REQUIRED","2","6","Condicional","Sí","No","No","7","op_13 Regression; op_08 Kalman; op_21 Newton-Raphson","op_10 Welford; op_16 Kelly; op_22 Monte Carlo; op_23 Queueing","8","hedged_position;matched_horizon;margin_sufficient;funding_schedule;finite_horizon;settlement_executable;strategy_specific_note_verified;native_risk_and_impact_policy","NEEDS_ROUTE_DATA","READY_FOR_CARTRIDGE_MIGRATION","PAPER","YES","backend/searcher-rs/cartridges/strategies/mev_07_012_index_price_arbitrage.rhai","skills/arbitragex-ultra/strategies/MEV-07-012/STRATEGY.json","VERIFIED","behavioral:cartridge_wave_c_test.rs","no","dominio sin productor en esta oleada (derivados/NFT/intents)","yes","yes:cartridge+canon+manifest","yes","no","no","no","no","no"
"MEV-07-013","mev_07","Derivados y volatilidad","derivatives_engine","DERIVATIVES","D_BASIS","carry_projection","DERIVATIVE_DATA_REQUIRED","2","6","Condicional","Sí","No","No","7","op_13 Regression; op_08 Kalman; op_21 Newton-Raphson","op_10 Welford; op_16 Kelly; op_22 Monte Carlo; op_23 Queueing","8","hedged_position;matched_horizon;margin_sufficient;funding_schedule;finite_horizon;settlement_executable;strategy_specific_note_verified;native_risk_and_impact_policy","NEEDS_ROUTE_DATA","READY_FOR_CARTRIDGE_MIGRATION","PAPER","YES","backend/searcher-rs/cartridges/strategies/mev_07_013_mark_price_arbitrage.rhai","skills/arbitragex-ultra/strategies/MEV-07-013/STRATEGY.json","VERIFIED","behavioral:cartridge_wave_c_test.rs","no","dominio sin productor en esta oleada (derivados/NFT/intents)","yes","yes:cartridge+canon+manifest","yes","no","no","no","no","no"
"MEV-07-014","mev_07","Derivados y volatilidad","derivatives_engine","DERIVATIVES","D_BASIS","carry_projection","DERIVATIVE_DATA_REQUIRED","2","6","Condicional","Sí","No","No","7","op_13 Regression; op_08 Kalman; op_21 Newton-Raphson","op_10 Welford; op_16 Kelly; op_22 Monte Carlo; op_23 Queueing","8","hedged_position;matched_horizon;margin_sufficient;funding_schedule;finite_horizon;settlement_executable;strategy_specific_note_verified;native_risk_and_impact_policy","NEEDS_ROUTE_DATA","READY_FOR_CARTRIDGE_MIGRATION","PAPER","YES","backend/searcher-rs/cartridges/strategies/mev_07_014_oracle_perpetual_arbitrage.rhai","skills/arbitragex-ultra/strategies/MEV-07-014/STRATEGY.json","VERIFIED","behavioral:cartridge_wave_c_test.rs","no","dominio sin productor en esta oleada (derivados/NFT/intents)","yes","yes:cartridge+canon+manifest","yes","no","no","no","no","no"
"MEV-07-015","mev_07","Derivados y volatilidad","derivatives_engine","DERIVATIVES","D_BASIS","carry_projection","DERIVATIVE_DATA_REQUIRED","2","6","Condicional","Opcional","No","No","7","op_13 Regression; op_08 Kalman; op_21 Newton-Raphson","op_10 Welford; op_16 Kelly; op_22 Monte Carlo; op_23 Queueing","8","hedged_position;matched_horizon;margin_sufficient;funding_schedule;finite_horizon;settlement_executable;strategy_specific_note_verified;native_risk_and_impact_policy","NEEDS_ROUTE_DATA","READY_FOR_CARTRIDGE_MIGRATION","PAPER","YES","backend/searcher-rs/cartridges/strategies/mev_07_015_vamm_spot_arbitrage.rhai","skills/arbitragex-ultra/strategies/MEV-07-015/STRATEGY.json","VERIFIED","behavioral:cartridge_wave_c_test.rs","no","dominio sin productor en esta oleada (derivados/NFT/intents)","yes","yes:cartridge+canon+manifest","yes","no","no","no","no","no"
"MEV-07-016","mev_07","Derivados y volatilidad","derivatives_engine","DERIVATIVES","D_OPTIONS_PARITY","payoff_portfolio","DERIVATIVE_DATA_REQUIRED","2","6","Condicional","Opcional","No","No","6","op_13 Regression; op_21 Newton-Raphson; op_19 Simplex","op_08 Kalman; op_11 Bayes; op_22 Monte Carlo","9","same_underlying;payoff_model_complete;firm_all_legs;quantity_conservation;settlement_executable;same_strike_expiry_multiplier;financing_and_dividends;strategy_specific_note_verified;native_risk_and_impact_policy","NEEDS_ROUTE_DATA","READY_FOR_CARTRIDGE_MIGRATION","PAPER","YES","backend/searcher-rs/cartridges/strategies/mev_07_016_options_put_call_parity_arbitrage.rhai","skills/arbitragex-ultra/strategies/MEV-07-016/STRATEGY.json","VERIFIED","behavioral:cartridge_wave_c_test.rs","no","dominio sin productor en esta oleada (derivados/NFT/intents)","yes","yes:cartridge+canon+manifest","yes","no","no","no","no","no"
"MEV-07-017","mev_07","Derivados y volatilidad","derivatives_engine","DERIVATIVES","D_OPTIONS_PARITY","payoff_portfolio","DERIVATIVE_DATA_REQUIRED","2","6","Condicional","Opcional","No","No","6","op_13 Regression; op_21 Newton-Raphson; op_19 Simplex","op_08 Kalman; op_11 Bayes; op_22 Monte Carlo","9","same_underlying;payoff_model_complete;firm_all_legs;quantity_conservation;settlement_executable;same_strike_expiry_multiplier;financing_and_dividends;strategy_specific_note_verified;native_risk_and_impact_policy","NEEDS_ROUTE_DATA","READY_FOR_CARTRIDGE_MIGRATION","PAPER","YES","backend/searcher-rs/cartridges/strategies/mev_07_017_conversion_arbitrage.rhai","skills/arbitragex-ultra/strategies/MEV-07-017/STRATEGY.json","VERIFIED","behavioral:cartridge_wave_c_test.rs","no","dominio sin productor en esta oleada (derivados/NFT/intents)","yes","yes:cartridge+canon+manifest","yes","no","no","no","no","no"
"MEV-07-018","mev_07","Derivados y volatilidad","derivatives_engine","DERIVATIVES","D_OPTIONS_PARITY","payoff_portfolio","DERIVATIVE_DATA_REQUIRED","2","6","Condicional","Opcional","No","No","6","op_13 Regression; op_21 Newton-Raphson; op_19 Simplex","op_08 Kalman; op_11 Bayes; op_22 Monte Carlo","9","same_underlying;payoff_model_complete;firm_all_legs;quantity_conservation;settlement_executable;same_strike_expiry_multiplier;financing_and_dividends;strategy_specific_note_verified;native_risk_and_impact_policy","NEEDS_ROUTE_DATA","READY_FOR_CARTRIDGE_MIGRATION","PAPER","YES","backend/searcher-rs/cartridges/strategies/mev_07_018_reversal_arbitrage.rhai","skills/arbitragex-ultra/strategies/MEV-07-018/STRATEGY.json","VERIFIED","behavioral:cartridge_wave_c_test.rs","no","dominio sin productor en esta oleada (derivados/NFT/intents)","yes","yes:cartridge+canon+manifest","yes","no","no","no","no","no"
"MEV-07-019","mev_07","Derivados y volatilidad","derivatives_engine","DERIVATIVES","D_OPTIONS_PARITY","payoff_portfolio","DERIVATIVE_DATA_REQUIRED","2","6","Condicional","Opcional","No","No","6","op_13 Regression; op_21 Newton-Raphson; op_19 Simplex","op_08 Kalman; op_11 Bayes; op_22 Monte Carlo","9","same_underlying;payoff_model_complete;firm_all_legs;quantity_conservation;settlement_executable;same_strike_expiry_multiplier;financing_and_dividends;strategy_specific_note_verified;native_risk_and_impact_policy","NEEDS_ROUTE_DATA","READY_FOR_CARTRIDGE_MIGRATION","PAPER","YES","backend/searcher-rs/cartridges/strategies/mev_07_019_box_spread_arbitrage.rhai","skills/arbitragex-ultra/strategies/MEV-07-019/STRATEGY.json","VERIFIED","behavioral:cartridge_wave_c_test.rs","no","dominio sin productor en esta oleada (derivados/NFT/intents)","yes","yes:cartridge+canon+manifest","yes","no","no","no","no","no"
"MEV-07-020","mev_07","Derivados y volatilidad","derivatives_engine","DERIVATIVES","D_OPTIONS_SURFACE","payoff_portfolio","DERIVATIVE_DATA_REQUIRED","2","6","Condicional","Opcional","No","No","6","op_13 Regression; op_08 Kalman; op_19 Simplex","op_11 Bayes; op_14 KL divergence; op_22 Monte Carlo","9","same_underlying;payoff_model_complete;firm_all_legs;quantity_conservation;settlement_executable;strike_calendar_constraints;portfolio_is_executable;strategy_specific_note_verified;native_risk_and_impact_policy","NEEDS_ROUTE_DATA","READY_FOR_CARTRIDGE_MIGRATION","PAPER","YES","backend/searcher-rs/cartridges/strategies/mev_07_020_cross_strike_arbitrage.rhai","skills/arbitragex-ultra/strategies/MEV-07-020/STRATEGY.json","VERIFIED","behavioral:cartridge_wave_c_test.rs","no","dominio sin productor en esta oleada (derivados/NFT/intents)","yes","yes:cartridge+canon+manifest","yes","no","no","no","no","no"
"MEV-07-021","mev_07","Derivados y volatilidad","derivatives_engine","DERIVATIVES","D_OPTIONS_SURFACE","payoff_portfolio","DERIVATIVE_DATA_REQUIRED","2","6","Condicional","Sí","No","No","6","op_13 Regression; op_08 Kalman; op_19 Simplex","op_11 Bayes; op_14 KL divergence; op_22 Monte Carlo","9","same_underlying;payoff_model_complete;firm_all_legs;quantity_conservation;settlement_executable;strike_calendar_constraints;portfolio_is_executable;strategy_specific_note_verified;native_risk_and_impact_policy","NEEDS_ROUTE_DATA","READY_FOR_CARTRIDGE_MIGRATION","PAPER","YES","backend/searcher-rs/cartridges/strategies/mev_07_021_cross_expiry_options_arbitrage.rhai","skills/arbitragex-ultra/strategies/MEV-07-021/STRATEGY.json","VERIFIED","behavioral:cartridge_wave_c_test.rs","no","dominio sin productor en esta oleada (derivados/NFT/intents)","yes","yes:cartridge+canon+manifest","yes","no","no","no","no","no"
"MEV-07-022","mev_07","Derivados y volatilidad","derivatives_engine","DERIVATIVES","D_OPTIONS_SURFACE","payoff_portfolio","DERIVATIVE_DATA_REQUIRED","2","6","Condicional","Opcional","No","No","6","op_13 Regression; op_08 Kalman; op_19 Simplex","op_11 Bayes; op_14 KL divergence; op_22 Monte Carlo","9","same_underlying;payoff_model_complete;firm_all_legs;quantity_conservation;settlement_executable;strike_calendar_constraints;portfolio_is_executable;strategy_specific_note_verified;native_risk_and_impact_policy","NEEDS_ROUTE_DATA","READY_FOR_CARTRIDGE_MIGRATION","PAPER","YES","backend/searcher-rs/cartridges/strategies/mev_07_022_options_amm_order_book_arbitrage.rhai","skills/arbitragex-ultra/strategies/MEV-07-022/STRATEGY.json","VERIFIED","behavioral:cartridge_wave_c_test.rs","no","dominio sin productor en esta oleada (derivados/NFT/intents)","yes","yes:cartridge+canon+manifest","yes","no","no","no","no","no"
"MEV-07-023","mev_07","Derivados y volatilidad","derivatives_engine","DERIVATIVES","D_OPTIONS_SURFACE","payoff_portfolio","DERIVATIVE_DATA_REQUIRED","2","6","Condicional","Opcional","No","No","6","op_13 Regression; op_08 Kalman; op_19 Simplex","op_11 Bayes; op_14 KL divergence; op_22 Monte Carlo","9","same_underlying;payoff_model_complete;firm_all_legs;quantity_conservation;settlement_executable;strike_calendar_constraints;portfolio_is_executable;strategy_specific_note_verified;native_risk_and_impact_policy","NEEDS_ROUTE_DATA","READY_FOR_CARTRIDGE_MIGRATION","PAPER","YES","backend/searcher-rs/cartridges/strategies/mev_07_023_cross_venue_implied_volatility_arbitrage.rhai","skills/arbitragex-ultra/strategies/MEV-07-023/STRATEGY.json","VERIFIED","behavioral:cartridge_wave_c_test.rs","no","dominio sin productor en esta oleada (derivados/NFT/intents)","yes","yes:cartridge+canon+manifest","yes","no","no","no","no","no"
"MEV-07-024","mev_07","Derivados y volatilidad","derivatives_engine","DERIVATIVES","D_OPTIONS_SURFACE","payoff_portfolio","DERIVATIVE_DATA_REQUIRED","2","6","Condicional","Opcional","No","No","6","op_13 Regression; op_08 Kalman; op_19 Simplex","op_11 Bayes; op_14 KL divergence; op_22 Monte Carlo","9","same_underlying;payoff_model_complete;firm_all_legs;quantity_conservation;settlement_executable;strike_calendar_constraints;portfolio_is_executable;strategy_specific_note_verified;native_risk_and_impact_policy","NEEDS_ROUTE_DATA","READY_FOR_CARTRIDGE_MIGRATION","PAPER","YES","backend/searcher-rs/cartridges/strategies/mev_07_024_volatility_surface_inconsistency_arbitrage.rhai","skills/arbitragex-ultra/strategies/MEV-07-024/STRATEGY.json","VERIFIED","behavioral:cartridge_wave_c_test.rs","no","dominio sin productor en esta oleada (derivados/NFT/intents)","yes","yes:cartridge+canon+manifest","yes","no","no","no","no","no"
"MEV-07-025","mev_07","Derivados y volatilidad","derivatives_engine","DERIVATIVES","D_OPTIONS_SURFACE","payoff_portfolio","DERIVATIVE_DATA_REQUIRED","2","6","Condicional","Opcional","No","No","6","op_13 Regression; op_08 Kalman; op_19 Simplex","op_11 Bayes; op_14 KL divergence; op_22 Monte Carlo","9","same_underlying;payoff_model_complete;firm_all_legs;quantity_conservation;settlement_executable;strike_calendar_constraints;portfolio_is_executable;strategy_specific_note_verified;native_risk_and_impact_policy","NEEDS_ROUTE_DATA","READY_FOR_CARTRIDGE_MIGRATION","PAPER","YES","backend/searcher-rs/cartridges/strategies/mev_07_025_delta_hedged_options_arbitrage.rhai","skills/arbitragex-ultra/strategies/MEV-07-025/STRATEGY.json","VERIFIED","behavioral:cartridge_wave_c_test.rs","no","dominio sin productor en esta oleada (derivados/NFT/intents)","yes","yes:cartridge+canon+manifest","yes","no","no","no","no","no"
"MEV-07-026","mev_07","Derivados y volatilidad","derivatives_engine","DERIVATIVES","D_SETTLE","carry_projection","DERIVATIVE_DATA_REQUIRED","2","6","Condicional","Sí","No","No","6","op_08 Kalman; op_21 Newton-Raphson; op_23 Queueing","op_11 Bayes; op_13 Regression; op_22 Monte Carlo","8","hedged_position;matched_horizon;margin_sufficient;funding_schedule;finite_horizon;settlement_executable;strategy_specific_note_verified;native_risk_and_impact_policy","NEEDS_ROUTE_DATA","READY_FOR_CARTRIDGE_MIGRATION","PAPER","YES","backend/searcher-rs/cartridges/strategies/mev_07_026_settlement_price_arbitrage.rhai","skills/arbitragex-ultra/strategies/MEV-07-026/STRATEGY.json","VERIFIED","behavioral:cartridge_wave_c_test.rs","no","dominio sin productor en esta oleada (derivados/NFT/intents)","yes","yes:cartridge+canon+manifest","yes","no","no","no","no","no"
"MEV-07-027","mev_07","Derivados y volatilidad","derivatives_engine","DERIVATIVES","D_SETTLE","carry_projection","DERIVATIVE_DATA_REQUIRED","2","6","Condicional","Sí","No","No","6","op_08 Kalman; op_21 Newton-Raphson; op_23 Queueing","op_11 Bayes; op_13 Regression; op_22 Monte Carlo","8","hedged_position;matched_horizon;margin_sufficient;funding_schedule;finite_horizon;settlement_executable;strategy_specific_note_verified;native_risk_and_impact_policy","NEEDS_ROUTE_DATA","READY_FOR_CARTRIDGE_MIGRATION","PAPER","YES","backend/searcher-rs/cartridges/strategies/mev_07_027_expiry_arbitrage.rhai","skills/arbitragex-ultra/strategies/MEV-07-027/STRATEGY.json","VERIFIED","behavioral:cartridge_wave_c_test.rs","no","dominio sin productor en esta oleada (derivados/NFT/intents)","yes","yes:cartridge+canon+manifest","yes","no","no","no","no","no"
"MEV-07-028","mev_07","Derivados y volatilidad","derivatives_engine","DERIVATIVES","D_SETTLE","carry_projection","DERIVATIVE_DATA_REQUIRED","2","6","Condicional","Opcional","No","No","6","op_08 Kalman; op_21 Newton-Raphson; op_23 Queueing","op_11 Bayes; op_13 Regression; op_22 Monte Carlo","8","hedged_position;matched_horizon;margin_sufficient;funding_schedule;finite_horizon;settlement_executable;strategy_specific_note_verified;native_risk_and_impact_policy","NEEDS_ROUTE_DATA","READY_FOR_CARTRIDGE_MIGRATION","PAPER","YES","backend/searcher-rs/cartridges/strategies/mev_07_028_derivative_liquidation_arbitrage.rhai","skills/arbitragex-ultra/strategies/MEV-07-028/STRATEGY.json","VERIFIED","behavioral:cartridge_wave_c_test.rs","no","dominio sin productor en esta oleada (derivados/NFT/intents)","yes","yes:cartridge+canon+manifest","yes","no","no","no","no","no"
"MEV-07-029","mev_07","Derivados y volatilidad","derivatives_engine","DERIVATIVES","D_SETTLE","carry_projection","DERIVATIVE_DATA_REQUIRED","2","6","Condicional","Opcional","No","No","6","op_08 Kalman; op_21 Newton-Raphson; op_23 Queueing","op_11 Bayes; op_13 Regression; op_22 Monte Carlo","8","hedged_position;matched_horizon;margin_sufficient;funding_schedule;finite_horizon;settlement_executable;strategy_specific_note_verified;native_risk_and_impact_policy","NEEDS_ROUTE_DATA","READY_FOR_CARTRIDGE_MIGRATION","PAPER","YES","backend/searcher-rs/cartridges/strategies/mev_07_029_structured_product_parity_arbitrage.rhai","skills/arbitragex-ultra/strategies/MEV-07-029/STRATEGY.json","VERIFIED","behavioral:cartridge_wave_c_test.rs","no","dominio sin productor en esta oleada (derivados/NFT/intents)","yes","yes:cartridge+canon+manifest","yes","no","no","no","no","no"
"MEV-07-030","mev_07","Derivados y volatilidad","derivatives_engine","DERIVATIVES","D_SETTLE","carry_projection","DERIVATIVE_DATA_REQUIRED","2","6","Condicional","Opcional","No","No","6","op_08 Kalman; op_21 Newton-Raphson; op_23 Queueing","op_11 Bayes; op_13 Regression; op_22 Monte Carlo","8","hedged_position;matched_horizon;margin_sufficient;funding_schedule;finite_horizon;settlement_executable;strategy_specific_note_verified;native_risk_and_impact_policy","NEEDS_ROUTE_DATA","READY_FOR_CARTRIDGE_MIGRATION","PAPER","YES","backend/searcher-rs/cartridges/strategies/mev_07_030_leverage_token_rebalancing_arbitrage.rhai","skills/arbitragex-ultra/strategies/MEV-07-030/STRATEGY.json","VERIFIED","behavioral:cartridge_wave_c_test.rs","no","dominio sin productor en esta oleada (derivados/NFT/intents)","yes","yes:cartridge+canon+manifest","yes","no","no","no","no","no"
"MEV-08-001","mev_08","Lending, crédito, liquidaciones y deuda","credit_liquidation_engine","LENDING","L_RATE","carry_projection","DETERMINISTIC_IF_POSITIONS","1","4","Condicional","No","No","No","7","op_13 Regression; op_08 Kalman; op_21 Newton-Raphson","op_10 Welford; op_11 Bayes; op_16 Kelly; op_22 Monte Carlo","9","hedged_position;matched_horizon;margin_sufficient;funding_schedule;finite_horizon;settlement_executable;borrow_supply_indices;strategy_specific_note_verified;native_risk_and_impact_policy","NEEDS_ROUTE_DATA","READY_FOR_CARTRIDGE_MIGRATION","SHADOW","YES","backend/searcher-rs/cartridges/strategies/mev_08_001_borrow_rate_arbitrage.rhai","skills/arbitragex-ultra/strategies/MEV-08-001/STRATEGY.json","VERIFIED","behavioral:cartridge_wave_de_test.rs","no","lending/liquidacion: funding (flash) presente; interest/close-factor/penalty NO productor","yes","yes:cartridge+canon+manifest","yes","no","no","no","no","no"
"MEV-08-002","mev_08","Lending, crédito, liquidaciones y deuda","credit_liquidation_engine","LENDING","L_RATE","carry_projection","DETERMINISTIC_IF_POSITIONS","1","4","Condicional","No","No","No","7","op_13 Regression; op_08 Kalman; op_21 Newton-Raphson","op_10 Welford; op_11 Bayes; op_16 Kelly; op_22 Monte Carlo","9","hedged_position;matched_horizon;margin_sufficient;funding_schedule;finite_horizon;settlement_executable;borrow_supply_indices;strategy_specific_note_verified;native_risk_and_impact_policy","NEEDS_ROUTE_DATA","READY_FOR_CARTRIDGE_MIGRATION","SHADOW","YES","backend/searcher-rs/cartridges/strategies/mev_08_002_supply_rate_arbitrage.rhai","skills/arbitragex-ultra/strategies/MEV-08-002/STRATEGY.json","VERIFIED","behavioral:cartridge_wave_de_test.rs","no","lending/liquidacion: funding (flash) presente; interest/close-factor/penalty NO productor","yes","yes:cartridge+canon+manifest","yes","no","no","no","no","no"
"MEV-08-003","mev_08","Lending, crédito, liquidaciones y deuda","credit_liquidation_engine","LENDING","L_RATE","carry_projection","DETERMINISTIC_IF_POSITIONS","1","4","Sí","No","No","No","7","op_13 Regression; op_08 Kalman; op_21 Newton-Raphson","op_10 Welford; op_11 Bayes; op_16 Kelly; op_22 Monte Carlo","9","hedged_position;matched_horizon;margin_sufficient;funding_schedule;finite_horizon;settlement_executable;borrow_supply_indices;strategy_specific_note_verified;native_risk_and_impact_policy","NEEDS_ROUTE_DATA","READY_FOR_CARTRIDGE_MIGRATION","SHADOW","YES","backend/searcher-rs/cartridges/strategies/mev_08_003_cross_lending_protocol_arbitrage.rhai","skills/arbitragex-ultra/strategies/MEV-08-003/STRATEGY.json","VERIFIED","behavioral:cartridge_wave_de_test.rs","no","lending/liquidacion: funding (flash) presente; interest/close-factor/penalty NO productor","yes","yes:cartridge+canon+manifest","yes","no","no","no","no","no"
"MEV-08-004","mev_08","Lending, crédito, liquidaciones y deuda","credit_liquidation_engine","LENDING","L_RATE","carry_projection","DETERMINISTIC_IF_POSITIONS","1","4","Condicional","No","No","No","7","op_13 Regression; op_08 Kalman; op_21 Newton-Raphson","op_10 Welford; op_11 Bayes; op_16 Kelly; op_22 Monte Carlo","9","hedged_position;matched_horizon;margin_sufficient;funding_schedule;finite_horizon;settlement_executable;borrow_supply_indices;strategy_specific_note_verified;native_risk_and_impact_policy","NEEDS_ROUTE_DATA","READY_FOR_CARTRIDGE_MIGRATION","SHADOW","YES","backend/searcher-rs/cartridges/strategies/mev_08_004_fixed_rate_floating_rate_arbitrage.rhai","skills/arbitragex-ultra/strategies/MEV-08-004/STRATEGY.json","VERIFIED","behavioral:cartridge_wave_de_test.rs","no","lending/liquidacion: funding (flash) presente; interest/close-factor/penalty NO productor","yes","yes:cartridge+canon+manifest","yes","no","no","no","no","no"
"MEV-08-005","mev_08","Lending, crédito, liquidaciones y deuda","credit_liquidation_engine","LENDING","L_RATE","carry_projection","DETERMINISTIC_IF_POSITIONS","1","4","Condicional","No","No","No","7","op_13 Regression; op_08 Kalman; op_21 Newton-Raphson","op_10 Welford; op_11 Bayes; op_16 Kelly; op_22 Monte Carlo","9","hedged_position;matched_horizon;margin_sufficient;funding_schedule;finite_horizon;settlement_executable;borrow_supply_indices;strategy_specific_note_verified;native_risk_and_impact_policy","NEEDS_ROUTE_DATA","READY_FOR_CARTRIDGE_MIGRATION","SHADOW","YES","backend/searcher-rs/cartridges/strategies/mev_08_005_refinancing_arbitrage.rhai","skills/arbitragex-ultra/strategies/MEV-08-005/STRATEGY.json","VERIFIED","behavioral:cartridge_wave_de_test.rs","no","lending/liquidacion: funding (flash) presente; interest/close-factor/penalty NO productor","yes","yes:cartridge+canon+manifest","yes","no","no","no","no","no"
"MEV-08-006","mev_08","Lending, crédito, liquidaciones y deuda","credit_liquidation_engine","LENDING","L_COLLATERAL","redemption","DETERMINISTIC_IF_REDEEMABLE","1","4","Sí","No","No","No","5","op_13 Regression; op_08 Kalman; op_21 Newton-Raphson","op_11 Bayes; op_22 Monte Carlo","7","conversion_contract_valid;redemption_within_limits;component_quotes_firm;delay_costed;settlement_executable;strategy_specific_note_verified;native_risk_and_impact_policy","NEEDS_ROUTE_DATA","READY_FOR_CARTRIDGE_MIGRATION","SHADOW","YES","backend/searcher-rs/cartridges/strategies/mev_08_006_collateral_price_arbitrage.rhai","skills/arbitragex-ultra/strategies/MEV-08-006/STRATEGY.json","VERIFIED","behavioral:cartridge_wave_de_test.rs","no","lending/liquidacion: funding (flash) presente; interest/close-factor/penalty NO productor","yes","yes:cartridge+canon+manifest","yes","no","no","no","no","no"
"MEV-08-007","mev_08","Lending, crédito, liquidaciones y deuda","credit_liquidation_engine","LENDING","L_COLLATERAL","redemption","DETERMINISTIC_IF_REDEEMABLE","1","4","Sí","No","No","No","5","op_13 Regression; op_08 Kalman; op_21 Newton-Raphson","op_11 Bayes; op_22 Monte Carlo","7","conversion_contract_valid;redemption_within_limits;component_quotes_firm;delay_costed;settlement_executable;strategy_specific_note_verified;native_risk_and_impact_policy","NEEDS_ROUTE_DATA","READY_FOR_CARTRIDGE_MIGRATION","SHADOW","YES","backend/searcher-rs/cartridges/strategies/mev_08_007_collateral_wrapper_arbitrage.rhai","skills/arbitragex-ultra/strategies/MEV-08-007/STRATEGY.json","VERIFIED","behavioral:cartridge_wave_de_test.rs","no","lending/liquidacion: funding (flash) presente; interest/close-factor/penalty NO productor","yes","yes:cartridge+canon+manifest","yes","no","no","no","no","no"
"MEV-08-008","mev_08","Lending, crédito, liquidaciones y deuda","credit_liquidation_engine","LENDING","L_COLLATERAL","redemption","DETERMINISTIC_IF_REDEEMABLE","1","4","Sí","No","No","No","5","op_13 Regression; op_08 Kalman; op_21 Newton-Raphson","op_11 Bayes; op_22 Monte Carlo","7","conversion_contract_valid;redemption_within_limits;component_quotes_firm;delay_costed;settlement_executable;strategy_specific_note_verified;native_risk_and_impact_policy","NEEDS_ROUTE_DATA","READY_FOR_CARTRIDGE_MIGRATION","SHADOW","YES","backend/searcher-rs/cartridges/strategies/mev_08_008_debt_token_arbitrage.rhai","skills/arbitragex-ultra/strategies/MEV-08-008/STRATEGY.json","VERIFIED","behavioral:cartridge_wave_de_test.rs","no","lending/liquidacion: funding (flash) presente; interest/close-factor/penalty NO productor","yes","yes:cartridge+canon+manifest","yes","no","no","no","no","no"
"MEV-08-009","mev_08","Lending, crédito, liquidaciones y deuda","credit_liquidation_engine","LENDING","L_RATE","carry_projection","DETERMINISTIC_IF_POSITIONS","1","4","Sí","No","No","No","7","op_13 Regression; op_08 Kalman; op_21 Newton-Raphson","op_10 Welford; op_11 Bayes; op_16 Kelly; op_22 Monte Carlo","9","hedged_position;matched_horizon;margin_sufficient;funding_schedule;finite_horizon;settlement_executable;borrow_supply_indices;strategy_specific_note_verified;native_risk_and_impact_policy","NEEDS_ROUTE_DATA","READY_FOR_CARTRIDGE_MIGRATION","SHADOW","YES","backend/searcher-rs/cartridges/strategies/mev_08_009_flash_loan_rate_arbitrage.rhai","skills/arbitragex-ultra/strategies/MEV-08-009/STRATEGY.json","VERIFIED","behavioral:cartridge_wave_de_test.rs","no","lending/liquidacion: funding (flash) presente; interest/close-factor/penalty NO productor","yes","yes:cartridge+canon+manifest","yes","no","no","no","no","no"
"MEV-08-010","mev_08","Lending, crédito, liquidaciones y deuda","credit_liquidation_engine","LENDING","L_RATE","carry_projection","DETERMINISTIC_IF_POSITIONS","1","4","Condicional","No","No","No","7","op_13 Regression; op_08 Kalman; op_21 Newton-Raphson","op_10 Welford; op_11 Bayes; op_16 Kelly; op_22 Monte Carlo","9","hedged_position;matched_horizon;margin_sufficient;funding_schedule;finite_horizon;settlement_executable;borrow_supply_indices;strategy_specific_note_verified;native_risk_and_impact_policy","NEEDS_ROUTE_DATA","READY_FOR_CARTRIDGE_MIGRATION","SHADOW","YES","backend/searcher-rs/cartridges/strategies/mev_08_010_credit_delegation_arbitrage.rhai","skills/arbitragex-ultra/strategies/MEV-08-010/STRATEGY.json","VERIFIED","behavioral:cartridge_wave_de_test.rs","no","lending/liquidacion: funding (flash) presente; interest/close-factor/penalty NO productor","yes","yes:cartridge+canon+manifest","yes","no","no","no","no","no"
"MEV-08-011","mev_08","Lending, crédito, liquidaciones y deuda","credit_liquidation_engine","LENDING","L_LOOP","carry_projection","DETERMINISTIC_POSITION_STRATEGY","1","4","Sí","No","No","No","6","op_17 Pontryagin; op_20 Gradient Descent; op_21 Newton-Raphson","op_13 Regression; op_16 Kelly; op_22 Monte Carlo","10","hedged_position;matched_horizon;margin_sufficient;funding_schedule;finite_horizon;settlement_executable;health_buffer;rate_feedback_model;strategy_specific_note_verified;native_risk_and_impact_policy","NEEDS_ROUTE_DATA","READY_FOR_CARTRIDGE_MIGRATION","SHADOW","YES","backend/searcher-rs/cartridges/strategies/mev_08_011_leverage_loop_arbitrage.rhai","skills/arbitragex-ultra/strategies/MEV-08-011/STRATEGY.json","VERIFIED","behavioral:cartridge_wave_de_test.rs","no","lending/liquidacion: funding (flash) presente; interest/close-factor/penalty NO productor","yes","yes:cartridge+canon+manifest","yes","no","no","no","no","no"
"MEV-08-012","mev_08","Lending, crédito, liquidaciones y deuda","credit_liquidation_engine","LENDING","L_LIQ","liquidation","DETERMINISTIC_LIQUIDATION","1","4","Sí","No","No","No","8","op_21 Newton-Raphson; op_08 Kalman; op_26 Flash Loan; op_16 Kelly","op_11 Bayes; op_13 Regression; op_22 Monte Carlo; op_23 Queueing","9","protocol_liquidatable;close_factor_respected;collateral_available;oracle_fresh;firm_unwind;settlement_executable;health_metric_protocol_specific;strategy_specific_note_verified;native_risk_and_impact_policy","NEEDS_ROUTE_DATA","READY_FOR_CARTRIDGE_MIGRATION","SHADOW","YES","backend/searcher-rs/cartridges/strategies/mev_08_012_liquidation_discount_arbitrage.rhai","skills/arbitragex-ultra/strategies/MEV-08-012/STRATEGY.json","VERIFIED","behavioral:cartridge_wave_de_test.rs","no","lending/liquidacion: funding (flash) presente; interest/close-factor/penalty NO productor","yes","yes:cartridge+canon+manifest","yes","no","no","no","no","no"
"MEV-08-013","mev_08","Lending, crédito, liquidaciones y deuda","credit_liquidation_engine","LENDING","L_LIQ","liquidation","DETERMINISTIC_LIQUIDATION","1","4","Sí","No","No","No","8","op_21 Newton-Raphson; op_08 Kalman; op_26 Flash Loan; op_16 Kelly","op_11 Bayes; op_13 Regression; op_22 Monte Carlo; op_23 Queueing","9","protocol_liquidatable;close_factor_respected;collateral_available;oracle_fresh;firm_unwind;settlement_executable;health_metric_protocol_specific;strategy_specific_note_verified;native_risk_and_impact_policy","NEEDS_ROUTE_DATA","READY_FOR_CARTRIDGE_MIGRATION","SHADOW","YES","backend/searcher-rs/cartridges/strategies/mev_08_013_partial_liquidation_arbitrage.rhai","skills/arbitragex-ultra/strategies/MEV-08-013/STRATEGY.json","VERIFIED","behavioral:cartridge_wave_de_test.rs","no","lending/liquidacion: funding (flash) presente; interest/close-factor/penalty NO productor","yes","yes:cartridge+canon+manifest","yes","no","no","no","no","no"
"MEV-08-014","mev_08","Lending, crédito, liquidaciones y deuda","credit_liquidation_engine","LENDING","L_LIQ","liquidation","DETERMINISTIC_LIQUIDATION","1","4","Sí","No","No","No","8","op_21 Newton-Raphson; op_08 Kalman; op_26 Flash Loan; op_16 Kelly","op_11 Bayes; op_13 Regression; op_22 Monte Carlo; op_23 Queueing","9","protocol_liquidatable;close_factor_respected;collateral_available;oracle_fresh;firm_unwind;settlement_executable;health_metric_protocol_specific;strategy_specific_note_verified;native_risk_and_impact_policy","NEEDS_ROUTE_DATA","READY_FOR_CARTRIDGE_MIGRATION","SHADOW","YES","backend/searcher-rs/cartridges/strategies/mev_08_014_full_liquidation_arbitrage.rhai","skills/arbitragex-ultra/strategies/MEV-08-014/STRATEGY.json","VERIFIED","behavioral:cartridge_wave_de_test.rs","no","lending/liquidacion: funding (flash) presente; interest/close-factor/penalty NO productor","yes","yes:cartridge+canon+manifest","yes","no","no","no","no","no"
"MEV-08-015","mev_08","Lending, crédito, liquidaciones y deuda","credit_liquidation_engine","LENDING","L_LIQ","liquidation","DETERMINISTIC_LIQUIDATION","1","4","Sí","No","No","No","8","op_21 Newton-Raphson; op_08 Kalman; op_26 Flash Loan; op_16 Kelly","op_11 Bayes; op_13 Regression; op_22 Monte Carlo; op_23 Queueing","9","protocol_liquidatable;close_factor_respected;collateral_available;oracle_fresh;firm_unwind;settlement_executable;health_metric_protocol_specific;strategy_specific_note_verified;native_risk_and_impact_policy","NEEDS_ROUTE_DATA","READY_FOR_CARTRIDGE_MIGRATION","SHADOW","YES","backend/searcher-rs/cartridges/strategies/mev_08_015_cross_protocol_liquidation_arbitrage.rhai","skills/arbitragex-ultra/strategies/MEV-08-015/STRATEGY.json","VERIFIED","behavioral:cartridge_wave_de_test.rs","no","lending/liquidacion: funding (flash) presente; interest/close-factor/penalty NO productor","yes","yes:cartridge+canon+manifest","yes","no","no","no","no","no"
"MEV-08-016","mev_08","Lending, crédito, liquidaciones y deuda","credit_liquidation_engine","LENDING","L_LIQ","liquidation","DETERMINISTIC_LIQUIDATION","1","4","No","No","Sí","No","8","op_21 Newton-Raphson; op_08 Kalman; op_26 Flash Loan; op_16 Kelly","op_11 Bayes; op_13 Regression; op_22 Monte Carlo; op_23 Queueing","9","protocol_liquidatable;close_factor_respected;collateral_available;oracle_fresh;firm_unwind;settlement_executable;health_metric_protocol_specific;strategy_specific_note_verified;native_risk_and_impact_policy","NEEDS_ROUTE_DATA","READY_FOR_CARTRIDGE_MIGRATION","SHADOW","YES","backend/searcher-rs/cartridges/strategies/mev_08_016_cross_chain_liquidation_arbitrage.rhai","skills/arbitragex-ultra/strategies/MEV-08-016/STRATEGY.json","VERIFIED","behavioral:cartridge_wave_de_test.rs","no","lending/liquidacion: funding (flash) presente; interest/close-factor/penalty NO productor","yes","yes:cartridge+canon+manifest","yes","no","no","no","no","no"
"MEV-08-017","mev_08","Lending, crédito, liquidaciones y deuda","credit_liquidation_engine","LENDING","L_LIQ","liquidation","DETERMINISTIC_LIQUIDATION","1","4","Sí","Sí","No","No","8","op_21 Newton-Raphson; op_08 Kalman; op_26 Flash Loan; op_16 Kelly","op_11 Bayes; op_13 Regression; op_22 Monte Carlo; op_23 Queueing","9","protocol_liquidatable;close_factor_respected;collateral_available;oracle_fresh;firm_unwind;settlement_executable;health_metric_protocol_specific;strategy_specific_note_verified;native_risk_and_impact_policy","NEEDS_ROUTE_DATA","READY_FOR_CARTRIDGE_MIGRATION","SHADOW","YES","backend/searcher-rs/cartridges/strategies/mev_08_017_oracle_update_liquidation_backrun.rhai","skills/arbitragex-ultra/strategies/MEV-08-017/STRATEGY.json","VERIFIED","behavioral:cartridge_wave_de_test.rs","no","lending/liquidacion: funding (flash) presente; interest/close-factor/penalty NO productor","yes","yes:cartridge+canon+manifest","yes","no","no","no","no","no"
"MEV-08-018","mev_08","Lending, crédito, liquidaciones y deuda","credit_liquidation_engine","LENDING","L_AUCTION","auction","DETERMINISTIC_AUCTION","1","4","Sí","No","No","No","6","op_19 Simplex; op_21 Newton-Raphson; op_23 Queueing","op_08 Kalman; op_11 Bayes; op_22 Monte Carlo","7","auction_rules_valid;lot_available;deadline_valid;firm_unwind;settlement_executable;strategy_specific_note_verified;native_risk_and_impact_policy","NEEDS_ROUTE_DATA","READY_FOR_CARTRIDGE_MIGRATION","SHADOW","YES","backend/searcher-rs/cartridges/strategies/mev_08_018_liquidation_auction_arbitrage.rhai","skills/arbitragex-ultra/strategies/MEV-08-018/STRATEGY.json","VERIFIED","behavioral:cartridge_wave_de_test.rs","no","lending/liquidacion: funding (flash) presente; interest/close-factor/penalty NO productor","yes","yes:cartridge+canon+manifest","yes","no","no","no","no","no"
"MEV-08-019","mev_08","Lending, crédito, liquidaciones y deuda","credit_liquidation_engine","LENDING","L_AUCTION","auction","DETERMINISTIC_AUCTION","1","4","Sí","No","No","No","6","op_19 Simplex; op_21 Newton-Raphson; op_23 Queueing","op_08 Kalman; op_11 Bayes; op_22 Monte Carlo","7","auction_rules_valid;lot_available;deadline_valid;firm_unwind;settlement_executable;strategy_specific_note_verified;native_risk_and_impact_policy","NEEDS_ROUTE_DATA","READY_FOR_CARTRIDGE_MIGRATION","SHADOW","YES","backend/searcher-rs/cartridges/strategies/mev_08_019_dutch_auction_liquidation_arbitrage.rhai","skills/arbitragex-ultra/strategies/MEV-08-019/STRATEGY.json","VERIFIED","behavioral:cartridge_wave_de_test.rs","no","lending/liquidacion: funding (flash) presente; interest/close-factor/penalty NO productor","yes","yes:cartridge+canon+manifest","yes","no","no","no","no","no"
"MEV-08-020","mev_08","Lending, crédito, liquidaciones y deuda","credit_liquidation_engine","LENDING","L_AUCTION","auction","DETERMINISTIC_AUCTION","1","4","Sí","No","No","No","6","op_19 Simplex; op_21 Newton-Raphson; op_23 Queueing","op_08 Kalman; op_11 Bayes; op_22 Monte Carlo","7","auction_rules_valid;lot_available;deadline_valid;firm_unwind;settlement_executable;strategy_specific_note_verified;native_risk_and_impact_policy","NEEDS_ROUTE_DATA","READY_FOR_CARTRIDGE_MIGRATION","SHADOW","YES","backend/searcher-rs/cartridges/strategies/mev_08_020_bad_debt_auction_arbitrage.rhai","skills/arbitragex-ultra/strategies/MEV-08-020/STRATEGY.json","VERIFIED","behavioral:cartridge_wave_de_test.rs","no","lending/liquidacion: funding (flash) presente; interest/close-factor/penalty NO productor","yes","yes:cartridge+canon+manifest","yes","no","no","no","no","no"
"MEV-08-021","mev_08","Lending, crédito, liquidaciones y deuda","credit_liquidation_engine","LENDING","L_AUCTION","auction","DETERMINISTIC_AUCTION","1","4","Sí","No","No","No","6","op_19 Simplex; op_21 Newton-Raphson; op_23 Queueing","op_08 Kalman; op_11 Bayes; op_22 Monte Carlo","7","auction_rules_valid;lot_available;deadline_valid;firm_unwind;settlement_executable;strategy_specific_note_verified;native_risk_and_impact_policy","NEEDS_ROUTE_DATA","READY_FOR_CARTRIDGE_MIGRATION","SHADOW","YES","backend/searcher-rs/cartridges/strategies/mev_08_021_recapitalization_auction_arbitrage.rhai","skills/arbitragex-ultra/strategies/MEV-08-021/STRATEGY.json","VERIFIED","behavioral:cartridge_wave_de_test.rs","no","lending/liquidacion: funding (flash) presente; interest/close-factor/penalty NO productor","yes","yes:cartridge+canon+manifest","yes","no","no","no","no","no"
"MEV-08-022","mev_08","Lending, crédito, liquidaciones y deuda","credit_liquidation_engine","LENDING","L_COLLATERAL","redemption","DETERMINISTIC_IF_REDEEMABLE","1","4","Sí","No","No","No","5","op_13 Regression; op_08 Kalman; op_21 Newton-Raphson","op_11 Bayes; op_22 Monte Carlo","7","conversion_contract_valid;redemption_within_limits;component_quotes_firm;delay_costed;settlement_executable;strategy_specific_note_verified;native_risk_and_impact_policy","NEEDS_ROUTE_DATA","READY_FOR_CARTRIDGE_MIGRATION","SHADOW","YES","backend/searcher-rs/cartridges/strategies/mev_08_022_collateral_redemption_arbitrage.rhai","skills/arbitragex-ultra/strategies/MEV-08-022/STRATEGY.json","VERIFIED","behavioral:cartridge_wave_de_test.rs","no","lending/liquidacion: funding (flash) presente; interest/close-factor/penalty NO productor","yes","yes:cartridge+canon+manifest","yes","no","no","no","no","no"
"MEV-08-023","mev_08","Lending, crédito, liquidaciones y deuda","credit_liquidation_engine","LENDING","L_COLLATERAL","redemption","DETERMINISTIC_IF_REDEEMABLE","1","4","Sí","No","No","No","5","op_13 Regression; op_08 Kalman; op_21 Newton-Raphson","op_11 Bayes; op_22 Monte Carlo","7","conversion_contract_valid;redemption_within_limits;component_quotes_firm;delay_costed;settlement_executable;strategy_specific_note_verified;native_risk_and_impact_policy","NEEDS_ROUTE_DATA","READY_FOR_CARTRIDGE_MIGRATION","SHADOW","YES","backend/searcher-rs/cartridges/strategies/mev_08_023_debt_repayment_arbitrage.rhai","skills/arbitragex-ultra/strategies/MEV-08-023/STRATEGY.json","VERIFIED","behavioral:cartridge_wave_de_test.rs","no","lending/liquidacion: funding (flash) presente; interest/close-factor/penalty NO productor","yes","yes:cartridge+canon+manifest","yes","no","no","no","no","no"
"MEV-08-024","mev_08","Lending, crédito, liquidaciones y deuda","credit_liquidation_engine","LENDING","L_LIQ","liquidation","DETERMINISTIC_LIQUIDATION","1","4","Sí","No","No","No","8","op_21 Newton-Raphson; op_08 Kalman; op_26 Flash Loan; op_16 Kelly","op_11 Bayes; op_13 Regression; op_22 Monte Carlo; op_23 Queueing","9","protocol_liquidatable;close_factor_respected;collateral_available;oracle_fresh;firm_unwind;settlement_executable;health_metric_protocol_specific;strategy_specific_note_verified;native_risk_and_impact_policy","NEEDS_ROUTE_DATA","READY_FOR_CARTRIDGE_MIGRATION","SHADOW","YES","backend/searcher-rs/cartridges/strategies/mev_08_024_underwater_position_takeover_arbitrage.rhai","skills/arbitragex-ultra/strategies/MEV-08-024/STRATEGY.json","VERIFIED","behavioral:cartridge_wave_de_test.rs","no","lending/liquidacion: funding (flash) presente; interest/close-factor/penalty NO productor","yes","yes:cartridge+canon+manifest","yes","no","no","no","no","no"
"MEV-08-025","mev_08","Lending, crédito, liquidaciones y deuda","credit_liquidation_engine","LENDING","L_RATE","carry_projection","DETERMINISTIC_IF_POSITIONS","1","4","Condicional","No","No","No","7","op_13 Regression; op_08 Kalman; op_21 Newton-Raphson","op_10 Welford; op_11 Bayes; op_16 Kelly; op_22 Monte Carlo","9","hedged_position;matched_horizon;margin_sufficient;funding_schedule;finite_horizon;settlement_executable;borrow_supply_indices;strategy_specific_note_verified;native_risk_and_impact_policy","NEEDS_ROUTE_DATA","READY_FOR_CARTRIDGE_MIGRATION","SHADOW","YES","backend/searcher-rs/cartridges/strategies/mev_08_025_interest_accrual_timing_arbitrage.rhai","skills/arbitragex-ultra/strategies/MEV-08-025/STRATEGY.json","VERIFIED","behavioral:cartridge_wave_de_test.rs","no","lending/liquidacion: funding (flash) presente; interest/close-factor/penalty NO productor","yes","yes:cartridge+canon+manifest","yes","no","no","no","no","no"
"MEV-09-001","mev_09","Intents, solvers, subastas y order flow","intents_solver_engine","INTENT_AUCTION","I_ROUTE","constrained_settlement","DETERMINISTIC_SETTLEMENT","2","12","Sí","No","No","No","7","op_19 Simplex; op_27 Path Ordering; op_29 Shapley","op_20 Gradient Descent; op_22 Monte Carlo; op_24 Nash; op_23 Queueing","7","order_limits_respected;balance_conservation;approvals_valid;orders_not_expired;settlement_executable;strategy_specific_note_verified;native_risk_and_impact_policy","NEEDS_ROUTE_DATA","READY_FOR_CARTRIDGE_MIGRATION","SHADOW","YES","backend/searcher-rs/cartridges/strategies/mev_09_001_solver_arbitrage.rhai","skills/arbitragex-ultra/strategies/MEV-09-001/STRATEGY.json","VERIFIED","behavioral:cartridge_wave_de_test.rs","no","dominio sin productor en esta oleada (derivados/NFT/intents)","yes","yes:cartridge+canon+manifest","yes","no","no","no","no","no"
"MEV-09-002","mev_09","Intents, solvers, subastas y order flow","intents_solver_engine","INTENT_AUCTION","I_ROUTE","constrained_settlement","DETERMINISTIC_SETTLEMENT","2","12","Sí","No","No","No","7","op_19 Simplex; op_27 Path Ordering; op_29 Shapley","op_20 Gradient Descent; op_22 Monte Carlo; op_24 Nash; op_23 Queueing","7","order_limits_respected;balance_conservation;approvals_valid;orders_not_expired;settlement_executable;strategy_specific_note_verified;native_risk_and_impact_policy","NEEDS_ROUTE_DATA","READY_FOR_CARTRIDGE_MIGRATION","SHADOW","YES","backend/searcher-rs/cartridges/strategies/mev_09_002_intent_to_amm_arbitrage.rhai","skills/arbitragex-ultra/strategies/MEV-09-002/STRATEGY.json","VERIFIED","behavioral:cartridge_wave_de_test.rs","no","dominio sin productor en esta oleada (derivados/NFT/intents)","yes","yes:cartridge+canon+manifest","yes","no","no","no","no","no"
"MEV-09-003","mev_09","Intents, solvers, subastas y order flow","intents_solver_engine","INTENT_AUCTION","I_ROUTE","constrained_settlement","DETERMINISTIC_SETTLEMENT","2","12","Sí","No","No","No","7","op_19 Simplex; op_27 Path Ordering; op_29 Shapley","op_20 Gradient Descent; op_22 Monte Carlo; op_24 Nash; op_23 Queueing","7","order_limits_respected;balance_conservation;approvals_valid;orders_not_expired;settlement_executable;strategy_specific_note_verified;native_risk_and_impact_policy","NEEDS_ROUTE_DATA","READY_FOR_CARTRIDGE_MIGRATION","SHADOW","YES","backend/searcher-rs/cartridges/strategies/mev_09_003_intent_to_clob_arbitrage.rhai","skills/arbitragex-ultra/strategies/MEV-09-003/STRATEGY.json","VERIFIED","behavioral:cartridge_wave_de_test.rs","no","dominio sin productor en esta oleada (derivados/NFT/intents)","yes","yes:cartridge+canon+manifest","yes","no","no","no","no","no"
"MEV-09-004","mev_09","Intents, solvers, subastas y order flow","intents_solver_engine","INTENT_AUCTION","I_ROUTE","constrained_settlement","DETERMINISTIC_SETTLEMENT","2","12","Sí","No","No","No","7","op_19 Simplex; op_27 Path Ordering; op_29 Shapley","op_20 Gradient Descent; op_22 Monte Carlo; op_24 Nash; op_23 Queueing","7","order_limits_respected;balance_conservation;approvals_valid;orders_not_expired;settlement_executable;strategy_specific_note_verified;native_risk_and_impact_policy","NEEDS_ROUTE_DATA","READY_FOR_CARTRIDGE_MIGRATION","SHADOW","YES","backend/searcher-rs/cartridges/strategies/mev_09_004_intent_to_rfq_arbitrage.rhai","skills/arbitragex-ultra/strategies/MEV-09-004/STRATEGY.json","VERIFIED","behavioral:cartridge_wave_de_test.rs","no","dominio sin productor en esta oleada (derivados/NFT/intents)","yes","yes:cartridge+canon+manifest","yes","no","no","no","no","no"
"MEV-09-005","mev_09","Intents, solvers, subastas y order flow","intents_solver_engine","INTENT_AUCTION","I_BATCH","constrained_settlement","DETERMINISTIC_SETTLEMENT","2","12","Sí","No","No","No","6","op_19 Simplex; op_29 Shapley; op_24 Nash","op_20 Gradient Descent; op_27 Path Ordering; op_22 Monte Carlo","7","order_limits_respected;balance_conservation;approvals_valid;orders_not_expired;settlement_executable;strategy_specific_note_verified;native_risk_and_impact_policy","NEEDS_ROUTE_DATA","READY_FOR_CARTRIDGE_MIGRATION","SHADOW","YES","backend/searcher-rs/cartridges/strategies/mev_09_005_cross_intent_netting_arbitrage.rhai","skills/arbitragex-ultra/strategies/MEV-09-005/STRATEGY.json","VERIFIED","behavioral:cartridge_wave_de_test.rs","no","dominio sin productor en esta oleada (derivados/NFT/intents)","yes","yes:cartridge+canon+manifest","yes","no","no","no","no","no"
"MEV-09-006","mev_09","Intents, solvers, subastas y order flow","intents_solver_engine","INTENT_AUCTION","I_BATCH","constrained_settlement","DETERMINISTIC_SETTLEMENT","2","12","Sí","No","No","No","6","op_19 Simplex; op_29 Shapley; op_24 Nash","op_20 Gradient Descent; op_27 Path Ordering; op_22 Monte Carlo","7","order_limits_respected;balance_conservation;approvals_valid;orders_not_expired;settlement_executable;strategy_specific_note_verified;native_risk_and_impact_policy","NEEDS_ROUTE_DATA","READY_FOR_CARTRIDGE_MIGRATION","SHADOW","YES","backend/searcher-rs/cartridges/strategies/mev_09_006_coincidence_of_wants_settlement.rhai","skills/arbitragex-ultra/strategies/MEV-09-006/STRATEGY.json","VERIFIED","behavioral:cartridge_wave_de_test.rs","no","dominio sin productor en esta oleada (derivados/NFT/intents)","yes","yes:cartridge+canon+manifest","yes","no","no","no","no","no"
"MEV-09-007","mev_09","Intents, solvers, subastas y order flow","intents_solver_engine","INTENT_AUCTION","I_BATCH","constrained_settlement","DETERMINISTIC_SETTLEMENT","2","12","Sí","No","No","No","6","op_19 Simplex; op_29 Shapley; op_24 Nash","op_20 Gradient Descent; op_27 Path Ordering; op_22 Monte Carlo","7","order_limits_respected;balance_conservation;approvals_valid;orders_not_expired;settlement_executable;strategy_specific_note_verified;native_risk_and_impact_policy","NEEDS_ROUTE_DATA","READY_FOR_CARTRIDGE_MIGRATION","SHADOW","YES","backend/searcher-rs/cartridges/strategies/mev_09_007_batch_auction_arbitrage.rhai","skills/arbitragex-ultra/strategies/MEV-09-007/STRATEGY.json","VERIFIED","behavioral:cartridge_wave_de_test.rs","no","dominio sin productor en esta oleada (derivados/NFT/intents)","yes","yes:cartridge+canon+manifest","yes","no","no","no","no","no"
"MEV-09-008","mev_09","Intents, solvers, subastas y order flow","intents_solver_engine","INTENT_AUCTION","I_BATCH","constrained_settlement","DETERMINISTIC_SETTLEMENT","3","16","Sí","No","No","No","6","op_19 Simplex; op_29 Shapley; op_24 Nash","op_20 Gradient Descent; op_27 Path Ordering; op_22 Monte Carlo","7","order_limits_respected;balance_conservation;approvals_valid;orders_not_expired;settlement_executable;strategy_specific_note_verified;native_risk_and_impact_policy","NEEDS_ROUTE_DATA","READY_FOR_CARTRIDGE_MIGRATION","SHADOW","YES","backend/searcher-rs/cartridges/strategies/mev_09_008_combinatorial_auction_arbitrage.rhai","skills/arbitragex-ultra/strategies/MEV-09-008/STRATEGY.json","VERIFIED","behavioral:cartridge_wave_de_test.rs","no","dominio sin productor en esta oleada (derivados/NFT/intents)","yes","yes:cartridge+canon+manifest","yes","no","no","no","no","no"
"MEV-09-009","mev_09","Intents, solvers, subastas y order flow","intents_solver_engine","INTENT_AUCTION","I_DUTCH","auction","DETERMINISTIC_AUCTION","2","12","Sí","No","No","No","6","op_23 Queueing; op_21 Newton-Raphson; op_24 Nash","op_08 Kalman; op_11 Bayes; op_22 Monte Carlo","8","auction_rules_valid;lot_available;deadline_valid;firm_unwind;settlement_executable;auction_price_at_evaluation_time;strategy_specific_note_verified;native_risk_and_impact_policy","NEEDS_ROUTE_DATA","READY_FOR_CARTRIDGE_MIGRATION","SHADOW","YES","backend/searcher-rs/cartridges/strategies/mev_09_009_dutch_auction_decay_arbitrage.rhai","skills/arbitragex-ultra/strategies/MEV-09-009/STRATEGY.json","VERIFIED","behavioral:cartridge_wave_de_test.rs","no","dominio sin productor en esta oleada (derivados/NFT/intents)","yes","yes:cartridge+canon+manifest","yes","no","no","no","no","no"
"MEV-09-010","mev_09","Intents, solvers, subastas y order flow","intents_solver_engine","INTENT_AUCTION","I_ORDERFLOW","constrained_settlement","AUTHORIZED_FLOW_ONLY","2","12","Sí","No","No","No","6","op_25 Bundle Recon; op_27 Path Ordering; op_24 Nash","op_11 Bayes; op_22 Monte Carlo; op_23 Queueing","8","order_limits_respected;balance_conservation;approvals_valid;orders_not_expired;settlement_executable;orderflow_explicitly_authorized;strategy_specific_note_verified;native_risk_and_impact_policy","NEEDS_ROUTE_DATA","READY_FOR_CARTRIDGE_MIGRATION","SHADOW","YES","backend/searcher-rs/cartridges/strategies/mev_09_010_exclusive_order_flow_arbitrage.rhai","skills/arbitragex-ultra/strategies/MEV-09-010/STRATEGY.json","VERIFIED","behavioral:cartridge_wave_de_test.rs","no","dominio sin productor en esta oleada (derivados/NFT/intents)","yes","yes:cartridge+canon+manifest","yes","no","no","no","no","no"
"MEV-09-011","mev_09","Intents, solvers, subastas y order flow","intents_solver_engine","INTENT_AUCTION","I_ORDERFLOW","constrained_settlement","AUTHORIZED_FLOW_ONLY","2","12","Sí","No","No","No","6","op_25 Bundle Recon; op_27 Path Ordering; op_24 Nash","op_11 Bayes; op_22 Monte Carlo; op_23 Queueing","8","order_limits_respected;balance_conservation;approvals_valid;orders_not_expired;settlement_executable;orderflow_explicitly_authorized;strategy_specific_note_verified;native_risk_and_impact_policy","NEEDS_ROUTE_DATA","READY_FOR_CARTRIDGE_MIGRATION","SHADOW","YES","backend/searcher-rs/cartridges/strategies/mev_09_011_order_flow_auction_arbitrage.rhai","skills/arbitragex-ultra/strategies/MEV-09-011/STRATEGY.json","VERIFIED","behavioral:cartridge_wave_de_test.rs","no","dominio sin productor en esta oleada (derivados/NFT/intents)","yes","yes:cartridge+canon+manifest","yes","no","no","no","no","no"
"MEV-09-012","mev_09","Intents, solvers, subastas y order flow","intents_solver_engine","INTENT_AUCTION","I_ROUTE","constrained_settlement","DETERMINISTIC_SETTLEMENT","2","12","Sí","No","No","No","7","op_19 Simplex; op_27 Path Ordering; op_29 Shapley","op_20 Gradient Descent; op_22 Monte Carlo; op_24 Nash; op_23 Queueing","7","order_limits_respected;balance_conservation;approvals_valid;orders_not_expired;settlement_executable;strategy_specific_note_verified;native_risk_and_impact_policy","NEEDS_ROUTE_DATA","READY_FOR_CARTRIDGE_MIGRATION","SHADOW","YES","backend/searcher-rs/cartridges/strategies/mev_09_012_surplus_capture_arbitrage.rhai","skills/arbitragex-ultra/strategies/MEV-09-012/STRATEGY.json","VERIFIED","behavioral:cartridge_wave_de_test.rs","no","dominio sin productor en esta oleada (derivados/NFT/intents)","yes","yes:cartridge+canon+manifest","yes","no","no","no","no","no"
"MEV-09-013","mev_09","Intents, solvers, subastas y order flow","intents_solver_engine","INTENT_AUCTION","I_ROUTE","constrained_settlement","DETERMINISTIC_SETTLEMENT","2","12","Sí","No","No","No","7","op_19 Simplex; op_27 Path Ordering; op_29 Shapley","op_20 Gradient Descent; op_22 Monte Carlo; op_24 Nash; op_23 Queueing","7","order_limits_respected;balance_conservation;approvals_valid;orders_not_expired;settlement_executable;strategy_specific_note_verified;native_risk_and_impact_policy","NEEDS_ROUTE_DATA","READY_FOR_CARTRIDGE_MIGRATION","SHADOW","YES","backend/searcher-rs/cartridges/strategies/mev_09_013_price_improvement_arbitrage.rhai","skills/arbitragex-ultra/strategies/MEV-09-013/STRATEGY.json","VERIFIED","behavioral:cartridge_wave_de_test.rs","no","dominio sin productor en esta oleada (derivados/NFT/intents)","yes","yes:cartridge+canon+manifest","yes","no","no","no","no","no"
"MEV-09-014","mev_09","Intents, solvers, subastas y order flow","intents_solver_engine","INTENT_AUCTION","I_ROUTE","constrained_settlement","DETERMINISTIC_SETTLEMENT","2","12","Sí","No","No","No","7","op_19 Simplex; op_27 Path Ordering; op_29 Shapley","op_20 Gradient Descent; op_22 Monte Carlo; op_24 Nash; op_23 Queueing","7","order_limits_respected;balance_conservation;approvals_valid;orders_not_expired;settlement_executable;strategy_specific_note_verified;native_risk_and_impact_policy","NEEDS_ROUTE_DATA","READY_FOR_CARTRIDGE_MIGRATION","SHADOW","YES","backend/searcher-rs/cartridges/strategies/mev_09_014_internalization_arbitrage.rhai","skills/arbitragex-ultra/strategies/MEV-09-014/STRATEGY.json","VERIFIED","behavioral:cartridge_wave_de_test.rs","no","dominio sin productor en esta oleada (derivados/NFT/intents)","yes","yes:cartridge+canon+manifest","yes","no","no","no","no","no"
"MEV-09-015","mev_09","Intents, solvers, subastas y order flow","intents_solver_engine","INTENT_AUCTION","I_ROUTE","constrained_settlement","DETERMINISTIC_SETTLEMENT","2","12","Sí","No","No","No","7","op_19 Simplex; op_27 Path Ordering; op_29 Shapley","op_20 Gradient Descent; op_22 Monte Carlo; op_24 Nash; op_23 Queueing","7","order_limits_respected;balance_conservation;approvals_valid;orders_not_expired;settlement_executable;strategy_specific_note_verified;native_risk_and_impact_policy","NEEDS_ROUTE_DATA","READY_FOR_CARTRIDGE_MIGRATION","SHADOW","YES","backend/searcher-rs/cartridges/strategies/mev_09_015_solver_routing_arbitrage.rhai","skills/arbitragex-ultra/strategies/MEV-09-015/STRATEGY.json","VERIFIED","behavioral:cartridge_wave_de_test.rs","no","dominio sin productor en esta oleada (derivados/NFT/intents)","yes","yes:cartridge+canon+manifest","yes","no","no","no","no","no"
"MEV-09-016","mev_09","Intents, solvers, subastas y order flow","intents_solver_engine","INTENT_AUCTION","I_ROUTE","constrained_settlement","DETERMINISTIC_SETTLEMENT","2","12","Sí","No","No","No","7","op_19 Simplex; op_27 Path Ordering; op_29 Shapley","op_20 Gradient Descent; op_22 Monte Carlo; op_24 Nash; op_23 Queueing","7","order_limits_respected;balance_conservation;approvals_valid;orders_not_expired;settlement_executable;strategy_specific_note_verified;native_risk_and_impact_policy","NEEDS_ROUTE_DATA","READY_FOR_CARTRIDGE_MIGRATION","SHADOW","YES","backend/searcher-rs/cartridges/strategies/mev_09_016_solver_solver_latency_arbitrage.rhai","skills/arbitragex-ultra/strategies/MEV-09-016/STRATEGY.json","VERIFIED","behavioral:cartridge_wave_de_test.rs","no","dominio sin productor en esta oleada (derivados/NFT/intents)","yes","yes:cartridge+canon+manifest","yes","no","no","no","no","no"
"MEV-09-017","mev_09","Intents, solvers, subastas y order flow","intents_solver_engine","INTENT_AUCTION","I_ORDERFLOW","constrained_settlement","AUTHORIZED_FLOW_ONLY","2","12","Sí","No","No","No","6","op_25 Bundle Recon; op_27 Path Ordering; op_24 Nash","op_11 Bayes; op_22 Monte Carlo; op_23 Queueing","8","order_limits_respected;balance_conservation;approvals_valid;orders_not_expired;settlement_executable;orderflow_explicitly_authorized;strategy_specific_note_verified;native_risk_and_impact_policy","NEEDS_ROUTE_DATA","READY_FOR_CARTRIDGE_MIGRATION","SHADOW","YES","backend/searcher-rs/cartridges/strategies/mev_09_017_private_order_flow_backrun.rhai","skills/arbitragex-ultra/strategies/MEV-09-017/STRATEGY.json","VERIFIED","behavioral:cartridge_wave_de_test.rs","no","dominio sin productor en esta oleada (derivados/NFT/intents)","yes","yes:cartridge+canon+manifest","yes","no","no","no","no","no"
"MEV-09-018","mev_09","Intents, solvers, subastas y order flow","intents_solver_engine","INTENT_AUCTION","I_ORDERFLOW","constrained_settlement","AUTHORIZED_FLOW_ONLY","2","12","Sí","No","No","No","6","op_25 Bundle Recon; op_27 Path Ordering; op_24 Nash","op_11 Bayes; op_22 Monte Carlo; op_23 Queueing","8","order_limits_respected;balance_conservation;approvals_valid;orders_not_expired;settlement_executable;orderflow_explicitly_authorized;strategy_specific_note_verified;native_risk_and_impact_policy","NEEDS_ROUTE_DATA","READY_FOR_CARTRIDGE_MIGRATION","SHADOW","YES","backend/searcher-rs/cartridges/strategies/mev_09_018_mev_share_backrun_arbitrage.rhai","skills/arbitragex-ultra/strategies/MEV-09-018/STRATEGY.json","VERIFIED","behavioral:cartridge_wave_de_test.rs","no","dominio sin productor en esta oleada (derivados/NFT/intents)","yes","yes:cartridge+canon+manifest","yes","no","no","no","no","no"
"MEV-09-019","mev_09","Intents, solvers, subastas y order flow","intents_solver_engine","INTENT_AUCTION","OBSERVE","observe_only","OBSERVE_ONLY","2","12","Sí","No","No","No","3","op_10 Welford; op_11 Bayes","op_22 Monte Carlo","0","","OBSERVE_ONLY","OBSERVE_ONLY_BY_DESIGN","SHADOW","YES","backend/searcher-rs/cartridges/strategies/mev_09_019_builder_integrated_arbitrage.rhai","skills/arbitragex-ultra/strategies/MEV-09-019/STRATEGY.json","VERIFIED","behavioral:cartridge_wave_de_test.rs","no","sin clasificar: NO productor verificado","yes","yes:cartridge+canon+manifest","yes","no","no","no","no","no"
"MEV-09-020","mev_09","Intents, solvers, subastas y order flow","intents_solver_engine","INTENT_AUCTION","OBSERVE","observe_only","OBSERVE_ONLY","2","12","Sí","No","No","No","3","op_10 Welford; op_11 Bayes","op_22 Monte Carlo","0","","OBSERVE_ONLY","OBSERVE_ONLY_BY_DESIGN","SHADOW","YES","backend/searcher-rs/cartridges/strategies/mev_09_020_searcher_builder_vertically_integrated_arbitrage.rhai","skills/arbitragex-ultra/strategies/MEV-09-020/STRATEGY.json","VERIFIED","behavioral:cartridge_wave_de_test.rs","no","sin clasificar: NO productor verificado","yes","yes:cartridge+canon+manifest","yes","no","no","no","no","no"
"MEV-10-001","mev_10","NFT, juegos y activos no fungibles","nft_engine","NFT","N_IDENTICAL","nft_firm_exit","DETERMINISTIC_IF_FIRM_BID","2","8","Condicional","No","No","No","6","op_08 Kalman; op_10 Welford; op_21 Newton-Raphson","op_11 Bayes; op_22 Monte Carlo; op_23 Queueing","7","asset_identity_match;firm_exit_bid;ownership_and_approval;royalties_accounted;settlement_executable;strategy_specific_note_verified;native_risk_and_impact_policy","NEEDS_ROUTE_DATA","READY_FOR_CARTRIDGE_MIGRATION","PAPER","YES","backend/searcher-rs/cartridges/strategies/mev_10_001_cross_marketplace_nft_arbitrage.rhai","skills/arbitragex-ultra/strategies/MEV-10-001/STRATEGY.json","VERIFIED","behavioral:cartridge_wave_de_test.rs","no","dominio sin productor en esta oleada (derivados/NFT/intents)","yes","yes:cartridge+canon+manifest","yes","no","no","no","no","no"
"MEV-10-002","mev_10","NFT, juegos y activos no fungibles","nft_engine","NFT","N_FLOOR","nft_firm_exit","SIGNAL_UNLESS_FIRM_EXIT","2","8","Condicional","No","No","No","5","op_08 Kalman; op_10 Welford; op_11 Bayes","op_13 Regression; op_22 Monte Carlo","8","asset_identity_match;firm_exit_bid;ownership_and_approval;royalties_accounted;settlement_executable;exit_is_not_floor_proxy;strategy_specific_note_verified;native_risk_and_impact_policy","NEEDS_ROUTE_DATA","READY_FOR_CARTRIDGE_MIGRATION","PAPER","YES","backend/searcher-rs/cartridges/strategies/mev_10_002_floor_price_arbitrage.rhai","skills/arbitragex-ultra/strategies/MEV-10-002/STRATEGY.json","VERIFIED","behavioral:cartridge_wave_de_test.rs","no","dominio sin productor en esta oleada (derivados/NFT/intents)","yes","yes:cartridge+canon+manifest","yes","no","no","no","no","no"
"MEV-10-003","mev_10","NFT, juegos y activos no fungibles","nft_engine","NFT","N_FLOOR","nft_firm_exit","SIGNAL_UNLESS_FIRM_EXIT","2","8","Condicional","No","No","No","5","op_08 Kalman; op_10 Welford; op_11 Bayes","op_13 Regression; op_22 Monte Carlo","8","asset_identity_match;firm_exit_bid;ownership_and_approval;royalties_accounted;settlement_executable;exit_is_not_floor_proxy;strategy_specific_note_verified;native_risk_and_impact_policy","NEEDS_ROUTE_DATA","READY_FOR_CARTRIDGE_MIGRATION","PAPER","YES","backend/searcher-rs/cartridges/strategies/mev_10_003_trait_floor_arbitrage.rhai","skills/arbitragex-ultra/strategies/MEV-10-003/STRATEGY.json","VERIFIED","behavioral:cartridge_wave_de_test.rs","no","dominio sin productor en esta oleada (derivados/NFT/intents)","yes","yes:cartridge+canon+manifest","yes","no","no","no","no","no"
"MEV-10-004","mev_10","NFT, juegos y activos no fungibles","nft_engine","NFT","N_FLOOR","nft_firm_exit","SIGNAL_UNLESS_FIRM_EXIT","3","16","Condicional","No","No","No","5","op_08 Kalman; op_10 Welford; op_11 Bayes","op_13 Regression; op_22 Monte Carlo","8","asset_identity_match;firm_exit_bid;ownership_and_approval;royalties_accounted;settlement_executable;exit_is_not_floor_proxy;strategy_specific_note_verified;native_risk_and_impact_policy","NEEDS_ROUTE_DATA","READY_FOR_CARTRIDGE_MIGRATION","PAPER","YES","backend/searcher-rs/cartridges/strategies/mev_10_004_collection_basket_arbitrage.rhai","skills/arbitragex-ultra/strategies/MEV-10-004/STRATEGY.json","VERIFIED","behavioral:cartridge_wave_de_test.rs","no","dominio sin productor en esta oleada (derivados/NFT/intents)","yes","yes:cartridge+canon+manifest","yes","no","no","no","no","no"
"MEV-10-005","mev_10","NFT, juegos y activos no fungibles","nft_engine","NFT","N_IDENTICAL","nft_firm_exit","DETERMINISTIC_IF_FIRM_BID","2","8","Condicional","No","No","No","6","op_08 Kalman; op_10 Welford; op_21 Newton-Raphson","op_11 Bayes; op_22 Monte Carlo; op_23 Queueing","7","asset_identity_match;firm_exit_bid;ownership_and_approval;royalties_accounted;settlement_executable;strategy_specific_note_verified;native_risk_and_impact_policy","NEEDS_ROUTE_DATA","READY_FOR_CARTRIDGE_MIGRATION","PAPER","YES","backend/searcher-rs/cartridges/strategies/mev_10_005_bid_ask_nft_arbitrage.rhai","skills/arbitragex-ultra/strategies/MEV-10-005/STRATEGY.json","VERIFIED","behavioral:cartridge_wave_de_test.rs","no","dominio sin productor en esta oleada (derivados/NFT/intents)","yes","yes:cartridge+canon+manifest","yes","no","no","no","no","no"
"MEV-10-006","mev_10","NFT, juegos y activos no fungibles","nft_engine","NFT","N_AMM","nft_firm_exit","DETERMINISTIC_IF_FIRM_EXIT","2","8","Condicional","No","No","No","5","op_21 Newton-Raphson; op_15 Golden Section; op_08 Kalman","op_10 Welford; op_22 Monte Carlo","8","asset_identity_match;firm_exit_bid;ownership_and_approval;royalties_accounted;settlement_executable;nft_curve_version_verified;strategy_specific_note_verified;native_risk_and_impact_policy","NEEDS_ROUTE_DATA","READY_FOR_CARTRIDGE_MIGRATION","PAPER","YES","backend/searcher-rs/cartridges/strategies/mev_10_006_amm_marketplace_nft_arbitrage.rhai","skills/arbitragex-ultra/strategies/MEV-10-006/STRATEGY.json","VERIFIED","behavioral:cartridge_wave_de_test.rs","no","dominio sin productor en esta oleada (derivados/NFT/intents)","yes","yes:cartridge+canon+manifest","yes","no","no","no","no","no"
"MEV-10-007","mev_10","NFT, juegos y activos no fungibles","nft_engine","NFT","N_AMM","nft_firm_exit","DETERMINISTIC_IF_FIRM_EXIT","2","8","Condicional","No","No","No","5","op_21 Newton-Raphson; op_15 Golden Section; op_08 Kalman","op_10 Welford; op_22 Monte Carlo","8","asset_identity_match;firm_exit_bid;ownership_and_approval;royalties_accounted;settlement_executable;nft_curve_version_verified;strategy_specific_note_verified;native_risk_and_impact_policy","NEEDS_ROUTE_DATA","READY_FOR_CARTRIDGE_MIGRATION","PAPER","YES","backend/searcher-rs/cartridges/strategies/mev_10_007_nft_amm_nft_amm_arbitrage.rhai","skills/arbitragex-ultra/strategies/MEV-10-007/STRATEGY.json","VERIFIED","behavioral:cartridge_wave_de_test.rs","no","dominio sin productor en esta oleada (derivados/NFT/intents)","yes","yes:cartridge+canon+manifest","yes","no","no","no","no","no"
"MEV-10-008","mev_10","NFT, juegos y activos no fungibles","nft_engine","NFT","N_IDENTICAL","nft_firm_exit","DETERMINISTIC_IF_FIRM_BID","2","8","Condicional","No","No","No","6","op_08 Kalman; op_10 Welford; op_21 Newton-Raphson","op_11 Bayes; op_22 Monte Carlo; op_23 Queueing","7","asset_identity_match;firm_exit_bid;ownership_and_approval;royalties_accounted;settlement_executable;strategy_specific_note_verified;native_risk_and_impact_policy","NEEDS_ROUTE_DATA","READY_FOR_CARTRIDGE_MIGRATION","PAPER","YES","backend/searcher-rs/cartridges/strategies/mev_10_008_mint_to_secondary_market_arbitrage.rhai","skills/arbitragex-ultra/strategies/MEV-10-008/STRATEGY.json","VERIFIED","behavioral:cartridge_wave_de_test.rs","no","dominio sin productor en esta oleada (derivados/NFT/intents)","yes","yes:cartridge+canon+manifest","yes","no","no","no","no","no"
"MEV-10-009","mev_10","NFT, juegos y activos no fungibles","nft_engine","NFT","N_FLOOR","nft_firm_exit","SIGNAL_UNLESS_FIRM_EXIT","2","8","Condicional","No","No","No","5","op_08 Kalman; op_10 Welford; op_11 Bayes","op_13 Regression; op_22 Monte Carlo","8","asset_identity_match;firm_exit_bid;ownership_and_approval;royalties_accounted;settlement_executable;exit_is_not_floor_proxy;strategy_specific_note_verified;native_risk_and_impact_policy","NEEDS_ROUTE_DATA","READY_FOR_CARTRIDGE_MIGRATION","PAPER","YES","backend/searcher-rs/cartridges/strategies/mev_10_009_underpriced_listing_arbitrage.rhai","skills/arbitragex-ultra/strategies/MEV-10-009/STRATEGY.json","VERIFIED","behavioral:cartridge_wave_de_test.rs","no","dominio sin productor en esta oleada (derivados/NFT/intents)","yes","yes:cartridge+canon+manifest","yes","no","no","no","no","no"
"MEV-10-010","mev_10","NFT, juegos y activos no fungibles","nft_engine","NFT","N_REDEEM","redemption","DETERMINISTIC_IF_REDEEMABLE","2","8","Condicional","No","No","No","6","op_19 Simplex; op_21 Newton-Raphson; op_13 Regression","op_08 Kalman; op_11 Bayes; op_22 Monte Carlo","7","conversion_contract_valid;redemption_within_limits;component_quotes_firm;delay_costed;settlement_executable;strategy_specific_note_verified;native_risk_and_impact_policy","NEEDS_ROUTE_DATA","READY_FOR_CARTRIDGE_MIGRATION","PAPER","YES","backend/searcher-rs/cartridges/strategies/mev_10_010_nft_fractionalization_arbitrage.rhai","skills/arbitragex-ultra/strategies/MEV-10-010/STRATEGY.json","VERIFIED","behavioral:cartridge_wave_de_test.rs","no","dominio sin productor en esta oleada (derivados/NFT/intents)","yes","yes:cartridge+canon+manifest","yes","no","no","no","no","no"
"MEV-10-011","mev_10","NFT, juegos y activos no fungibles","nft_engine","NFT","N_REDEEM","redemption","DETERMINISTIC_IF_REDEEMABLE","2","8","Condicional","No","No","No","6","op_19 Simplex; op_21 Newton-Raphson; op_13 Regression","op_08 Kalman; op_11 Bayes; op_22 Monte Carlo","7","conversion_contract_valid;redemption_within_limits;component_quotes_firm;delay_costed;settlement_executable;strategy_specific_note_verified;native_risk_and_impact_policy","NEEDS_ROUTE_DATA","READY_FOR_CARTRIDGE_MIGRATION","PAPER","YES","backend/searcher-rs/cartridges/strategies/mev_10_011_fractional_token_redemption_arbitrage.rhai","skills/arbitragex-ultra/strategies/MEV-10-011/STRATEGY.json","VERIFIED","behavioral:cartridge_wave_de_test.rs","no","dominio sin productor en esta oleada (derivados/NFT/intents)","yes","yes:cartridge+canon+manifest","yes","no","no","no","no","no"
"MEV-10-012","mev_10","NFT, juegos y activos no fungibles","nft_engine","NFT","N_LIQ","liquidation","DETERMINISTIC_IF_FIRM_BID","2","8","Condicional","No","No","No","6","op_08 Kalman; op_11 Bayes; op_21 Newton-Raphson","op_22 Monte Carlo; op_23 Queueing; op_16 Kelly","9","protocol_liquidatable;close_factor_respected;collateral_available;oracle_fresh;firm_unwind;settlement_executable;nft_firm_bid_not_appraisal;strategy_specific_note_verified;native_risk_and_impact_policy","NEEDS_ROUTE_DATA","READY_FOR_CARTRIDGE_MIGRATION","PAPER","YES","backend/searcher-rs/cartridges/strategies/mev_10_012_nft_backed_loan_liquidation_arbitrage.rhai","skills/arbitragex-ultra/strategies/MEV-10-012/STRATEGY.json","VERIFIED","behavioral:cartridge_wave_de_test.rs","no","dominio sin productor en esta oleada (derivados/NFT/intents)","yes","yes:cartridge+canon+manifest","yes","no","no","no","no","no"
"MEV-10-013","mev_10","NFT, juegos y activos no fungibles","nft_engine","NFT","N_FLOOR","nft_firm_exit","SIGNAL_UNLESS_FIRM_EXIT","2","8","Condicional","No","No","No","5","op_08 Kalman; op_10 Welford; op_11 Bayes","op_13 Regression; op_22 Monte Carlo","8","asset_identity_match;firm_exit_bid;ownership_and_approval;royalties_accounted;settlement_executable;exit_is_not_floor_proxy;strategy_specific_note_verified;native_risk_and_impact_policy","NEEDS_ROUTE_DATA","READY_FOR_CARTRIDGE_MIGRATION","PAPER","YES","backend/searcher-rs/cartridges/strategies/mev_10_013_nft_rental_rights_arbitrage.rhai","skills/arbitragex-ultra/strategies/MEV-10-013/STRATEGY.json","VERIFIED","behavioral:cartridge_wave_de_test.rs","no","dominio sin productor en esta oleada (derivados/NFT/intents)","yes","yes:cartridge+canon+manifest","yes","no","no","no","no","no"
"MEV-10-014","mev_10","NFT, juegos y activos no fungibles","nft_engine","NFT","N_IDENTICAL","nft_firm_exit","DETERMINISTIC_IF_FIRM_BID","2","8","Condicional","No","No","No","6","op_08 Kalman; op_10 Welford; op_21 Newton-Raphson","op_11 Bayes; op_22 Monte Carlo; op_23 Queueing","7","asset_identity_match;firm_exit_bid;ownership_and_approval;royalties_accounted;settlement_executable;strategy_specific_note_verified;native_risk_and_impact_policy","NEEDS_ROUTE_DATA","READY_FOR_CARTRIDGE_MIGRATION","PAPER","YES","backend/searcher-rs/cartridges/strategies/mev_10_014_gaming_asset_marketplace_arbitrage.rhai","skills/arbitragex-ultra/strategies/MEV-10-014/STRATEGY.json","VERIFIED","behavioral:cartridge_wave_de_test.rs","no","dominio sin productor en esta oleada (derivados/NFT/intents)","yes","yes:cartridge+canon+manifest","yes","no","no","no","no","no"
"MEV-10-015","mev_10","NFT, juegos y activos no fungibles","nft_engine","NFT","N_IDENTICAL","nft_firm_exit","DETERMINISTIC_IF_FIRM_BID","2","8","No","No","Sí","No","6","op_08 Kalman; op_10 Welford; op_21 Newton-Raphson","op_11 Bayes; op_22 Monte Carlo; op_23 Queueing","7","asset_identity_match;firm_exit_bid;ownership_and_approval;royalties_accounted;settlement_executable;strategy_specific_note_verified;native_risk_and_impact_policy","NEEDS_ROUTE_DATA","READY_FOR_CARTRIDGE_MIGRATION","PAPER","YES","backend/searcher-rs/cartridges/strategies/mev_10_015_cross_chain_nft_arbitrage.rhai","skills/arbitragex-ultra/strategies/MEV-10-015/STRATEGY.json","VERIFIED","behavioral:cartridge_wave_de_test.rs","no","dominio sin productor en esta oleada (derivados/NFT/intents)","yes","yes:cartridge+canon+manifest","yes","no","no","no","no","no"
"MEV-10-016","mev_10","NFT, juegos y activos no fungibles","nft_engine","NFT","N_IDENTICAL","nft_firm_exit","DETERMINISTIC_IF_FIRM_BID","2","8","Condicional","No","No","No","6","op_08 Kalman; op_10 Welford; op_21 Newton-Raphson","op_11 Bayes; op_22 Monte Carlo; op_23 Queueing","7","asset_identity_match;firm_exit_bid;ownership_and_approval;royalties_accounted;settlement_executable;strategy_specific_note_verified;native_risk_and_impact_policy","NEEDS_ROUTE_DATA","READY_FOR_CARTRIDGE_MIGRATION","PAPER","YES","backend/searcher-rs/cartridges/strategies/mev_10_016_royalty_adjusted_marketplace_arbitrage.rhai","skills/arbitragex-ultra/strategies/MEV-10-016/STRATEGY.json","VERIFIED","behavioral:cartridge_wave_de_test.rs","no","dominio sin productor en esta oleada (derivados/NFT/intents)","yes","yes:cartridge+canon+manifest","yes","no","no","no","no","no"
"MEV-10-017","mev_10","NFT, juegos y activos no fungibles","nft_engine","NFT","N_REDEEM","redemption","DETERMINISTIC_IF_REDEEMABLE","2","8","Condicional","No","No","No","6","op_19 Simplex; op_21 Newton-Raphson; op_13 Regression","op_08 Kalman; op_11 Bayes; op_22 Monte Carlo","7","conversion_contract_valid;redemption_within_limits;component_quotes_firm;delay_costed;settlement_executable;strategy_specific_note_verified;native_risk_and_impact_policy","NEEDS_ROUTE_DATA","READY_FOR_CARTRIDGE_MIGRATION","PAPER","YES","backend/searcher-rs/cartridges/strategies/mev_10_017_bundle_unbundle_nft_arbitrage.rhai","skills/arbitragex-ultra/strategies/MEV-10-017/STRATEGY.json","VERIFIED","behavioral:cartridge_wave_de_test.rs","no","dominio sin productor en esta oleada (derivados/NFT/intents)","yes","yes:cartridge+canon+manifest","yes","no","no","no","no","no"
"MEV-10-018","mev_10","NFT, juegos y activos no fungibles","nft_engine","NFT","N_REDEEM","redemption","DETERMINISTIC_IF_REDEEMABLE","2","8","Condicional","No","No","No","6","op_19 Simplex; op_21 Newton-Raphson; op_13 Regression","op_08 Kalman; op_11 Bayes; op_22 Monte Carlo","7","conversion_contract_valid;redemption_within_limits;component_quotes_firm;delay_costed;settlement_executable;strategy_specific_note_verified;native_risk_and_impact_policy","NEEDS_ROUTE_DATA","READY_FOR_CARTRIDGE_MIGRATION","PAPER","YES","backend/searcher-rs/cartridges/strategies/mev_10_018_redeemable_nft_arbitrage.rhai","skills/arbitragex-ultra/strategies/MEV-10-018/STRATEGY.json","VERIFIED","behavioral:cartridge_wave_de_test.rs","no","dominio sin productor en esta oleada (derivados/NFT/intents)","yes","yes:cartridge+canon+manifest","yes","no","no","no","no","no"
"MEV-11-001","mev_11","Prediction markets y mercados condicionales","prediction_engine","PREDICTION","M_COMPLETE","payoff_portfolio","DETERMINISTIC_IF_COMPLETE_SET","2","12","Condicional","No","No","No","6","op_19 Simplex; op_21 Newton-Raphson; op_11 Bayes","op_08 Kalman; op_14 KL divergence; op_22 Monte Carlo","10","same_underlying;payoff_model_complete;firm_all_legs;quantity_conservation;settlement_executable;exhaustive_mutually_exclusive_partition;actual_collateral_payout;split_merge_available;strategy_specific_note_verified;native_risk_and_impact_policy","NEEDS_ROUTE_DATA","READY_FOR_CARTRIDGE_MIGRATION","PAPER","YES","backend/searcher-rs/cartridges/strategies/mev_11_001_binary_complement_arbitrage.rhai","skills/arbitragex-ultra/strategies/MEV-11-001/STRATEGY.json","VERIFIED","behavioral:cartridge_wave_de_test.rs","no","dominio sin productor en esta oleada (derivados/NFT/intents)","yes","yes:cartridge+canon+manifest","yes","no","no","no","no","no"
"MEV-11-002","mev_11","Prediction markets y mercados condicionales","prediction_engine","PREDICTION","M_COMPLETE","payoff_portfolio","DETERMINISTIC_IF_COMPLETE_SET","2","12","Condicional","No","No","No","6","op_19 Simplex; op_21 Newton-Raphson; op_11 Bayes","op_08 Kalman; op_14 KL divergence; op_22 Monte Carlo","10","same_underlying;payoff_model_complete;firm_all_legs;quantity_conservation;settlement_executable;exhaustive_mutually_exclusive_partition;actual_collateral_payout;split_merge_available;strategy_specific_note_verified;native_risk_and_impact_policy","NEEDS_ROUTE_DATA","READY_FOR_CARTRIDGE_MIGRATION","PAPER","YES","backend/searcher-rs/cartridges/strategies/mev_11_002_complete_set_arbitrage.rhai","skills/arbitragex-ultra/strategies/MEV-11-002/STRATEGY.json","VERIFIED","behavioral:cartridge_wave_de_test.rs","no","dominio sin productor en esta oleada (derivados/NFT/intents)","yes","yes:cartridge+canon+manifest","yes","no","no","no","no","no"
"MEV-11-003","mev_11","Prediction markets y mercados condicionales","prediction_engine","PREDICTION","M_CROSS","firm_pair","EXTERNAL_DATA_REQUIRED","2","12","Condicional","No","No","No","6","op_08 Kalman; op_11 Bayes; op_13 Regression","op_14 KL divergence; op_22 Monte Carlo; op_23 Queueing","8","same_economic_asset;matched_quantity;firm_depth;inventory_available;settlement_executable;same_event_and_resolution_rules;strategy_specific_note_verified;native_risk_and_impact_policy","NEEDS_ROUTE_DATA","READY_FOR_CARTRIDGE_MIGRATION","PAPER","YES","backend/searcher-rs/cartridges/strategies/mev_11_003_cross_platform_prediction_arbitrage.rhai","skills/arbitragex-ultra/strategies/MEV-11-003/STRATEGY.json","VERIFIED","behavioral:cartridge_wave_de_test.rs","no","dominio sin productor en esta oleada (derivados/NFT/intents)","yes","yes:cartridge+canon+manifest","yes","no","no","no","no","no"
"MEV-11-004","mev_11","Prediction markets y mercados condicionales","prediction_engine","PREDICTION","M_LOGIC","payoff_portfolio","DETERMINISTIC_IF_PAYOFF_MODEL","2","12","Condicional","No","No","No","5","op_19 Simplex; op_11 Bayes; op_14 KL divergence","op_13 Regression; op_22 Monte Carlo","9","same_underlying;payoff_model_complete;firm_all_legs;quantity_conservation;settlement_executable;payoff_states_exhaustive;worst_case_nonnegative;strategy_specific_note_verified;native_risk_and_impact_policy","NEEDS_ROUTE_DATA","READY_FOR_CARTRIDGE_MIGRATION","PAPER","YES","backend/searcher-rs/cartridges/strategies/mev_11_004_mutually_exclusive_outcomes_arbitrage.rhai","skills/arbitragex-ultra/strategies/MEV-11-004/STRATEGY.json","VERIFIED","behavioral:cartridge_wave_de_test.rs","no","dominio sin productor en esta oleada (derivados/NFT/intents)","yes","yes:cartridge+canon+manifest","yes","no","no","no","no","no"
"MEV-11-005","mev_11","Prediction markets y mercados condicionales","prediction_engine","PREDICTION","M_COMPLETE","payoff_portfolio","DETERMINISTIC_IF_COMPLETE_SET","3","16","Condicional","No","No","No","6","op_19 Simplex; op_21 Newton-Raphson; op_11 Bayes","op_08 Kalman; op_14 KL divergence; op_22 Monte Carlo","10","same_underlying;payoff_model_complete;firm_all_legs;quantity_conservation;settlement_executable;exhaustive_mutually_exclusive_partition;actual_collateral_payout;split_merge_available;strategy_specific_note_verified;native_risk_and_impact_policy","NEEDS_ROUTE_DATA","READY_FOR_CARTRIDGE_MIGRATION","PAPER","YES","backend/searcher-rs/cartridges/strategies/mev_11_005_exhaustive_outcome_basket_arbitrage.rhai","skills/arbitragex-ultra/strategies/MEV-11-005/STRATEGY.json","VERIFIED","behavioral:cartridge_wave_de_test.rs","no","dominio sin productor en esta oleada (derivados/NFT/intents)","yes","yes:cartridge+canon+manifest","yes","no","no","no","no","no"
"MEV-11-006","mev_11","Prediction markets y mercados condicionales","prediction_engine","PREDICTION","M_LOGIC","payoff_portfolio","DETERMINISTIC_IF_PAYOFF_MODEL","2","12","Condicional","No","No","No","5","op_19 Simplex; op_11 Bayes; op_14 KL divergence","op_13 Regression; op_22 Monte Carlo","9","same_underlying;payoff_model_complete;firm_all_legs;quantity_conservation;settlement_executable;payoff_states_exhaustive;worst_case_nonnegative;strategy_specific_note_verified;native_risk_and_impact_policy","NEEDS_ROUTE_DATA","READY_FOR_CARTRIDGE_MIGRATION","PAPER","YES","backend/searcher-rs/cartridges/strategies/mev_11_006_conditional_token_arbitrage.rhai","skills/arbitragex-ultra/strategies/MEV-11-006/STRATEGY.json","VERIFIED","behavioral:cartridge_wave_de_test.rs","no","dominio sin productor en esta oleada (derivados/NFT/intents)","yes","yes:cartridge+canon+manifest","yes","no","no","no","no","no"
"MEV-11-007","mev_11","Prediction markets y mercados condicionales","prediction_engine","PREDICTION","M_LOGIC","payoff_portfolio","DETERMINISTIC_IF_PAYOFF_MODEL","2","12","Condicional","No","No","No","5","op_19 Simplex; op_11 Bayes; op_14 KL divergence","op_13 Regression; op_22 Monte Carlo","9","same_underlying;payoff_model_complete;firm_all_legs;quantity_conservation;settlement_executable;payoff_states_exhaustive;worst_case_nonnegative;strategy_specific_note_verified;native_risk_and_impact_policy","NEEDS_ROUTE_DATA","READY_FOR_CARTRIDGE_MIGRATION","PAPER","YES","backend/searcher-rs/cartridges/strategies/mev_11_007_nested_market_logical_arbitrage.rhai","skills/arbitragex-ultra/strategies/MEV-11-007/STRATEGY.json","VERIFIED","behavioral:cartridge_wave_de_test.rs","no","dominio sin productor en esta oleada (derivados/NFT/intents)","yes","yes:cartridge+canon+manifest","yes","no","no","no","no","no"
"MEV-11-008","mev_11","Prediction markets y mercados condicionales","prediction_engine","PREDICTION","M_LOGIC","payoff_portfolio","DETERMINISTIC_IF_PAYOFF_MODEL","2","12","Condicional","No","No","No","5","op_19 Simplex; op_11 Bayes; op_14 KL divergence","op_13 Regression; op_22 Monte Carlo","9","same_underlying;payoff_model_complete;firm_all_legs;quantity_conservation;settlement_executable;payoff_states_exhaustive;worst_case_nonnegative;strategy_specific_note_verified;native_risk_and_impact_policy","NEEDS_ROUTE_DATA","READY_FOR_CARTRIDGE_MIGRATION","PAPER","YES","backend/searcher-rs/cartridges/strategies/mev_11_008_correlated_event_arbitrage.rhai","skills/arbitragex-ultra/strategies/MEV-11-008/STRATEGY.json","VERIFIED","behavioral:cartridge_wave_de_test.rs","no","dominio sin productor en esta oleada (derivados/NFT/intents)","yes","yes:cartridge+canon+manifest","yes","no","no","no","no","no"
"MEV-11-009","mev_11","Prediction markets y mercados condicionales","prediction_engine","PREDICTION","OBSERVE","observe_only","OBSERVE_ONLY","2","12","Condicional","Sí","No","No","3","op_10 Welford; op_11 Bayes","op_22 Monte Carlo","0","","OBSERVE_ONLY","OBSERVE_ONLY_BY_DESIGN","PAPER","YES","backend/searcher-rs/cartridges/strategies/mev_11_009_resolution_source_arbitrage.rhai","skills/arbitragex-ultra/strategies/MEV-11-009/STRATEGY.json","VERIFIED","behavioral:cartridge_wave_de_test.rs","no","sin clasificar: NO productor verificado","yes","yes:cartridge+canon+manifest","yes","no","no","no","no","no"
"MEV-11-010","mev_11","Prediction markets y mercados condicionales","prediction_engine","PREDICTION","OBSERVE","observe_only","OBSERVE_ONLY","2","12","Condicional","Sí","No","No","3","op_10 Welford; op_11 Bayes","op_22 Monte Carlo","0","","OBSERVE_ONLY","OBSERVE_ONLY_BY_DESIGN","PAPER","YES","backend/searcher-rs/cartridges/strategies/mev_11_010_oracle_resolution_timing_arbitrage.rhai","skills/arbitragex-ultra/strategies/MEV-11-010/STRATEGY.json","VERIFIED","behavioral:cartridge_wave_de_test.rs","no","sin clasificar: NO productor verificado","yes","yes:cartridge+canon+manifest","yes","no","no","no","no","no"
"MEV-11-011","mev_11","Prediction markets y mercados condicionales","prediction_engine","PREDICTION","OBSERVE","observe_only","OBSERVE_ONLY","2","12","Condicional","Sí","No","No","3","op_10 Welford; op_11 Bayes","op_22 Monte Carlo","0","","OBSERVE_ONLY","OBSERVE_ONLY_BY_DESIGN","PAPER","YES","backend/searcher-rs/cartridges/strategies/mev_11_011_pre_resolution_settlement_arbitrage.rhai","skills/arbitragex-ultra/strategies/MEV-11-011/STRATEGY.json","VERIFIED","behavioral:cartridge_wave_de_test.rs","no","sin clasificar: NO productor verificado","yes","yes:cartridge+canon+manifest","yes","no","no","no","no","no"
"MEV-11-012","mev_11","Prediction markets y mercados condicionales","prediction_engine","PREDICTION","M_AMM","firm_pair","DETERMINISTIC_IF_MATCHED_CLAIM","2","12","Condicional","No","No","No","5","op_21 Newton-Raphson; op_08 Kalman; op_19 Simplex","op_11 Bayes; op_22 Monte Carlo","8","same_economic_asset;matched_quantity;firm_depth;inventory_available;settlement_executable;identical_payout_claim;strategy_specific_note_verified;native_risk_and_impact_policy","NEEDS_ROUTE_DATA","READY_FOR_CARTRIDGE_MIGRATION","PAPER","YES","backend/searcher-rs/cartridges/strategies/mev_11_012_prediction_amm_order_book_arbitrage.rhai","skills/arbitragex-ultra/strategies/MEV-11-012/STRATEGY.json","VERIFIED","behavioral:cartridge_wave_de_test.rs","no","dominio sin productor en esta oleada (derivados/NFT/intents)","yes","yes:cartridge+canon+manifest","yes","no","no","no","no","no"
