INVARIANTS | 1.584 obligaciones verificables,,,,,,,,,,,,
6 por estrategia. Cambios I01/I02/I04/I06 documentados en 20_CAMBIOS_FUENTES. No se certifican como cumplidos sin ejecutar pruebas.,,,,,,,,,,,,
Invariant_ID,MEV_ID,Group,Invariant_Class,Predicate,Mathematical/Software Rule,When Checked,Mandatory,Severity,Fail_Action,Strategy_Context,Estado_verificacion,Evidence_ID
MEV-01-001-I01,MEV-01-001,1,MODE,Mode/state semantics preserved,Comprobar clase y atomicidad declaradas: interfaces ejecutables + unidades y temporalidad consistentes. Un predicado literal TRUE no acredita implementación.,discovery + simulation,YES,CRITICAL,Completar predicado específico del detector/clase y su fixture.,Gas; slippage; competencia; revert; state drift,ESPECIFICADO,
MEV-01-001-I02,MEV-01-001,1,ACCOUNTING,All value flows conserved and all costs represented exactly once,Conservar unidades por activo: balances + aportes + borrow = outputs + repay + fees + residuales. No sumar cantidades de tokens distintos sin ledger/valoración.,simulation + reconciliation,YES,CRITICAL,Reconstruir flujos por activo y eliminar dobles conteos.,Gas; slippage; competencia; revert; state drift,ESPECIFICADO,
MEV-01-001-I03,MEV-01-001,1,SNAPSHOT,No invalid mixed-state comparison,all state bound to one snapshot/block unless strategy explicitly models non-atomic timing,discovery + quote,YES,CRITICAL,Actualizar snapshot y reconstruir cotización coherente por dominio.,Gas; slippage; competencia; revert; state drift,ESPECIFICADO,
MEV-01-001-I04,MEV-01-001,1,PROFIT,"Beneficio objetivo demostrable en el candidato, no garantizado por diseño","NP_signed = gross - costes; NP_prudent=NP_signed-reserve. Objetivo=MAX(min_usd,notional*(target+margin_bps/10000)); brecha=MAX(0,objetivo-NP_prudent). No ABS ni floor sobre PnL.",pre-execution,YES,CRITICAL,Optimizar tamaño/ruta/costes; recotizar hasta hallar candidato que cubra objetivo. No alterar datos para eliminar brecha.,Gas; slippage; competencia; revert; state drift,ESPECIFICADO,
MEV-01-001-I05,MEV-01-001,1,ATOMICITY,Repayment/finality obligations satisfied,if atomic: repay principal+fee in same atomic unit; else explicit inventory/finality exposure,simulation,YES,CRITICAL,Corregir deuda/allowance/callback o explicitar plan no atómico por dominio.,Gas; slippage; competencia; revert; state drift,ESPECIFICADO,
MEV-01-001-I06,MEV-01-001,1,EVIDENCE,Trazabilidad de datos y separación de simulación / resultado realizado,Antes: fixtures+simulación+versiones. Después: receipt/fills+ledger. Estado realizado requiere settlement; no exige 20 operaciones anteriores para implementar.,integración + después de settlement,YES,CRITICAL,Adjuntar evidencia correcta de esa etapa; no renombrar simulación como realizado.,Gas; slippage; competencia; revert; state drift,ESPECIFICADO,
MEV-01-002-I01,MEV-01-002,1,MODE,Mode/state semantics preserved,Comprobar clase y atomicidad declaradas: interfaces ejecutables + unidades y temporalidad consistentes. Un predicado literal TRUE no acredita implementación.,discovery + simulation,YES,CRITICAL,Completar predicado específico del detector/clase y su fixture.,Gas; slippage; competencia; revert; state drift,ESPECIFICADO,
MEV-01-002-I02,MEV-01-002,1,ACCOUNTING,All value flows conserved and all costs represented exactly once,Conservar unidades por activo: balances + aportes + borrow = outputs + repay + fees + residuales. No sumar cantidades de tokens distintos sin ledger/valoración.,simulation + reconciliation,YES,CRITICAL,Reconstruir flujos por activo y eliminar dobles conteos.,Gas; slippage; competencia; revert; state drift,ESPECIFICADO,
MEV-01-002-I03,MEV-01-002,1,SNAPSHOT,No invalid mixed-state comparison,all state bound to one snapshot/block unless strategy explicitly models non-atomic timing,discovery + quote,YES,CRITICAL,Actualizar snapshot y reconstruir cotización coherente por dominio.,Gas; slippage; competencia; revert; state drift,ESPECIFICADO,
MEV-01-002-I04,MEV-01-002,1,PROFIT,"Beneficio objetivo demostrable en el candidato, no garantizado por diseño","NP_signed = gross - costes; NP_prudent=NP_signed-reserve. Objetivo=MAX(min_usd,notional*(target+margin_bps/10000)); brecha=MAX(0,objetivo-NP_prudent). No ABS ni floor sobre PnL.",pre-execution,YES,CRITICAL,Optimizar tamaño/ruta/costes; recotizar hasta hallar candidato que cubra objetivo. No alterar datos para eliminar brecha.,Gas; slippage; competencia; revert; state drift,ESPECIFICADO,
MEV-01-002-I05,MEV-01-002,1,ATOMICITY,Repayment/finality obligations satisfied,if atomic: repay principal+fee in same atomic unit; else explicit inventory/finality exposure,simulation,YES,CRITICAL,Corregir deuda/allowance/callback o explicitar plan no atómico por dominio.,Gas; slippage; competencia; revert; state drift,ESPECIFICADO,
MEV-01-002-I06,MEV-01-002,1,EVIDENCE,Trazabilidad de datos y separación de simulación / resultado realizado,Antes: fixtures+simulación+versiones. Después: receipt/fills+ledger. Estado realizado requiere settlement; no exige 20 operaciones anteriores para implementar.,integración + después de settlement,YES,CRITICAL,Adjuntar evidencia correcta de esa etapa; no renombrar simulación como realizado.,Gas; slippage; competencia; revert; state drift,ESPECIFICADO,
MEV-01-003-I01,MEV-01-003,1,MODE,Mode/state semantics preserved,Comprobar clase y atomicidad declaradas: interfaces ejecutables + unidades y temporalidad consistentes. Un predicado literal TRUE no acredita implementación.,discovery + simulation,YES,CRITICAL,Completar predicado específico del detector/clase y su fixture.,Gas; slippage; competencia; revert; state drift,ESPECIFICADO,
MEV-01-003-I02,MEV-01-003,1,ACCOUNTING,All value flows conserved and all costs represented exactly once,Conservar unidades por activo: balances + aportes + borrow = outputs + repay + fees + residuales. No sumar cantidades de tokens distintos sin ledger/valoración.,simulation + reconciliation,YES,CRITICAL,Reconstruir flujos por activo y eliminar dobles conteos.,Gas; slippage; competencia; revert; state drift,ESPECIFICADO,
MEV-01-003-I03,MEV-01-003,1,SNAPSHOT,No invalid mixed-state comparison,all state bound to one snapshot/block unless strategy explicitly models non-atomic timing,discovery + quote,YES,CRITICAL,Actualizar snapshot y reconstruir cotización coherente por dominio.,Gas; slippage; competencia; revert; state drift,ESPECIFICADO,
MEV-01-003-I04,MEV-01-003,1,PROFIT,"Beneficio objetivo demostrable en el candidato, no garantizado por diseño","NP_signed = gross - costes; NP_prudent=NP_signed-reserve. Objetivo=MAX(min_usd,notional*(target+margin_bps/10000)); brecha=MAX(0,objetivo-NP_prudent). No ABS ni floor sobre PnL.",pre-execution,YES,CRITICAL,Optimizar tamaño/ruta/costes; recotizar hasta hallar candidato que cubra objetivo. No alterar datos para eliminar brecha.,Gas; slippage; competencia; revert; state drift,ESPECIFICADO,
MEV-01-003-I05,MEV-01-003,1,ATOMICITY,Repayment/finality obligations satisfied,if atomic: repay principal+fee in same atomic unit; else explicit inventory/finality exposure,simulation,YES,CRITICAL,Corregir deuda/allowance/callback o explicitar plan no atómico por dominio.,Gas; slippage; competencia; revert; state drift,ESPECIFICADO,
MEV-01-003-I06,MEV-01-003,1,EVIDENCE,Trazabilidad de datos y separación de simulación / resultado realizado,Antes: fixtures+simulación+versiones. Después: receipt/fills+ledger. Estado realizado requiere settlement; no exige 20 operaciones anteriores para implementar.,integración + después de settlement,YES,CRITICAL,Adjuntar evidencia correcta de esa etapa; no renombrar simulación como realizado.,Gas; slippage; competencia; revert; state drift,ESPECIFICADO,
MEV-01-004-I01,MEV-01-004,1,MODE,Mode/state semantics preserved,Comprobar clase y atomicidad declaradas: interfaces ejecutables + unidades y temporalidad consistentes. Un predicado literal TRUE no acredita implementación.,discovery + simulation,YES,CRITICAL,Completar predicado específico del detector/clase y su fixture.,Gas; slippage; competencia; revert; state drift,ESPECIFICADO,
MEV-01-004-I02,MEV-01-004,1,ACCOUNTING,All value flows conserved and all costs represented exactly once,Conservar unidades por activo: balances + aportes + borrow = outputs + repay + fees + residuales. No sumar cantidades de tokens distintos sin ledger/valoración.,simulation + reconciliation,YES,CRITICAL,Reconstruir flujos por activo y eliminar dobles conteos.,Gas; slippage; competencia; revert; state drift,ESPECIFICADO,
MEV-01-004-I03,MEV-01-004,1,SNAPSHOT,No invalid mixed-state comparison,all state bound to one snapshot/block unless strategy explicitly models non-atomic timing,discovery + quote,YES,CRITICAL,Actualizar snapshot y reconstruir cotización coherente por dominio.,Gas; slippage; competencia; revert; state drift,ESPECIFICADO,
MEV-01-004-I04,MEV-01-004,1,PROFIT,"Beneficio objetivo demostrable en el candidato, no garantizado por diseño","NP_signed = gross - costes; NP_prudent=NP_signed-reserve. Objetivo=MAX(min_usd,notional*(target+margin_bps/10000)); brecha=MAX(0,objetivo-NP_prudent). No ABS ni floor sobre PnL.",pre-execution,YES,CRITICAL,Optimizar tamaño/ruta/costes; recotizar hasta hallar candidato que cubra objetivo. No alterar datos para eliminar brecha.,Gas; slippage; competencia; revert; state drift,ESPECIFICADO,
MEV-01-004-I05,MEV-01-004,1,ATOMICITY,Repayment/finality obligations satisfied,if atomic: repay principal+fee in same atomic unit; else explicit inventory/finality exposure,simulation,YES,CRITICAL,Corregir deuda/allowance/callback o explicitar plan no atómico por dominio.,Gas; slippage; competencia; revert; state drift,ESPECIFICADO,
MEV-01-004-I06,MEV-01-004,1,EVIDENCE,Trazabilidad de datos y separación de simulación / resultado realizado,Antes: fixtures+simulación+versiones. Después: receipt/fills+ledger. Estado realizado requiere settlement; no exige 20 operaciones anteriores para implementar.,integración + después de settlement,YES,CRITICAL,Adjuntar evidencia correcta de esa etapa; no renombrar simulación como realizado.,Gas; slippage; competencia; revert; state drift,ESPECIFICADO,
MEV-01-005-I01,MEV-01-005,1,MODE,Mode/state semantics preserved,Comprobar clase y atomicidad declaradas: interfaces ejecutables + unidades y temporalidad consistentes. Un predicado literal TRUE no acredita implementación.,discovery + simulation,YES,CRITICAL,Completar predicado específico del detector/clase y su fixture.,Gas; slippage; competencia; revert; state drift,ESPECIFICADO,
MEV-01-005-I02,MEV-01-005,1,ACCOUNTING,All value flows conserved and all costs represented exactly once,Conservar unidades por activo: balances + aportes + borrow = outputs + repay + fees + residuales. No sumar cantidades de tokens distintos sin ledger/valoración.,simulation + reconciliation,YES,CRITICAL,Reconstruir flujos por activo y eliminar dobles conteos.,Gas; slippage; competencia; revert; state drift,ESPECIFICADO,
MEV-01-005-I03,MEV-01-005,1,SNAPSHOT,No invalid mixed-state comparison,all state bound to one snapshot/block unless strategy explicitly models non-atomic timing,discovery + quote,YES,CRITICAL,Actualizar snapshot y reconstruir cotización coherente por dominio.,Gas; slippage; competencia; revert; state drift,ESPECIFICADO,
MEV-01-005-I04,MEV-01-005,1,PROFIT,"Beneficio objetivo demostrable en el candidato, no garantizado por diseño","NP_signed = gross - costes; NP_prudent=NP_signed-reserve. Objetivo=MAX(min_usd,notional*(target+margin_bps/10000)); brecha=MAX(0,objetivo-NP_prudent). No ABS ni floor sobre PnL.",pre-execution,YES,CRITICAL,Optimizar tamaño/ruta/costes; recotizar hasta hallar candidato que cubra objetivo. No alterar datos para eliminar brecha.,Gas; slippage; competencia; revert; state drift,ESPECIFICADO,
MEV-01-005-I05,MEV-01-005,1,ATOMICITY,Repayment/finality obligations satisfied,if atomic: repay principal+fee in same atomic unit; else explicit inventory/finality exposure,simulation,YES,CRITICAL,Corregir deuda/allowance/callback o explicitar plan no atómico por dominio.,Gas; slippage; competencia; revert; state drift,ESPECIFICADO,
MEV-01-005-I06,MEV-01-005,1,EVIDENCE,Trazabilidad de datos y separación de simulación / resultado realizado,Antes: fixtures+simulación+versiones. Después: receipt/fills+ledger. Estado realizado requiere settlement; no exige 20 operaciones anteriores para implementar.,integración + después de settlement,YES,CRITICAL,Adjuntar evidencia correcta de esa etapa; no renombrar simulación como realizado.,Gas; slippage; competencia; revert; state drift,ESPECIFICADO,
MEV-01-006-I01,MEV-01-006,1,MODE,Mode/state semantics preserved,Comprobar clase y atomicidad declaradas: interfaces ejecutables + unidades y temporalidad consistentes. Un predicado literal TRUE no acredita implementación.,discovery + simulation,YES,CRITICAL,Completar predicado específico del detector/clase y su fixture.,Gas; slippage; competencia; revert; state drift,ESPECIFICADO,
MEV-01-006-I02,MEV-01-006,1,ACCOUNTING,All value flows conserved and all costs represented exactly once,Conservar unidades por activo: balances + aportes + borrow = outputs + repay + fees + residuales. No sumar cantidades de tokens distintos sin ledger/valoración.,simulation + reconciliation,YES,CRITICAL,Reconstruir flujos por activo y eliminar dobles conteos.,Gas; slippage; competencia; revert; state drift,ESPECIFICADO,
MEV-01-006-I03,MEV-01-006,1,SNAPSHOT,No invalid mixed-state comparison,all state bound to one snapshot/block unless strategy explicitly models non-atomic timing,discovery + quote,YES,CRITICAL,Actualizar snapshot y reconstruir cotización coherente por dominio.,Gas; slippage; competencia; revert; state drift,ESPECIFICADO,
MEV-01-006-I04,MEV-01-006,1,PROFIT,"Beneficio objetivo demostrable en el candidato, no garantizado por diseño","NP_signed = gross - costes; NP_prudent=NP_signed-reserve. Objetivo=MAX(min_usd,notional*(target+margin_bps/10000)); brecha=MAX(0,objetivo-NP_prudent). No ABS ni floor sobre PnL.",pre-execution,YES,CRITICAL,Optimizar tamaño/ruta/costes; recotizar hasta hallar candidato que cubra objetivo. No alterar datos para eliminar brecha.,Gas; slippage; competencia; revert; state drift,ESPECIFICADO,
MEV-01-006-I05,MEV-01-006,1,ATOMICITY,Repayment/finality obligations satisfied,if atomic: repay principal+fee in same atomic unit; else explicit inventory/finality exposure,simulation,YES,CRITICAL,Corregir deuda/allowance/callback o explicitar plan no atómico por dominio.,Gas; slippage; competencia; revert; state drift,ESPECIFICADO,
MEV-01-006-I06,MEV-01-006,1,EVIDENCE,Trazabilidad de datos y separación de simulación / resultado realizado,Antes: fixtures+simulación+versiones. Después: receipt/fills+ledger. Estado realizado requiere settlement; no exige 20 operaciones anteriores para implementar.,integración + después de settlement,YES,CRITICAL,Adjuntar evidencia correcta de esa etapa; no renombrar simulación como realizado.,Gas; slippage; competencia; revert; state drift,ESPECIFICADO,
MEV-01-007-I01,MEV-01-007,1,MODE,Mode/state semantics preserved,Comprobar clase y atomicidad declaradas: interfaces ejecutables + unidades y temporalidad consistentes. Un predicado literal TRUE no acredita implementación.,discovery + simulation,YES,CRITICAL,Completar predicado específico del detector/clase y su fixture.,Gas; slippage; competencia; revert; state drift,ESPECIFICADO,
MEV-01-007-I02,MEV-01-007,1,ACCOUNTING,All value flows conserved and all costs represented exactly once,Conservar unidades por activo: balances + aportes + borrow = outputs + repay + fees + residuales. No sumar cantidades de tokens distintos sin ledger/valoración.,simulation + reconciliation,YES,CRITICAL,Reconstruir flujos por activo y eliminar dobles conteos.,Gas; slippage; competencia; revert; state drift,ESPECIFICADO,
MEV-01-007-I03,MEV-01-007,1,SNAPSHOT,No invalid mixed-state comparison,all state bound to one snapshot/block unless strategy explicitly models non-atomic timing,discovery + quote,YES,CRITICAL,Actualizar snapshot y reconstruir cotización coherente por dominio.,Gas; slippage; competencia; revert; state drift,ESPECIFICADO,
MEV-01-007-I04,MEV-01-007,1,PROFIT,"Beneficio objetivo demostrable en el candidato, no garantizado por diseño","NP_signed = gross - costes; NP_prudent=NP_signed-reserve. Objetivo=MAX(min_usd,notional*(target+margin_bps/10000)); brecha=MAX(0,objetivo-NP_prudent). No ABS ni floor sobre PnL.",pre-execution,YES,CRITICAL,Optimizar tamaño/ruta/costes; recotizar hasta hallar candidato que cubra objetivo. No alterar datos para eliminar brecha.,Gas; slippage; competencia; revert; state drift,ESPECIFICADO,
MEV-01-007-I05,MEV-01-007,1,ATOMICITY,Repayment/finality obligations satisfied,if atomic: repay principal+fee in same atomic unit; else explicit inventory/finality exposure,simulation,YES,CRITICAL,Corregir deuda/allowance/callback o explicitar plan no atómico por dominio.,Gas; slippage; competencia; revert; state drift,ESPECIFICADO,
MEV-01-007-I06,MEV-01-007,1,EVIDENCE,Trazabilidad de datos y separación de simulación / resultado realizado,Antes: fixtures+simulación+versiones. Después: receipt/fills+ledger. Estado realizado requiere settlement; no exige 20 operaciones anteriores para implementar.,integración + después de settlement,YES,CRITICAL,Adjuntar evidencia correcta de esa etapa; no renombrar simulación como realizado.,Gas; slippage; competencia; revert; state drift,ESPECIFICADO,
MEV-01-008-I01,MEV-01-008,1,MODE,Mode/state semantics preserved,Comprobar clase y atomicidad declaradas: interfaces ejecutables + unidades y temporalidad consistentes. Un predicado literal TRUE no acredita implementación.,discovery + simulation,YES,CRITICAL,Completar predicado específico del detector/clase y su fixture.,Gas; slippage; competencia; revert; state drift,ESPECIFICADO,
MEV-01-008-I02,MEV-01-008,1,ACCOUNTING,All value flows conserved and all costs represented exactly once,Conservar unidades por activo: balances + aportes + borrow = outputs + repay + fees + residuales. No sumar cantidades de tokens distintos sin ledger/valoración.,simulation + reconciliation,YES,CRITICAL,Reconstruir flujos por activo y eliminar dobles conteos.,Gas; slippage; competencia; revert; state drift,ESPECIFICADO,
MEV-01-008-I03,MEV-01-008,1,SNAPSHOT,No invalid mixed-state comparison,all state bound to one snapshot/block unless strategy explicitly models non-atomic timing,discovery + quote,YES,CRITICAL,Actualizar snapshot y reconstruir cotización coherente por dominio.,Gas; slippage; competencia; revert; state drift,ESPECIFICADO,
MEV-01-008-I04,MEV-01-008,1,PROFIT,"Beneficio objetivo demostrable en el candidato, no garantizado por diseño","NP_signed = gross - costes; NP_prudent=NP_signed-reserve. Objetivo=MAX(min_usd,notional*(target+margin_bps/10000)); brecha=MAX(0,objetivo-NP_prudent). No ABS ni floor sobre PnL.",pre-execution,YES,CRITICAL,Optimizar tamaño/ruta/costes; recotizar hasta hallar candidato que cubra objetivo. No alterar datos para eliminar brecha.,Gas; slippage; competencia; revert; state drift,ESPECIFICADO,
MEV-01-008-I05,MEV-01-008,1,ATOMICITY,Repayment/finality obligations satisfied,if atomic: repay principal+fee in same atomic unit; else explicit inventory/finality exposure,simulation,YES,CRITICAL,Corregir deuda/allowance/callback o explicitar plan no atómico por dominio.,Gas; slippage; competencia; revert; state drift,ESPECIFICADO,
MEV-01-008-I06,MEV-01-008,1,EVIDENCE,Trazabilidad de datos y separación de simulación / resultado realizado,Antes: fixtures+simulación+versiones. Después: receipt/fills+ledger. Estado realizado requiere settlement; no exige 20 operaciones anteriores para implementar.,integración + después de settlement,YES,CRITICAL,Adjuntar evidencia correcta de esa etapa; no renombrar simulación como realizado.,Gas; slippage; competencia; revert; state drift,ESPECIFICADO,
MEV-01-009-I01,MEV-01-009,1,MODE,Mode/state semantics preserved,Comprobar clase y atomicidad declaradas: interfaces ejecutables + unidades y temporalidad consistentes. Un predicado literal TRUE no acredita implementación.,discovery + simulation,YES,CRITICAL,Completar predicado específico del detector/clase y su fixture.,Gas; slippage; competencia; revert; state drift,ESPECIFICADO,
MEV-01-009-I02,MEV-01-009,1,ACCOUNTING,All value flows conserved and all costs represented exactly once,Conservar unidades por activo: balances + aportes + borrow = outputs + repay + fees + residuales. No sumar cantidades de tokens distintos sin ledger/valoración.,simulation + reconciliation,YES,CRITICAL,Reconstruir flujos por activo y eliminar dobles conteos.,Gas; slippage; competencia; revert; state drift,ESPECIFICADO,
MEV-01-009-I03,MEV-01-009,1,SNAPSHOT,No invalid mixed-state comparison,all state bound to one snapshot/block unless strategy explicitly models non-atomic timing,discovery + quote,YES,CRITICAL,Actualizar snapshot y reconstruir cotización coherente por dominio.,Gas; slippage; competencia; revert; state drift,ESPECIFICADO,
MEV-01-009-I04,MEV-01-009,1,PROFIT,"Beneficio objetivo demostrable en el candidato, no garantizado por diseño","NP_signed = gross - costes; NP_prudent=NP_signed-reserve. Objetivo=MAX(min_usd,notional*(target+margin_bps/10000)); brecha=MAX(0,objetivo-NP_prudent). No ABS ni floor sobre PnL.",pre-execution,YES,CRITICAL,Optimizar tamaño/ruta/costes; recotizar hasta hallar candidato que cubra objetivo. No alterar datos para eliminar brecha.,Gas; slippage; competencia; revert; state drift,ESPECIFICADO,
MEV-01-009-I05,MEV-01-009,1,ATOMICITY,Repayment/finality obligations satisfied,if atomic: repay principal+fee in same atomic unit; else explicit inventory/finality exposure,simulation,YES,CRITICAL,Corregir deuda/allowance/callback o explicitar plan no atómico por dominio.,Gas; slippage; competencia; revert; state drift,ESPECIFICADO,
MEV-01-009-I06,MEV-01-009,1,EVIDENCE,Trazabilidad de datos y separación de simulación / resultado realizado,Antes: fixtures+simulación+versiones. Después: receipt/fills+ledger. Estado realizado requiere settlement; no exige 20 operaciones anteriores para implementar.,integración + después de settlement,YES,CRITICAL,Adjuntar evidencia correcta de esa etapa; no renombrar simulación como realizado.,Gas; slippage; competencia; revert; state drift,ESPECIFICADO,
MEV-01-010-I01,MEV-01-010,1,MODE,Mode/state semantics preserved,Comprobar clase y atomicidad declaradas: interfaces ejecutables + unidades y temporalidad consistentes. Un predicado literal TRUE no acredita implementación.,discovery + simulation,YES,CRITICAL,Completar predicado específico del detector/clase y su fixture.,Gas; slippage; competencia; revert; state drift,ESPECIFICADO,
MEV-01-010-I02,MEV-01-010,1,ACCOUNTING,All value flows conserved and all costs represented exactly once,Conservar unidades por activo: balances + aportes + borrow = outputs + repay + fees + residuales. No sumar cantidades de tokens distintos sin ledger/valoración.,simulation + reconciliation,YES,CRITICAL,Reconstruir flujos por activo y eliminar dobles conteos.,Gas; slippage; competencia; revert; state drift,ESPECIFICADO,
MEV-01-010-I03,MEV-01-010,1,SNAPSHOT,No invalid mixed-state comparison,all state bound to one snapshot/block unless strategy explicitly models non-atomic timing,discovery + quote,YES,CRITICAL,Actualizar snapshot y reconstruir cotización coherente por dominio.,Gas; slippage; competencia; revert; state drift,ESPECIFICADO,
MEV-01-010-I04,MEV-01-010,1,PROFIT,"Beneficio objetivo demostrable en el candidato, no garantizado por diseño","NP_signed = gross - costes; NP_prudent=NP_signed-reserve. Objetivo=MAX(min_usd,notional*(target+margin_bps/10000)); brecha=MAX(0,objetivo-NP_prudent). No ABS ni floor sobre PnL.",pre-execution,YES,CRITICAL,Optimizar tamaño/ruta/costes; recotizar hasta hallar candidato que cubra objetivo. No alterar datos para eliminar brecha.,Gas; slippage; competencia; revert; state drift,ESPECIFICADO,
MEV-01-010-I05,MEV-01-010,1,ATOMICITY,Repayment/finality obligations satisfied,if atomic: repay principal+fee in same atomic unit; else explicit inventory/finality exposure,simulation,YES,CRITICAL,Corregir deuda/allowance/callback o explicitar plan no atómico por dominio.,Gas; slippage; competencia; revert; state drift,ESPECIFICADO,
MEV-01-010-I06,MEV-01-010,1,EVIDENCE,Trazabilidad de datos y separación de simulación / resultado realizado,Antes: fixtures+simulación+versiones. Después: receipt/fills+ledger. Estado realizado requiere settlement; no exige 20 operaciones anteriores para implementar.,integración + después de settlement,YES,CRITICAL,Adjuntar evidencia correcta de esa etapa; no renombrar simulación como realizado.,Gas; slippage; competencia; revert; state drift,ESPECIFICADO,
MEV-01-011-I01,MEV-01-011,1,MODE,Mode/state semantics preserved,Comprobar clase y atomicidad declaradas: interfaces ejecutables + unidades y temporalidad consistentes. Un predicado literal TRUE no acredita implementación.,discovery + simulation,YES,CRITICAL,Completar predicado específico del detector/clase y su fixture.,Gas; slippage; competencia; revert; state drift,ESPECIFICADO,
MEV-01-011-I02,MEV-01-011,1,ACCOUNTING,All value flows conserved and all costs represented exactly once,Conservar unidades por activo: balances + aportes + borrow = outputs + repay + fees + residuales. No sumar cantidades de tokens distintos sin ledger/valoración.,simulation + reconciliation,YES,CRITICAL,Reconstruir flujos por activo y eliminar dobles conteos.,Gas; slippage; competencia; revert; state drift,ESPECIFICADO,
MEV-01-011-I03,MEV-01-011,1,SNAPSHOT,No invalid mixed-state comparison,all state bound to one snapshot/block unless strategy explicitly models non-atomic timing,discovery + quote,YES,CRITICAL,Actualizar snapshot y reconstruir cotización coherente por dominio.,Gas; slippage; competencia; revert; state drift,ESPECIFICADO,
MEV-01-011-I04,MEV-01-011,1,PROFIT,"Beneficio objetivo demostrable en el candidato, no garantizado por diseño","NP_signed = gross - costes; NP_prudent=NP_signed-reserve. Objetivo=MAX(min_usd,notional*(target+margin_bps/10000)); brecha=MAX(0,objetivo-NP_prudent). No ABS ni floor sobre PnL.",pre-execution,YES,CRITICAL,Optimizar tamaño/ruta/costes; recotizar hasta hallar candidato que cubra objetivo. No alterar datos para eliminar brecha.,Gas; slippage; competencia; revert; state drift,ESPECIFICADO,
MEV-01-011-I05,MEV-01-011,1,ATOMICITY,Repayment/finality obligations satisfied,if atomic: repay principal+fee in same atomic unit; else explicit inventory/finality exposure,simulation,YES,CRITICAL,Corregir deuda/allowance/callback o explicitar plan no atómico por dominio.,Gas; slippage; competencia; revert; state drift,ESPECIFICADO,
MEV-01-011-I06,MEV-01-011,1,EVIDENCE,Trazabilidad de datos y separación de simulación / resultado realizado,Antes: fixtures+simulación+versiones. Después: receipt/fills+ledger. Estado realizado requiere settlement; no exige 20 operaciones anteriores para implementar.,integración + después de settlement,YES,CRITICAL,Adjuntar evidencia correcta de esa etapa; no renombrar simulación como realizado.,Gas; slippage; competencia; revert; state drift,ESPECIFICADO,
MEV-01-012-I01,MEV-01-012,1,MODE,Mode/state semantics preserved,Comprobar clase y atomicidad declaradas: interfaces ejecutables + unidades y temporalidad consistentes. Un predicado literal TRUE no acredita implementación.,discovery + simulation,YES,CRITICAL,Completar predicado específico del detector/clase y su fixture.,Gas; slippage; competencia; revert; state drift,ESPECIFICADO,
MEV-01-012-I02,MEV-01-012,1,ACCOUNTING,All value flows conserved and all costs represented exactly once,Conservar unidades por activo: balances + aportes + borrow = outputs + repay + fees + residuales. No sumar cantidades de tokens distintos sin ledger/valoración.,simulation + reconciliation,YES,CRITICAL,Reconstruir flujos por activo y eliminar dobles conteos.,Gas; slippage; competencia; revert; state drift,ESPECIFICADO,
MEV-01-012-I03,MEV-01-012,1,SNAPSHOT,No invalid mixed-state comparison,all state bound to one snapshot/block unless strategy explicitly models non-atomic timing,discovery + quote,YES,CRITICAL,Actualizar snapshot y reconstruir cotización coherente por dominio.,Gas; slippage; competencia; revert; state drift,ESPECIFICADO,
MEV-01-012-I04,MEV-01-012,1,PROFIT,"Beneficio objetivo demostrable en el candidato, no garantizado por diseño","NP_signed = gross - costes; NP_prudent=NP_signed-reserve. Objetivo=MAX(min_usd,notional*(target+margin_bps/10000)); brecha=MAX(0,objetivo-NP_prudent). No ABS ni floor sobre PnL.",pre-execution,YES,CRITICAL,Optimizar tamaño/ruta/costes; recotizar hasta hallar candidato que cubra objetivo. No alterar datos para eliminar brecha.,Gas; slippage; competencia; revert; state drift,ESPECIFICADO,
MEV-01-012-I05,MEV-01-012,1,ATOMICITY,Repayment/finality obligations satisfied,if atomic: repay principal+fee in same atomic unit; else explicit inventory/finality exposure,simulation,YES,CRITICAL,Corregir deuda/allowance/callback o explicitar plan no atómico por dominio.,Gas; slippage; competencia; revert; state drift,ESPECIFICADO,
MEV-01-012-I06,MEV-01-012,1,EVIDENCE,Trazabilidad de datos y separación de simulación / resultado realizado,Antes: fixtures+simulación+versiones. Después: receipt/fills+ledger. Estado realizado requiere settlement; no exige 20 operaciones anteriores para implementar.,integración + después de settlement,YES,CRITICAL,Adjuntar evidencia correcta de esa etapa; no renombrar simulación como realizado.,Gas; slippage; competencia; revert; state drift,ESPECIFICADO,
MEV-01-013-I01,MEV-01-013,1,MODE,Mode/state semantics preserved,Comprobar clase y atomicidad declaradas: interfaces ejecutables + unidades y temporalidad consistentes. Un predicado literal TRUE no acredita implementación.,discovery + simulation,YES,CRITICAL,Completar predicado específico del detector/clase y su fixture.,Gas; slippage; competencia; revert; state drift,ESPECIFICADO,
MEV-01-013-I02,MEV-01-013,1,ACCOUNTING,All value flows conserved and all costs represented exactly once,Conservar unidades por activo: balances + aportes + borrow = outputs + repay + fees + residuales. No sumar cantidades de tokens distintos sin ledger/valoración.,simulation + reconciliation,YES,CRITICAL,Reconstruir flujos por activo y eliminar dobles conteos.,Gas; slippage; competencia; revert; state drift,ESPECIFICADO,
MEV-01-013-I03,MEV-01-013,1,SNAPSHOT,No invalid mixed-state comparison,all state bound to one snapshot/block unless strategy explicitly models non-atomic timing,discovery + quote,YES,CRITICAL,Actualizar snapshot y reconstruir cotización coherente por dominio.,Gas; slippage; competencia; revert; state drift,ESPECIFICADO,
MEV-01-013-I04,MEV-01-013,1,PROFIT,"Beneficio objetivo demostrable en el candidato, no garantizado por diseño","NP_signed = gross - costes; NP_prudent=NP_signed-reserve. Objetivo=MAX(min_usd,notional*(target+margin_bps/10000)); brecha=MAX(0,objetivo-NP_prudent). No ABS ni floor sobre PnL.",pre-execution,YES,CRITICAL,Optimizar tamaño/ruta/costes; recotizar hasta hallar candidato que cubra objetivo. No alterar datos para eliminar brecha.,Gas; slippage; competencia; revert; state drift,ESPECIFICADO,
MEV-01-013-I05,MEV-01-013,1,ATOMICITY,Repayment/finality obligations satisfied,if atomic: repay principal+fee in same atomic unit; else explicit inventory/finality exposure,simulation,YES,CRITICAL,Corregir deuda/allowance/callback o explicitar plan no atómico por dominio.,Gas; slippage; competencia; revert; state drift,ESPECIFICADO,
MEV-01-013-I06,MEV-01-013,1,EVIDENCE,Trazabilidad de datos y separación de simulación / resultado realizado,Antes: fixtures+simulación+versiones. Después: receipt/fills+ledger. Estado realizado requiere settlement; no exige 20 operaciones anteriores para implementar.,integración + después de settlement,YES,CRITICAL,Adjuntar evidencia correcta de esa etapa; no renombrar simulación como realizado.,Gas; slippage; competencia; revert; state drift,ESPECIFICADO,
MEV-01-014-I01,MEV-01-014,1,MODE,Mode/state semantics preserved,Comprobar clase y atomicidad declaradas: interfaces ejecutables + unidades y temporalidad consistentes. Un predicado literal TRUE no acredita implementación.,discovery + simulation,YES,CRITICAL,Completar predicado específico del detector/clase y su fixture.,Gas; slippage; competencia; revert; state drift,ESPECIFICADO,
MEV-01-014-I02,MEV-01-014,1,ACCOUNTING,All value flows conserved and all costs represented exactly once,Conservar unidades por activo: balances + aportes + borrow = outputs + repay + fees + residuales. No sumar cantidades de tokens distintos sin ledger/valoración.,simulation + reconciliation,YES,CRITICAL,Reconstruir flujos por activo y eliminar dobles conteos.,Gas; slippage; competencia; revert; state drift,ESPECIFICADO,
MEV-01-014-I03,MEV-01-014,1,SNAPSHOT,No invalid mixed-state comparison,all state bound to one snapshot/block unless strategy explicitly models non-atomic timing,discovery + quote,YES,CRITICAL,Actualizar snapshot y reconstruir cotización coherente por dominio.,Gas; slippage; competencia; revert; state drift,ESPECIFICADO,
MEV-01-014-I04,MEV-01-014,1,PROFIT,"Beneficio objetivo demostrable en el candidato, no garantizado por diseño","NP_signed = gross - costes; NP_prudent=NP_signed-reserve. Objetivo=MAX(min_usd,notional*(target+margin_bps/10000)); brecha=MAX(0,objetivo-NP_prudent). No ABS ni floor sobre PnL.",pre-execution,YES,CRITICAL,Optimizar tamaño/ruta/costes; recotizar hasta hallar candidato que cubra objetivo. No alterar datos para eliminar brecha.,Gas; slippage; competencia; revert; state drift,ESPECIFICADO,
MEV-01-014-I05,MEV-01-014,1,ATOMICITY,Repayment/finality obligations satisfied,if atomic: repay principal+fee in same atomic unit; else explicit inventory/finality exposure,simulation,YES,CRITICAL,Corregir deuda/allowance/callback o explicitar plan no atómico por dominio.,Gas; slippage; competencia; revert; state drift,ESPECIFICADO,
MEV-01-014-I06,MEV-01-014,1,EVIDENCE,Trazabilidad de datos y separación de simulación / resultado realizado,Antes: fixtures+simulación+versiones. Después: receipt/fills+ledger. Estado realizado requiere settlement; no exige 20 operaciones anteriores para implementar.,integración + después de settlement,YES,CRITICAL,Adjuntar evidencia correcta de esa etapa; no renombrar simulación como realizado.,Gas; slippage; competencia; revert; state drift,ESPECIFICADO,
MEV-01-015-I01,MEV-01-015,1,MODE,Mode/state semantics preserved,Comprobar clase y atomicidad declaradas: interfaces ejecutables + unidades y temporalidad consistentes. Un predicado literal TRUE no acredita implementación.,discovery + simulation,YES,CRITICAL,Completar predicado específico del detector/clase y su fixture.,Gas; slippage; competencia; revert; state drift,ESPECIFICADO,
MEV-01-015-I02,MEV-01-015,1,ACCOUNTING,All value flows conserved and all costs represented exactly once,Conservar unidades por activo: balances + aportes + borrow = outputs + repay + fees + residuales. No sumar cantidades de tokens distintos sin ledger/valoración.,simulation + reconciliation,YES,CRITICAL,Reconstruir flujos por activo y eliminar dobles conteos.,Gas; slippage; competencia; revert; state drift,ESPECIFICADO,
MEV-01-015-I03,MEV-01-015,1,SNAPSHOT,No invalid mixed-state comparison,all state bound to one snapshot/block unless strategy explicitly models non-atomic timing,discovery + quote,YES,CRITICAL,Actualizar snapshot y reconstruir cotización coherente por dominio.,Gas; slippage; competencia; revert; state drift,ESPECIFICADO,
MEV-01-015-I04,MEV-01-015,1,PROFIT,"Beneficio objetivo demostrable en el candidato, no garantizado por diseño","NP_signed = gross - costes; NP_prudent=NP_signed-reserve. Objetivo=MAX(min_usd,notional*(target+margin_bps/10000)); brecha=MAX(0,objetivo-NP_prudent). No ABS ni floor sobre PnL.",pre-execution,YES,CRITICAL,Optimizar tamaño/ruta/costes; recotizar hasta hallar candidato que cubra objetivo. No alterar datos para eliminar brecha.,Gas; slippage; competencia; revert; state drift,ESPECIFICADO,
MEV-01-015-I05,MEV-01-015,1,ATOMICITY,Repayment/finality obligations satisfied,if atomic: repay principal+fee in same atomic unit; else explicit inventory/finality exposure,simulation,YES,CRITICAL,Corregir deuda/allowance/callback o explicitar plan no atómico por dominio.,Gas; slippage; competencia; revert; state drift,ESPECIFICADO,
MEV-01-015-I06,MEV-01-015,1,EVIDENCE,Trazabilidad de datos y separación de simulación / resultado realizado,Antes: fixtures+simulación+versiones. Después: receipt/fills+ledger. Estado realizado requiere settlement; no exige 20 operaciones anteriores para implementar.,integración + después de settlement,YES,CRITICAL,Adjuntar evidencia correcta de esa etapa; no renombrar simulación como realizado.,Gas; slippage; competencia; revert; state drift,ESPECIFICADO,
MEV-01-016-I01,MEV-01-016,1,MODE,Mode/state semantics preserved,Comprobar clase y atomicidad declaradas: interfaces ejecutables + unidades y temporalidad consistentes. Un predicado literal TRUE no acredita implementación.,discovery + simulation,YES,CRITICAL,Completar predicado específico del detector/clase y su fixture.,Gas; slippage; competencia; revert; state drift,ESPECIFICADO,
MEV-01-016-I02,MEV-01-016,1,ACCOUNTING,All value flows conserved and all costs represented exactly once,Conservar unidades por activo: balances + aportes + borrow = outputs + repay + fees + residuales. No sumar cantidades de tokens distintos sin ledger/valoración.,simulation + reconciliation,YES,CRITICAL,Reconstruir flujos por activo y eliminar dobles conteos.,Gas; slippage; competencia; revert; state drift,ESPECIFICADO,
MEV-01-016-I03,MEV-01-016,1,SNAPSHOT,No invalid mixed-state comparison,all state bound to one snapshot/block unless strategy explicitly models non-atomic timing,discovery + quote,YES,CRITICAL,Actualizar snapshot y reconstruir cotización coherente por dominio.,Gas; slippage; competencia; revert; state drift,ESPECIFICADO,
MEV-01-016-I04,MEV-01-016,1,PROFIT,"Beneficio objetivo demostrable en el candidato, no garantizado por diseño","NP_signed = gross - costes; NP_prudent=NP_signed-reserve. Objetivo=MAX(min_usd,notional*(target+margin_bps/10000)); brecha=MAX(0,objetivo-NP_prudent). No ABS ni floor sobre PnL.",pre-execution,YES,CRITICAL,Optimizar tamaño/ruta/costes; recotizar hasta hallar candidato que cubra objetivo. No alterar datos para eliminar brecha.,Gas; slippage; competencia; revert; state drift,ESPECIFICADO,
MEV-01-016-I05,MEV-01-016,1,ATOMICITY,Repayment/finality obligations satisfied,if atomic: repay principal+fee in same atomic unit; else explicit inventory/finality exposure,simulation,YES,CRITICAL,Corregir deuda/allowance/callback o explicitar plan no atómico por dominio.,Gas; slippage; competencia; revert; state drift,ESPECIFICADO,
MEV-01-016-I06,MEV-01-016,1,EVIDENCE,Trazabilidad de datos y separación de simulación / resultado realizado,Antes: fixtures+simulación+versiones. Después: receipt/fills+ledger. Estado realizado requiere settlement; no exige 20 operaciones anteriores para implementar.,integración + después de settlement,YES,CRITICAL,Adjuntar evidencia correcta de esa etapa; no renombrar simulación como realizado.,Gas; slippage; competencia; revert; state drift,ESPECIFICADO,
MEV-01-017-I01,MEV-01-017,1,MODE,Mode/state semantics preserved,Comprobar clase y atomicidad declaradas: interfaces ejecutables + unidades y temporalidad consistentes. Un predicado literal TRUE no acredita implementación.,discovery + simulation,YES,CRITICAL,Completar predicado específico del detector/clase y su fixture.,Gas; slippage; competencia; revert; state drift,ESPECIFICADO,
MEV-01-017-I02,MEV-01-017,1,ACCOUNTING,All value flows conserved and all costs represented exactly once,Conservar unidades por activo: balances + aportes + borrow = outputs + repay + fees + residuales. No sumar cantidades de tokens distintos sin ledger/valoración.,simulation + reconciliation,YES,CRITICAL,Reconstruir flujos por activo y eliminar dobles conteos.,Gas; slippage; competencia; revert; state drift,ESPECIFICADO,
MEV-01-017-I03,MEV-01-017,1,SNAPSHOT,No invalid mixed-state comparison,all state bound to one snapshot/block unless strategy explicitly models non-atomic timing,discovery + quote,YES,CRITICAL,Actualizar snapshot y reconstruir cotización coherente por dominio.,Gas; slippage; competencia; revert; state drift,ESPECIFICADO,
MEV-01-017-I04,MEV-01-017,1,PROFIT,"Beneficio objetivo demostrable en el candidato, no garantizado por diseño","NP_signed = gross - costes; NP_prudent=NP_signed-reserve. Objetivo=MAX(min_usd,notional*(target+margin_bps/10000)); brecha=MAX(0,objetivo-NP_prudent). No ABS ni floor sobre PnL.",pre-execution,YES,CRITICAL,Optimizar tamaño/ruta/costes; recotizar hasta hallar candidato que cubra objetivo. No alterar datos para eliminar brecha.,Gas; slippage; competencia; revert; state drift,ESPECIFICADO,
MEV-01-017-I05,MEV-01-017,1,ATOMICITY,Repayment/finality obligations satisfied,if atomic: repay principal+fee in same atomic unit; else explicit inventory/finality exposure,simulation,YES,CRITICAL,Corregir deuda/allowance/callback o explicitar plan no atómico por dominio.,Gas; slippage; competencia; revert; state drift,ESPECIFICADO,
MEV-01-017-I06,MEV-01-017,1,EVIDENCE,Trazabilidad de datos y separación de simulación / resultado realizado,Antes: fixtures+simulación+versiones. Después: receipt/fills+ledger. Estado realizado requiere settlement; no exige 20 operaciones anteriores para implementar.,integración + después de settlement,YES,CRITICAL,Adjuntar evidencia correcta de esa etapa; no renombrar simulación como realizado.,Gas; slippage; competencia; revert; state drift,ESPECIFICADO,
MEV-01-018-I01,MEV-01-018,1,MODE,Mode/state semantics preserved,Comprobar clase y atomicidad declaradas: interfaces ejecutables + unidades y temporalidad consistentes. Un predicado literal TRUE no acredita implementación.,discovery + simulation,YES,CRITICAL,Completar predicado específico del detector/clase y su fixture.,Gas; slippage; competencia; revert; state drift,ESPECIFICADO,
MEV-01-018-I02,MEV-01-018,1,ACCOUNTING,All value flows conserved and all costs represented exactly once,Conservar unidades por activo: balances + aportes + borrow = outputs + repay + fees + residuales. No sumar cantidades de tokens distintos sin ledger/valoración.,simulation + reconciliation,YES,CRITICAL,Reconstruir flujos por activo y eliminar dobles conteos.,Gas; slippage; competencia; revert; state drift,ESPECIFICADO,
MEV-01-018-I03,MEV-01-018,1,SNAPSHOT,No invalid mixed-state comparison,all state bound to one snapshot/block unless strategy explicitly models non-atomic timing,discovery + quote,YES,CRITICAL,Actualizar snapshot y reconstruir cotización coherente por dominio.,Gas; slippage; competencia; revert; state drift,ESPECIFICADO,
MEV-01-018-I04,MEV-01-018,1,PROFIT,"Beneficio objetivo demostrable en el candidato, no garantizado por diseño","NP_signed = gross - costes; NP_prudent=NP_signed-reserve. Objetivo=MAX(min_usd,notional*(target+margin_bps/10000)); brecha=MAX(0,objetivo-NP_prudent). No ABS ni floor sobre PnL.",pre-execution,YES,CRITICAL,Optimizar tamaño/ruta/costes; recotizar hasta hallar candidato que cubra objetivo. No alterar datos para eliminar brecha.,Gas; slippage; competencia; revert; state drift,ESPECIFICADO,
MEV-01-018-I05,MEV-01-018,1,ATOMICITY,Repayment/finality obligations satisfied,if atomic: repay principal+fee in same atomic unit; else explicit inventory/finality exposure,simulation,YES,CRITICAL,Corregir deuda/allowance/callback o explicitar plan no atómico por dominio.,Gas; slippage; competencia; revert; state drift,ESPECIFICADO,
MEV-01-018-I06,MEV-01-018,1,EVIDENCE,Trazabilidad de datos y separación de simulación / resultado realizado,Antes: fixtures+simulación+versiones. Después: receipt/fills+ledger. Estado realizado requiere settlement; no exige 20 operaciones anteriores para implementar.,integración + después de settlement,YES,CRITICAL,Adjuntar evidencia correcta de esa etapa; no renombrar simulación como realizado.,Gas; slippage; competencia; revert; state drift,ESPECIFICADO,
MEV-01-019-I01,MEV-01-019,1,MODE,Mode/state semantics preserved,Comprobar clase y atomicidad declaradas: interfaces ejecutables + unidades y temporalidad consistentes. Un predicado literal TRUE no acredita implementación.,discovery + simulation,YES,CRITICAL,Completar predicado específico del detector/clase y su fixture.,Gas; slippage; competencia; revert; state drift,ESPECIFICADO,
MEV-01-019-I02,MEV-01-019,1,ACCOUNTING,All value flows conserved and all costs represented exactly once,Conservar unidades por activo: balances + aportes + borrow = outputs + repay + fees + residuales. No sumar cantidades de tokens distintos sin ledger/valoración.,simulation + reconciliation,YES,CRITICAL,Reconstruir flujos por activo y eliminar dobles conteos.,Gas; slippage; competencia; revert; state drift,ESPECIFICADO,
MEV-01-019-I03,MEV-01-019,1,SNAPSHOT,No invalid mixed-state comparison,all state bound to one snapshot/block unless strategy explicitly models non-atomic timing,discovery + quote,YES,CRITICAL,Actualizar snapshot y reconstruir cotización coherente por dominio.,Gas; slippage; competencia; revert; state drift,ESPECIFICADO,
MEV-01-019-I04,MEV-01-019,1,PROFIT,"Beneficio objetivo demostrable en el candidato, no garantizado por diseño","NP_signed = gross - costes; NP_prudent=NP_signed-reserve. Objetivo=MAX(min_usd,notional*(target+margin_bps/10000)); brecha=MAX(0,objetivo-NP_prudent). No ABS ni floor sobre PnL.",pre-execution,YES,CRITICAL,Optimizar tamaño/ruta/costes; recotizar hasta hallar candidato que cubra objetivo. No alterar datos para eliminar brecha.,Gas; slippage; competencia; revert; state drift,ESPECIFICADO,
MEV-01-019-I05,MEV-01-019,1,ATOMICITY,Repayment/finality obligations satisfied,if atomic: repay principal+fee in same atomic unit; else explicit inventory/finality exposure,simulation,YES,CRITICAL,Corregir deuda/allowance/callback o explicitar plan no atómico por dominio.,Gas; slippage; competencia; revert; state drift,ESPECIFICADO,
MEV-01-019-I06,MEV-01-019,1,EVIDENCE,Trazabilidad de datos y separación de simulación / resultado realizado,Antes: fixtures+simulación+versiones. Después: receipt/fills+ledger. Estado realizado requiere settlement; no exige 20 operaciones anteriores para implementar.,integración + después de settlement,YES,CRITICAL,Adjuntar evidencia correcta de esa etapa; no renombrar simulación como realizado.,Gas; slippage; competencia; revert; state drift,ESPECIFICADO,
MEV-01-020-I01,MEV-01-020,1,MODE,Mode/state semantics preserved,Comprobar clase y atomicidad declaradas: interfaces ejecutables + unidades y temporalidad consistentes. Un predicado literal TRUE no acredita implementación.,discovery + simulation,YES,CRITICAL,Completar predicado específico del detector/clase y su fixture.,Gas; slippage; competencia; revert; state drift,ESPECIFICADO,
MEV-01-020-I02,MEV-01-020,1,ACCOUNTING,All value flows conserved and all costs represented exactly once,Conservar unidades por activo: balances + aportes + borrow = outputs + repay + fees + residuales. No sumar cantidades de tokens distintos sin ledger/valoración.,simulation + reconciliation,YES,CRITICAL,Reconstruir flujos por activo y eliminar dobles conteos.,Gas; slippage; competencia; revert; state drift,ESPECIFICADO,
MEV-01-020-I03,MEV-01-020,1,SNAPSHOT,No invalid mixed-state comparison,all state bound to one snapshot/block unless strategy explicitly models non-atomic timing,discovery + quote,YES,CRITICAL,Actualizar snapshot y reconstruir cotización coherente por dominio.,Gas; slippage; competencia; revert; state drift,ESPECIFICADO,
MEV-01-020-I04,MEV-01-020,1,PROFIT,"Beneficio objetivo demostrable en el candidato, no garantizado por diseño","NP_signed = gross - costes; NP_prudent=NP_signed-reserve. Objetivo=MAX(min_usd,notional*(target+margin_bps/10000)); brecha=MAX(0,objetivo-NP_prudent). No ABS ni floor sobre PnL.",pre-execution,YES,CRITICAL,Optimizar tamaño/ruta/costes; recotizar hasta hallar candidato que cubra objetivo. No alterar datos para eliminar brecha.,Gas; slippage; competencia; revert; state drift,ESPECIFICADO,
MEV-01-020-I05,MEV-01-020,1,ATOMICITY,Repayment/finality obligations satisfied,if atomic: repay principal+fee in same atomic unit; else explicit inventory/finality exposure,simulation,YES,CRITICAL,Corregir deuda/allowance/callback o explicitar plan no atómico por dominio.,Gas; slippage; competencia; revert; state drift,ESPECIFICADO,
MEV-01-020-I06,MEV-01-020,1,EVIDENCE,Trazabilidad de datos y separación de simulación / resultado realizado,Antes: fixtures+simulación+versiones. Después: receipt/fills+ledger. Estado realizado requiere settlement; no exige 20 operaciones anteriores para implementar.,integración + después de settlement,YES,CRITICAL,Adjuntar evidencia correcta de esa etapa; no renombrar simulación como realizado.,Gas; slippage; competencia; revert; state drift,ESPECIFICADO,
MEV-01-021-I01,MEV-01-021,1,MODE,Mode/state semantics preserved,Comprobar clase y atomicidad declaradas: interfaces ejecutables + unidades y temporalidad consistentes. Un predicado literal TRUE no acredita implementación.,discovery + simulation,YES,CRITICAL,Completar predicado específico del detector/clase y su fixture.,Gas; slippage; competencia; revert; state drift,ESPECIFICADO,
MEV-01-021-I02,MEV-01-021,1,ACCOUNTING,All value flows conserved and all costs represented exactly once,Conservar unidades por activo: balances + aportes + borrow = outputs + repay + fees + residuales. No sumar cantidades de tokens distintos sin ledger/valoración.,simulation + reconciliation,YES,CRITICAL,Reconstruir flujos por activo y eliminar dobles conteos.,Gas; slippage; competencia; revert; state drift,ESPECIFICADO,
MEV-01-021-I03,MEV-01-021,1,SNAPSHOT,No invalid mixed-state comparison,all state bound to one snapshot/block unless strategy explicitly models non-atomic timing,discovery + quote,YES,CRITICAL,Actualizar snapshot y reconstruir cotización coherente por dominio.,Gas; slippage; competencia; revert; state drift,ESPECIFICADO,
MEV-01-021-I04,MEV-01-021,1,PROFIT,"Beneficio objetivo demostrable en el candidato, no garantizado por diseño","NP_signed = gross - costes; NP_prudent=NP_signed-reserve. Objetivo=MAX(min_usd,notional*(target+margin_bps/10000)); brecha=MAX(0,objetivo-NP_prudent). No ABS ni floor sobre PnL.",pre-execution,YES,CRITICAL,Optimizar tamaño/ruta/costes; recotizar hasta hallar candidato que cubra objetivo. No alterar datos para eliminar brecha.,Gas; slippage; competencia; revert; state drift,ESPECIFICADO,
MEV-01-021-I05,MEV-01-021,1,ATOMICITY,Repayment/finality obligations satisfied,if atomic: repay principal+fee in same atomic unit; else explicit inventory/finality exposure,simulation,YES,CRITICAL,Corregir deuda/allowance/callback o explicitar plan no atómico por dominio.,Gas; slippage; competencia; revert; state drift,ESPECIFICADO,
MEV-01-021-I06,MEV-01-021,1,EVIDENCE,Trazabilidad de datos y separación de simulación / resultado realizado,Antes: fixtures+simulación+versiones. Después: receipt/fills+ledger. Estado realizado requiere settlement; no exige 20 operaciones anteriores para implementar.,integración + después de settlement,YES,CRITICAL,Adjuntar evidencia correcta de esa etapa; no renombrar simulación como realizado.,Gas; slippage; competencia; revert; state drift,ESPECIFICADO,
MEV-01-022-I01,MEV-01-022,1,MODE,Mode/state semantics preserved,Comprobar clase y atomicidad declaradas: interfaces ejecutables + unidades y temporalidad consistentes. Un predicado literal TRUE no acredita implementación.,discovery + simulation,YES,CRITICAL,Completar predicado específico del detector/clase y su fixture.,Gas; slippage; competencia; revert; state drift,ESPECIFICADO,
MEV-01-022-I02,MEV-01-022,1,ACCOUNTING,All value flows conserved and all costs represented exactly once,Conservar unidades por activo: balances + aportes + borrow = outputs + repay + fees + residuales. No sumar cantidades de tokens distintos sin ledger/valoración.,simulation + reconciliation,YES,CRITICAL,Reconstruir flujos por activo y eliminar dobles conteos.,Gas; slippage; competencia; revert; state drift,ESPECIFICADO,
MEV-01-022-I03,MEV-01-022,1,SNAPSHOT,No invalid mixed-state comparison,all state bound to one snapshot/block unless strategy explicitly models non-atomic timing,discovery + quote,YES,CRITICAL,Actualizar snapshot y reconstruir cotización coherente por dominio.,Gas; slippage; competencia; revert; state drift,ESPECIFICADO,
MEV-01-022-I04,MEV-01-022,1,PROFIT,"Beneficio objetivo demostrable en el candidato, no garantizado por diseño","NP_signed = gross - costes; NP_prudent=NP_signed-reserve. Objetivo=MAX(min_usd,notional*(target+margin_bps/10000)); brecha=MAX(0,objetivo-NP_prudent). No ABS ni floor sobre PnL.",pre-execution,YES,CRITICAL,Optimizar tamaño/ruta/costes; recotizar hasta hallar candidato que cubra objetivo. No alterar datos para eliminar brecha.,Gas; slippage; competencia; revert; state drift,ESPECIFICADO,
MEV-01-022-I05,MEV-01-022,1,ATOMICITY,Repayment/finality obligations satisfied,if atomic: repay principal+fee in same atomic unit; else explicit inventory/finality exposure,simulation,YES,CRITICAL,Corregir deuda/allowance/callback o explicitar plan no atómico por dominio.,Gas; slippage; competencia; revert; state drift,ESPECIFICADO,
MEV-01-022-I06,MEV-01-022,1,EVIDENCE,Trazabilidad de datos y separación de simulación / resultado realizado,Antes: fixtures+simulación+versiones. Después: receipt/fills+ledger. Estado realizado requiere settlement; no exige 20 operaciones anteriores para implementar.,integración + después de settlement,YES,CRITICAL,Adjuntar evidencia correcta de esa etapa; no renombrar simulación como realizado.,Gas; slippage; competencia; revert; state drift,ESPECIFICADO,
MEV-01-023-I01,MEV-01-023,1,MODE,Mode/state semantics preserved,Comprobar clase y atomicidad declaradas: interfaces ejecutables + unidades y temporalidad consistentes. Un predicado literal TRUE no acredita implementación.,discovery + simulation,YES,CRITICAL,Completar predicado específico del detector/clase y su fixture.,Gas; slippage; competencia; revert; state drift,ESPECIFICADO,
MEV-01-023-I02,MEV-01-023,1,ACCOUNTING,All value flows conserved and all costs represented exactly once,Conservar unidades por activo: balances + aportes + borrow = outputs + repay + fees + residuales. No sumar cantidades de tokens distintos sin ledger/valoración.,simulation + reconciliation,YES,CRITICAL,Reconstruir flujos por activo y eliminar dobles conteos.,Gas; slippage; competencia; revert; state drift,ESPECIFICADO,
MEV-01-023-I03,MEV-01-023,1,SNAPSHOT,No invalid mixed-state comparison,all state bound to one snapshot/block unless strategy explicitly models non-atomic timing,discovery + quote,YES,CRITICAL,Actualizar snapshot y reconstruir cotización coherente por dominio.,Gas; slippage; competencia; revert; state drift,ESPECIFICADO,
MEV-01-023-I04,MEV-01-023,1,PROFIT,"Beneficio objetivo demostrable en el candidato, no garantizado por diseño","NP_signed = gross - costes; NP_prudent=NP_signed-reserve. Objetivo=MAX(min_usd,notional*(target+margin_bps/10000)); brecha=MAX(0,objetivo-NP_prudent). No ABS ni floor sobre PnL.",pre-execution,YES,CRITICAL,Optimizar tamaño/ruta/costes; recotizar hasta hallar candidato que cubra objetivo. No alterar datos para eliminar brecha.,Gas; slippage; competencia; revert; state drift,ESPECIFICADO,
MEV-01-023-I05,MEV-01-023,1,ATOMICITY,Repayment/finality obligations satisfied,if atomic: repay principal+fee in same atomic unit; else explicit inventory/finality exposure,simulation,YES,CRITICAL,Corregir deuda/allowance/callback o explicitar plan no atómico por dominio.,Gas; slippage; competencia; revert; state drift,ESPECIFICADO,
MEV-01-023-I06,MEV-01-023,1,EVIDENCE,Trazabilidad de datos y separación de simulación / resultado realizado,Antes: fixtures+simulación+versiones. Después: receipt/fills+ledger. Estado realizado requiere settlement; no exige 20 operaciones anteriores para implementar.,integración + después de settlement,YES,CRITICAL,Adjuntar evidencia correcta de esa etapa; no renombrar simulación como realizado.,Gas; slippage; competencia; revert; state drift,ESPECIFICADO,
MEV-01-024-I01,MEV-01-024,1,MODE,Mode/state semantics preserved,Comprobar clase y atomicidad declaradas: interfaces ejecutables + unidades y temporalidad consistentes. Un predicado literal TRUE no acredita implementación.,discovery + simulation,YES,CRITICAL,Completar predicado específico del detector/clase y su fixture.,Gas; slippage; competencia; revert; state drift,ESPECIFICADO,
MEV-01-024-I02,MEV-01-024,1,ACCOUNTING,All value flows conserved and all costs represented exactly once,Conservar unidades por activo: balances + aportes + borrow = outputs + repay + fees + residuales. No sumar cantidades de tokens distintos sin ledger/valoración.,simulation + reconciliation,YES,CRITICAL,Reconstruir flujos por activo y eliminar dobles conteos.,Gas; slippage; competencia; revert; state drift,ESPECIFICADO,
MEV-01-024-I03,MEV-01-024,1,SNAPSHOT,No invalid mixed-state comparison,all state bound to one snapshot/block unless strategy explicitly models non-atomic timing,discovery + quote,YES,CRITICAL,Actualizar snapshot y reconstruir cotización coherente por dominio.,Gas; slippage; competencia; revert; state drift,ESPECIFICADO,
MEV-01-024-I04,MEV-01-024,1,PROFIT,"Beneficio objetivo demostrable en el candidato, no garantizado por diseño","NP_signed = gross - costes; NP_prudent=NP_signed-reserve. Objetivo=MAX(min_usd,notional*(target+margin_bps/10000)); brecha=MAX(0,objetivo-NP_prudent). No ABS ni floor sobre PnL.",pre-execution,YES,CRITICAL,Optimizar tamaño/ruta/costes; recotizar hasta hallar candidato que cubra objetivo. No alterar datos para eliminar brecha.,Gas; slippage; competencia; revert; state drift,ESPECIFICADO,
MEV-01-024-I05,MEV-01-024,1,ATOMICITY,Repayment/finality obligations satisfied,if atomic: repay principal+fee in same atomic unit; else explicit inventory/finality exposure,simulation,YES,CRITICAL,Corregir deuda/allowance/callback o explicitar plan no atómico por dominio.,Gas; slippage; competencia; revert; state drift,ESPECIFICADO,
MEV-01-024-I06,MEV-01-024,1,EVIDENCE,Trazabilidad de datos y separación de simulación / resultado realizado,Antes: fixtures+simulación+versiones. Después: receipt/fills+ledger. Estado realizado requiere settlement; no exige 20 operaciones anteriores para implementar.,integración + después de settlement,YES,CRITICAL,Adjuntar evidencia correcta de esa etapa; no renombrar simulación como realizado.,Gas; slippage; competencia; revert; state drift,ESPECIFICADO,
MEV-01-025-I01,MEV-01-025,1,MODE,Mode/state semantics preserved,Comprobar clase y atomicidad declaradas: interfaces ejecutables + unidades y temporalidad consistentes. Un predicado literal TRUE no acredita implementación.,discovery + simulation,YES,CRITICAL,Completar predicado específico del detector/clase y su fixture.,Gas; slippage; competencia; revert; state drift,ESPECIFICADO,
MEV-01-025-I02,MEV-01-025,1,ACCOUNTING,All value flows conserved and all costs represented exactly once,Conservar unidades por activo: balances + aportes + borrow = outputs + repay + fees + residuales. No sumar cantidades de tokens distintos sin ledger/valoración.,simulation + reconciliation,YES,CRITICAL,Reconstruir flujos por activo y eliminar dobles conteos.,Gas; slippage; competencia; revert; state drift,ESPECIFICADO,
MEV-01-025-I03,MEV-01-025,1,SNAPSHOT,No invalid mixed-state comparison,all state bound to one snapshot/block unless strategy explicitly models non-atomic timing,discovery + quote,YES,CRITICAL,Actualizar snapshot y reconstruir cotización coherente por dominio.,Gas; slippage; competencia; revert; state drift,ESPECIFICADO,
MEV-01-025-I04,MEV-01-025,1,PROFIT,"Beneficio objetivo demostrable en el candidato, no garantizado por diseño","NP_signed = gross - costes; NP_prudent=NP_signed-reserve. Objetivo=MAX(min_usd,notional*(target+margin_bps/10000)); brecha=MAX(0,objetivo-NP_prudent). No ABS ni floor sobre PnL.",pre-execution,YES,CRITICAL,Optimizar tamaño/ruta/costes; recotizar hasta hallar candidato que cubra objetivo. No alterar datos para eliminar brecha.,Gas; slippage; competencia; revert; state drift,ESPECIFICADO,
MEV-01-025-I05,MEV-01-025,1,ATOMICITY,Repayment/finality obligations satisfied,if atomic: repay principal+fee in same atomic unit; else explicit inventory/finality exposure,simulation,YES,CRITICAL,Corregir deuda/allowance/callback o explicitar plan no atómico por dominio.,Gas; slippage; competencia; revert; state drift,ESPECIFICADO,
MEV-01-025-I06,MEV-01-025,1,EVIDENCE,Trazabilidad de datos y separación de simulación / resultado realizado,Antes: fixtures+simulación+versiones. Después: receipt/fills+ledger. Estado realizado requiere settlement; no exige 20 operaciones anteriores para implementar.,integración + después de settlement,YES,CRITICAL,Adjuntar evidencia correcta de esa etapa; no renombrar simulación como realizado.,Gas; slippage; competencia; revert; state drift,ESPECIFICADO,
MEV-01-026-I01,MEV-01-026,1,MODE,Mode/state semantics preserved,Comprobar clase y atomicidad declaradas: interfaces ejecutables + unidades y temporalidad consistentes. Un predicado literal TRUE no acredita implementación.,discovery + simulation,YES,CRITICAL,Completar predicado específico del detector/clase y su fixture.,Gas; slippage; competencia; revert; state drift,ESPECIFICADO,
MEV-01-026-I02,MEV-01-026,1,ACCOUNTING,All value flows conserved and all costs represented exactly once,Conservar unidades por activo: balances + aportes + borrow = outputs + repay + fees + residuales. No sumar cantidades de tokens distintos sin ledger/valoración.,simulation + reconciliation,YES,CRITICAL,Reconstruir flujos por activo y eliminar dobles conteos.,Gas; slippage; competencia; revert; state drift,ESPECIFICADO,
MEV-01-026-I03,MEV-01-026,1,SNAPSHOT,No invalid mixed-state comparison,all state bound to one snapshot/block unless strategy explicitly models non-atomic timing,discovery + quote,YES,CRITICAL,Actualizar snapshot y reconstruir cotización coherente por dominio.,Gas; slippage; competencia; revert; state drift,ESPECIFICADO,
MEV-01-026-I04,MEV-01-026,1,PROFIT,"Beneficio objetivo demostrable en el candidato, no garantizado por diseño","NP_signed = gross - costes; NP_prudent=NP_signed-reserve. Objetivo=MAX(min_usd,notional*(target+margin_bps/10000)); brecha=MAX(0,objetivo-NP_prudent). No ABS ni floor sobre PnL.",pre-execution,YES,CRITICAL,Optimizar tamaño/ruta/costes; recotizar hasta hallar candidato que cubra objetivo. No alterar datos para eliminar brecha.,Gas; slippage; competencia; revert; state drift,ESPECIFICADO,
MEV-01-026-I05,MEV-01-026,1,ATOMICITY,Repayment/finality obligations satisfied,if atomic: repay principal+fee in same atomic unit; else explicit inventory/finality exposure,simulation,YES,CRITICAL,Corregir deuda/allowance/callback o explicitar plan no atómico por dominio.,Gas; slippage; competencia; revert; state drift,ESPECIFICADO,
MEV-01-026-I06,MEV-01-026,1,EVIDENCE,Trazabilidad de datos y separación de simulación / resultado realizado,Antes: fixtures+simulación+versiones. Después: receipt/fills+ledger. Estado realizado requiere settlement; no exige 20 operaciones anteriores para implementar.,integración + después de settlement,YES,CRITICAL,Adjuntar evidencia correcta de esa etapa; no renombrar simulación como realizado.,Gas; slippage; competencia; revert; state drift,ESPECIFICADO,
MEV-01-027-I01,MEV-01-027,1,MODE,Mode/state semantics preserved,Comprobar clase y atomicidad declaradas: interfaces ejecutables + unidades y temporalidad consistentes. Un predicado literal TRUE no acredita implementación.,discovery + simulation,YES,CRITICAL,Completar predicado específico del detector/clase y su fixture.,Gas; slippage; competencia; revert; state drift,ESPECIFICADO,
MEV-01-027-I02,MEV-01-027,1,ACCOUNTING,All value flows conserved and all costs represented exactly once,Conservar unidades por activo: balances + aportes + borrow = outputs + repay + fees + residuales. No sumar cantidades de tokens distintos sin ledger/valoración.,simulation + reconciliation,YES,CRITICAL,Reconstruir flujos por activo y eliminar dobles conteos.,Gas; slippage; competencia; revert; state drift,ESPECIFICADO,
MEV-01-027-I03,MEV-01-027,1,SNAPSHOT,No invalid mixed-state comparison,all state bound to one snapshot/block unless strategy explicitly models non-atomic timing,discovery + quote,YES,CRITICAL,Actualizar snapshot y reconstruir cotización coherente por dominio.,Gas; slippage; competencia; revert; state drift,ESPECIFICADO,
MEV-01-027-I04,MEV-01-027,1,PROFIT,"Beneficio objetivo demostrable en el candidato, no garantizado por diseño","NP_signed = gross - costes; NP_prudent=NP_signed-reserve. Objetivo=MAX(min_usd,notional*(target+margin_bps/10000)); brecha=MAX(0,objetivo-NP_prudent). No ABS ni floor sobre PnL.",pre-execution,YES,CRITICAL,Optimizar tamaño/ruta/costes; recotizar hasta hallar candidato que cubra objetivo. No alterar datos para eliminar brecha.,Gas; slippage; competencia; revert; state drift,ESPECIFICADO,
MEV-01-027-I05,MEV-01-027,1,ATOMICITY,Repayment/finality obligations satisfied,if atomic: repay principal+fee in same atomic unit; else explicit inventory/finality exposure,simulation,YES,CRITICAL,Corregir deuda/allowance/callback o explicitar plan no atómico por dominio.,Gas; slippage; competencia; revert; state drift,ESPECIFICADO,
MEV-01-027-I06,MEV-01-027,1,EVIDENCE,Trazabilidad de datos y separación de simulación / resultado realizado,Antes: fixtures+simulación+versiones. Después: receipt/fills+ledger. Estado realizado requiere settlement; no exige 20 operaciones anteriores para implementar.,integración + después de settlement,YES,CRITICAL,Adjuntar evidencia correcta de esa etapa; no renombrar simulación como realizado.,Gas; slippage; competencia; revert; state drift,ESPECIFICADO,
MEV-01-028-I01,MEV-01-028,1,MODE,Mode/state semantics preserved,Comprobar clase y atomicidad declaradas: interfaces ejecutables + unidades y temporalidad consistentes. Un predicado literal TRUE no acredita implementación.,discovery + simulation,YES,CRITICAL,Completar predicado específico del detector/clase y su fixture.,Gas; slippage; competencia; revert; state drift,ESPECIFICADO,
MEV-01-028-I02,MEV-01-028,1,ACCOUNTING,All value flows conserved and all costs represented exactly once,Conservar unidades por activo: balances + aportes + borrow = outputs + repay + fees + residuales. No sumar cantidades de tokens distintos sin ledger/valoración.,simulation + reconciliation,YES,CRITICAL,Reconstruir flujos por activo y eliminar dobles conteos.,Gas; slippage; competencia; revert; state drift,ESPECIFICADO,
MEV-01-028-I03,MEV-01-028,1,SNAPSHOT,No invalid mixed-state comparison,all state bound to one snapshot/block unless strategy explicitly models non-atomic timing,discovery + quote,YES,CRITICAL,Actualizar snapshot y reconstruir cotización coherente por dominio.,Gas; slippage; competencia; revert; state drift,ESPECIFICADO,
MEV-01-028-I04,MEV-01-028,1,PROFIT,"Beneficio objetivo demostrable en el candidato, no garantizado por diseño","NP_signed = gross - costes; NP_prudent=NP_signed-reserve. Objetivo=MAX(min_usd,notional*(target+margin_bps/10000)); brecha=MAX(0,objetivo-NP_prudent). No ABS ni floor sobre PnL.",pre-execution,YES,CRITICAL,Optimizar tamaño/ruta/costes; recotizar hasta hallar candidato que cubra objetivo. No alterar datos para eliminar brecha.,Gas; slippage; competencia; revert; state drift,ESPECIFICADO,
MEV-01-028-I05,MEV-01-028,1,ATOMICITY,Repayment/finality obligations satisfied,if atomic: repay principal+fee in same atomic unit; else explicit inventory/finality exposure,simulation,YES,CRITICAL,Corregir deuda/allowance/callback o explicitar plan no atómico por dominio.,Gas; slippage; competencia; revert; state drift,ESPECIFICADO,
MEV-01-028-I06,MEV-01-028,1,EVIDENCE,Trazabilidad de datos y separación de simulación / resultado realizado,Antes: fixtures+simulación+versiones. Después: receipt/fills+ledger. Estado realizado requiere settlement; no exige 20 operaciones anteriores para implementar.,integración + después de settlement,YES,CRITICAL,Adjuntar evidencia correcta de esa etapa; no renombrar simulación como realizado.,Gas; slippage; competencia; revert; state drift,ESPECIFICADO,
MEV-01-029-I01,MEV-01-029,1,MODE,Mode/state semantics preserved,Comprobar clase y atomicidad declaradas: interfaces ejecutables + unidades y temporalidad consistentes. Un predicado literal TRUE no acredita implementación.,discovery + simulation,YES,CRITICAL,Completar predicado específico del detector/clase y su fixture.,Gas; slippage; competencia; revert; state drift,ESPECIFICADO,
MEV-01-029-I02,MEV-01-029,1,ACCOUNTING,All value flows conserved and all costs represented exactly once,Conservar unidades por activo: balances + aportes + borrow = outputs + repay + fees + residuales. No sumar cantidades de tokens distintos sin ledger/valoración.,simulation + reconciliation,YES,CRITICAL,Reconstruir flujos por activo y eliminar dobles conteos.,Gas; slippage; competencia; revert; state drift,ESPECIFICADO,
MEV-01-029-I03,MEV-01-029,1,SNAPSHOT,No invalid mixed-state comparison,all state bound to one snapshot/block unless strategy explicitly models non-atomic timing,discovery + quote,YES,CRITICAL,Actualizar snapshot y reconstruir cotización coherente por dominio.,Gas; slippage; competencia; revert; state drift,ESPECIFICADO,
MEV-01-029-I04,MEV-01-029,1,PROFIT,"Beneficio objetivo demostrable en el candidato, no garantizado por diseño","NP_signed = gross - costes; NP_prudent=NP_signed-reserve. Objetivo=MAX(min_usd,notional*(target+margin_bps/10000)); brecha=MAX(0,objetivo-NP_prudent). No ABS ni floor sobre PnL.",pre-execution,YES,CRITICAL,Optimizar tamaño/ruta/costes; recotizar hasta hallar candidato que cubra objetivo. No alterar datos para eliminar brecha.,Gas; slippage; competencia; revert; state drift,ESPECIFICADO,
MEV-01-029-I05,MEV-01-029,1,ATOMICITY,Repayment/finality obligations satisfied,if atomic: repay principal+fee in same atomic unit; else explicit inventory/finality exposure,simulation,YES,CRITICAL,Corregir deuda/allowance/callback o explicitar plan no atómico por dominio.,Gas; slippage; competencia; revert; state drift,ESPECIFICADO,
MEV-01-029-I06,MEV-01-029,1,EVIDENCE,Trazabilidad de datos y separación de simulación / resultado realizado,Antes: fixtures+simulación+versiones. Después: receipt/fills+ledger. Estado realizado requiere settlement; no exige 20 operaciones anteriores para implementar.,integración + después de settlement,YES,CRITICAL,Adjuntar evidencia correcta de esa etapa; no renombrar simulación como realizado.,Gas; slippage; competencia; revert; state drift,ESPECIFICADO,
MEV-01-030-I01,MEV-01-030,1,MODE,Mode/state semantics preserved,Comprobar clase y atomicidad declaradas: interfaces ejecutables + unidades y temporalidad consistentes. Un predicado literal TRUE no acredita implementación.,discovery + simulation,YES,CRITICAL,Completar predicado específico del detector/clase y su fixture.,Gas; slippage; competencia; revert; state drift,ESPECIFICADO,
MEV-01-030-I02,MEV-01-030,1,ACCOUNTING,All value flows conserved and all costs represented exactly once,Conservar unidades por activo: balances + aportes + borrow = outputs + repay + fees + residuales. No sumar cantidades de tokens distintos sin ledger/valoración.,simulation + reconciliation,YES,CRITICAL,Reconstruir flujos por activo y eliminar dobles conteos.,Gas; slippage; competencia; revert; state drift,ESPECIFICADO,
MEV-01-030-I03,MEV-01-030,1,SNAPSHOT,No invalid mixed-state comparison,all state bound to one snapshot/block unless strategy explicitly models non-atomic timing,discovery + quote,YES,CRITICAL,Actualizar snapshot y reconstruir cotización coherente por dominio.,Gas; slippage; competencia; revert; state drift,ESPECIFICADO,
MEV-01-030-I04,MEV-01-030,1,PROFIT,"Beneficio objetivo demostrable en el candidato, no garantizado por diseño","NP_signed = gross - costes; NP_prudent=NP_signed-reserve. Objetivo=MAX(min_usd,notional*(target+margin_bps/10000)); brecha=MAX(0,objetivo-NP_prudent). No ABS ni floor sobre PnL.",pre-execution,YES,CRITICAL,Optimizar tamaño/ruta/costes; recotizar hasta hallar candidato que cubra objetivo. No alterar datos para eliminar brecha.,Gas; slippage; competencia; revert; state drift,ESPECIFICADO,
MEV-01-030-I05,MEV-01-030,1,ATOMICITY,Repayment/finality obligations satisfied,if atomic: repay principal+fee in same atomic unit; else explicit inventory/finality exposure,simulation,YES,CRITICAL,Corregir deuda/allowance/callback o explicitar plan no atómico por dominio.,Gas; slippage; competencia; revert; state drift,ESPECIFICADO,
MEV-01-030-I06,MEV-01-030,1,EVIDENCE,Trazabilidad de datos y separación de simulación / resultado realizado,Antes: fixtures+simulación+versiones. Después: receipt/fills+ledger. Estado realizado requiere settlement; no exige 20 operaciones anteriores para implementar.,integración + después de settlement,YES,CRITICAL,Adjuntar evidencia correcta de esa etapa; no renombrar simulación como realizado.,Gas; slippage; competencia; revert; state drift,ESPECIFICADO,
MEV-01-031-I01,MEV-01-031,1,MODE,Mode/state semantics preserved,Comprobar clase y atomicidad declaradas: interfaces ejecutables + unidades y temporalidad consistentes. Un predicado literal TRUE no acredita implementación.,discovery + simulation,YES,CRITICAL,Completar predicado específico del detector/clase y su fixture.,Gas; slippage; competencia; revert; state drift,ESPECIFICADO,
MEV-01-031-I02,MEV-01-031,1,ACCOUNTING,All value flows conserved and all costs represented exactly once,Conservar unidades por activo: balances + aportes + borrow = outputs + repay + fees + residuales. No sumar cantidades de tokens distintos sin ledger/valoración.,simulation + reconciliation,YES,CRITICAL,Reconstruir flujos por activo y eliminar dobles conteos.,Gas; slippage; competencia; revert; state drift,ESPECIFICADO,
MEV-01-031-I03,MEV-01-031,1,SNAPSHOT,No invalid mixed-state comparison,all state bound to one snapshot/block unless strategy explicitly models non-atomic timing,discovery + quote,YES,CRITICAL,Actualizar snapshot y reconstruir cotización coherente por dominio.,Gas; slippage; competencia; revert; state drift,ESPECIFICADO,
MEV-01-031-I04,MEV-01-031,1,PROFIT,"Beneficio objetivo demostrable en el candidato, no garantizado por diseño","NP_signed = gross - costes; NP_prudent=NP_signed-reserve. Objetivo=MAX(min_usd,notional*(target+margin_bps/10000)); brecha=MAX(0,objetivo-NP_prudent). No ABS ni floor sobre PnL.",pre-execution,YES,CRITICAL,Optimizar tamaño/ruta/costes; recotizar hasta hallar candidato que cubra objetivo. No alterar datos para eliminar brecha.,Gas; slippage; competencia; revert; state drift,ESPECIFICADO,
MEV-01-031-I05,MEV-01-031,1,ATOMICITY,Repayment/finality obligations satisfied,if atomic: repay principal+fee in same atomic unit; else explicit inventory/finality exposure,simulation,YES,CRITICAL,Corregir deuda/allowance/callback o explicitar plan no atómico por dominio.,Gas; slippage; competencia; revert; state drift,ESPECIFICADO,
MEV-01-031-I06,MEV-01-031,1,EVIDENCE,Trazabilidad de datos y separación de simulación / resultado realizado,Antes: fixtures+simulación+versiones. Después: receipt/fills+ledger. Estado realizado requiere settlement; no exige 20 operaciones anteriores para implementar.,integración + después de settlement,YES,CRITICAL,Adjuntar evidencia correcta de esa etapa; no renombrar simulación como realizado.,Gas; slippage; competencia; revert; state drift,ESPECIFICADO,
MEV-01-032-I01,MEV-01-032,1,MODE,Mode/state semantics preserved,Comprobar clase y atomicidad declaradas: interfaces ejecutables + unidades y temporalidad consistentes. Un predicado literal TRUE no acredita implementación.,discovery + simulation,YES,CRITICAL,Completar predicado específico del detector/clase y su fixture.,Gas; slippage; competencia; revert; state drift,ESPECIFICADO,
MEV-01-032-I02,MEV-01-032,1,ACCOUNTING,All value flows conserved and all costs represented exactly once,Conservar unidades por activo: balances + aportes + borrow = outputs + repay + fees + residuales. No sumar cantidades de tokens distintos sin ledger/valoración.,simulation + reconciliation,YES,CRITICAL,Reconstruir flujos por activo y eliminar dobles conteos.,Gas; slippage; competencia; revert; state drift,ESPECIFICADO,
MEV-01-032-I03,MEV-01-032,1,SNAPSHOT,No invalid mixed-state comparison,all state bound to one snapshot/block unless strategy explicitly models non-atomic timing,discovery + quote,YES,CRITICAL,Actualizar snapshot y reconstruir cotización coherente por dominio.,Gas; slippage; competencia; revert; state drift,ESPECIFICADO,
MEV-01-032-I04,MEV-01-032,1,PROFIT,"Beneficio objetivo demostrable en el candidato, no garantizado por diseño","NP_signed = gross - costes; NP_prudent=NP_signed-reserve. Objetivo=MAX(min_usd,notional*(target+margin_bps/10000)); brecha=MAX(0,objetivo-NP_prudent). No ABS ni floor sobre PnL.",pre-execution,YES,CRITICAL,Optimizar tamaño/ruta/costes; recotizar hasta hallar candidato que cubra objetivo. No alterar datos para eliminar brecha.,Gas; slippage; competencia; revert; state drift,ESPECIFICADO,
MEV-01-032-I05,MEV-01-032,1,ATOMICITY,Repayment/finality obligations satisfied,if atomic: repay principal+fee in same atomic unit; else explicit inventory/finality exposure,simulation,YES,CRITICAL,Corregir deuda/allowance/callback o explicitar plan no atómico por dominio.,Gas; slippage; competencia; revert; state drift,ESPECIFICADO,
MEV-01-032-I06,MEV-01-032,1,EVIDENCE,Trazabilidad de datos y separación de simulación / resultado realizado,Antes: fixtures+simulación+versiones. Después: receipt/fills+ledger. Estado realizado requiere settlement; no exige 20 operaciones anteriores para implementar.,integración + después de settlement,YES,CRITICAL,Adjuntar evidencia correcta de esa etapa; no renombrar simulación como realizado.,Gas; slippage; competencia; revert; state drift,ESPECIFICADO,
MEV-01-033-I01,MEV-01-033,1,MODE,Mode/state semantics preserved,Comprobar clase y atomicidad declaradas: interfaces ejecutables + unidades y temporalidad consistentes. Un predicado literal TRUE no acredita implementación.,discovery + simulation,YES,CRITICAL,Completar predicado específico del detector/clase y su fixture.,Gas; slippage; competencia; revert; state drift,ESPECIFICADO,
MEV-01-033-I02,MEV-01-033,1,ACCOUNTING,All value flows conserved and all costs represented exactly once,Conservar unidades por activo: balances + aportes + borrow = outputs + repay + fees + residuales. No sumar cantidades de tokens distintos sin ledger/valoración.,simulation + reconciliation,YES,CRITICAL,Reconstruir flujos por activo y eliminar dobles conteos.,Gas; slippage; competencia; revert; state drift,ESPECIFICADO,
MEV-01-033-I03,MEV-01-033,1,SNAPSHOT,No invalid mixed-state comparison,all state bound to one snapshot/block unless strategy explicitly models non-atomic timing,discovery + quote,YES,CRITICAL,Actualizar snapshot y reconstruir cotización coherente por dominio.,Gas; slippage; competencia; revert; state drift,ESPECIFICADO,
MEV-01-033-I04,MEV-01-033,1,PROFIT,"Beneficio objetivo demostrable en el candidato, no garantizado por diseño","NP_signed = gross - costes; NP_prudent=NP_signed-reserve. Objetivo=MAX(min_usd,notional*(target+margin_bps/10000)); brecha=MAX(0,objetivo-NP_prudent). No ABS ni floor sobre PnL.",pre-execution,YES,CRITICAL,Optimizar tamaño/ruta/costes; recotizar hasta hallar candidato que cubra objetivo. No alterar datos para eliminar brecha.,Gas; slippage; competencia; revert; state drift,ESPECIFICADO,
MEV-01-033-I05,MEV-01-033,1,ATOMICITY,Repayment/finality obligations satisfied,if atomic: repay principal+fee in same atomic unit; else explicit inventory/finality exposure,simulation,YES,CRITICAL,Corregir deuda/allowance/callback o explicitar plan no atómico por dominio.,Gas; slippage; competencia; revert; state drift,ESPECIFICADO,
MEV-01-033-I06,MEV-01-033,1,EVIDENCE,Trazabilidad de datos y separación de simulación / resultado realizado,Antes: fixtures+simulación+versiones. Después: receipt/fills+ledger. Estado realizado requiere settlement; no exige 20 operaciones anteriores para implementar.,integración + después de settlement,YES,CRITICAL,Adjuntar evidencia correcta de esa etapa; no renombrar simulación como realizado.,Gas; slippage; competencia; revert; state drift,ESPECIFICADO,
MEV-01-034-I01,MEV-01-034,1,MODE,Mode/state semantics preserved,Comprobar clase y atomicidad declaradas: interfaces ejecutables + unidades y temporalidad consistentes. Un predicado literal TRUE no acredita implementación.,discovery + simulation,YES,CRITICAL,Completar predicado específico del detector/clase y su fixture.,Gas; slippage; competencia; revert; state drift,ESPECIFICADO,
MEV-01-034-I02,MEV-01-034,1,ACCOUNTING,All value flows conserved and all costs represented exactly once,Conservar unidades por activo: balances + aportes + borrow = outputs + repay + fees + residuales. No sumar cantidades de tokens distintos sin ledger/valoración.,simulation + reconciliation,YES,CRITICAL,Reconstruir flujos por activo y eliminar dobles conteos.,Gas; slippage; competencia; revert; state drift,ESPECIFICADO,
MEV-01-034-I03,MEV-01-034,1,SNAPSHOT,No invalid mixed-state comparison,all state bound to one snapshot/block unless strategy explicitly models non-atomic timing,discovery + quote,YES,CRITICAL,Actualizar snapshot y reconstruir cotización coherente por dominio.,Gas; slippage; competencia; revert; state drift,ESPECIFICADO,
MEV-01-034-I04,MEV-01-034,1,PROFIT,"Beneficio objetivo demostrable en el candidato, no garantizado por diseño","NP_signed = gross - costes; NP_prudent=NP_signed-reserve. Objetivo=MAX(min_usd,notional*(target+margin_bps/10000)); brecha=MAX(0,objetivo-NP_prudent). No ABS ni floor sobre PnL.",pre-execution,YES,CRITICAL,Optimizar tamaño/ruta/costes; recotizar hasta hallar candidato que cubra objetivo. No alterar datos para eliminar brecha.,Gas; slippage; competencia; revert; state drift,ESPECIFICADO,
MEV-01-034-I05,MEV-01-034,1,ATOMICITY,Repayment/finality obligations satisfied,if atomic: repay principal+fee in same atomic unit; else explicit inventory/finality exposure,simulation,YES,CRITICAL,Corregir deuda/allowance/callback o explicitar plan no atómico por dominio.,Gas; slippage; competencia; revert; state drift,ESPECIFICADO,
MEV-01-034-I06,MEV-01-034,1,EVIDENCE,Trazabilidad de datos y separación de simulación / resultado realizado,Antes: fixtures+simulación+versiones. Después: receipt/fills+ledger. Estado realizado requiere settlement; no exige 20 operaciones anteriores para implementar.,integración + después de settlement,YES,CRITICAL,Adjuntar evidencia correcta de esa etapa; no renombrar simulación como realizado.,Gas; slippage; competencia; revert; state drift,ESPECIFICADO,
MEV-01-035-I01,MEV-01-035,1,MODE,Mode/state semantics preserved,Comprobar clase y atomicidad declaradas: interfaces ejecutables + unidades y temporalidad consistentes. Un predicado literal TRUE no acredita implementación.,discovery + simulation,YES,CRITICAL,Completar predicado específico del detector/clase y su fixture.,Gas; slippage; competencia; revert; state drift,ESPECIFICADO,
MEV-01-035-I02,MEV-01-035,1,ACCOUNTING,All value flows conserved and all costs represented exactly once,Conservar unidades por activo: balances + aportes + borrow = outputs + repay + fees + residuales. No sumar cantidades de tokens distintos sin ledger/valoración.,simulation + reconciliation,YES,CRITICAL,Reconstruir flujos por activo y eliminar dobles conteos.,Gas; slippage; competencia; revert; state drift,ESPECIFICADO,
MEV-01-035-I03,MEV-01-035,1,SNAPSHOT,No invalid mixed-state comparison,all state bound to one snapshot/block unless strategy explicitly models non-atomic timing,discovery + quote,YES,CRITICAL,Actualizar snapshot y reconstruir cotización coherente por dominio.,Gas; slippage; competencia; revert; state drift,ESPECIFICADO,
MEV-01-035-I04,MEV-01-035,1,PROFIT,"Beneficio objetivo demostrable en el candidato, no garantizado por diseño","NP_signed = gross - costes; NP_prudent=NP_signed-reserve. Objetivo=MAX(min_usd,notional*(target+margin_bps/10000)); brecha=MAX(0,objetivo-NP_prudent). No ABS ni floor sobre PnL.",pre-execution,YES,CRITICAL,Optimizar tamaño/ruta/costes; recotizar hasta hallar candidato que cubra objetivo. No alterar datos para eliminar brecha.,Gas; slippage; competencia; revert; state drift,ESPECIFICADO,
MEV-01-035-I05,MEV-01-035,1,ATOMICITY,Repayment/finality obligations satisfied,if atomic: repay principal+fee in same atomic unit; else explicit inventory/finality exposure,simulation,YES,CRITICAL,Corregir deuda/allowance/callback o explicitar plan no atómico por dominio.,Gas; slippage; competencia; revert; state drift,ESPECIFICADO,
MEV-01-035-I06,MEV-01-035,1,EVIDENCE,Trazabilidad de datos y separación de simulación / resultado realizado,Antes: fixtures+simulación+versiones. Después: receipt/fills+ledger. Estado realizado requiere settlement; no exige 20 operaciones anteriores para implementar.,integración + después de settlement,YES,CRITICAL,Adjuntar evidencia correcta de esa etapa; no renombrar simulación como realizado.,Gas; slippage; competencia; revert; state drift,ESPECIFICADO,
MEV-01-036-I01,MEV-01-036,1,MODE,Mode/state semantics preserved,Comprobar clase y atomicidad declaradas: interfaces ejecutables + unidades y temporalidad consistentes. Un predicado literal TRUE no acredita implementación.,discovery + simulation,YES,CRITICAL,Completar predicado específico del detector/clase y su fixture.,Gas; slippage; competencia; revert; state drift,ESPECIFICADO,
MEV-01-036-I02,MEV-01-036,1,ACCOUNTING,All value flows conserved and all costs represented exactly once,Conservar unidades por activo: balances + aportes + borrow = outputs + repay + fees + residuales. No sumar cantidades de tokens distintos sin ledger/valoración.,simulation + reconciliation,YES,CRITICAL,Reconstruir flujos por activo y eliminar dobles conteos.,Gas; slippage; competencia; revert; state drift,ESPECIFICADO,
MEV-01-036-I03,MEV-01-036,1,SNAPSHOT,No invalid mixed-state comparison,all state bound to one snapshot/block unless strategy explicitly models non-atomic timing,discovery + quote,YES,CRITICAL,Actualizar snapshot y reconstruir cotización coherente por dominio.,Gas; slippage; competencia; revert; state drift,ESPECIFICADO,
MEV-01-036-I04,MEV-01-036,1,PROFIT,"Beneficio objetivo demostrable en el candidato, no garantizado por diseño","NP_signed = gross - costes; NP_prudent=NP_signed-reserve. Objetivo=MAX(min_usd,notional*(target+margin_bps/10000)); brecha=MAX(0,objetivo-NP_prudent). No ABS ni floor sobre PnL.",pre-execution,YES,CRITICAL,Optimizar tamaño/ruta/costes; recotizar hasta hallar candidato que cubra objetivo. No alterar datos para eliminar brecha.,Gas; slippage; competencia; revert; state drift,ESPECIFICADO,
MEV-01-036-I05,MEV-01-036,1,ATOMICITY,Repayment/finality obligations satisfied,if atomic: repay principal+fee in same atomic unit; else explicit inventory/finality exposure,simulation,YES,CRITICAL,Corregir deuda/allowance/callback o explicitar plan no atómico por dominio.,Gas; slippage; competencia; revert; state drift,ESPECIFICADO,
MEV-01-036-I06,MEV-01-036,1,EVIDENCE,Trazabilidad de datos y separación de simulación / resultado realizado,Antes: fixtures+simulación+versiones. Después: receipt/fills+ledger. Estado realizado requiere settlement; no exige 20 operaciones anteriores para implementar.,integración + después de settlement,YES,CRITICAL,Adjuntar evidencia correcta de esa etapa; no renombrar simulación como realizado.,Gas; slippage; competencia; revert; state drift,ESPECIFICADO,
MEV-02-001-I01,MEV-02-001,2,MODE,Mode/state semantics preserved,Comprobar clase y atomicidad declaradas: interfaces ejecutables + unidades y temporalidad consistentes. Un predicado literal TRUE no acredita implementación.,discovery + simulation,YES,CRITICAL,Completar predicado específico del detector/clase y su fixture.,Gas; slippage; competencia; revert; state drift,ESPECIFICADO,
MEV-02-001-I02,MEV-02-001,2,ACCOUNTING,All value flows conserved and all costs represented exactly once,Conservar unidades por activo: balances + aportes + borrow = outputs + repay + fees + residuales. No sumar cantidades de tokens distintos sin ledger/valoración.,simulation + reconciliation,YES,CRITICAL,Reconstruir flujos por activo y eliminar dobles conteos.,Gas; slippage; competencia; revert; state drift,ESPECIFICADO,
MEV-02-001-I03,MEV-02-001,2,SNAPSHOT,No invalid mixed-state comparison,all state bound to one snapshot/block unless strategy explicitly models non-atomic timing,discovery + quote,YES,CRITICAL,Actualizar snapshot y reconstruir cotización coherente por dominio.,Gas; slippage; competencia; revert; state drift,ESPECIFICADO,
MEV-02-001-I04,MEV-02-001,2,PROFIT,"Beneficio objetivo demostrable en el candidato, no garantizado por diseño","NP_signed = gross - costes; NP_prudent=NP_signed-reserve. Objetivo=MAX(min_usd,notional*(target+margin_bps/10000)); brecha=MAX(0,objetivo-NP_prudent). No ABS ni floor sobre PnL.",pre-execution,YES,CRITICAL,Optimizar tamaño/ruta/costes; recotizar hasta hallar candidato que cubra objetivo. No alterar datos para eliminar brecha.,Gas; slippage; competencia; revert; state drift,ESPECIFICADO,
MEV-02-001-I05,MEV-02-001,2,ATOMICITY,Repayment/finality obligations satisfied,if atomic: repay principal+fee in same atomic unit; else explicit inventory/finality exposure,simulation,YES,CRITICAL,Corregir deuda/allowance/callback o explicitar plan no atómico por dominio.,Gas; slippage; competencia; revert; state drift,ESPECIFICADO,
MEV-02-001-I06,MEV-02-001,2,EVIDENCE,Trazabilidad de datos y separación de simulación / resultado realizado,Antes: fixtures+simulación+versiones. Después: receipt/fills+ledger. Estado realizado requiere settlement; no exige 20 operaciones anteriores para implementar.,integración + después de settlement,YES,CRITICAL,Adjuntar evidencia correcta de esa etapa; no renombrar simulación como realizado.,Gas; slippage; competencia; revert; state drift,ESPECIFICADO,
MEV-02-002-I01,MEV-02-002,2,MODE,Mode/state semantics preserved,Comprobar clase y atomicidad declaradas: interfaces ejecutables + unidades y temporalidad consistentes. Un predicado literal TRUE no acredita implementación.,discovery + simulation,YES,CRITICAL,Completar predicado específico del detector/clase y su fixture.,Gas; slippage; competencia; revert; state drift,ESPECIFICADO,
MEV-02-002-I02,MEV-02-002,2,ACCOUNTING,All value flows conserved and all costs represented exactly once,Conservar unidades por activo: balances + aportes + borrow = outputs + repay + fees + residuales. No sumar cantidades de tokens distintos sin ledger/valoración.,simulation + reconciliation,YES,CRITICAL,Reconstruir flujos por activo y eliminar dobles conteos.,Gas; slippage; competencia; revert; state drift,ESPECIFICADO,
MEV-02-002-I03,MEV-02-002,2,SNAPSHOT,No invalid mixed-state comparison,all state bound to one snapshot/block unless strategy explicitly models non-atomic timing,discovery + quote,YES,CRITICAL,Actualizar snapshot y reconstruir cotización coherente por dominio.,Gas; slippage; competencia; revert; state drift,ESPECIFICADO,
MEV-02-002-I04,MEV-02-002,2,PROFIT,"Beneficio objetivo demostrable en el candidato, no garantizado por diseño","NP_signed = gross - costes; NP_prudent=NP_signed-reserve. Objetivo=MAX(min_usd,notional*(target+margin_bps/10000)); brecha=MAX(0,objetivo-NP_prudent). No ABS ni floor sobre PnL.",pre-execution,YES,CRITICAL,Optimizar tamaño/ruta/costes; recotizar hasta hallar candidato que cubra objetivo. No alterar datos para eliminar brecha.,Gas; slippage; competencia; revert; state drift,ESPECIFICADO,
MEV-02-002-I05,MEV-02-002,2,ATOMICITY,Repayment/finality obligations satisfied,if atomic: repay principal+fee in same atomic unit; else explicit inventory/finality exposure,simulation,YES,CRITICAL,Corregir deuda/allowance/callback o explicitar plan no atómico por dominio.,Gas; slippage; competencia; revert; state drift,ESPECIFICADO,
MEV-02-002-I06,MEV-02-002,2,EVIDENCE,Trazabilidad de datos y separación de simulación / resultado realizado,Antes: fixtures+simulación+versiones. Después: receipt/fills+ledger. Estado realizado requiere settlement; no exige 20 operaciones anteriores para implementar.,integración + después de settlement,YES,CRITICAL,Adjuntar evidencia correcta de esa etapa; no renombrar simulación como realizado.,Gas; slippage; competencia; revert; state drift,ESPECIFICADO,
MEV-02-003-I01,MEV-02-003,2,MODE,Mode/state semantics preserved,Comprobar clase y atomicidad declaradas: interfaces ejecutables + unidades y temporalidad consistentes. Un predicado literal TRUE no acredita implementación.,discovery + simulation,YES,CRITICAL,Completar predicado específico del detector/clase y su fixture.,Gas; slippage; competencia; revert; state drift,ESPECIFICADO,
MEV-02-003-I02,MEV-02-003,2,ACCOUNTING,All value flows conserved and all costs represented exactly once,Conservar unidades por activo: balances + aportes + borrow = outputs + repay + fees + residuales. No sumar cantidades de tokens distintos sin ledger/valoración.,simulation + reconciliation,YES,CRITICAL,Reconstruir flujos por activo y eliminar dobles conteos.,Gas; slippage; competencia; revert; state drift,ESPECIFICADO,
MEV-02-003-I03,MEV-02-003,2,SNAPSHOT,No invalid mixed-state comparison,all state bound to one snapshot/block unless strategy explicitly models non-atomic timing,discovery + quote,YES,CRITICAL,Actualizar snapshot y reconstruir cotización coherente por dominio.,Gas; slippage; competencia; revert; state drift,ESPECIFICADO,
MEV-02-003-I04,MEV-02-003,2,PROFIT,"Beneficio objetivo demostrable en el candidato, no garantizado por diseño","NP_signed = gross - costes; NP_prudent=NP_signed-reserve. Objetivo=MAX(min_usd,notional*(target+margin_bps/10000)); brecha=MAX(0,objetivo-NP_prudent). No ABS ni floor sobre PnL.",pre-execution,YES,CRITICAL,Optimizar tamaño/ruta/costes; recotizar hasta hallar candidato que cubra objetivo. No alterar datos para eliminar brecha.,Gas; slippage; competencia; revert; state drift,ESPECIFICADO,
MEV-02-003-I05,MEV-02-003,2,ATOMICITY,Repayment/finality obligations satisfied,if atomic: repay principal+fee in same atomic unit; else explicit inventory/finality exposure,simulation,YES,CRITICAL,Corregir deuda/allowance/callback o explicitar plan no atómico por dominio.,Gas; slippage; competencia; revert; state drift,ESPECIFICADO,
MEV-02-003-I06,MEV-02-003,2,EVIDENCE,Trazabilidad de datos y separación de simulación / resultado realizado,Antes: fixtures+simulación+versiones. Después: receipt/fills+ledger. Estado realizado requiere settlement; no exige 20 operaciones anteriores para implementar.,integración + después de settlement,YES,CRITICAL,Adjuntar evidencia correcta de esa etapa; no renombrar simulación como realizado.,Gas; slippage; competencia; revert; state drift,ESPECIFICADO,
MEV-02-004-I01,MEV-02-004,2,MODE,Mode/state semantics preserved,Comprobar clase y atomicidad declaradas: interfaces ejecutables + unidades y temporalidad consistentes. Un predicado literal TRUE no acredita implementación.,discovery + simulation,YES,CRITICAL,Completar predicado específico del detector/clase y su fixture.,Gas; slippage; competencia; revert; state drift,ESPECIFICADO,
MEV-02-004-I02,MEV-02-004,2,ACCOUNTING,All value flows conserved and all costs represented exactly once,Conservar unidades por activo: balances + aportes + borrow = outputs + repay + fees + residuales. No sumar cantidades de tokens distintos sin ledger/valoración.,simulation + reconciliation,YES,CRITICAL,Reconstruir flujos por activo y eliminar dobles conteos.,Gas; slippage; competencia; revert; state drift,ESPECIFICADO,
MEV-02-004-I03,MEV-02-004,2,SNAPSHOT,No invalid mixed-state comparison,all state bound to one snapshot/block unless strategy explicitly models non-atomic timing,discovery + quote,YES,CRITICAL,Actualizar snapshot y reconstruir cotización coherente por dominio.,Gas; slippage; competencia; revert; state drift,ESPECIFICADO,
MEV-02-004-I04,MEV-02-004,2,PROFIT,"Beneficio objetivo demostrable en el candidato, no garantizado por diseño","NP_signed = gross - costes; NP_prudent=NP_signed-reserve. Objetivo=MAX(min_usd,notional*(target+margin_bps/10000)); brecha=MAX(0,objetivo-NP_prudent). No ABS ni floor sobre PnL.",pre-execution,YES,CRITICAL,Optimizar tamaño/ruta/costes; recotizar hasta hallar candidato que cubra objetivo. No alterar datos para eliminar brecha.,Gas; slippage; competencia; revert; state drift,ESPECIFICADO,
MEV-02-004-I05,MEV-02-004,2,ATOMICITY,Repayment/finality obligations satisfied,if atomic: repay principal+fee in same atomic unit; else explicit inventory/finality exposure,simulation,YES,CRITICAL,Corregir deuda/allowance/callback o explicitar plan no atómico por dominio.,Gas; slippage; competencia; revert; state drift,ESPECIFICADO,
MEV-02-004-I06,MEV-02-004,2,EVIDENCE,Trazabilidad de datos y separación de simulación / resultado realizado,Antes: fixtures+simulación+versiones. Después: receipt/fills+ledger. Estado realizado requiere settlement; no exige 20 operaciones anteriores para implementar.,integración + después de settlement,YES,CRITICAL,Adjuntar evidencia correcta de esa etapa; no renombrar simulación como realizado.,Gas; slippage; competencia; revert; state drift,ESPECIFICADO,
MEV-02-005-I01,MEV-02-005,2,MODE,Mode/state semantics preserved,Comprobar clase y atomicidad declaradas: interfaces ejecutables + unidades y temporalidad consistentes. Un predicado literal TRUE no acredita implementación.,discovery + simulation,YES,CRITICAL,Completar predicado específico del detector/clase y su fixture.,Gas; slippage; competencia; revert; state drift,ESPECIFICADO,
MEV-02-005-I02,MEV-02-005,2,ACCOUNTING,All value flows conserved and all costs represented exactly once,Conservar unidades por activo: balances + aportes + borrow = outputs + repay + fees + residuales. No sumar cantidades de tokens distintos sin ledger/valoración.,simulation + reconciliation,YES,CRITICAL,Reconstruir flujos por activo y eliminar dobles conteos.,Gas; slippage; competencia; revert; state drift,ESPECIFICADO,
MEV-02-005-I03,MEV-02-005,2,SNAPSHOT,No invalid mixed-state comparison,all state bound to one snapshot/block unless strategy explicitly models non-atomic timing,discovery + quote,YES,CRITICAL,Actualizar snapshot y reconstruir cotización coherente por dominio.,Gas; slippage; competencia; revert; state drift,ESPECIFICADO,
MEV-02-005-I04,MEV-02-005,2,PROFIT,"Beneficio objetivo demostrable en el candidato, no garantizado por diseño","NP_signed = gross - costes; NP_prudent=NP_signed-reserve. Objetivo=MAX(min_usd,notional*(target+margin_bps/10000)); brecha=MAX(0,objetivo-NP_prudent). No ABS ni floor sobre PnL.",pre-execution,YES,CRITICAL,Optimizar tamaño/ruta/costes; recotizar hasta hallar candidato que cubra objetivo. No alterar datos para eliminar brecha.,Gas; slippage; competencia; revert; state drift,ESPECIFICADO,
MEV-02-005-I05,MEV-02-005,2,ATOMICITY,Repayment/finality obligations satisfied,if atomic: repay principal+fee in same atomic unit; else explicit inventory/finality exposure,simulation,YES,CRITICAL,Corregir deuda/allowance/callback o explicitar plan no atómico por dominio.,Gas; slippage; competencia; revert; state drift,ESPECIFICADO,
MEV-02-005-I06,MEV-02-005,2,EVIDENCE,Trazabilidad de datos y separación de simulación / resultado realizado,Antes: fixtures+simulación+versiones. Después: receipt/fills+ledger. Estado realizado requiere settlement; no exige 20 operaciones anteriores para implementar.,integración + después de settlement,YES,CRITICAL,Adjuntar evidencia correcta de esa etapa; no renombrar simulación como realizado.,Gas; slippage; competencia; revert; state drift,ESPECIFICADO,
MEV-02-006-I01,MEV-02-006,2,MODE,Mode/state semantics preserved,Comprobar clase y atomicidad declaradas: interfaces ejecutables + unidades y temporalidad consistentes. Un predicado literal TRUE no acredita implementación.,discovery + simulation,YES,CRITICAL,Completar predicado específico del detector/clase y su fixture.,Gas; slippage; competencia; revert; state drift,ESPECIFICADO,
MEV-02-006-I02,MEV-02-006,2,ACCOUNTING,All value flows conserved and all costs represented exactly once,Conservar unidades por activo: balances + aportes + borrow = outputs + repay + fees + residuales. No sumar cantidades de tokens distintos sin ledger/valoración.,simulation + reconciliation,YES,CRITICAL,Reconstruir flujos por activo y eliminar dobles conteos.,Gas; slippage; competencia; revert; state drift,ESPECIFICADO,
MEV-02-006-I03,MEV-02-006,2,SNAPSHOT,No invalid mixed-state comparison,all state bound to one snapshot/block unless strategy explicitly models non-atomic timing,discovery + quote,YES,CRITICAL,Actualizar snapshot y reconstruir cotización coherente por dominio.,Gas; slippage; competencia; revert; state drift,ESPECIFICADO,
MEV-02-006-I04,MEV-02-006,2,PROFIT,"Beneficio objetivo demostrable en el candidato, no garantizado por diseño","NP_signed = gross - costes; NP_prudent=NP_signed-reserve. Objetivo=MAX(min_usd,notional*(target+margin_bps/10000)); brecha=MAX(0,objetivo-NP_prudent). No ABS ni floor sobre PnL.",pre-execution,YES,CRITICAL,Optimizar tamaño/ruta/costes; recotizar hasta hallar candidato que cubra objetivo. No alterar datos para eliminar brecha.,Gas; slippage; competencia; revert; state drift,ESPECIFICADO,
MEV-02-006-I05,MEV-02-006,2,ATOMICITY,Repayment/finality obligations satisfied,if atomic: repay principal+fee in same atomic unit; else explicit inventory/finality exposure,simulation,YES,CRITICAL,Corregir deuda/allowance/callback o explicitar plan no atómico por dominio.,Gas; slippage; competencia; revert; state drift,ESPECIFICADO,
MEV-02-006-I06,MEV-02-006,2,EVIDENCE,Trazabilidad de datos y separación de simulación / resultado realizado,Antes: fixtures+simulación+versiones. Después: receipt/fills+ledger. Estado realizado requiere settlement; no exige 20 operaciones anteriores para implementar.,integración + después de settlement,YES,CRITICAL,Adjuntar evidencia correcta de esa etapa; no renombrar simulación como realizado.,Gas; slippage; competencia; revert; state drift,ESPECIFICADO,
MEV-02-007-I01,MEV-02-007,2,MODE,Mode/state semantics preserved,Comprobar clase y atomicidad declaradas: interfaces ejecutables + unidades y temporalidad consistentes. Un predicado literal TRUE no acredita implementación.,discovery + simulation,YES,CRITICAL,Completar predicado específico del detector/clase y su fixture.,Gas; slippage; competencia; revert; state drift,ESPECIFICADO,
MEV-02-007-I02,MEV-02-007,2,ACCOUNTING,All value flows conserved and all costs represented exactly once,Conservar unidades por activo: balances + aportes + borrow = outputs + repay + fees + residuales. No sumar cantidades de tokens distintos sin ledger/valoración.,simulation + reconciliation,YES,CRITICAL,Reconstruir flujos por activo y eliminar dobles conteos.,Gas; slippage; competencia; revert; state drift,ESPECIFICADO,
MEV-02-007-I03,MEV-02-007,2,SNAPSHOT,No invalid mixed-state comparison,all state bound to one snapshot/block unless strategy explicitly models non-atomic timing,discovery + quote,YES,CRITICAL,Actualizar snapshot y reconstruir cotización coherente por dominio.,Gas; slippage; competencia; revert; state drift,ESPECIFICADO,
MEV-02-007-I04,MEV-02-007,2,PROFIT,"Beneficio objetivo demostrable en el candidato, no garantizado por diseño","NP_signed = gross - costes; NP_prudent=NP_signed-reserve. Objetivo=MAX(min_usd,notional*(target+margin_bps/10000)); brecha=MAX(0,objetivo-NP_prudent). No ABS ni floor sobre PnL.",pre-execution,YES,CRITICAL,Optimizar tamaño/ruta/costes; recotizar hasta hallar candidato que cubra objetivo. No alterar datos para eliminar brecha.,Gas; slippage; competencia; revert; state drift,ESPECIFICADO,
MEV-02-007-I05,MEV-02-007,2,ATOMICITY,Repayment/finality obligations satisfied,if atomic: repay principal+fee in same atomic unit; else explicit inventory/finality exposure,simulation,YES,CRITICAL,Corregir deuda/allowance/callback o explicitar plan no atómico por dominio.,Gas; slippage; competencia; revert; state drift,ESPECIFICADO,
MEV-02-007-I06,MEV-02-007,2,EVIDENCE,Trazabilidad de datos y separación de simulación / resultado realizado,Antes: fixtures+simulación+versiones. Después: receipt/fills+ledger. Estado realizado requiere settlement; no exige 20 operaciones anteriores para implementar.,integración + después de settlement,YES,CRITICAL,Adjuntar evidencia correcta de esa etapa; no renombrar simulación como realizado.,Gas; slippage; competencia; revert; state drift,ESPECIFICADO,
MEV-02-008-I01,MEV-02-008,2,MODE,Mode/state semantics preserved,Comprobar clase y atomicidad declaradas: interfaces ejecutables + unidades y temporalidad consistentes. Un predicado literal TRUE no acredita implementación.,discovery + simulation,YES,CRITICAL,Completar predicado específico del detector/clase y su fixture.,Gas; slippage; competencia; revert; state drift,ESPECIFICADO,
MEV-02-008-I02,MEV-02-008,2,ACCOUNTING,All value flows conserved and all costs represented exactly once,Conservar unidades por activo: balances + aportes + borrow = outputs + repay + fees + residuales. No sumar cantidades de tokens distintos sin ledger/valoración.,simulation + reconciliation,YES,CRITICAL,Reconstruir flujos por activo y eliminar dobles conteos.,Gas; slippage; competencia; revert; state drift,ESPECIFICADO,
MEV-02-008-I03,MEV-02-008,2,SNAPSHOT,No invalid mixed-state comparison,all state bound to one snapshot/block unless strategy explicitly models non-atomic timing,discovery + quote,YES,CRITICAL,Actualizar snapshot y reconstruir cotización coherente por dominio.,Gas; slippage; competencia; revert; state drift,ESPECIFICADO,
MEV-02-008-I04,MEV-02-008,2,PROFIT,"Beneficio objetivo demostrable en el candidato, no garantizado por diseño","NP_signed = gross - costes; NP_prudent=NP_signed-reserve. Objetivo=MAX(min_usd,notional*(target+margin_bps/10000)); brecha=MAX(0,objetivo-NP_prudent). No ABS ni floor sobre PnL.",pre-execution,YES,CRITICAL,Optimizar tamaño/ruta/costes; recotizar hasta hallar candidato que cubra objetivo. No alterar datos para eliminar brecha.,Gas; slippage; competencia; revert; state drift,ESPECIFICADO,
MEV-02-008-I05,MEV-02-008,2,ATOMICITY,Repayment/finality obligations satisfied,if atomic: repay principal+fee in same atomic unit; else explicit inventory/finality exposure,simulation,YES,CRITICAL,Corregir deuda/allowance/callback o explicitar plan no atómico por dominio.,Gas; slippage; competencia; revert; state drift,ESPECIFICADO,
MEV-02-008-I06,MEV-02-008,2,EVIDENCE,Trazabilidad de datos y separación de simulación / resultado realizado,Antes: fixtures+simulación+versiones. Después: receipt/fills+ledger. Estado realizado requiere settlement; no exige 20 operaciones anteriores para implementar.,integración + después de settlement,YES,CRITICAL,Adjuntar evidencia correcta de esa etapa; no renombrar simulación como realizado.,Gas; slippage; competencia; revert; state drift,ESPECIFICADO,
MEV-02-009-I01,MEV-02-009,2,MODE,Mode/state semantics preserved,Comprobar clase y atomicidad declaradas: interfaces ejecutables + unidades y temporalidad consistentes. Un predicado literal TRUE no acredita implementación.,discovery + simulation,YES,CRITICAL,Completar predicado específico del detector/clase y su fixture.,Gas; slippage; competencia; revert; state drift,ESPECIFICADO,
MEV-02-009-I02,MEV-02-009,2,ACCOUNTING,All value flows conserved and all costs represented exactly once,Conservar unidades por activo: balances + aportes + borrow = outputs + repay + fees + residuales. No sumar cantidades de tokens distintos sin ledger/valoración.,simulation + reconciliation,YES,CRITICAL,Reconstruir flujos por activo y eliminar dobles conteos.,Gas; slippage; competencia; revert; state drift,ESPECIFICADO,
MEV-02-009-I03,MEV-02-009,2,SNAPSHOT,No invalid mixed-state comparison,all state bound to one snapshot/block unless strategy explicitly models non-atomic timing,discovery + quote,YES,CRITICAL,Actualizar snapshot y reconstruir cotización coherente por dominio.,Gas; slippage; competencia; revert; state drift,ESPECIFICADO,
MEV-02-009-I04,MEV-02-009,2,PROFIT,"Beneficio objetivo demostrable en el candidato, no garantizado por diseño","NP_signed = gross - costes; NP_prudent=NP_signed-reserve. Objetivo=MAX(min_usd,notional*(target+margin_bps/10000)); brecha=MAX(0,objetivo-NP_prudent). No ABS ni floor sobre PnL.",pre-execution,YES,CRITICAL,Optimizar tamaño/ruta/costes; recotizar hasta hallar candidato que cubra objetivo. No alterar datos para eliminar brecha.,Gas; slippage; competencia; revert; state drift,ESPECIFICADO,
MEV-02-009-I05,MEV-02-009,2,ATOMICITY,Repayment/finality obligations satisfied,if atomic: repay principal+fee in same atomic unit; else explicit inventory/finality exposure,simulation,YES,CRITICAL,Corregir deuda/allowance/callback o explicitar plan no atómico por dominio.,Gas; slippage; competencia; revert; state drift,ESPECIFICADO,
MEV-02-009-I06,MEV-02-009,2,EVIDENCE,Trazabilidad de datos y separación de simulación / resultado realizado,Antes: fixtures+simulación+versiones. Después: receipt/fills+ledger. Estado realizado requiere settlement; no exige 20 operaciones anteriores para implementar.,integración + después de settlement,YES,CRITICAL,Adjuntar evidencia correcta de esa etapa; no renombrar simulación como realizado.,Gas; slippage; competencia; revert; state drift,ESPECIFICADO,
MEV-02-010-I01,MEV-02-010,2,MODE,Mode/state semantics preserved,Comprobar clase y atomicidad declaradas: interfaces ejecutables + unidades y temporalidad consistentes. Un predicado literal TRUE no acredita implementación.,discovery + simulation,YES,CRITICAL,Completar predicado específico del detector/clase y su fixture.,Gas; slippage; competencia; revert; state drift,ESPECIFICADO,
MEV-02-010-I02,MEV-02-010,2,ACCOUNTING,All value flows conserved and all costs represented exactly once,Conservar unidades por activo: balances + aportes + borrow = outputs + repay + fees + residuales. No sumar cantidades de tokens distintos sin ledger/valoración.,simulation + reconciliation,YES,CRITICAL,Reconstruir flujos por activo y eliminar dobles conteos.,Gas; slippage; competencia; revert; state drift,ESPECIFICADO,
MEV-02-010-I03,MEV-02-010,2,SNAPSHOT,No invalid mixed-state comparison,all state bound to one snapshot/block unless strategy explicitly models non-atomic timing,discovery + quote,YES,CRITICAL,Actualizar snapshot y reconstruir cotización coherente por dominio.,Gas; slippage; competencia; revert; state drift,ESPECIFICADO,
MEV-02-010-I04,MEV-02-010,2,PROFIT,"Beneficio objetivo demostrable en el candidato, no garantizado por diseño","NP_signed = gross - costes; NP_prudent=NP_signed-reserve. Objetivo=MAX(min_usd,notional*(target+margin_bps/10000)); brecha=MAX(0,objetivo-NP_prudent). No ABS ni floor sobre PnL.",pre-execution,YES,CRITICAL,Optimizar tamaño/ruta/costes; recotizar hasta hallar candidato que cubra objetivo. No alterar datos para eliminar brecha.,Gas; slippage; competencia; revert; state drift,ESPECIFICADO,
MEV-02-010-I05,MEV-02-010,2,ATOMICITY,Repayment/finality obligations satisfied,if atomic: repay principal+fee in same atomic unit; else explicit inventory/finality exposure,simulation,YES,CRITICAL,Corregir deuda/allowance/callback o explicitar plan no atómico por dominio.,Gas; slippage; competencia; revert; state drift,ESPECIFICADO,
MEV-02-010-I06,MEV-02-010,2,EVIDENCE,Trazabilidad de datos y separación de simulación / resultado realizado,Antes: fixtures+simulación+versiones. Después: receipt/fills+ledger. Estado realizado requiere settlement; no exige 20 operaciones anteriores para implementar.,integración + después de settlement,YES,CRITICAL,Adjuntar evidencia correcta de esa etapa; no renombrar simulación como realizado.,Gas; slippage; competencia; revert; state drift,ESPECIFICADO,
MEV-02-011-I01,MEV-02-011,2,MODE,Mode/state semantics preserved,Comprobar clase y atomicidad declaradas: interfaces ejecutables + unidades y temporalidad consistentes. Un predicado literal TRUE no acredita implementación.,discovery + simulation,YES,CRITICAL,Completar predicado específico del detector/clase y su fixture.,Gas; slippage; competencia; revert; state drift,ESPECIFICADO,
MEV-02-011-I02,MEV-02-011,2,ACCOUNTING,All value flows conserved and all costs represented exactly once,Conservar unidades por activo: balances + aportes + borrow = outputs + repay + fees + residuales. No sumar cantidades de tokens distintos sin ledger/valoración.,simulation + reconciliation,YES,CRITICAL,Reconstruir flujos por activo y eliminar dobles conteos.,Gas; slippage; competencia; revert; state drift,ESPECIFICADO,
MEV-02-011-I03,MEV-02-011,2,SNAPSHOT,No invalid mixed-state comparison,all state bound to one snapshot/block unless strategy explicitly models non-atomic timing,discovery + quote,YES,CRITICAL,Actualizar snapshot y reconstruir cotización coherente por dominio.,Gas; slippage; competencia; revert; state drift,ESPECIFICADO,
MEV-02-011-I04,MEV-02-011,2,PROFIT,"Beneficio objetivo demostrable en el candidato, no garantizado por diseño","NP_signed = gross - costes; NP_prudent=NP_signed-reserve. Objetivo=MAX(min_usd,notional*(target+margin_bps/10000)); brecha=MAX(0,objetivo-NP_prudent). No ABS ni floor sobre PnL.",pre-execution,YES,CRITICAL,Optimizar tamaño/ruta/costes; recotizar hasta hallar candidato que cubra objetivo. No alterar datos para eliminar brecha.,Gas; slippage; competencia; revert; state drift,ESPECIFICADO,
MEV-02-011-I05,MEV-02-011,2,ATOMICITY,Repayment/finality obligations satisfied,if atomic: repay principal+fee in same atomic unit; else explicit inventory/finality exposure,simulation,YES,CRITICAL,Corregir deuda/allowance/callback o explicitar plan no atómico por dominio.,Gas; slippage; competencia; revert; state drift,ESPECIFICADO,
MEV-02-011-I06,MEV-02-011,2,EVIDENCE,Trazabilidad de datos y separación de simulación / resultado realizado,Antes: fixtures+simulación+versiones. Después: receipt/fills+ledger. Estado realizado requiere settlement; no exige 20 operaciones anteriores para implementar.,integración + después de settlement,YES,CRITICAL,Adjuntar evidencia correcta de esa etapa; no renombrar simulación como realizado.,Gas; slippage; competencia; revert; state drift,ESPECIFICADO,
MEV-02-012-I01,MEV-02-012,2,MODE,Mode/state semantics preserved,Comprobar clase y atomicidad declaradas: interfaces ejecutables + unidades y temporalidad consistentes. Un predicado literal TRUE no acredita implementación.,discovery + simulation,YES,CRITICAL,Completar predicado específico del detector/clase y su fixture.,Gas; slippage; competencia; revert; state drift,ESPECIFICADO,
MEV-02-012-I02,MEV-02-012,2,ACCOUNTING,All value flows conserved and all costs represented exactly once,Conservar unidades por activo: balances + aportes + borrow = outputs + repay + fees + residuales. No sumar cantidades de tokens distintos sin ledger/valoración.,simulation + reconciliation,YES,CRITICAL,Reconstruir flujos por activo y eliminar dobles conteos.,Gas; slippage; competencia; revert; state drift,ESPECIFICADO,
MEV-02-012-I03,MEV-02-012,2,SNAPSHOT,No invalid mixed-state comparison,all state bound to one snapshot/block unless strategy explicitly models non-atomic timing,discovery + quote,YES,CRITICAL,Actualizar snapshot y reconstruir cotización coherente por dominio.,Gas; slippage; competencia; revert; state drift,ESPECIFICADO,
MEV-02-012-I04,MEV-02-012,2,PROFIT,"Beneficio objetivo demostrable en el candidato, no garantizado por diseño","NP_signed = gross - costes; NP_prudent=NP_signed-reserve. Objetivo=MAX(min_usd,notional*(target+margin_bps/10000)); brecha=MAX(0,objetivo-NP_prudent). No ABS ni floor sobre PnL.",pre-execution,YES,CRITICAL,Optimizar tamaño/ruta/costes; recotizar hasta hallar candidato que cubra objetivo. No alterar datos para eliminar brecha.,Gas; slippage; competencia; revert; state drift,ESPECIFICADO,
MEV-02-012-I05,MEV-02-012,2,ATOMICITY,Repayment/finality obligations satisfied,if atomic: repay principal+fee in same atomic unit; else explicit inventory/finality exposure,simulation,YES,CRITICAL,Corregir deuda/allowance/callback o explicitar plan no atómico por dominio.,Gas; slippage; competencia; revert; state drift,ESPECIFICADO,
MEV-02-012-I06,MEV-02-012,2,EVIDENCE,Trazabilidad de datos y separación de simulación / resultado realizado,Antes: fixtures+simulación+versiones. Después: receipt/fills+ledger. Estado realizado requiere settlement; no exige 20 operaciones anteriores para implementar.,integración + después de settlement,YES,CRITICAL,Adjuntar evidencia correcta de esa etapa; no renombrar simulación como realizado.,Gas; slippage; competencia; revert; state drift,ESPECIFICADO,
MEV-02-013-I01,MEV-02-013,2,MODE,Mode/state semantics preserved,Comprobar clase y atomicidad declaradas: interfaces ejecutables + unidades y temporalidad consistentes. Un predicado literal TRUE no acredita implementación.,discovery + simulation,YES,CRITICAL,Completar predicado específico del detector/clase y su fixture.,Gas; slippage; competencia; revert; state drift,ESPECIFICADO,
MEV-02-013-I02,MEV-02-013,2,ACCOUNTING,All value flows conserved and all costs represented exactly once,Conservar unidades por activo: balances + aportes + borrow = outputs + repay + fees + residuales. No sumar cantidades de tokens distintos sin ledger/valoración.,simulation + reconciliation,YES,CRITICAL,Reconstruir flujos por activo y eliminar dobles conteos.,Gas; slippage; competencia; revert; state drift,ESPECIFICADO,
MEV-02-013-I03,MEV-02-013,2,SNAPSHOT,No invalid mixed-state comparison,all state bound to one snapshot/block unless strategy explicitly models non-atomic timing,discovery + quote,YES,CRITICAL,Actualizar snapshot y reconstruir cotización coherente por dominio.,Gas; slippage; competencia; revert; state drift,ESPECIFICADO,
MEV-02-013-I04,MEV-02-013,2,PROFIT,"Beneficio objetivo demostrable en el candidato, no garantizado por diseño","NP_signed = gross - costes; NP_prudent=NP_signed-reserve. Objetivo=MAX(min_usd,notional*(target+margin_bps/10000)); brecha=MAX(0,objetivo-NP_prudent). No ABS ni floor sobre PnL.",pre-execution,YES,CRITICAL,Optimizar tamaño/ruta/costes; recotizar hasta hallar candidato que cubra objetivo. No alterar datos para eliminar brecha.,Gas; slippage; competencia; revert; state drift,ESPECIFICADO,
MEV-02-013-I05,MEV-02-013,2,ATOMICITY,Repayment/finality obligations satisfied,if atomic: repay principal+fee in same atomic unit; else explicit inventory/finality exposure,simulation,YES,CRITICAL,Corregir deuda/allowance/callback o explicitar plan no atómico por dominio.,Gas; slippage; competencia; revert; state drift,ESPECIFICADO,
MEV-02-013-I06,MEV-02-013,2,EVIDENCE,Trazabilidad de datos y separación de simulación / resultado realizado,Antes: fixtures+simulación+versiones. Después: receipt/fills+ledger. Estado realizado requiere settlement; no exige 20 operaciones anteriores para implementar.,integración + después de settlement,YES,CRITICAL,Adjuntar evidencia correcta de esa etapa; no renombrar simulación como realizado.,Gas; slippage; competencia; revert; state drift,ESPECIFICADO,
MEV-02-014-I01,MEV-02-014,2,MODE,Mode/state semantics preserved,Comprobar clase y atomicidad declaradas: interfaces ejecutables + unidades y temporalidad consistentes. Un predicado literal TRUE no acredita implementación.,discovery + simulation,YES,CRITICAL,Completar predicado específico del detector/clase y su fixture.,Gas; slippage; competencia; revert; state drift,ESPECIFICADO,
MEV-02-014-I02,MEV-02-014,2,ACCOUNTING,All value flows conserved and all costs represented exactly once,Conservar unidades por activo: balances + aportes + borrow = outputs + repay + fees + residuales. No sumar cantidades de tokens distintos sin ledger/valoración.,simulation + reconciliation,YES,CRITICAL,Reconstruir flujos por activo y eliminar dobles conteos.,Gas; slippage; competencia; revert; state drift,ESPECIFICADO,
MEV-02-014-I03,MEV-02-014,2,SNAPSHOT,No invalid mixed-state comparison,all state bound to one snapshot/block unless strategy explicitly models non-atomic timing,discovery + quote,YES,CRITICAL,Actualizar snapshot y reconstruir cotización coherente por dominio.,Gas; slippage; competencia; revert; state drift,ESPECIFICADO,
MEV-02-014-I04,MEV-02-014,2,PROFIT,"Beneficio objetivo demostrable en el candidato, no garantizado por diseño","NP_signed = gross - costes; NP_prudent=NP_signed-reserve. Objetivo=MAX(min_usd,notional*(target+margin_bps/10000)); brecha=MAX(0,objetivo-NP_prudent). No ABS ni floor sobre PnL.",pre-execution,YES,CRITICAL,Optimizar tamaño/ruta/costes; recotizar hasta hallar candidato que cubra objetivo. No alterar datos para eliminar brecha.,Gas; slippage; competencia; revert; state drift,ESPECIFICADO,
MEV-02-014-I05,MEV-02-014,2,ATOMICITY,Repayment/finality obligations satisfied,if atomic: repay principal+fee in same atomic unit; else explicit inventory/finality exposure,simulation,YES,CRITICAL,Corregir deuda/allowance/callback o explicitar plan no atómico por dominio.,Gas; slippage; competencia; revert; state drift,ESPECIFICADO,
MEV-02-014-I06,MEV-02-014,2,EVIDENCE,Trazabilidad de datos y separación de simulación / resultado realizado,Antes: fixtures+simulación+versiones. Después: receipt/fills+ledger. Estado realizado requiere settlement; no exige 20 operaciones anteriores para implementar.,integración + después de settlement,YES,CRITICAL,Adjuntar evidencia correcta de esa etapa; no renombrar simulación como realizado.,Gas; slippage; competencia; revert; state drift,ESPECIFICADO,
MEV-02-015-I01,MEV-02-015,2,MODE,Mode/state semantics preserved,Comprobar clase y atomicidad declaradas: interfaces ejecutables + unidades y temporalidad consistentes. Un predicado literal TRUE no acredita implementación.,discovery + simulation,YES,CRITICAL,Completar predicado específico del detector/clase y su fixture.,Gas; slippage; competencia; revert; state drift,ESPECIFICADO,
MEV-02-015-I02,MEV-02-015,2,ACCOUNTING,All value flows conserved and all costs represented exactly once,Conservar unidades por activo: balances + aportes + borrow = outputs + repay + fees + residuales. No sumar cantidades de tokens distintos sin ledger/valoración.,simulation + reconciliation,YES,CRITICAL,Reconstruir flujos por activo y eliminar dobles conteos.,Gas; slippage; competencia; revert; state drift,ESPECIFICADO,
MEV-02-015-I03,MEV-02-015,2,SNAPSHOT,No invalid mixed-state comparison,all state bound to one snapshot/block unless strategy explicitly models non-atomic timing,discovery + quote,YES,CRITICAL,Actualizar snapshot y reconstruir cotización coherente por dominio.,Gas; slippage; competencia; revert; state drift,ESPECIFICADO,
MEV-02-015-I04,MEV-02-015,2,PROFIT,"Beneficio objetivo demostrable en el candidato, no garantizado por diseño","NP_signed = gross - costes; NP_prudent=NP_signed-reserve. Objetivo=MAX(min_usd,notional*(target+margin_bps/10000)); brecha=MAX(0,objetivo-NP_prudent). No ABS ni floor sobre PnL.",pre-execution,YES,CRITICAL,Optimizar tamaño/ruta/costes; recotizar hasta hallar candidato que cubra objetivo. No alterar datos para eliminar brecha.,Gas; slippage; competencia; revert; state drift,ESPECIFICADO,
MEV-02-015-I05,MEV-02-015,2,ATOMICITY,Repayment/finality obligations satisfied,if atomic: repay principal+fee in same atomic unit; else explicit inventory/finality exposure,simulation,YES,CRITICAL,Corregir deuda/allowance/callback o explicitar plan no atómico por dominio.,Gas; slippage; competencia; revert; state drift,ESPECIFICADO,
MEV-02-015-I06,MEV-02-015,2,EVIDENCE,Trazabilidad de datos y separación de simulación / resultado realizado,Antes: fixtures+simulación+versiones. Después: receipt/fills+ledger. Estado realizado requiere settlement; no exige 20 operaciones anteriores para implementar.,integración + después de settlement,YES,CRITICAL,Adjuntar evidencia correcta de esa etapa; no renombrar simulación como realizado.,Gas; slippage; competencia; revert; state drift,ESPECIFICADO,
MEV-02-016-I01,MEV-02-016,2,MODE,Mode/state semantics preserved,Comprobar clase y atomicidad declaradas: interfaces ejecutables + unidades y temporalidad consistentes. Un predicado literal TRUE no acredita implementación.,discovery + simulation,YES,CRITICAL,Completar predicado específico del detector/clase y su fixture.,Gas; slippage; competencia; revert; state drift,ESPECIFICADO,
MEV-02-016-I02,MEV-02-016,2,ACCOUNTING,All value flows conserved and all costs represented exactly once,Conservar unidades por activo: balances + aportes + borrow = outputs + repay + fees + residuales. No sumar cantidades de tokens distintos sin ledger/valoración.,simulation + reconciliation,YES,CRITICAL,Reconstruir flujos por activo y eliminar dobles conteos.,Gas; slippage; competencia; revert; state drift,ESPECIFICADO,
MEV-02-016-I03,MEV-02-016,2,SNAPSHOT,No invalid mixed-state comparison,all state bound to one snapshot/block unless strategy explicitly models non-atomic timing,discovery + quote,YES,CRITICAL,Actualizar snapshot y reconstruir cotización coherente por dominio.,Gas; slippage; competencia; revert; state drift,ESPECIFICADO,
MEV-02-016-I04,MEV-02-016,2,PROFIT,"Beneficio objetivo demostrable en el candidato, no garantizado por diseño","NP_signed = gross - costes; NP_prudent=NP_signed-reserve. Objetivo=MAX(min_usd,notional*(target+margin_bps/10000)); brecha=MAX(0,objetivo-NP_prudent). No ABS ni floor sobre PnL.",pre-execution,YES,CRITICAL,Optimizar tamaño/ruta/costes; recotizar hasta hallar candidato que cubra objetivo. No alterar datos para eliminar brecha.,Gas; slippage; competencia; revert; state drift,ESPECIFICADO,
MEV-02-016-I05,MEV-02-016,2,ATOMICITY,Repayment/finality obligations satisfied,if atomic: repay principal+fee in same atomic unit; else explicit inventory/finality exposure,simulation,YES,CRITICAL,Corregir deuda/allowance/callback o explicitar plan no atómico por dominio.,Gas; slippage; competencia; revert; state drift,ESPECIFICADO,
MEV-02-016-I06,MEV-02-016,2,EVIDENCE,Trazabilidad de datos y separación de simulación / resultado realizado,Antes: fixtures+simulación+versiones. Después: receipt/fills+ledger. Estado realizado requiere settlement; no exige 20 operaciones anteriores para implementar.,integración + después de settlement,YES,CRITICAL,Adjuntar evidencia correcta de esa etapa; no renombrar simulación como realizado.,Gas; slippage; competencia; revert; state drift,ESPECIFICADO,
MEV-02-017-I01,MEV-02-017,2,MODE,Mode/state semantics preserved,Comprobar clase y atomicidad declaradas: interfaces ejecutables + unidades y temporalidad consistentes. Un predicado literal TRUE no acredita implementación.,discovery + simulation,YES,CRITICAL,Completar predicado específico del detector/clase y su fixture.,Gas; slippage; competencia; revert; state drift,ESPECIFICADO,
MEV-02-017-I02,MEV-02-017,2,ACCOUNTING,All value flows conserved and all costs represented exactly once,Conservar unidades por activo: balances + aportes + borrow = outputs + repay + fees + residuales. No sumar cantidades de tokens distintos sin ledger/valoración.,simulation + reconciliation,YES,CRITICAL,Reconstruir flujos por activo y eliminar dobles conteos.,Gas; slippage; competencia; revert; state drift,ESPECIFICADO,
MEV-02-017-I03,MEV-02-017,2,SNAPSHOT,No invalid mixed-state comparison,all state bound to one snapshot/block unless strategy explicitly models non-atomic timing,discovery + quote,YES,CRITICAL,Actualizar snapshot y reconstruir cotización coherente por dominio.,Gas; slippage; competencia; revert; state drift,ESPECIFICADO,
MEV-02-017-I04,MEV-02-017,2,PROFIT,"Beneficio objetivo demostrable en el candidato, no garantizado por diseño","NP_signed = gross - costes; NP_prudent=NP_signed-reserve. Objetivo=MAX(min_usd,notional*(target+margin_bps/10000)); brecha=MAX(0,objetivo-NP_prudent). No ABS ni floor sobre PnL.",pre-execution,YES,CRITICAL,Optimizar tamaño/ruta/costes; recotizar hasta hallar candidato que cubra objetivo. No alterar datos para eliminar brecha.,Gas; slippage; competencia; revert; state drift,ESPECIFICADO,
MEV-02-017-I05,MEV-02-017,2,ATOMICITY,Repayment/finality obligations satisfied,if atomic: repay principal+fee in same atomic unit; else explicit inventory/finality exposure,simulation,YES,CRITICAL,Corregir deuda/allowance/callback o explicitar plan no atómico por dominio.,Gas; slippage; competencia; revert; state drift,ESPECIFICADO,
MEV-02-017-I06,MEV-02-017,2,EVIDENCE,Trazabilidad de datos y separación de simulación / resultado realizado,Antes: fixtures+simulación+versiones. Después: receipt/fills+ledger. Estado realizado requiere settlement; no exige 20 operaciones anteriores para implementar.,integración + después de settlement,YES,CRITICAL,Adjuntar evidencia correcta de esa etapa; no renombrar simulación como realizado.,Gas; slippage; competencia; revert; state drift,ESPECIFICADO,
MEV-03-001-I01,MEV-03-001,3,MODE,Mode/state semantics preserved,Comprobar clase y atomicidad declaradas: interfaces ejecutables + unidades y temporalidad consistentes. Un predicado literal TRUE no acredita implementación.,discovery + simulation,YES,CRITICAL,Completar predicado específico del detector/clase y su fixture.,Gas; slippage; competencia; revert; state drift,ESPECIFICADO,
MEV-03-001-I02,MEV-03-001,3,ACCOUNTING,All value flows conserved and all costs represented exactly once,Conservar unidades por activo: balances + aportes + borrow = outputs + repay + fees + residuales. No sumar cantidades de tokens distintos sin ledger/valoración.,simulation + reconciliation,YES,CRITICAL,Reconstruir flujos por activo y eliminar dobles conteos.,Gas; slippage; competencia; revert; state drift,ESPECIFICADO,
MEV-03-001-I03,MEV-03-001,3,SNAPSHOT,No invalid mixed-state comparison,all state bound to one snapshot/block unless strategy explicitly models non-atomic timing,discovery + quote,YES,CRITICAL,Actualizar snapshot y reconstruir cotización coherente por dominio.,Gas; slippage; competencia; revert; state drift,ESPECIFICADO,
MEV-03-001-I04,MEV-03-001,3,PROFIT,"Beneficio objetivo demostrable en el candidato, no garantizado por diseño","NP_signed = gross - costes; NP_prudent=NP_signed-reserve. Objetivo=MAX(min_usd,notional*(target+margin_bps/10000)); brecha=MAX(0,objetivo-NP_prudent). No ABS ni floor sobre PnL.",pre-execution,YES,CRITICAL,Optimizar tamaño/ruta/costes; recotizar hasta hallar candidato que cubra objetivo. No alterar datos para eliminar brecha.,Gas; slippage; competencia; revert; state drift,ESPECIFICADO,
MEV-03-001-I05,MEV-03-001,3,ATOMICITY,Repayment/finality obligations satisfied,if atomic: repay principal+fee in same atomic unit; else explicit inventory/finality exposure,simulation,YES,CRITICAL,Corregir deuda/allowance/callback o explicitar plan no atómico por dominio.,Gas; slippage; competencia; revert; state drift,ESPECIFICADO,
MEV-03-001-I06,MEV-03-001,3,EVIDENCE,Trazabilidad de datos y separación de simulación / resultado realizado,Antes: fixtures+simulación+versiones. Después: receipt/fills+ledger. Estado realizado requiere settlement; no exige 20 operaciones anteriores para implementar.,integración + después de settlement,YES,CRITICAL,Adjuntar evidencia correcta de esa etapa; no renombrar simulación como realizado.,Gas; slippage; competencia; revert; state drift,ESPECIFICADO,
MEV-03-002-I01,MEV-03-002,3,MODE,Mode/state semantics preserved,Comprobar clase y atomicidad declaradas: interfaces ejecutables + unidades y temporalidad consistentes. Un predicado literal TRUE no acredita implementación.,discovery + simulation,YES,CRITICAL,Completar predicado específico del detector/clase y su fixture.,Gas; slippage; competencia; revert; state drift,ESPECIFICADO,
MEV-03-002-I02,MEV-03-002,3,ACCOUNTING,All value flows conserved and all costs represented exactly once,Conservar unidades por activo: balances + aportes + borrow = outputs + repay + fees + residuales. No sumar cantidades de tokens distintos sin ledger/valoración.,simulation + reconciliation,YES,CRITICAL,Reconstruir flujos por activo y eliminar dobles conteos.,Gas; slippage; competencia; revert; state drift,ESPECIFICADO,
MEV-03-002-I03,MEV-03-002,3,SNAPSHOT,No invalid mixed-state comparison,all state bound to one snapshot/block unless strategy explicitly models non-atomic timing,discovery + quote,YES,CRITICAL,Actualizar snapshot y reconstruir cotización coherente por dominio.,Gas; slippage; competencia; revert; state drift,ESPECIFICADO,
MEV-03-002-I04,MEV-03-002,3,PROFIT,"Beneficio objetivo demostrable en el candidato, no garantizado por diseño","NP_signed = gross - costes; NP_prudent=NP_signed-reserve. Objetivo=MAX(min_usd,notional*(target+margin_bps/10000)); brecha=MAX(0,objetivo-NP_prudent). No ABS ni floor sobre PnL.",pre-execution,YES,CRITICAL,Optimizar tamaño/ruta/costes; recotizar hasta hallar candidato que cubra objetivo. No alterar datos para eliminar brecha.,Gas; slippage; competencia; revert; state drift,ESPECIFICADO,
MEV-03-002-I05,MEV-03-002,3,ATOMICITY,Repayment/finality obligations satisfied,if atomic: repay principal+fee in same atomic unit; else explicit inventory/finality exposure,simulation,YES,CRITICAL,Corregir deuda/allowance/callback o explicitar plan no atómico por dominio.,Gas; slippage; competencia; revert; state drift,ESPECIFICADO,
MEV-03-002-I06,MEV-03-002,3,EVIDENCE,Trazabilidad de datos y separación de simulación / resultado realizado,Antes: fixtures+simulación+versiones. Después: receipt/fills+ledger. Estado realizado requiere settlement; no exige 20 operaciones anteriores para implementar.,integración + después de settlement,YES,CRITICAL,Adjuntar evidencia correcta de esa etapa; no renombrar simulación como realizado.,Gas; slippage; competencia; revert; state drift,ESPECIFICADO,
MEV-03-003-I01,MEV-03-003,3,MODE,Mode/state semantics preserved,Comprobar clase y atomicidad declaradas: interfaces ejecutables + unidades y temporalidad consistentes. Un predicado literal TRUE no acredita implementación.,discovery + simulation,YES,CRITICAL,Completar predicado específico del detector/clase y su fixture.,Gas; slippage; competencia; revert; state drift,ESPECIFICADO,
MEV-03-003-I02,MEV-03-003,3,ACCOUNTING,All value flows conserved and all costs represented exactly once,Conservar unidades por activo: balances + aportes + borrow = outputs + repay + fees + residuales. No sumar cantidades de tokens distintos sin ledger/valoración.,simulation + reconciliation,YES,CRITICAL,Reconstruir flujos por activo y eliminar dobles conteos.,Gas; slippage; competencia; revert; state drift,ESPECIFICADO,
MEV-03-003-I03,MEV-03-003,3,SNAPSHOT,No invalid mixed-state comparison,all state bound to one snapshot/block unless strategy explicitly models non-atomic timing,discovery + quote,YES,CRITICAL,Actualizar snapshot y reconstruir cotización coherente por dominio.,Gas; slippage; competencia; revert; state drift,ESPECIFICADO,
MEV-03-003-I04,MEV-03-003,3,PROFIT,"Beneficio objetivo demostrable en el candidato, no garantizado por diseño","NP_signed = gross - costes; NP_prudent=NP_signed-reserve. Objetivo=MAX(min_usd,notional*(target+margin_bps/10000)); brecha=MAX(0,objetivo-NP_prudent). No ABS ni floor sobre PnL.",pre-execution,YES,CRITICAL,Optimizar tamaño/ruta/costes; recotizar hasta hallar candidato que cubra objetivo. No alterar datos para eliminar brecha.,Gas; slippage; competencia; revert; state drift,ESPECIFICADO,
MEV-03-003-I05,MEV-03-003,3,ATOMICITY,Repayment/finality obligations satisfied,if atomic: repay principal+fee in same atomic unit; else explicit inventory/finality exposure,simulation,YES,CRITICAL,Corregir deuda/allowance/callback o explicitar plan no atómico por dominio.,Gas; slippage; competencia; revert; state drift,ESPECIFICADO,
MEV-03-003-I06,MEV-03-003,3,EVIDENCE,Trazabilidad de datos y separación de simulación / resultado realizado,Antes: fixtures+simulación+versiones. Después: receipt/fills+ledger. Estado realizado requiere settlement; no exige 20 operaciones anteriores para implementar.,integración + después de settlement,YES,CRITICAL,Adjuntar evidencia correcta de esa etapa; no renombrar simulación como realizado.,Gas; slippage; competencia; revert; state drift,ESPECIFICADO,
MEV-03-004-I01,MEV-03-004,3,MODE,Mode/state semantics preserved,Comprobar clase y atomicidad declaradas: interfaces ejecutables + unidades y temporalidad consistentes. Un predicado literal TRUE no acredita implementación.,discovery + simulation,YES,CRITICAL,Completar predicado específico del detector/clase y su fixture.,Gas; slippage; competencia; revert; state drift,ESPECIFICADO,
MEV-03-004-I02,MEV-03-004,3,ACCOUNTING,All value flows conserved and all costs represented exactly once,Conservar unidades por activo: balances + aportes + borrow = outputs + repay + fees + residuales. No sumar cantidades de tokens distintos sin ledger/valoración.,simulation + reconciliation,YES,CRITICAL,Reconstruir flujos por activo y eliminar dobles conteos.,Gas; slippage; competencia; revert; state drift,ESPECIFICADO,
MEV-03-004-I03,MEV-03-004,3,SNAPSHOT,No invalid mixed-state comparison,all state bound to one snapshot/block unless strategy explicitly models non-atomic timing,discovery + quote,YES,CRITICAL,Actualizar snapshot y reconstruir cotización coherente por dominio.,Gas; slippage; competencia; revert; state drift,ESPECIFICADO,
MEV-03-004-I04,MEV-03-004,3,PROFIT,"Beneficio objetivo demostrable en el candidato, no garantizado por diseño","NP_signed = gross - costes; NP_prudent=NP_signed-reserve. Objetivo=MAX(min_usd,notional*(target+margin_bps/10000)); brecha=MAX(0,objetivo-NP_prudent). No ABS ni floor sobre PnL.",pre-execution,YES,CRITICAL,Optimizar tamaño/ruta/costes; recotizar hasta hallar candidato que cubra objetivo. No alterar datos para eliminar brecha.,Gas; slippage; competencia; revert; state drift,ESPECIFICADO,
MEV-03-004-I05,MEV-03-004,3,ATOMICITY,Repayment/finality obligations satisfied,if atomic: repay principal+fee in same atomic unit; else explicit inventory/finality exposure,simulation,YES,CRITICAL,Corregir deuda/allowance/callback o explicitar plan no atómico por dominio.,Gas; slippage; competencia; revert; state drift,ESPECIFICADO,
MEV-03-004-I06,MEV-03-004,3,EVIDENCE,Trazabilidad de datos y separación de simulación / resultado realizado,Antes: fixtures+simulación+versiones. Después: receipt/fills+ledger. Estado realizado requiere settlement; no exige 20 operaciones anteriores para implementar.,integración + después de settlement,YES,CRITICAL,Adjuntar evidencia correcta de esa etapa; no renombrar simulación como realizado.,Gas; slippage; competencia; revert; state drift,ESPECIFICADO,
MEV-03-005-I01,MEV-03-005,3,MODE,Mode/state semantics preserved,Comprobar clase y atomicidad declaradas: interfaces ejecutables + unidades y temporalidad consistentes. Un predicado literal TRUE no acredita implementación.,discovery + simulation,YES,CRITICAL,Completar predicado específico del detector/clase y su fixture.,Gas; slippage; competencia; revert; state drift,ESPECIFICADO,
MEV-03-005-I02,MEV-03-005,3,ACCOUNTING,All value flows conserved and all costs represented exactly once,Conservar unidades por activo: balances + aportes + borrow = outputs + repay + fees + residuales. No sumar cantidades de tokens distintos sin ledger/valoración.,simulation + reconciliation,YES,CRITICAL,Reconstruir flujos por activo y eliminar dobles conteos.,Gas; slippage; competencia; revert; state drift,ESPECIFICADO,
MEV-03-005-I03,MEV-03-005,3,SNAPSHOT,No invalid mixed-state comparison,all state bound to one snapshot/block unless strategy explicitly models non-atomic timing,discovery + quote,YES,CRITICAL,Actualizar snapshot y reconstruir cotización coherente por dominio.,Gas; slippage; competencia; revert; state drift,ESPECIFICADO,
MEV-03-005-I04,MEV-03-005,3,PROFIT,"Beneficio objetivo demostrable en el candidato, no garantizado por diseño","NP_signed = gross - costes; NP_prudent=NP_signed-reserve. Objetivo=MAX(min_usd,notional*(target+margin_bps/10000)); brecha=MAX(0,objetivo-NP_prudent). No ABS ni floor sobre PnL.",pre-execution,YES,CRITICAL,Optimizar tamaño/ruta/costes; recotizar hasta hallar candidato que cubra objetivo. No alterar datos para eliminar brecha.,Gas; slippage; competencia; revert; state drift,ESPECIFICADO,
MEV-03-005-I05,MEV-03-005,3,ATOMICITY,Repayment/finality obligations satisfied,if atomic: repay principal+fee in same atomic unit; else explicit inventory/finality exposure,simulation,YES,CRITICAL,Corregir deuda/allowance/callback o explicitar plan no atómico por dominio.,Gas; slippage; competencia; revert; state drift,ESPECIFICADO,
MEV-03-005-I06,MEV-03-005,3,EVIDENCE,Trazabilidad de datos y separación de simulación / resultado realizado,Antes: fixtures+simulación+versiones. Después: receipt/fills+ledger. Estado realizado requiere settlement; no exige 20 operaciones anteriores para implementar.,integración + después de settlement,YES,CRITICAL,Adjuntar evidencia correcta de esa etapa; no renombrar simulación como realizado.,Gas; slippage; competencia; revert; state drift,ESPECIFICADO,
MEV-03-006-I01,MEV-03-006,3,MODE,Mode/state semantics preserved,Comprobar clase y atomicidad declaradas: interfaces ejecutables + unidades y temporalidad consistentes. Un predicado literal TRUE no acredita implementación.,discovery + simulation,YES,CRITICAL,Completar predicado específico del detector/clase y su fixture.,Gas; slippage; competencia; revert; state drift; inclusión; reorg; latencia,ESPECIFICADO,
MEV-03-006-I02,MEV-03-006,3,ACCOUNTING,All value flows conserved and all costs represented exactly once,Conservar unidades por activo: balances + aportes + borrow = outputs + repay + fees + residuales. No sumar cantidades de tokens distintos sin ledger/valoración.,simulation + reconciliation,YES,CRITICAL,Reconstruir flujos por activo y eliminar dobles conteos.,Gas; slippage; competencia; revert; state drift; inclusión; reorg; latencia,ESPECIFICADO,
MEV-03-006-I03,MEV-03-006,3,SNAPSHOT,No invalid mixed-state comparison,all state bound to one snapshot/block unless strategy explicitly models non-atomic timing,discovery + quote,YES,CRITICAL,Actualizar snapshot y reconstruir cotización coherente por dominio.,Gas; slippage; competencia; revert; state drift; inclusión; reorg; latencia,ESPECIFICADO,
MEV-03-006-I04,MEV-03-006,3,PROFIT,"Beneficio objetivo demostrable en el candidato, no garantizado por diseño","NP_signed = gross - costes; NP_prudent=NP_signed-reserve. Objetivo=MAX(min_usd,notional*(target+margin_bps/10000)); brecha=MAX(0,objetivo-NP_prudent). No ABS ni floor sobre PnL.",pre-execution,YES,CRITICAL,Optimizar tamaño/ruta/costes; recotizar hasta hallar candidato que cubra objetivo. No alterar datos para eliminar brecha.,Gas; slippage; competencia; revert; state drift; inclusión; reorg; latencia,ESPECIFICADO,
MEV-03-006-I05,MEV-03-006,3,ATOMICITY,Repayment/finality obligations satisfied,if atomic: repay principal+fee in same atomic unit; else explicit inventory/finality exposure,simulation,YES,CRITICAL,Corregir deuda/allowance/callback o explicitar plan no atómico por dominio.,Gas; slippage; competencia; revert; state drift; inclusión; reorg; latencia,ESPECIFICADO,
MEV-03-006-I06,MEV-03-006,3,EVIDENCE,Trazabilidad de datos y separación de simulación / resultado realizado,Antes: fixtures+simulación+versiones. Después: receipt/fills+ledger. Estado realizado requiere settlement; no exige 20 operaciones anteriores para implementar.,integración + después de settlement,YES,CRITICAL,Adjuntar evidencia correcta de esa etapa; no renombrar simulación como realizado.,Gas; slippage; competencia; revert; state drift; inclusión; reorg; latencia,ESPECIFICADO,
MEV-03-007-I01,MEV-03-007,3,MODE,Mode/state semantics preserved,Comprobar clase y atomicidad declaradas: interfaces ejecutables + unidades y temporalidad consistentes. Un predicado literal TRUE no acredita implementación.,discovery + simulation,YES,CRITICAL,Completar predicado específico del detector/clase y su fixture.,Gas; slippage; competencia; revert; state drift,ESPECIFICADO,
MEV-03-007-I02,MEV-03-007,3,ACCOUNTING,All value flows conserved and all costs represented exactly once,Conservar unidades por activo: balances + aportes + borrow = outputs + repay + fees + residuales. No sumar cantidades de tokens distintos sin ledger/valoración.,simulation + reconciliation,YES,CRITICAL,Reconstruir flujos por activo y eliminar dobles conteos.,Gas; slippage; competencia; revert; state drift,ESPECIFICADO,
MEV-03-007-I03,MEV-03-007,3,SNAPSHOT,No invalid mixed-state comparison,all state bound to one snapshot/block unless strategy explicitly models non-atomic timing,discovery + quote,YES,CRITICAL,Actualizar snapshot y reconstruir cotización coherente por dominio.,Gas; slippage; competencia; revert; state drift,ESPECIFICADO,
MEV-03-007-I04,MEV-03-007,3,PROFIT,"Beneficio objetivo demostrable en el candidato, no garantizado por diseño","NP_signed = gross - costes; NP_prudent=NP_signed-reserve. Objetivo=MAX(min_usd,notional*(target+margin_bps/10000)); brecha=MAX(0,objetivo-NP_prudent). No ABS ni floor sobre PnL.",pre-execution,YES,CRITICAL,Optimizar tamaño/ruta/costes; recotizar hasta hallar candidato que cubra objetivo. No alterar datos para eliminar brecha.,Gas; slippage; competencia; revert; state drift,ESPECIFICADO,
MEV-03-007-I05,MEV-03-007,3,ATOMICITY,Repayment/finality obligations satisfied,if atomic: repay principal+fee in same atomic unit; else explicit inventory/finality exposure,simulation,YES,CRITICAL,Corregir deuda/allowance/callback o explicitar plan no atómico por dominio.,Gas; slippage; competencia; revert; state drift,ESPECIFICADO,
MEV-03-007-I06,MEV-03-007,3,EVIDENCE,Trazabilidad de datos y separación de simulación / resultado realizado,Antes: fixtures+simulación+versiones. Después: receipt/fills+ledger. Estado realizado requiere settlement; no exige 20 operaciones anteriores para implementar.,integración + después de settlement,YES,CRITICAL,Adjuntar evidencia correcta de esa etapa; no renombrar simulación como realizado.,Gas; slippage; competencia; revert; state drift,ESPECIFICADO,
MEV-03-008-I01,MEV-03-008,3,MODE,Mode/state semantics preserved,Comprobar clase y atomicidad declaradas: interfaces ejecutables + unidades y temporalidad consistentes. Un predicado literal TRUE no acredita implementación.,discovery + simulation,YES,CRITICAL,Completar predicado específico del detector/clase y su fixture.,Gas; slippage; competencia; revert; state drift,ESPECIFICADO,
MEV-03-008-I02,MEV-03-008,3,ACCOUNTING,All value flows conserved and all costs represented exactly once,Conservar unidades por activo: balances + aportes + borrow = outputs + repay + fees + residuales. No sumar cantidades de tokens distintos sin ledger/valoración.,simulation + reconciliation,YES,CRITICAL,Reconstruir flujos por activo y eliminar dobles conteos.,Gas; slippage; competencia; revert; state drift,ESPECIFICADO,
MEV-03-008-I03,MEV-03-008,3,SNAPSHOT,No invalid mixed-state comparison,all state bound to one snapshot/block unless strategy explicitly models non-atomic timing,discovery + quote,YES,CRITICAL,Actualizar snapshot y reconstruir cotización coherente por dominio.,Gas; slippage; competencia; revert; state drift,ESPECIFICADO,
MEV-03-008-I04,MEV-03-008,3,PROFIT,"Beneficio objetivo demostrable en el candidato, no garantizado por diseño","NP_signed = gross - costes; NP_prudent=NP_signed-reserve. Objetivo=MAX(min_usd,notional*(target+margin_bps/10000)); brecha=MAX(0,objetivo-NP_prudent). No ABS ni floor sobre PnL.",pre-execution,YES,CRITICAL,Optimizar tamaño/ruta/costes; recotizar hasta hallar candidato que cubra objetivo. No alterar datos para eliminar brecha.,Gas; slippage; competencia; revert; state drift,ESPECIFICADO,
MEV-03-008-I05,MEV-03-008,3,ATOMICITY,Repayment/finality obligations satisfied,if atomic: repay principal+fee in same atomic unit; else explicit inventory/finality exposure,simulation,YES,CRITICAL,Corregir deuda/allowance/callback o explicitar plan no atómico por dominio.,Gas; slippage; competencia; revert; state drift,ESPECIFICADO,
MEV-03-008-I06,MEV-03-008,3,EVIDENCE,Trazabilidad de datos y separación de simulación / resultado realizado,Antes: fixtures+simulación+versiones. Después: receipt/fills+ledger. Estado realizado requiere settlement; no exige 20 operaciones anteriores para implementar.,integración + después de settlement,YES,CRITICAL,Adjuntar evidencia correcta de esa etapa; no renombrar simulación como realizado.,Gas; slippage; competencia; revert; state drift,ESPECIFICADO,
MEV-03-009-I01,MEV-03-009,3,MODE,Mode/state semantics preserved,Comprobar clase y atomicidad declaradas: interfaces ejecutables + unidades y temporalidad consistentes. Un predicado literal TRUE no acredita implementación.,discovery + simulation,YES,CRITICAL,Completar predicado específico del detector/clase y su fixture.,Gas; slippage; competencia; revert; state drift,ESPECIFICADO,
MEV-03-009-I02,MEV-03-009,3,ACCOUNTING,All value flows conserved and all costs represented exactly once,Conservar unidades por activo: balances + aportes + borrow = outputs + repay + fees + residuales. No sumar cantidades de tokens distintos sin ledger/valoración.,simulation + reconciliation,YES,CRITICAL,Reconstruir flujos por activo y eliminar dobles conteos.,Gas; slippage; competencia; revert; state drift,ESPECIFICADO,
MEV-03-009-I03,MEV-03-009,3,SNAPSHOT,No invalid mixed-state comparison,all state bound to one snapshot/block unless strategy explicitly models non-atomic timing,discovery + quote,YES,CRITICAL,Actualizar snapshot y reconstruir cotización coherente por dominio.,Gas; slippage; competencia; revert; state drift,ESPECIFICADO,
MEV-03-009-I04,MEV-03-009,3,PROFIT,"Beneficio objetivo demostrable en el candidato, no garantizado por diseño","NP_signed = gross - costes; NP_prudent=NP_signed-reserve. Objetivo=MAX(min_usd,notional*(target+margin_bps/10000)); brecha=MAX(0,objetivo-NP_prudent). No ABS ni floor sobre PnL.",pre-execution,YES,CRITICAL,Optimizar tamaño/ruta/costes; recotizar hasta hallar candidato que cubra objetivo. No alterar datos para eliminar brecha.,Gas; slippage; competencia; revert; state drift,ESPECIFICADO,
MEV-03-009-I05,MEV-03-009,3,ATOMICITY,Repayment/finality obligations satisfied,if atomic: repay principal+fee in same atomic unit; else explicit inventory/finality exposure,simulation,YES,CRITICAL,Corregir deuda/allowance/callback o explicitar plan no atómico por dominio.,Gas; slippage; competencia; revert; state drift,ESPECIFICADO,
MEV-03-009-I06,MEV-03-009,3,EVIDENCE,Trazabilidad de datos y separación de simulación / resultado realizado,Antes: fixtures+simulación+versiones. Después: receipt/fills+ledger. Estado realizado requiere settlement; no exige 20 operaciones anteriores para implementar.,integración + después de settlement,YES,CRITICAL,Adjuntar evidencia correcta de esa etapa; no renombrar simulación como realizado.,Gas; slippage; competencia; revert; state drift,ESPECIFICADO,
MEV-03-010-I01,MEV-03-010,3,MODE,Mode/state semantics preserved,Comprobar clase y atomicidad declaradas: interfaces ejecutables + unidades y temporalidad consistentes. Un predicado literal TRUE no acredita implementación.,discovery + simulation,YES,CRITICAL,Completar predicado específico del detector/clase y su fixture.,Gas; slippage; competencia; revert; state drift,ESPECIFICADO,
MEV-03-010-I02,MEV-03-010,3,ACCOUNTING,All value flows conserved and all costs represented exactly once,Conservar unidades por activo: balances + aportes + borrow = outputs + repay + fees + residuales. No sumar cantidades de tokens distintos sin ledger/valoración.,simulation + reconciliation,YES,CRITICAL,Reconstruir flujos por activo y eliminar dobles conteos.,Gas; slippage; competencia; revert; state drift,ESPECIFICADO,
MEV-03-010-I03,MEV-03-010,3,SNAPSHOT,No invalid mixed-state comparison,all state bound to one snapshot/block unless strategy explicitly models non-atomic timing,discovery + quote,YES,CRITICAL,Actualizar snapshot y reconstruir cotización coherente por dominio.,Gas; slippage; competencia; revert; state drift,ESPECIFICADO,
MEV-03-010-I04,MEV-03-010,3,PROFIT,"Beneficio objetivo demostrable en el candidato, no garantizado por diseño","NP_signed = gross - costes; NP_prudent=NP_signed-reserve. Objetivo=MAX(min_usd,notional*(target+margin_bps/10000)); brecha=MAX(0,objetivo-NP_prudent). No ABS ni floor sobre PnL.",pre-execution,YES,CRITICAL,Optimizar tamaño/ruta/costes; recotizar hasta hallar candidato que cubra objetivo. No alterar datos para eliminar brecha.,Gas; slippage; competencia; revert; state drift,ESPECIFICADO,
MEV-03-010-I05,MEV-03-010,3,ATOMICITY,Repayment/finality obligations satisfied,if atomic: repay principal+fee in same atomic unit; else explicit inventory/finality exposure,simulation,YES,CRITICAL,Corregir deuda/allowance/callback o explicitar plan no atómico por dominio.,Gas; slippage; competencia; revert; state drift,ESPECIFICADO,
MEV-03-010-I06,MEV-03-010,3,EVIDENCE,Trazabilidad de datos y separación de simulación / resultado realizado,Antes: fixtures+simulación+versiones. Después: receipt/fills+ledger. Estado realizado requiere settlement; no exige 20 operaciones anteriores para implementar.,integración + después de settlement,YES,CRITICAL,Adjuntar evidencia correcta de esa etapa; no renombrar simulación como realizado.,Gas; slippage; competencia; revert; state drift,ESPECIFICADO,
MEV-03-011-I01,MEV-03-011,3,MODE,Mode/state semantics preserved,Comprobar clase y atomicidad declaradas: interfaces ejecutables + unidades y temporalidad consistentes. Un predicado literal TRUE no acredita implementación.,discovery + simulation,YES,CRITICAL,Completar predicado específico del detector/clase y su fixture.,Gas; slippage; competencia; revert; state drift,ESPECIFICADO,
MEV-03-011-I02,MEV-03-011,3,ACCOUNTING,All value flows conserved and all costs represented exactly once,Conservar unidades por activo: balances + aportes + borrow = outputs + repay + fees + residuales. No sumar cantidades de tokens distintos sin ledger/valoración.,simulation + reconciliation,YES,CRITICAL,Reconstruir flujos por activo y eliminar dobles conteos.,Gas; slippage; competencia; revert; state drift,ESPECIFICADO,
MEV-03-011-I03,MEV-03-011,3,SNAPSHOT,No invalid mixed-state comparison,all state bound to one snapshot/block unless strategy explicitly models non-atomic timing,discovery + quote,YES,CRITICAL,Actualizar snapshot y reconstruir cotización coherente por dominio.,Gas; slippage; competencia; revert; state drift,ESPECIFICADO,
MEV-03-011-I04,MEV-03-011,3,PROFIT,"Beneficio objetivo demostrable en el candidato, no garantizado por diseño","NP_signed = gross - costes; NP_prudent=NP_signed-reserve. Objetivo=MAX(min_usd,notional*(target+margin_bps/10000)); brecha=MAX(0,objetivo-NP_prudent). No ABS ni floor sobre PnL.",pre-execution,YES,CRITICAL,Optimizar tamaño/ruta/costes; recotizar hasta hallar candidato que cubra objetivo. No alterar datos para eliminar brecha.,Gas; slippage; competencia; revert; state drift,ESPECIFICADO,
MEV-03-011-I05,MEV-03-011,3,ATOMICITY,Repayment/finality obligations satisfied,if atomic: repay principal+fee in same atomic unit; else explicit inventory/finality exposure,simulation,YES,CRITICAL,Corregir deuda/allowance/callback o explicitar plan no atómico por dominio.,Gas; slippage; competencia; revert; state drift,ESPECIFICADO,
MEV-03-011-I06,MEV-03-011,3,EVIDENCE,Trazabilidad de datos y separación de simulación / resultado realizado,Antes: fixtures+simulación+versiones. Después: receipt/fills+ledger. Estado realizado requiere settlement; no exige 20 operaciones anteriores para implementar.,integración + después de settlement,YES,CRITICAL,Adjuntar evidencia correcta de esa etapa; no renombrar simulación como realizado.,Gas; slippage; competencia; revert; state drift,ESPECIFICADO,
MEV-03-012-I01,MEV-03-012,3,MODE,Mode/state semantics preserved,Comprobar clase y atomicidad declaradas: interfaces ejecutables + unidades y temporalidad consistentes. Un predicado literal TRUE no acredita implementación.,discovery + simulation,YES,CRITICAL,Completar predicado específico del detector/clase y su fixture.,Gas; slippage; competencia; revert; state drift,ESPECIFICADO,
MEV-03-012-I02,MEV-03-012,3,ACCOUNTING,All value flows conserved and all costs represented exactly once,Conservar unidades por activo: balances + aportes + borrow = outputs + repay + fees + residuales. No sumar cantidades de tokens distintos sin ledger/valoración.,simulation + reconciliation,YES,CRITICAL,Reconstruir flujos por activo y eliminar dobles conteos.,Gas; slippage; competencia; revert; state drift,ESPECIFICADO,
MEV-03-012-I03,MEV-03-012,3,SNAPSHOT,No invalid mixed-state comparison,all state bound to one snapshot/block unless strategy explicitly models non-atomic timing,discovery + quote,YES,CRITICAL,Actualizar snapshot y reconstruir cotización coherente por dominio.,Gas; slippage; competencia; revert; state drift,ESPECIFICADO,
MEV-03-012-I04,MEV-03-012,3,PROFIT,"Beneficio objetivo demostrable en el candidato, no garantizado por diseño","NP_signed = gross - costes; NP_prudent=NP_signed-reserve. Objetivo=MAX(min_usd,notional*(target+margin_bps/10000)); brecha=MAX(0,objetivo-NP_prudent). No ABS ni floor sobre PnL.",pre-execution,YES,CRITICAL,Optimizar tamaño/ruta/costes; recotizar hasta hallar candidato que cubra objetivo. No alterar datos para eliminar brecha.,Gas; slippage; competencia; revert; state drift,ESPECIFICADO,
MEV-03-012-I05,MEV-03-012,3,ATOMICITY,Repayment/finality obligations satisfied,if atomic: repay principal+fee in same atomic unit; else explicit inventory/finality exposure,simulation,YES,CRITICAL,Corregir deuda/allowance/callback o explicitar plan no atómico por dominio.,Gas; slippage; competencia; revert; state drift,ESPECIFICADO,
MEV-03-012-I06,MEV-03-012,3,EVIDENCE,Trazabilidad de datos y separación de simulación / resultado realizado,Antes: fixtures+simulación+versiones. Después: receipt/fills+ledger. Estado realizado requiere settlement; no exige 20 operaciones anteriores para implementar.,integración + después de settlement,YES,CRITICAL,Adjuntar evidencia correcta de esa etapa; no renombrar simulación como realizado.,Gas; slippage; competencia; revert; state drift,ESPECIFICADO,
MEV-03-013-I01,MEV-03-013,3,MODE,Mode/state semantics preserved,Comprobar clase y atomicidad declaradas: interfaces ejecutables + unidades y temporalidad consistentes. Un predicado literal TRUE no acredita implementación.,discovery + simulation,YES,CRITICAL,Completar predicado específico del detector/clase y su fixture.,Gas; slippage; competencia; revert; state drift,ESPECIFICADO,
MEV-03-013-I02,MEV-03-013,3,ACCOUNTING,All value flows conserved and all costs represented exactly once,Conservar unidades por activo: balances + aportes + borrow = outputs + repay + fees + residuales. No sumar cantidades de tokens distintos sin ledger/valoración.,simulation + reconciliation,YES,CRITICAL,Reconstruir flujos por activo y eliminar dobles conteos.,Gas; slippage; competencia; revert; state drift,ESPECIFICADO,
MEV-03-013-I03,MEV-03-013,3,SNAPSHOT,No invalid mixed-state comparison,all state bound to one snapshot/block unless strategy explicitly models non-atomic timing,discovery + quote,YES,CRITICAL,Actualizar snapshot y reconstruir cotización coherente por dominio.,Gas; slippage; competencia; revert; state drift,ESPECIFICADO,
MEV-03-013-I04,MEV-03-013,3,PROFIT,"Beneficio objetivo demostrable en el candidato, no garantizado por diseño","NP_signed = gross - costes; NP_prudent=NP_signed-reserve. Objetivo=MAX(min_usd,notional*(target+margin_bps/10000)); brecha=MAX(0,objetivo-NP_prudent). No ABS ni floor sobre PnL.",pre-execution,YES,CRITICAL,Optimizar tamaño/ruta/costes; recotizar hasta hallar candidato que cubra objetivo. No alterar datos para eliminar brecha.,Gas; slippage; competencia; revert; state drift,ESPECIFICADO,
MEV-03-013-I05,MEV-03-013,3,ATOMICITY,Repayment/finality obligations satisfied,if atomic: repay principal+fee in same atomic unit; else explicit inventory/finality exposure,simulation,YES,CRITICAL,Corregir deuda/allowance/callback o explicitar plan no atómico por dominio.,Gas; slippage; competencia; revert; state drift,ESPECIFICADO,
MEV-03-013-I06,MEV-03-013,3,EVIDENCE,Trazabilidad de datos y separación de simulación / resultado realizado,Antes: fixtures+simulación+versiones. Después: receipt/fills+ledger. Estado realizado requiere settlement; no exige 20 operaciones anteriores para implementar.,integración + después de settlement,YES,CRITICAL,Adjuntar evidencia correcta de esa etapa; no renombrar simulación como realizado.,Gas; slippage; competencia; revert; state drift,ESPECIFICADO,
MEV-03-014-I01,MEV-03-014,3,MODE,Mode/state semantics preserved,Comprobar clase y atomicidad declaradas: interfaces ejecutables + unidades y temporalidad consistentes. Un predicado literal TRUE no acredita implementación.,discovery + simulation,YES,CRITICAL,Completar predicado específico del detector/clase y su fixture.,Gas; slippage; competencia; revert; state drift,ESPECIFICADO,
MEV-03-014-I02,MEV-03-014,3,ACCOUNTING,All value flows conserved and all costs represented exactly once,Conservar unidades por activo: balances + aportes + borrow = outputs + repay + fees + residuales. No sumar cantidades de tokens distintos sin ledger/valoración.,simulation + reconciliation,YES,CRITICAL,Reconstruir flujos por activo y eliminar dobles conteos.,Gas; slippage; competencia; revert; state drift,ESPECIFICADO,
MEV-03-014-I03,MEV-03-014,3,SNAPSHOT,No invalid mixed-state comparison,all state bound to one snapshot/block unless strategy explicitly models non-atomic timing,discovery + quote,YES,CRITICAL,Actualizar snapshot y reconstruir cotización coherente por dominio.,Gas; slippage; competencia; revert; state drift,ESPECIFICADO,
MEV-03-014-I04,MEV-03-014,3,PROFIT,"Beneficio objetivo demostrable en el candidato, no garantizado por diseño","NP_signed = gross - costes; NP_prudent=NP_signed-reserve. Objetivo=MAX(min_usd,notional*(target+margin_bps/10000)); brecha=MAX(0,objetivo-NP_prudent). No ABS ni floor sobre PnL.",pre-execution,YES,CRITICAL,Optimizar tamaño/ruta/costes; recotizar hasta hallar candidato que cubra objetivo. No alterar datos para eliminar brecha.,Gas; slippage; competencia; revert; state drift,ESPECIFICADO,
MEV-03-014-I05,MEV-03-014,3,ATOMICITY,Repayment/finality obligations satisfied,if atomic: repay principal+fee in same atomic unit; else explicit inventory/finality exposure,simulation,YES,CRITICAL,Corregir deuda/allowance/callback o explicitar plan no atómico por dominio.,Gas; slippage; competencia; revert; state drift,ESPECIFICADO,
MEV-03-014-I06,MEV-03-014,3,EVIDENCE,Trazabilidad de datos y separación de simulación / resultado realizado,Antes: fixtures+simulación+versiones. Después: receipt/fills+ledger. Estado realizado requiere settlement; no exige 20 operaciones anteriores para implementar.,integración + después de settlement,YES,CRITICAL,Adjuntar evidencia correcta de esa etapa; no renombrar simulación como realizado.,Gas; slippage; competencia; revert; state drift,ESPECIFICADO,
MEV-03-015-I01,MEV-03-015,3,MODE,Mode/state semantics preserved,Comprobar clase y atomicidad declaradas: interfaces ejecutables + unidades y temporalidad consistentes. Un predicado literal TRUE no acredita implementación.,discovery + simulation,YES,CRITICAL,Completar predicado específico del detector/clase y su fixture.,Gas; slippage; competencia; revert; state drift,ESPECIFICADO,
MEV-03-015-I02,MEV-03-015,3,ACCOUNTING,All value flows conserved and all costs represented exactly once,Conservar unidades por activo: balances + aportes + borrow = outputs + repay + fees + residuales. No sumar cantidades de tokens distintos sin ledger/valoración.,simulation + reconciliation,YES,CRITICAL,Reconstruir flujos por activo y eliminar dobles conteos.,Gas; slippage; competencia; revert; state drift,ESPECIFICADO,
MEV-03-015-I03,MEV-03-015,3,SNAPSHOT,No invalid mixed-state comparison,all state bound to one snapshot/block unless strategy explicitly models non-atomic timing,discovery + quote,YES,CRITICAL,Actualizar snapshot y reconstruir cotización coherente por dominio.,Gas; slippage; competencia; revert; state drift,ESPECIFICADO,
MEV-03-015-I04,MEV-03-015,3,PROFIT,"Beneficio objetivo demostrable en el candidato, no garantizado por diseño","NP_signed = gross - costes; NP_prudent=NP_signed-reserve. Objetivo=MAX(min_usd,notional*(target+margin_bps/10000)); brecha=MAX(0,objetivo-NP_prudent). No ABS ni floor sobre PnL.",pre-execution,YES,CRITICAL,Optimizar tamaño/ruta/costes; recotizar hasta hallar candidato que cubra objetivo. No alterar datos para eliminar brecha.,Gas; slippage; competencia; revert; state drift,ESPECIFICADO,
MEV-03-015-I05,MEV-03-015,3,ATOMICITY,Repayment/finality obligations satisfied,if atomic: repay principal+fee in same atomic unit; else explicit inventory/finality exposure,simulation,YES,CRITICAL,Corregir deuda/allowance/callback o explicitar plan no atómico por dominio.,Gas; slippage; competencia; revert; state drift,ESPECIFICADO,
MEV-03-015-I06,MEV-03-015,3,EVIDENCE,Trazabilidad de datos y separación de simulación / resultado realizado,Antes: fixtures+simulación+versiones. Después: receipt/fills+ledger. Estado realizado requiere settlement; no exige 20 operaciones anteriores para implementar.,integración + después de settlement,YES,CRITICAL,Adjuntar evidencia correcta de esa etapa; no renombrar simulación como realizado.,Gas; slippage; competencia; revert; state drift,ESPECIFICADO,
MEV-03-016-I01,MEV-03-016,3,MODE,Mode/state semantics preserved,Comprobar clase y atomicidad declaradas: interfaces ejecutables + unidades y temporalidad consistentes. Un predicado literal TRUE no acredita implementación.,discovery + simulation,YES,CRITICAL,Completar predicado específico del detector/clase y su fixture.,Gas; slippage; competencia; revert; state drift,ESPECIFICADO,
MEV-03-016-I02,MEV-03-016,3,ACCOUNTING,All value flows conserved and all costs represented exactly once,Conservar unidades por activo: balances + aportes + borrow = outputs + repay + fees + residuales. No sumar cantidades de tokens distintos sin ledger/valoración.,simulation + reconciliation,YES,CRITICAL,Reconstruir flujos por activo y eliminar dobles conteos.,Gas; slippage; competencia; revert; state drift,ESPECIFICADO,
MEV-03-016-I03,MEV-03-016,3,SNAPSHOT,No invalid mixed-state comparison,all state bound to one snapshot/block unless strategy explicitly models non-atomic timing,discovery + quote,YES,CRITICAL,Actualizar snapshot y reconstruir cotización coherente por dominio.,Gas; slippage; competencia; revert; state drift,ESPECIFICADO,
MEV-03-016-I04,MEV-03-016,3,PROFIT,"Beneficio objetivo demostrable en el candidato, no garantizado por diseño","NP_signed = gross - costes; NP_prudent=NP_signed-reserve. Objetivo=MAX(min_usd,notional*(target+margin_bps/10000)); brecha=MAX(0,objetivo-NP_prudent). No ABS ni floor sobre PnL.",pre-execution,YES,CRITICAL,Optimizar tamaño/ruta/costes; recotizar hasta hallar candidato que cubra objetivo. No alterar datos para eliminar brecha.,Gas; slippage; competencia; revert; state drift,ESPECIFICADO,
MEV-03-016-I05,MEV-03-016,3,ATOMICITY,Repayment/finality obligations satisfied,if atomic: repay principal+fee in same atomic unit; else explicit inventory/finality exposure,simulation,YES,CRITICAL,Corregir deuda/allowance/callback o explicitar plan no atómico por dominio.,Gas; slippage; competencia; revert; state drift,ESPECIFICADO,
MEV-03-016-I06,MEV-03-016,3,EVIDENCE,Trazabilidad de datos y separación de simulación / resultado realizado,Antes: fixtures+simulación+versiones. Después: receipt/fills+ledger. Estado realizado requiere settlement; no exige 20 operaciones anteriores para implementar.,integración + después de settlement,YES,CRITICAL,Adjuntar evidencia correcta de esa etapa; no renombrar simulación como realizado.,Gas; slippage; competencia; revert; state drift,ESPECIFICADO,
MEV-03-017-I01,MEV-03-017,3,MODE,Mode/state semantics preserved,Comprobar clase y atomicidad declaradas: interfaces ejecutables + unidades y temporalidad consistentes. Un predicado literal TRUE no acredita implementación.,discovery + simulation,YES,CRITICAL,Completar predicado específico del detector/clase y su fixture.,Gas; slippage; competencia; revert; state drift,ESPECIFICADO,
MEV-03-017-I02,MEV-03-017,3,ACCOUNTING,All value flows conserved and all costs represented exactly once,Conservar unidades por activo: balances + aportes + borrow = outputs + repay + fees + residuales. No sumar cantidades de tokens distintos sin ledger/valoración.,simulation + reconciliation,YES,CRITICAL,Reconstruir flujos por activo y eliminar dobles conteos.,Gas; slippage; competencia; revert; state drift,ESPECIFICADO,
MEV-03-017-I03,MEV-03-017,3,SNAPSHOT,No invalid mixed-state comparison,all state bound to one snapshot/block unless strategy explicitly models non-atomic timing,discovery + quote,YES,CRITICAL,Actualizar snapshot y reconstruir cotización coherente por dominio.,Gas; slippage; competencia; revert; state drift,ESPECIFICADO,
MEV-03-017-I04,MEV-03-017,3,PROFIT,"Beneficio objetivo demostrable en el candidato, no garantizado por diseño","NP_signed = gross - costes; NP_prudent=NP_signed-reserve. Objetivo=MAX(min_usd,notional*(target+margin_bps/10000)); brecha=MAX(0,objetivo-NP_prudent). No ABS ni floor sobre PnL.",pre-execution,YES,CRITICAL,Optimizar tamaño/ruta/costes; recotizar hasta hallar candidato que cubra objetivo. No alterar datos para eliminar brecha.,Gas; slippage; competencia; revert; state drift,ESPECIFICADO,
MEV-03-017-I05,MEV-03-017,3,ATOMICITY,Repayment/finality obligations satisfied,if atomic: repay principal+fee in same atomic unit; else explicit inventory/finality exposure,simulation,YES,CRITICAL,Corregir deuda/allowance/callback o explicitar plan no atómico por dominio.,Gas; slippage; competencia; revert; state drift,ESPECIFICADO,
MEV-03-017-I06,MEV-03-017,3,EVIDENCE,Trazabilidad de datos y separación de simulación / resultado realizado,Antes: fixtures+simulación+versiones. Después: receipt/fills+ledger. Estado realizado requiere settlement; no exige 20 operaciones anteriores para implementar.,integración + después de settlement,YES,CRITICAL,Adjuntar evidencia correcta de esa etapa; no renombrar simulación como realizado.,Gas; slippage; competencia; revert; state drift,ESPECIFICADO,
MEV-03-018-I01,MEV-03-018,3,MODE,Mode/state semantics preserved,Comprobar clase y atomicidad declaradas: interfaces ejecutables + unidades y temporalidad consistentes. Un predicado literal TRUE no acredita implementación.,discovery + simulation,YES,CRITICAL,Completar predicado específico del detector/clase y su fixture.,Gas; slippage; competencia; revert; state drift,ESPECIFICADO,
MEV-03-018-I02,MEV-03-018,3,ACCOUNTING,All value flows conserved and all costs represented exactly once,Conservar unidades por activo: balances + aportes + borrow = outputs + repay + fees + residuales. No sumar cantidades de tokens distintos sin ledger/valoración.,simulation + reconciliation,YES,CRITICAL,Reconstruir flujos por activo y eliminar dobles conteos.,Gas; slippage; competencia; revert; state drift,ESPECIFICADO,
MEV-03-018-I03,MEV-03-018,3,SNAPSHOT,No invalid mixed-state comparison,all state bound to one snapshot/block unless strategy explicitly models non-atomic timing,discovery + quote,YES,CRITICAL,Actualizar snapshot y reconstruir cotización coherente por dominio.,Gas; slippage; competencia; revert; state drift,ESPECIFICADO,
MEV-03-018-I04,MEV-03-018,3,PROFIT,"Beneficio objetivo demostrable en el candidato, no garantizado por diseño","NP_signed = gross - costes; NP_prudent=NP_signed-reserve. Objetivo=MAX(min_usd,notional*(target+margin_bps/10000)); brecha=MAX(0,objetivo-NP_prudent). No ABS ni floor sobre PnL.",pre-execution,YES,CRITICAL,Optimizar tamaño/ruta/costes; recotizar hasta hallar candidato que cubra objetivo. No alterar datos para eliminar brecha.,Gas; slippage; competencia; revert; state drift,ESPECIFICADO,
MEV-03-018-I05,MEV-03-018,3,ATOMICITY,Repayment/finality obligations satisfied,if atomic: repay principal+fee in same atomic unit; else explicit inventory/finality exposure,simulation,YES,CRITICAL,Corregir deuda/allowance/callback o explicitar plan no atómico por dominio.,Gas; slippage; competencia; revert; state drift,ESPECIFICADO,
MEV-03-018-I06,MEV-03-018,3,EVIDENCE,Trazabilidad de datos y separación de simulación / resultado realizado,Antes: fixtures+simulación+versiones. Después: receipt/fills+ledger. Estado realizado requiere settlement; no exige 20 operaciones anteriores para implementar.,integración + después de settlement,YES,CRITICAL,Adjuntar evidencia correcta de esa etapa; no renombrar simulación como realizado.,Gas; slippage; competencia; revert; state drift,ESPECIFICADO,
MEV-03-019-I01,MEV-03-019,3,MODE,Mode/state semantics preserved,Comprobar clase y atomicidad declaradas: interfaces ejecutables + unidades y temporalidad consistentes. Un predicado literal TRUE no acredita implementación.,discovery + simulation,YES,CRITICAL,Completar predicado específico del detector/clase y su fixture.,Gas; slippage; competencia; revert; state drift,ESPECIFICADO,
MEV-03-019-I02,MEV-03-019,3,ACCOUNTING,All value flows conserved and all costs represented exactly once,Conservar unidades por activo: balances + aportes + borrow = outputs + repay + fees + residuales. No sumar cantidades de tokens distintos sin ledger/valoración.,simulation + reconciliation,YES,CRITICAL,Reconstruir flujos por activo y eliminar dobles conteos.,Gas; slippage; competencia; revert; state drift,ESPECIFICADO,
MEV-03-019-I03,MEV-03-019,3,SNAPSHOT,No invalid mixed-state comparison,all state bound to one snapshot/block unless strategy explicitly models non-atomic timing,discovery + quote,YES,CRITICAL,Actualizar snapshot y reconstruir cotización coherente por dominio.,Gas; slippage; competencia; revert; state drift,ESPECIFICADO,
MEV-03-019-I04,MEV-03-019,3,PROFIT,"Beneficio objetivo demostrable en el candidato, no garantizado por diseño","NP_signed = gross - costes; NP_prudent=NP_signed-reserve. Objetivo=MAX(min_usd,notional*(target+margin_bps/10000)); brecha=MAX(0,objetivo-NP_prudent). No ABS ni floor sobre PnL.",pre-execution,YES,CRITICAL,Optimizar tamaño/ruta/costes; recotizar hasta hallar candidato que cubra objetivo. No alterar datos para eliminar brecha.,Gas; slippage; competencia; revert; state drift,ESPECIFICADO,
MEV-03-019-I05,MEV-03-019,3,ATOMICITY,Repayment/finality obligations satisfied,if atomic: repay principal+fee in same atomic unit; else explicit inventory/finality exposure,simulation,YES,CRITICAL,Corregir deuda/allowance/callback o explicitar plan no atómico por dominio.,Gas; slippage; competencia; revert; state drift,ESPECIFICADO,
MEV-03-019-I06,MEV-03-019,3,EVIDENCE,Trazabilidad de datos y separación de simulación / resultado realizado,Antes: fixtures+simulación+versiones. Después: receipt/fills+ledger. Estado realizado requiere settlement; no exige 20 operaciones anteriores para implementar.,integración + después de settlement,YES,CRITICAL,Adjuntar evidencia correcta de esa etapa; no renombrar simulación como realizado.,Gas; slippage; competencia; revert; state drift,ESPECIFICADO,
MEV-03-020-I01,MEV-03-020,3,MODE,Mode/state semantics preserved,Comprobar clase y atomicidad declaradas: interfaces ejecutables + unidades y temporalidad consistentes. Un predicado literal TRUE no acredita implementación.,discovery + simulation,YES,CRITICAL,Completar predicado específico del detector/clase y su fixture.,Gas; slippage; competencia; revert; state drift,ESPECIFICADO,
MEV-03-020-I02,MEV-03-020,3,ACCOUNTING,All value flows conserved and all costs represented exactly once,Conservar unidades por activo: balances + aportes + borrow = outputs + repay + fees + residuales. No sumar cantidades de tokens distintos sin ledger/valoración.,simulation + reconciliation,YES,CRITICAL,Reconstruir flujos por activo y eliminar dobles conteos.,Gas; slippage; competencia; revert; state drift,ESPECIFICADO,
MEV-03-020-I03,MEV-03-020,3,SNAPSHOT,No invalid mixed-state comparison,all state bound to one snapshot/block unless strategy explicitly models non-atomic timing,discovery + quote,YES,CRITICAL,Actualizar snapshot y reconstruir cotización coherente por dominio.,Gas; slippage; competencia; revert; state drift,ESPECIFICADO,
MEV-03-020-I04,MEV-03-020,3,PROFIT,"Beneficio objetivo demostrable en el candidato, no garantizado por diseño","NP_signed = gross - costes; NP_prudent=NP_signed-reserve. Objetivo=MAX(min_usd,notional*(target+margin_bps/10000)); brecha=MAX(0,objetivo-NP_prudent). No ABS ni floor sobre PnL.",pre-execution,YES,CRITICAL,Optimizar tamaño/ruta/costes; recotizar hasta hallar candidato que cubra objetivo. No alterar datos para eliminar brecha.,Gas; slippage; competencia; revert; state drift,ESPECIFICADO,
MEV-03-020-I05,MEV-03-020,3,ATOMICITY,Repayment/finality obligations satisfied,if atomic: repay principal+fee in same atomic unit; else explicit inventory/finality exposure,simulation,YES,CRITICAL,Corregir deuda/allowance/callback o explicitar plan no atómico por dominio.,Gas; slippage; competencia; revert; state drift,ESPECIFICADO,
MEV-03-020-I06,MEV-03-020,3,EVIDENCE,Trazabilidad de datos y separación de simulación / resultado realizado,Antes: fixtures+simulación+versiones. Después: receipt/fills+ledger. Estado realizado requiere settlement; no exige 20 operaciones anteriores para implementar.,integración + después de settlement,YES,CRITICAL,Adjuntar evidencia correcta de esa etapa; no renombrar simulación como realizado.,Gas; slippage; competencia; revert; state drift,ESPECIFICADO,
MEV-03-021-I01,MEV-03-021,3,MODE,Mode/state semantics preserved,Comprobar clase y atomicidad declaradas: interfaces ejecutables + unidades y temporalidad consistentes. Un predicado literal TRUE no acredita implementación.,discovery + simulation,YES,CRITICAL,Completar predicado específico del detector/clase y su fixture.,Gas; slippage; competencia; revert; state drift,ESPECIFICADO,
MEV-03-021-I02,MEV-03-021,3,ACCOUNTING,All value flows conserved and all costs represented exactly once,Conservar unidades por activo: balances + aportes + borrow = outputs + repay + fees + residuales. No sumar cantidades de tokens distintos sin ledger/valoración.,simulation + reconciliation,YES,CRITICAL,Reconstruir flujos por activo y eliminar dobles conteos.,Gas; slippage; competencia; revert; state drift,ESPECIFICADO,
MEV-03-021-I03,MEV-03-021,3,SNAPSHOT,No invalid mixed-state comparison,all state bound to one snapshot/block unless strategy explicitly models non-atomic timing,discovery + quote,YES,CRITICAL,Actualizar snapshot y reconstruir cotización coherente por dominio.,Gas; slippage; competencia; revert; state drift,ESPECIFICADO,
MEV-03-021-I04,MEV-03-021,3,PROFIT,"Beneficio objetivo demostrable en el candidato, no garantizado por diseño","NP_signed = gross - costes; NP_prudent=NP_signed-reserve. Objetivo=MAX(min_usd,notional*(target+margin_bps/10000)); brecha=MAX(0,objetivo-NP_prudent). No ABS ni floor sobre PnL.",pre-execution,YES,CRITICAL,Optimizar tamaño/ruta/costes; recotizar hasta hallar candidato que cubra objetivo. No alterar datos para eliminar brecha.,Gas; slippage; competencia; revert; state drift,ESPECIFICADO,
MEV-03-021-I05,MEV-03-021,3,ATOMICITY,Repayment/finality obligations satisfied,if atomic: repay principal+fee in same atomic unit; else explicit inventory/finality exposure,simulation,YES,CRITICAL,Corregir deuda/allowance/callback o explicitar plan no atómico por dominio.,Gas; slippage; competencia; revert; state drift,ESPECIFICADO,
MEV-03-021-I06,MEV-03-021,3,EVIDENCE,Trazabilidad de datos y separación de simulación / resultado realizado,Antes: fixtures+simulación+versiones. Después: receipt/fills+ledger. Estado realizado requiere settlement; no exige 20 operaciones anteriores para implementar.,integración + después de settlement,YES,CRITICAL,Adjuntar evidencia correcta de esa etapa; no renombrar simulación como realizado.,Gas; slippage; competencia; revert; state drift,ESPECIFICADO,
MEV-03-022-I01,MEV-03-022,3,MODE,Mode/state semantics preserved,Comprobar clase y atomicidad declaradas: interfaces ejecutables + unidades y temporalidad consistentes. Un predicado literal TRUE no acredita implementación.,discovery + simulation,YES,CRITICAL,Completar predicado específico del detector/clase y su fixture.,Gas; slippage; competencia; revert; state drift,ESPECIFICADO,
MEV-03-022-I02,MEV-03-022,3,ACCOUNTING,All value flows conserved and all costs represented exactly once,Conservar unidades por activo: balances + aportes + borrow = outputs + repay + fees + residuales. No sumar cantidades de tokens distintos sin ledger/valoración.,simulation + reconciliation,YES,CRITICAL,Reconstruir flujos por activo y eliminar dobles conteos.,Gas; slippage; competencia; revert; state drift,ESPECIFICADO,
MEV-03-022-I03,MEV-03-022,3,SNAPSHOT,No invalid mixed-state comparison,all state bound to one snapshot/block unless strategy explicitly models non-atomic timing,discovery + quote,YES,CRITICAL,Actualizar snapshot y reconstruir cotización coherente por dominio.,Gas; slippage; competencia; revert; state drift,ESPECIFICADO,
MEV-03-022-I04,MEV-03-022,3,PROFIT,"Beneficio objetivo demostrable en el candidato, no garantizado por diseño","NP_signed = gross - costes; NP_prudent=NP_signed-reserve. Objetivo=MAX(min_usd,notional*(target+margin_bps/10000)); brecha=MAX(0,objetivo-NP_prudent). No ABS ni floor sobre PnL.",pre-execution,YES,CRITICAL,Optimizar tamaño/ruta/costes; recotizar hasta hallar candidato que cubra objetivo. No alterar datos para eliminar brecha.,Gas; slippage; competencia; revert; state drift,ESPECIFICADO,
MEV-03-022-I05,MEV-03-022,3,ATOMICITY,Repayment/finality obligations satisfied,if atomic: repay principal+fee in same atomic unit; else explicit inventory/finality exposure,simulation,YES,CRITICAL,Corregir deuda/allowance/callback o explicitar plan no atómico por dominio.,Gas; slippage; competencia; revert; state drift,ESPECIFICADO,
MEV-03-022-I06,MEV-03-022,3,EVIDENCE,Trazabilidad de datos y separación de simulación / resultado realizado,Antes: fixtures+simulación+versiones. Después: receipt/fills+ledger. Estado realizado requiere settlement; no exige 20 operaciones anteriores para implementar.,integración + después de settlement,YES,CRITICAL,Adjuntar evidencia correcta de esa etapa; no renombrar simulación como realizado.,Gas; slippage; competencia; revert; state drift,ESPECIFICADO,
MEV-03-023-I01,MEV-03-023,3,MODE,Mode/state semantics preserved,Comprobar clase y atomicidad declaradas: interfaces ejecutables + unidades y temporalidad consistentes. Un predicado literal TRUE no acredita implementación.,discovery + simulation,YES,CRITICAL,Completar predicado específico del detector/clase y su fixture.,Gas; slippage; competencia; revert; state drift,ESPECIFICADO,
MEV-03-023-I02,MEV-03-023,3,ACCOUNTING,All value flows conserved and all costs represented exactly once,Conservar unidades por activo: balances + aportes + borrow = outputs + repay + fees + residuales. No sumar cantidades de tokens distintos sin ledger/valoración.,simulation + reconciliation,YES,CRITICAL,Reconstruir flujos por activo y eliminar dobles conteos.,Gas; slippage; competencia; revert; state drift,ESPECIFICADO,
MEV-03-023-I03,MEV-03-023,3,SNAPSHOT,No invalid mixed-state comparison,all state bound to one snapshot/block unless strategy explicitly models non-atomic timing,discovery + quote,YES,CRITICAL,Actualizar snapshot y reconstruir cotización coherente por dominio.,Gas; slippage; competencia; revert; state drift,ESPECIFICADO,
MEV-03-023-I04,MEV-03-023,3,PROFIT,"Beneficio objetivo demostrable en el candidato, no garantizado por diseño","NP_signed = gross - costes; NP_prudent=NP_signed-reserve. Objetivo=MAX(min_usd,notional*(target+margin_bps/10000)); brecha=MAX(0,objetivo-NP_prudent). No ABS ni floor sobre PnL.",pre-execution,YES,CRITICAL,Optimizar tamaño/ruta/costes; recotizar hasta hallar candidato que cubra objetivo. No alterar datos para eliminar brecha.,Gas; slippage; competencia; revert; state drift,ESPECIFICADO,
MEV-03-023-I05,MEV-03-023,3,ATOMICITY,Repayment/finality obligations satisfied,if atomic: repay principal+fee in same atomic unit; else explicit inventory/finality exposure,simulation,YES,CRITICAL,Corregir deuda/allowance/callback o explicitar plan no atómico por dominio.,Gas; slippage; competencia; revert; state drift,ESPECIFICADO,
MEV-03-023-I06,MEV-03-023,3,EVIDENCE,Trazabilidad de datos y separación de simulación / resultado realizado,Antes: fixtures+simulación+versiones. Después: receipt/fills+ledger. Estado realizado requiere settlement; no exige 20 operaciones anteriores para implementar.,integración + después de settlement,YES,CRITICAL,Adjuntar evidencia correcta de esa etapa; no renombrar simulación como realizado.,Gas; slippage; competencia; revert; state drift,ESPECIFICADO,
MEV-03-024-I01,MEV-03-024,3,MODE,Mode/state semantics preserved,Comprobar clase y atomicidad declaradas: interfaces ejecutables + unidades y temporalidad consistentes. Un predicado literal TRUE no acredita implementación.,discovery + simulation,YES,CRITICAL,Completar predicado específico del detector/clase y su fixture.,Gas; slippage; competencia; revert; state drift,ESPECIFICADO,
MEV-03-024-I02,MEV-03-024,3,ACCOUNTING,All value flows conserved and all costs represented exactly once,Conservar unidades por activo: balances + aportes + borrow = outputs + repay + fees + residuales. No sumar cantidades de tokens distintos sin ledger/valoración.,simulation + reconciliation,YES,CRITICAL,Reconstruir flujos por activo y eliminar dobles conteos.,Gas; slippage; competencia; revert; state drift,ESPECIFICADO,
MEV-03-024-I03,MEV-03-024,3,SNAPSHOT,No invalid mixed-state comparison,all state bound to one snapshot/block unless strategy explicitly models non-atomic timing,discovery + quote,YES,CRITICAL,Actualizar snapshot y reconstruir cotización coherente por dominio.,Gas; slippage; competencia; revert; state drift,ESPECIFICADO,
MEV-03-024-I04,MEV-03-024,3,PROFIT,"Beneficio objetivo demostrable en el candidato, no garantizado por diseño","NP_signed = gross - costes; NP_prudent=NP_signed-reserve. Objetivo=MAX(min_usd,notional*(target+margin_bps/10000)); brecha=MAX(0,objetivo-NP_prudent). No ABS ni floor sobre PnL.",pre-execution,YES,CRITICAL,Optimizar tamaño/ruta/costes; recotizar hasta hallar candidato que cubra objetivo. No alterar datos para eliminar brecha.,Gas; slippage; competencia; revert; state drift,ESPECIFICADO,
MEV-03-024-I05,MEV-03-024,3,ATOMICITY,Repayment/finality obligations satisfied,if atomic: repay principal+fee in same atomic unit; else explicit inventory/finality exposure,simulation,YES,CRITICAL,Corregir deuda/allowance/callback o explicitar plan no atómico por dominio.,Gas; slippage; competencia; revert; state drift,ESPECIFICADO,
MEV-03-024-I06,MEV-03-024,3,EVIDENCE,Trazabilidad de datos y separación de simulación / resultado realizado,Antes: fixtures+simulación+versiones. Después: receipt/fills+ledger. Estado realizado requiere settlement; no exige 20 operaciones anteriores para implementar.,integración + después de settlement,YES,CRITICAL,Adjuntar evidencia correcta de esa etapa; no renombrar simulación como realizado.,Gas; slippage; competencia; revert; state drift,ESPECIFICADO,
MEV-03-025-I01,MEV-03-025,3,MODE,Mode/state semantics preserved,Comprobar clase y atomicidad declaradas: interfaces ejecutables + unidades y temporalidad consistentes. Un predicado literal TRUE no acredita implementación.,discovery + simulation,YES,CRITICAL,Completar predicado específico del detector/clase y su fixture.,Gas; slippage; competencia; revert; state drift,ESPECIFICADO,
MEV-03-025-I02,MEV-03-025,3,ACCOUNTING,All value flows conserved and all costs represented exactly once,Conservar unidades por activo: balances + aportes + borrow = outputs + repay + fees + residuales. No sumar cantidades de tokens distintos sin ledger/valoración.,simulation + reconciliation,YES,CRITICAL,Reconstruir flujos por activo y eliminar dobles conteos.,Gas; slippage; competencia; revert; state drift,ESPECIFICADO,
MEV-03-025-I03,MEV-03-025,3,SNAPSHOT,No invalid mixed-state comparison,all state bound to one snapshot/block unless strategy explicitly models non-atomic timing,discovery + quote,YES,CRITICAL,Actualizar snapshot y reconstruir cotización coherente por dominio.,Gas; slippage; competencia; revert; state drift,ESPECIFICADO,
MEV-03-025-I04,MEV-03-025,3,PROFIT,"Beneficio objetivo demostrable en el candidato, no garantizado por diseño","NP_signed = gross - costes; NP_prudent=NP_signed-reserve. Objetivo=MAX(min_usd,notional*(target+margin_bps/10000)); brecha=MAX(0,objetivo-NP_prudent). No ABS ni floor sobre PnL.",pre-execution,YES,CRITICAL,Optimizar tamaño/ruta/costes; recotizar hasta hallar candidato que cubra objetivo. No alterar datos para eliminar brecha.,Gas; slippage; competencia; revert; state drift,ESPECIFICADO,
MEV-03-025-I05,MEV-03-025,3,ATOMICITY,Repayment/finality obligations satisfied,if atomic: repay principal+fee in same atomic unit; else explicit inventory/finality exposure,simulation,YES,CRITICAL,Corregir deuda/allowance/callback o explicitar plan no atómico por dominio.,Gas; slippage; competencia; revert; state drift,ESPECIFICADO,
MEV-03-025-I06,MEV-03-025,3,EVIDENCE,Trazabilidad de datos y separación de simulación / resultado realizado,Antes: fixtures+simulación+versiones. Después: receipt/fills+ledger. Estado realizado requiere settlement; no exige 20 operaciones anteriores para implementar.,integración + después de settlement,YES,CRITICAL,Adjuntar evidencia correcta de esa etapa; no renombrar simulación como realizado.,Gas; slippage; competencia; revert; state drift,ESPECIFICADO,
MEV-03-026-I01,MEV-03-026,3,MODE,Mode/state semantics preserved,Comprobar clase y atomicidad declaradas: interfaces ejecutables + unidades y temporalidad consistentes. Un predicado literal TRUE no acredita implementación.,discovery + simulation,YES,CRITICAL,Completar predicado específico del detector/clase y su fixture.,Gas; slippage; competencia; revert; state drift,ESPECIFICADO,
MEV-03-026-I02,MEV-03-026,3,ACCOUNTING,All value flows conserved and all costs represented exactly once,Conservar unidades por activo: balances + aportes + borrow = outputs + repay + fees + residuales. No sumar cantidades de tokens distintos sin ledger/valoración.,simulation + reconciliation,YES,CRITICAL,Reconstruir flujos por activo y eliminar dobles conteos.,Gas; slippage; competencia; revert; state drift,ESPECIFICADO,
MEV-03-026-I03,MEV-03-026,3,SNAPSHOT,No invalid mixed-state comparison,all state bound to one snapshot/block unless strategy explicitly models non-atomic timing,discovery + quote,YES,CRITICAL,Actualizar snapshot y reconstruir cotización coherente por dominio.,Gas; slippage; competencia; revert; state drift,ESPECIFICADO,
MEV-03-026-I04,MEV-03-026,3,PROFIT,"Beneficio objetivo demostrable en el candidato, no garantizado por diseño","NP_signed = gross - costes; NP_prudent=NP_signed-reserve. Objetivo=MAX(min_usd,notional*(target+margin_bps/10000)); brecha=MAX(0,objetivo-NP_prudent). No ABS ni floor sobre PnL.",pre-execution,YES,CRITICAL,Optimizar tamaño/ruta/costes; recotizar hasta hallar candidato que cubra objetivo. No alterar datos para eliminar brecha.,Gas; slippage; competencia; revert; state drift,ESPECIFICADO,
MEV-03-026-I05,MEV-03-026,3,ATOMICITY,Repayment/finality obligations satisfied,if atomic: repay principal+fee in same atomic unit; else explicit inventory/finality exposure,simulation,YES,CRITICAL,Corregir deuda/allowance/callback o explicitar plan no atómico por dominio.,Gas; slippage; competencia; revert; state drift,ESPECIFICADO,
MEV-03-026-I06,MEV-03-026,3,EVIDENCE,Trazabilidad de datos y separación de simulación / resultado realizado,Antes: fixtures+simulación+versiones. Después: receipt/fills+ledger. Estado realizado requiere settlement; no exige 20 operaciones anteriores para implementar.,integración + después de settlement,YES,CRITICAL,Adjuntar evidencia correcta de esa etapa; no renombrar simulación como realizado.,Gas; slippage; competencia; revert; state drift,ESPECIFICADO,
MEV-03-027-I01,MEV-03-027,3,MODE,Mode/state semantics preserved,Comprobar clase y atomicidad declaradas: interfaces ejecutables + unidades y temporalidad consistentes. Un predicado literal TRUE no acredita implementación.,discovery + simulation,YES,CRITICAL,Completar predicado específico del detector/clase y su fixture.,Gas; slippage; competencia; revert; state drift; inclusión; reorg; latencia,ESPECIFICADO,
MEV-03-027-I02,MEV-03-027,3,ACCOUNTING,All value flows conserved and all costs represented exactly once,Conservar unidades por activo: balances + aportes + borrow = outputs + repay + fees + residuales. No sumar cantidades de tokens distintos sin ledger/valoración.,simulation + reconciliation,YES,CRITICAL,Reconstruir flujos por activo y eliminar dobles conteos.,Gas; slippage; competencia; revert; state drift; inclusión; reorg; latencia,ESPECIFICADO,
MEV-03-027-I03,MEV-03-027,3,SNAPSHOT,No invalid mixed-state comparison,all state bound to one snapshot/block unless strategy explicitly models non-atomic timing,discovery + quote,YES,CRITICAL,Actualizar snapshot y reconstruir cotización coherente por dominio.,Gas; slippage; competencia; revert; state drift; inclusión; reorg; latencia,ESPECIFICADO,
MEV-03-027-I04,MEV-03-027,3,PROFIT,"Beneficio objetivo demostrable en el candidato, no garantizado por diseño","NP_signed = gross - costes; NP_prudent=NP_signed-reserve. Objetivo=MAX(min_usd,notional*(target+margin_bps/10000)); brecha=MAX(0,objetivo-NP_prudent). No ABS ni floor sobre PnL.",pre-execution,YES,CRITICAL,Optimizar tamaño/ruta/costes; recotizar hasta hallar candidato que cubra objetivo. No alterar datos para eliminar brecha.,Gas; slippage; competencia; revert; state drift; inclusión; reorg; latencia,ESPECIFICADO,
MEV-03-027-I05,MEV-03-027,3,ATOMICITY,Repayment/finality obligations satisfied,if atomic: repay principal+fee in same atomic unit; else explicit inventory/finality exposure,simulation,YES,CRITICAL,Corregir deuda/allowance/callback o explicitar plan no atómico por dominio.,Gas; slippage; competencia; revert; state drift; inclusión; reorg; latencia,ESPECIFICADO,
MEV-03-027-I06,MEV-03-027,3,EVIDENCE,Trazabilidad de datos y separación de simulación / resultado realizado,Antes: fixtures+simulación+versiones. Después: receipt/fills+ledger. Estado realizado requiere settlement; no exige 20 operaciones anteriores para implementar.,integración + después de settlement,YES,CRITICAL,Adjuntar evidencia correcta de esa etapa; no renombrar simulación como realizado.,Gas; slippage; competencia; revert; state drift; inclusión; reorg; latencia,ESPECIFICADO,
MEV-03-028-I01,MEV-03-028,3,MODE,Mode/state semantics preserved,Comprobar clase y atomicidad declaradas: interfaces ejecutables + unidades y temporalidad consistentes. Un predicado literal TRUE no acredita implementación.,discovery + simulation,YES,CRITICAL,Completar predicado específico del detector/clase y su fixture.,Gas; slippage; competencia; revert; state drift,ESPECIFICADO,
MEV-03-028-I02,MEV-03-028,3,ACCOUNTING,All value flows conserved and all costs represented exactly once,Conservar unidades por activo: balances + aportes + borrow = outputs + repay + fees + residuales. No sumar cantidades de tokens distintos sin ledger/valoración.,simulation + reconciliation,YES,CRITICAL,Reconstruir flujos por activo y eliminar dobles conteos.,Gas; slippage; competencia; revert; state drift,ESPECIFICADO,
MEV-03-028-I03,MEV-03-028,3,SNAPSHOT,No invalid mixed-state comparison,all state bound to one snapshot/block unless strategy explicitly models non-atomic timing,discovery + quote,YES,CRITICAL,Actualizar snapshot y reconstruir cotización coherente por dominio.,Gas; slippage; competencia; revert; state drift,ESPECIFICADO,
MEV-03-028-I04,MEV-03-028,3,PROFIT,"Beneficio objetivo demostrable en el candidato, no garantizado por diseño","NP_signed = gross - costes; NP_prudent=NP_signed-reserve. Objetivo=MAX(min_usd,notional*(target+margin_bps/10000)); brecha=MAX(0,objetivo-NP_prudent). No ABS ni floor sobre PnL.",pre-execution,YES,CRITICAL,Optimizar tamaño/ruta/costes; recotizar hasta hallar candidato que cubra objetivo. No alterar datos para eliminar brecha.,Gas; slippage; competencia; revert; state drift,ESPECIFICADO,
MEV-03-028-I05,MEV-03-028,3,ATOMICITY,Repayment/finality obligations satisfied,if atomic: repay principal+fee in same atomic unit; else explicit inventory/finality exposure,simulation,YES,CRITICAL,Corregir deuda/allowance/callback o explicitar plan no atómico por dominio.,Gas; slippage; competencia; revert; state drift,ESPECIFICADO,
MEV-03-028-I06,MEV-03-028,3,EVIDENCE,Trazabilidad de datos y separación de simulación / resultado realizado,Antes: fixtures+simulación+versiones. Después: receipt/fills+ledger. Estado realizado requiere settlement; no exige 20 operaciones anteriores para implementar.,integración + después de settlement,YES,CRITICAL,Adjuntar evidencia correcta de esa etapa; no renombrar simulación como realizado.,Gas; slippage; competencia; revert; state drift,ESPECIFICADO,
MEV-03-029-I01,MEV-03-029,3,MODE,Mode/state semantics preserved,Comprobar clase y atomicidad declaradas: interfaces ejecutables + unidades y temporalidad consistentes. Un predicado literal TRUE no acredita implementación.,discovery + simulation,YES,CRITICAL,Completar predicado específico del detector/clase y su fixture.,Gas; slippage; competencia; revert; state drift; inclusión; reorg; latencia,ESPECIFICADO,
MEV-03-029-I02,MEV-03-029,3,ACCOUNTING,All value flows conserved and all costs represented exactly once,Conservar unidades por activo: balances + aportes + borrow = outputs + repay + fees + residuales. No sumar cantidades de tokens distintos sin ledger/valoración.,simulation + reconciliation,YES,CRITICAL,Reconstruir flujos por activo y eliminar dobles conteos.,Gas; slippage; competencia; revert; state drift; inclusión; reorg; latencia,ESPECIFICADO,
MEV-03-029-I03,MEV-03-029,3,SNAPSHOT,No invalid mixed-state comparison,all state bound to one snapshot/block unless strategy explicitly models non-atomic timing,discovery + quote,YES,CRITICAL,Actualizar snapshot y reconstruir cotización coherente por dominio.,Gas; slippage; competencia; revert; state drift; inclusión; reorg; latencia,ESPECIFICADO,
MEV-03-029-I04,MEV-03-029,3,PROFIT,"Beneficio objetivo demostrable en el candidato, no garantizado por diseño","NP_signed = gross - costes; NP_prudent=NP_signed-reserve. Objetivo=MAX(min_usd,notional*(target+margin_bps/10000)); brecha=MAX(0,objetivo-NP_prudent). No ABS ni floor sobre PnL.",pre-execution,YES,CRITICAL,Optimizar tamaño/ruta/costes; recotizar hasta hallar candidato que cubra objetivo. No alterar datos para eliminar brecha.,Gas; slippage; competencia; revert; state drift; inclusión; reorg; latencia,ESPECIFICADO,
MEV-03-029-I05,MEV-03-029,3,ATOMICITY,Repayment/finality obligations satisfied,if atomic: repay principal+fee in same atomic unit; else explicit inventory/finality exposure,simulation,YES,CRITICAL,Corregir deuda/allowance/callback o explicitar plan no atómico por dominio.,Gas; slippage; competencia; revert; state drift; inclusión; reorg; latencia,ESPECIFICADO,
MEV-03-029-I06,MEV-03-029,3,EVIDENCE,Trazabilidad de datos y separación de simulación / resultado realizado,Antes: fixtures+simulación+versiones. Después: receipt/fills+ledger. Estado realizado requiere settlement; no exige 20 operaciones anteriores para implementar.,integración + después de settlement,YES,CRITICAL,Adjuntar evidencia correcta de esa etapa; no renombrar simulación como realizado.,Gas; slippage; competencia; revert; state drift; inclusión; reorg; latencia,ESPECIFICADO,
MEV-03-030-I01,MEV-03-030,3,MODE,Mode/state semantics preserved,Comprobar clase y atomicidad declaradas: interfaces ejecutables + unidades y temporalidad consistentes. Un predicado literal TRUE no acredita implementación.,discovery + simulation,YES,CRITICAL,Completar predicado específico del detector/clase y su fixture.,Gas; slippage; competencia; revert; state drift; inclusión; reorg; latencia,ESPECIFICADO,
MEV-03-030-I02,MEV-03-030,3,ACCOUNTING,All value flows conserved and all costs represented exactly once,Conservar unidades por activo: balances + aportes + borrow = outputs + repay + fees + residuales. No sumar cantidades de tokens distintos sin ledger/valoración.,simulation + reconciliation,YES,CRITICAL,Reconstruir flujos por activo y eliminar dobles conteos.,Gas; slippage; competencia; revert; state drift; inclusión; reorg; latencia,ESPECIFICADO,
MEV-03-030-I03,MEV-03-030,3,SNAPSHOT,No invalid mixed-state comparison,all state bound to one snapshot/block unless strategy explicitly models non-atomic timing,discovery + quote,YES,CRITICAL,Actualizar snapshot y reconstruir cotización coherente por dominio.,Gas; slippage; competencia; revert; state drift; inclusión; reorg; latencia,ESPECIFICADO,
MEV-03-030-I04,MEV-03-030,3,PROFIT,"Beneficio objetivo demostrable en el candidato, no garantizado por diseño","NP_signed = gross - costes; NP_prudent=NP_signed-reserve. Objetivo=MAX(min_usd,notional*(target+margin_bps/10000)); brecha=MAX(0,objetivo-NP_prudent). No ABS ni floor sobre PnL.",pre-execution,YES,CRITICAL,Optimizar tamaño/ruta/costes; recotizar hasta hallar candidato que cubra objetivo. No alterar datos para eliminar brecha.,Gas; slippage; competencia; revert; state drift; inclusión; reorg; latencia,ESPECIFICADO,
MEV-03-030-I05,MEV-03-030,3,ATOMICITY,Repayment/finality obligations satisfied,if atomic: repay principal+fee in same atomic unit; else explicit inventory/finality exposure,simulation,YES,CRITICAL,Corregir deuda/allowance/callback o explicitar plan no atómico por dominio.,Gas; slippage; competencia; revert; state drift; inclusión; reorg; latencia,ESPECIFICADO,
MEV-03-030-I06,MEV-03-030,3,EVIDENCE,Trazabilidad de datos y separación de simulación / resultado realizado,Antes: fixtures+simulación+versiones. Después: receipt/fills+ledger. Estado realizado requiere settlement; no exige 20 operaciones anteriores para implementar.,integración + después de settlement,YES,CRITICAL,Adjuntar evidencia correcta de esa etapa; no renombrar simulación como realizado.,Gas; slippage; competencia; revert; state drift; inclusión; reorg; latencia,ESPECIFICADO,
MEV-03-031-I01,MEV-03-031,3,MODE,Mode/state semantics preserved,Comprobar clase y atomicidad declaradas: interfaces ejecutables + unidades y temporalidad consistentes. Un predicado literal TRUE no acredita implementación.,discovery + simulation,YES,CRITICAL,Completar predicado específico del detector/clase y su fixture.,Gas; slippage; competencia; revert; state drift; inclusión; reorg; latencia,ESPECIFICADO,
MEV-03-031-I02,MEV-03-031,3,ACCOUNTING,All value flows conserved and all costs represented exactly once,Conservar unidades por activo: balances + aportes + borrow = outputs + repay + fees + residuales. No sumar cantidades de tokens distintos sin ledger/valoración.,simulation + reconciliation,YES,CRITICAL,Reconstruir flujos por activo y eliminar dobles conteos.,Gas; slippage; competencia; revert; state drift; inclusión; reorg; latencia,ESPECIFICADO,
MEV-03-031-I03,MEV-03-031,3,SNAPSHOT,No invalid mixed-state comparison,all state bound to one snapshot/block unless strategy explicitly models non-atomic timing,discovery + quote,YES,CRITICAL,Actualizar snapshot y reconstruir cotización coherente por dominio.,Gas; slippage; competencia; revert; state drift; inclusión; reorg; latencia,ESPECIFICADO,
MEV-03-031-I04,MEV-03-031,3,PROFIT,"Beneficio objetivo demostrable en el candidato, no garantizado por diseño","NP_signed = gross - costes; NP_prudent=NP_signed-reserve. Objetivo=MAX(min_usd,notional*(target+margin_bps/10000)); brecha=MAX(0,objetivo-NP_prudent). No ABS ni floor sobre PnL.",pre-execution,YES,CRITICAL,Optimizar tamaño/ruta/costes; recotizar hasta hallar candidato que cubra objetivo. No alterar datos para eliminar brecha.,Gas; slippage; competencia; revert; state drift; inclusión; reorg; latencia,ESPECIFICADO,
MEV-03-031-I05,MEV-03-031,3,ATOMICITY,Repayment/finality obligations satisfied,if atomic: repay principal+fee in same atomic unit; else explicit inventory/finality exposure,simulation,YES,CRITICAL,Corregir deuda/allowance/callback o explicitar plan no atómico por dominio.,Gas; slippage; competencia; revert; state drift; inclusión; reorg; latencia,ESPECIFICADO,
MEV-03-031-I06,MEV-03-031,3,EVIDENCE,Trazabilidad de datos y separación de simulación / resultado realizado,Antes: fixtures+simulación+versiones. Después: receipt/fills+ledger. Estado realizado requiere settlement; no exige 20 operaciones anteriores para implementar.,integración + después de settlement,YES,CRITICAL,Adjuntar evidencia correcta de esa etapa; no renombrar simulación como realizado.,Gas; slippage; competencia; revert; state drift; inclusión; reorg; latencia,ESPECIFICADO,
MEV-04-001-I01,MEV-04-001,4,MODE,Mode/state semantics preserved,Comprobar clase y atomicidad declaradas: interfaces ejecutables + unidades y temporalidad consistentes. Un predicado literal TRUE no acredita implementación.,discovery + simulation,YES,CRITICAL,Completar predicado específico del detector/clase y su fixture.,Gas; slippage; competencia; revert; state drift,ESPECIFICADO,
MEV-04-001-I02,MEV-04-001,4,ACCOUNTING,All value flows conserved and all costs represented exactly once,Conservar unidades por activo: balances + aportes + borrow = outputs + repay + fees + residuales. No sumar cantidades de tokens distintos sin ledger/valoración.,simulation + reconciliation,YES,CRITICAL,Reconstruir flujos por activo y eliminar dobles conteos.,Gas; slippage; competencia; revert; state drift,ESPECIFICADO,
MEV-04-001-I03,MEV-04-001,4,SNAPSHOT,No invalid mixed-state comparison,all state bound to one snapshot/block unless strategy explicitly models non-atomic timing,discovery + quote,YES,CRITICAL,Actualizar snapshot y reconstruir cotización coherente por dominio.,Gas; slippage; competencia; revert; state drift,ESPECIFICADO,
MEV-04-001-I04,MEV-04-001,4,PROFIT,"Beneficio objetivo demostrable en el candidato, no garantizado por diseño","NP_signed = gross - costes; NP_prudent=NP_signed-reserve. Objetivo=MAX(min_usd,notional*(target+margin_bps/10000)); brecha=MAX(0,objetivo-NP_prudent). No ABS ni floor sobre PnL.",pre-execution,YES,CRITICAL,Optimizar tamaño/ruta/costes; recotizar hasta hallar candidato que cubra objetivo. No alterar datos para eliminar brecha.,Gas; slippage; competencia; revert; state drift,ESPECIFICADO,
MEV-04-001-I05,MEV-04-001,4,ATOMICITY,Repayment/finality obligations satisfied,if atomic: repay principal+fee in same atomic unit; else explicit inventory/finality exposure,simulation,YES,CRITICAL,Corregir deuda/allowance/callback o explicitar plan no atómico por dominio.,Gas; slippage; competencia; revert; state drift,ESPECIFICADO,
MEV-04-001-I06,MEV-04-001,4,EVIDENCE,Trazabilidad de datos y separación de simulación / resultado realizado,Antes: fixtures+simulación+versiones. Después: receipt/fills+ledger. Estado realizado requiere settlement; no exige 20 operaciones anteriores para implementar.,integración + después de settlement,YES,CRITICAL,Adjuntar evidencia correcta de esa etapa; no renombrar simulación como realizado.,Gas; slippage; competencia; revert; state drift,ESPECIFICADO,
MEV-04-002-I01,MEV-04-002,4,MODE,Mode/state semantics preserved,Comprobar clase y atomicidad declaradas: interfaces ejecutables + unidades y temporalidad consistentes. Un predicado literal TRUE no acredita implementación.,discovery + simulation,YES,CRITICAL,Completar predicado específico del detector/clase y su fixture.,Gas; slippage; competencia; revert; state drift,ESPECIFICADO,
MEV-04-002-I02,MEV-04-002,4,ACCOUNTING,All value flows conserved and all costs represented exactly once,Conservar unidades por activo: balances + aportes + borrow = outputs + repay + fees + residuales. No sumar cantidades de tokens distintos sin ledger/valoración.,simulation + reconciliation,YES,CRITICAL,Reconstruir flujos por activo y eliminar dobles conteos.,Gas; slippage; competencia; revert; state drift,ESPECIFICADO,
MEV-04-002-I03,MEV-04-002,4,SNAPSHOT,No invalid mixed-state comparison,all state bound to one snapshot/block unless strategy explicitly models non-atomic timing,discovery + quote,YES,CRITICAL,Actualizar snapshot y reconstruir cotización coherente por dominio.,Gas; slippage; competencia; revert; state drift,ESPECIFICADO,
MEV-04-002-I04,MEV-04-002,4,PROFIT,"Beneficio objetivo demostrable en el candidato, no garantizado por diseño","NP_signed = gross - costes; NP_prudent=NP_signed-reserve. Objetivo=MAX(min_usd,notional*(target+margin_bps/10000)); brecha=MAX(0,objetivo-NP_prudent). No ABS ni floor sobre PnL.",pre-execution,YES,CRITICAL,Optimizar tamaño/ruta/costes; recotizar hasta hallar candidato que cubra objetivo. No alterar datos para eliminar brecha.,Gas; slippage; competencia; revert; state drift,ESPECIFICADO,
MEV-04-002-I05,MEV-04-002,4,ATOMICITY,Repayment/finality obligations satisfied,if atomic: repay principal+fee in same atomic unit; else explicit inventory/finality exposure,simulation,YES,CRITICAL,Corregir deuda/allowance/callback o explicitar plan no atómico por dominio.,Gas; slippage; competencia; revert; state drift,ESPECIFICADO,
MEV-04-002-I06,MEV-04-002,4,EVIDENCE,Trazabilidad de datos y separación de simulación / resultado realizado,Antes: fixtures+simulación+versiones. Después: receipt/fills+ledger. Estado realizado requiere settlement; no exige 20 operaciones anteriores para implementar.,integración + después de settlement,YES,CRITICAL,Adjuntar evidencia correcta de esa etapa; no renombrar simulación como realizado.,Gas; slippage; competencia; revert; state drift,ESPECIFICADO,
MEV-04-003-I01,MEV-04-003,4,MODE,Mode/state semantics preserved,Comprobar clase y atomicidad declaradas: interfaces ejecutables + unidades y temporalidad consistentes. Un predicado literal TRUE no acredita implementación.,discovery + simulation,YES,CRITICAL,Completar predicado específico del detector/clase y su fixture.,Gas; slippage; competencia; revert; state drift,ESPECIFICADO,
MEV-04-003-I02,MEV-04-003,4,ACCOUNTING,All value flows conserved and all costs represented exactly once,Conservar unidades por activo: balances + aportes + borrow = outputs + repay + fees + residuales. No sumar cantidades de tokens distintos sin ledger/valoración.,simulation + reconciliation,YES,CRITICAL,Reconstruir flujos por activo y eliminar dobles conteos.,Gas; slippage; competencia; revert; state drift,ESPECIFICADO,
MEV-04-003-I03,MEV-04-003,4,SNAPSHOT,No invalid mixed-state comparison,all state bound to one snapshot/block unless strategy explicitly models non-atomic timing,discovery + quote,YES,CRITICAL,Actualizar snapshot y reconstruir cotización coherente por dominio.,Gas; slippage; competencia; revert; state drift,ESPECIFICADO,
MEV-04-003-I04,MEV-04-003,4,PROFIT,"Beneficio objetivo demostrable en el candidato, no garantizado por diseño","NP_signed = gross - costes; NP_prudent=NP_signed-reserve. Objetivo=MAX(min_usd,notional*(target+margin_bps/10000)); brecha=MAX(0,objetivo-NP_prudent). No ABS ni floor sobre PnL.",pre-execution,YES,CRITICAL,Optimizar tamaño/ruta/costes; recotizar hasta hallar candidato que cubra objetivo. No alterar datos para eliminar brecha.,Gas; slippage; competencia; revert; state drift,ESPECIFICADO,
MEV-04-003-I05,MEV-04-003,4,ATOMICITY,Repayment/finality obligations satisfied,if atomic: repay principal+fee in same atomic unit; else explicit inventory/finality exposure,simulation,YES,CRITICAL,Corregir deuda/allowance/callback o explicitar plan no atómico por dominio.,Gas; slippage; competencia; revert; state drift,ESPECIFICADO,
MEV-04-003-I06,MEV-04-003,4,EVIDENCE,Trazabilidad de datos y separación de simulación / resultado realizado,Antes: fixtures+simulación+versiones. Después: receipt/fills+ledger. Estado realizado requiere settlement; no exige 20 operaciones anteriores para implementar.,integración + después de settlement,YES,CRITICAL,Adjuntar evidencia correcta de esa etapa; no renombrar simulación como realizado.,Gas; slippage; competencia; revert; state drift,ESPECIFICADO,
MEV-04-004-I01,MEV-04-004,4,MODE,Mode/state semantics preserved,Comprobar clase y atomicidad declaradas: interfaces ejecutables + unidades y temporalidad consistentes. Un predicado literal TRUE no acredita implementación.,discovery + simulation,YES,CRITICAL,Completar predicado específico del detector/clase y su fixture.,Gas; slippage; competencia; revert; state drift,ESPECIFICADO,
MEV-04-004-I02,MEV-04-004,4,ACCOUNTING,All value flows conserved and all costs represented exactly once,Conservar unidades por activo: balances + aportes + borrow = outputs + repay + fees + residuales. No sumar cantidades de tokens distintos sin ledger/valoración.,simulation + reconciliation,YES,CRITICAL,Reconstruir flujos por activo y eliminar dobles conteos.,Gas; slippage; competencia; revert; state drift,ESPECIFICADO,
MEV-04-004-I03,MEV-04-004,4,SNAPSHOT,No invalid mixed-state comparison,all state bound to one snapshot/block unless strategy explicitly models non-atomic timing,discovery + quote,YES,CRITICAL,Actualizar snapshot y reconstruir cotización coherente por dominio.,Gas; slippage; competencia; revert; state drift,ESPECIFICADO,
MEV-04-004-I04,MEV-04-004,4,PROFIT,"Beneficio objetivo demostrable en el candidato, no garantizado por diseño","NP_signed = gross - costes; NP_prudent=NP_signed-reserve. Objetivo=MAX(min_usd,notional*(target+margin_bps/10000)); brecha=MAX(0,objetivo-NP_prudent). No ABS ni floor sobre PnL.",pre-execution,YES,CRITICAL,Optimizar tamaño/ruta/costes; recotizar hasta hallar candidato que cubra objetivo. No alterar datos para eliminar brecha.,Gas; slippage; competencia; revert; state drift,ESPECIFICADO,
MEV-04-004-I05,MEV-04-004,4,ATOMICITY,Repayment/finality obligations satisfied,if atomic: repay principal+fee in same atomic unit; else explicit inventory/finality exposure,simulation,YES,CRITICAL,Corregir deuda/allowance/callback o explicitar plan no atómico por dominio.,Gas; slippage; competencia; revert; state drift,ESPECIFICADO,
MEV-04-004-I06,MEV-04-004,4,EVIDENCE,Trazabilidad de datos y separación de simulación / resultado realizado,Antes: fixtures+simulación+versiones. Después: receipt/fills+ledger. Estado realizado requiere settlement; no exige 20 operaciones anteriores para implementar.,integración + después de settlement,YES,CRITICAL,Adjuntar evidencia correcta de esa etapa; no renombrar simulación como realizado.,Gas; slippage; competencia; revert; state drift,ESPECIFICADO,
MEV-04-005-I01,MEV-04-005,4,MODE,Mode/state semantics preserved,Comprobar clase y atomicidad declaradas: interfaces ejecutables + unidades y temporalidad consistentes. Un predicado literal TRUE no acredita implementación.,discovery + simulation,YES,CRITICAL,Completar predicado específico del detector/clase y su fixture.,Gas; slippage; competencia; revert; state drift,ESPECIFICADO,
MEV-04-005-I02,MEV-04-005,4,ACCOUNTING,All value flows conserved and all costs represented exactly once,Conservar unidades por activo: balances + aportes + borrow = outputs + repay + fees + residuales. No sumar cantidades de tokens distintos sin ledger/valoración.,simulation + reconciliation,YES,CRITICAL,Reconstruir flujos por activo y eliminar dobles conteos.,Gas; slippage; competencia; revert; state drift,ESPECIFICADO,
MEV-04-005-I03,MEV-04-005,4,SNAPSHOT,No invalid mixed-state comparison,all state bound to one snapshot/block unless strategy explicitly models non-atomic timing,discovery + quote,YES,CRITICAL,Actualizar snapshot y reconstruir cotización coherente por dominio.,Gas; slippage; competencia; revert; state drift,ESPECIFICADO,
MEV-04-005-I04,MEV-04-005,4,PROFIT,"Beneficio objetivo demostrable en el candidato, no garantizado por diseño","NP_signed = gross - costes; NP_prudent=NP_signed-reserve. Objetivo=MAX(min_usd,notional*(target+margin_bps/10000)); brecha=MAX(0,objetivo-NP_prudent). No ABS ni floor sobre PnL.",pre-execution,YES,CRITICAL,Optimizar tamaño/ruta/costes; recotizar hasta hallar candidato que cubra objetivo. No alterar datos para eliminar brecha.,Gas; slippage; competencia; revert; state drift,ESPECIFICADO,
MEV-04-005-I05,MEV-04-005,4,ATOMICITY,Repayment/finality obligations satisfied,if atomic: repay principal+fee in same atomic unit; else explicit inventory/finality exposure,simulation,YES,CRITICAL,Corregir deuda/allowance/callback o explicitar plan no atómico por dominio.,Gas; slippage; competencia; revert; state drift,ESPECIFICADO,
MEV-04-005-I06,MEV-04-005,4,EVIDENCE,Trazabilidad de datos y separación de simulación / resultado realizado,Antes: fixtures+simulación+versiones. Después: receipt/fills+ledger. Estado realizado requiere settlement; no exige 20 operaciones anteriores para implementar.,integración + después de settlement,YES,CRITICAL,Adjuntar evidencia correcta de esa etapa; no renombrar simulación como realizado.,Gas; slippage; competencia; revert; state drift,ESPECIFICADO,
MEV-04-006-I01,MEV-04-006,4,MODE,Mode/state semantics preserved,Comprobar clase y atomicidad declaradas: interfaces ejecutables + unidades y temporalidad consistentes. Un predicado literal TRUE no acredita implementación.,discovery + simulation,YES,CRITICAL,Completar predicado específico del detector/clase y su fixture.,Gas; slippage; competencia; revert; state drift,ESPECIFICADO,
MEV-04-006-I02,MEV-04-006,4,ACCOUNTING,All value flows conserved and all costs represented exactly once,Conservar unidades por activo: balances + aportes + borrow = outputs + repay + fees + residuales. No sumar cantidades de tokens distintos sin ledger/valoración.,simulation + reconciliation,YES,CRITICAL,Reconstruir flujos por activo y eliminar dobles conteos.,Gas; slippage; competencia; revert; state drift,ESPECIFICADO,
MEV-04-006-I03,MEV-04-006,4,SNAPSHOT,No invalid mixed-state comparison,all state bound to one snapshot/block unless strategy explicitly models non-atomic timing,discovery + quote,YES,CRITICAL,Actualizar snapshot y reconstruir cotización coherente por dominio.,Gas; slippage; competencia; revert; state drift,ESPECIFICADO,
MEV-04-006-I04,MEV-04-006,4,PROFIT,"Beneficio objetivo demostrable en el candidato, no garantizado por diseño","NP_signed = gross - costes; NP_prudent=NP_signed-reserve. Objetivo=MAX(min_usd,notional*(target+margin_bps/10000)); brecha=MAX(0,objetivo-NP_prudent). No ABS ni floor sobre PnL.",pre-execution,YES,CRITICAL,Optimizar tamaño/ruta/costes; recotizar hasta hallar candidato que cubra objetivo. No alterar datos para eliminar brecha.,Gas; slippage; competencia; revert; state drift,ESPECIFICADO,
MEV-04-006-I05,MEV-04-006,4,ATOMICITY,Repayment/finality obligations satisfied,if atomic: repay principal+fee in same atomic unit; else explicit inventory/finality exposure,simulation,YES,CRITICAL,Corregir deuda/allowance/callback o explicitar plan no atómico por dominio.,Gas; slippage; competencia; revert; state drift,ESPECIFICADO,
MEV-04-006-I06,MEV-04-006,4,EVIDENCE,Trazabilidad de datos y separación de simulación / resultado realizado,Antes: fixtures+simulación+versiones. Después: receipt/fills+ledger. Estado realizado requiere settlement; no exige 20 operaciones anteriores para implementar.,integración + después de settlement,YES,CRITICAL,Adjuntar evidencia correcta de esa etapa; no renombrar simulación como realizado.,Gas; slippage; competencia; revert; state drift,ESPECIFICADO,
MEV-04-007-I01,MEV-04-007,4,MODE,Mode/state semantics preserved,Comprobar clase y atomicidad declaradas: interfaces ejecutables + unidades y temporalidad consistentes. Un predicado literal TRUE no acredita implementación.,discovery + simulation,YES,CRITICAL,Completar predicado específico del detector/clase y su fixture.,Gas; slippage; competencia; revert; state drift,ESPECIFICADO,
MEV-04-007-I02,MEV-04-007,4,ACCOUNTING,All value flows conserved and all costs represented exactly once,Conservar unidades por activo: balances + aportes + borrow = outputs + repay + fees + residuales. No sumar cantidades de tokens distintos sin ledger/valoración.,simulation + reconciliation,YES,CRITICAL,Reconstruir flujos por activo y eliminar dobles conteos.,Gas; slippage; competencia; revert; state drift,ESPECIFICADO,
MEV-04-007-I03,MEV-04-007,4,SNAPSHOT,No invalid mixed-state comparison,all state bound to one snapshot/block unless strategy explicitly models non-atomic timing,discovery + quote,YES,CRITICAL,Actualizar snapshot y reconstruir cotización coherente por dominio.,Gas; slippage; competencia; revert; state drift,ESPECIFICADO,
MEV-04-007-I04,MEV-04-007,4,PROFIT,"Beneficio objetivo demostrable en el candidato, no garantizado por diseño","NP_signed = gross - costes; NP_prudent=NP_signed-reserve. Objetivo=MAX(min_usd,notional*(target+margin_bps/10000)); brecha=MAX(0,objetivo-NP_prudent). No ABS ni floor sobre PnL.",pre-execution,YES,CRITICAL,Optimizar tamaño/ruta/costes; recotizar hasta hallar candidato que cubra objetivo. No alterar datos para eliminar brecha.,Gas; slippage; competencia; revert; state drift,ESPECIFICADO,
MEV-04-007-I05,MEV-04-007,4,ATOMICITY,Repayment/finality obligations satisfied,if atomic: repay principal+fee in same atomic unit; else explicit inventory/finality exposure,simulation,YES,CRITICAL,Corregir deuda/allowance/callback o explicitar plan no atómico por dominio.,Gas; slippage; competencia; revert; state drift,ESPECIFICADO,
MEV-04-007-I06,MEV-04-007,4,EVIDENCE,Trazabilidad de datos y separación de simulación / resultado realizado,Antes: fixtures+simulación+versiones. Después: receipt/fills+ledger. Estado realizado requiere settlement; no exige 20 operaciones anteriores para implementar.,integración + después de settlement,YES,CRITICAL,Adjuntar evidencia correcta de esa etapa; no renombrar simulación como realizado.,Gas; slippage; competencia; revert; state drift,ESPECIFICADO,
MEV-04-008-I01,MEV-04-008,4,MODE,Mode/state semantics preserved,Comprobar clase y atomicidad declaradas: interfaces ejecutables + unidades y temporalidad consistentes. Un predicado literal TRUE no acredita implementación.,discovery + simulation,YES,CRITICAL,Completar predicado específico del detector/clase y su fixture.,Gas; slippage; competencia; revert; state drift,ESPECIFICADO,
MEV-04-008-I02,MEV-04-008,4,ACCOUNTING,All value flows conserved and all costs represented exactly once,Conservar unidades por activo: balances + aportes + borrow = outputs + repay + fees + residuales. No sumar cantidades de tokens distintos sin ledger/valoración.,simulation + reconciliation,YES,CRITICAL,Reconstruir flujos por activo y eliminar dobles conteos.,Gas; slippage; competencia; revert; state drift,ESPECIFICADO,
MEV-04-008-I03,MEV-04-008,4,SNAPSHOT,No invalid mixed-state comparison,all state bound to one snapshot/block unless strategy explicitly models non-atomic timing,discovery + quote,YES,CRITICAL,Actualizar snapshot y reconstruir cotización coherente por dominio.,Gas; slippage; competencia; revert; state drift,ESPECIFICADO,
MEV-04-008-I04,MEV-04-008,4,PROFIT,"Beneficio objetivo demostrable en el candidato, no garantizado por diseño","NP_signed = gross - costes; NP_prudent=NP_signed-reserve. Objetivo=MAX(min_usd,notional*(target+margin_bps/10000)); brecha=MAX(0,objetivo-NP_prudent). No ABS ni floor sobre PnL.",pre-execution,YES,CRITICAL,Optimizar tamaño/ruta/costes; recotizar hasta hallar candidato que cubra objetivo. No alterar datos para eliminar brecha.,Gas; slippage; competencia; revert; state drift,ESPECIFICADO,
MEV-04-008-I05,MEV-04-008,4,ATOMICITY,Repayment/finality obligations satisfied,if atomic: repay principal+fee in same atomic unit; else explicit inventory/finality exposure,simulation,YES,CRITICAL,Corregir deuda/allowance/callback o explicitar plan no atómico por dominio.,Gas; slippage; competencia; revert; state drift,ESPECIFICADO,
MEV-04-008-I06,MEV-04-008,4,EVIDENCE,Trazabilidad de datos y separación de simulación / resultado realizado,Antes: fixtures+simulación+versiones. Después: receipt/fills+ledger. Estado realizado requiere settlement; no exige 20 operaciones anteriores para implementar.,integración + después de settlement,YES,CRITICAL,Adjuntar evidencia correcta de esa etapa; no renombrar simulación como realizado.,Gas; slippage; competencia; revert; state drift,ESPECIFICADO,
MEV-04-009-I01,MEV-04-009,4,MODE,Mode/state semantics preserved,Comprobar clase y atomicidad declaradas: interfaces ejecutables + unidades y temporalidad consistentes. Un predicado literal TRUE no acredita implementación.,discovery + simulation,YES,CRITICAL,Completar predicado específico del detector/clase y su fixture.,Gas; slippage; competencia; revert; state drift,ESPECIFICADO,
MEV-04-009-I02,MEV-04-009,4,ACCOUNTING,All value flows conserved and all costs represented exactly once,Conservar unidades por activo: balances + aportes + borrow = outputs + repay + fees + residuales. No sumar cantidades de tokens distintos sin ledger/valoración.,simulation + reconciliation,YES,CRITICAL,Reconstruir flujos por activo y eliminar dobles conteos.,Gas; slippage; competencia; revert; state drift,ESPECIFICADO,
MEV-04-009-I03,MEV-04-009,4,SNAPSHOT,No invalid mixed-state comparison,all state bound to one snapshot/block unless strategy explicitly models non-atomic timing,discovery + quote,YES,CRITICAL,Actualizar snapshot y reconstruir cotización coherente por dominio.,Gas; slippage; competencia; revert; state drift,ESPECIFICADO,
MEV-04-009-I04,MEV-04-009,4,PROFIT,"Beneficio objetivo demostrable en el candidato, no garantizado por diseño","NP_signed = gross - costes; NP_prudent=NP_signed-reserve. Objetivo=MAX(min_usd,notional*(target+margin_bps/10000)); brecha=MAX(0,objetivo-NP_prudent). No ABS ni floor sobre PnL.",pre-execution,YES,CRITICAL,Optimizar tamaño/ruta/costes; recotizar hasta hallar candidato que cubra objetivo. No alterar datos para eliminar brecha.,Gas; slippage; competencia; revert; state drift,ESPECIFICADO,
MEV-04-009-I05,MEV-04-009,4,ATOMICITY,Repayment/finality obligations satisfied,if atomic: repay principal+fee in same atomic unit; else explicit inventory/finality exposure,simulation,YES,CRITICAL,Corregir deuda/allowance/callback o explicitar plan no atómico por dominio.,Gas; slippage; competencia; revert; state drift,ESPECIFICADO,
MEV-04-009-I06,MEV-04-009,4,EVIDENCE,Trazabilidad de datos y separación de simulación / resultado realizado,Antes: fixtures+simulación+versiones. Después: receipt/fills+ledger. Estado realizado requiere settlement; no exige 20 operaciones anteriores para implementar.,integración + después de settlement,YES,CRITICAL,Adjuntar evidencia correcta de esa etapa; no renombrar simulación como realizado.,Gas; slippage; competencia; revert; state drift,ESPECIFICADO,
MEV-04-010-I01,MEV-04-010,4,MODE,Mode/state semantics preserved,Comprobar clase y atomicidad declaradas: interfaces ejecutables + unidades y temporalidad consistentes. Un predicado literal TRUE no acredita implementación.,discovery + simulation,YES,CRITICAL,Completar predicado específico del detector/clase y su fixture.,Gas; slippage; competencia; revert; state drift,ESPECIFICADO,
MEV-04-010-I02,MEV-04-010,4,ACCOUNTING,All value flows conserved and all costs represented exactly once,Conservar unidades por activo: balances + aportes + borrow = outputs + repay + fees + residuales. No sumar cantidades de tokens distintos sin ledger/valoración.,simulation + reconciliation,YES,CRITICAL,Reconstruir flujos por activo y eliminar dobles conteos.,Gas; slippage; competencia; revert; state drift,ESPECIFICADO,
MEV-04-010-I03,MEV-04-010,4,SNAPSHOT,No invalid mixed-state comparison,all state bound to one snapshot/block unless strategy explicitly models non-atomic timing,discovery + quote,YES,CRITICAL,Actualizar snapshot y reconstruir cotización coherente por dominio.,Gas; slippage; competencia; revert; state drift,ESPECIFICADO,
MEV-04-010-I04,MEV-04-010,4,PROFIT,"Beneficio objetivo demostrable en el candidato, no garantizado por diseño","NP_signed = gross - costes; NP_prudent=NP_signed-reserve. Objetivo=MAX(min_usd,notional*(target+margin_bps/10000)); brecha=MAX(0,objetivo-NP_prudent). No ABS ni floor sobre PnL.",pre-execution,YES,CRITICAL,Optimizar tamaño/ruta/costes; recotizar hasta hallar candidato que cubra objetivo. No alterar datos para eliminar brecha.,Gas; slippage; competencia; revert; state drift,ESPECIFICADO,
MEV-04-010-I05,MEV-04-010,4,ATOMICITY,Repayment/finality obligations satisfied,if atomic: repay principal+fee in same atomic unit; else explicit inventory/finality exposure,simulation,YES,CRITICAL,Corregir deuda/allowance/callback o explicitar plan no atómico por dominio.,Gas; slippage; competencia; revert; state drift,ESPECIFICADO,
MEV-04-010-I06,MEV-04-010,4,EVIDENCE,Trazabilidad de datos y separación de simulación / resultado realizado,Antes: fixtures+simulación+versiones. Después: receipt/fills+ledger. Estado realizado requiere settlement; no exige 20 operaciones anteriores para implementar.,integración + después de settlement,YES,CRITICAL,Adjuntar evidencia correcta de esa etapa; no renombrar simulación como realizado.,Gas; slippage; competencia; revert; state drift,ESPECIFICADO,
MEV-04-011-I01,MEV-04-011,4,MODE,Mode/state semantics preserved,Comprobar clase y atomicidad declaradas: interfaces ejecutables + unidades y temporalidad consistentes. Un predicado literal TRUE no acredita implementación.,discovery + simulation,YES,CRITICAL,Completar predicado específico del detector/clase y su fixture.,Gas; slippage; competencia; revert; state drift,ESPECIFICADO,
MEV-04-011-I02,MEV-04-011,4,ACCOUNTING,All value flows conserved and all costs represented exactly once,Conservar unidades por activo: balances + aportes + borrow = outputs + repay + fees + residuales. No sumar cantidades de tokens distintos sin ledger/valoración.,simulation + reconciliation,YES,CRITICAL,Reconstruir flujos por activo y eliminar dobles conteos.,Gas; slippage; competencia; revert; state drift,ESPECIFICADO,
MEV-04-011-I03,MEV-04-011,4,SNAPSHOT,No invalid mixed-state comparison,all state bound to one snapshot/block unless strategy explicitly models non-atomic timing,discovery + quote,YES,CRITICAL,Actualizar snapshot y reconstruir cotización coherente por dominio.,Gas; slippage; competencia; revert; state drift,ESPECIFICADO,
MEV-04-011-I04,MEV-04-011,4,PROFIT,"Beneficio objetivo demostrable en el candidato, no garantizado por diseño","NP_signed = gross - costes; NP_prudent=NP_signed-reserve. Objetivo=MAX(min_usd,notional*(target+margin_bps/10000)); brecha=MAX(0,objetivo-NP_prudent). No ABS ni floor sobre PnL.",pre-execution,YES,CRITICAL,Optimizar tamaño/ruta/costes; recotizar hasta hallar candidato que cubra objetivo. No alterar datos para eliminar brecha.,Gas; slippage; competencia; revert; state drift,ESPECIFICADO,
MEV-04-011-I05,MEV-04-011,4,ATOMICITY,Repayment/finality obligations satisfied,if atomic: repay principal+fee in same atomic unit; else explicit inventory/finality exposure,simulation,YES,CRITICAL,Corregir deuda/allowance/callback o explicitar plan no atómico por dominio.,Gas; slippage; competencia; revert; state drift,ESPECIFICADO,
MEV-04-011-I06,MEV-04-011,4,EVIDENCE,Trazabilidad de datos y separación de simulación / resultado realizado,Antes: fixtures+simulación+versiones. Después: receipt/fills+ledger. Estado realizado requiere settlement; no exige 20 operaciones anteriores para implementar.,integración + después de settlement,YES,CRITICAL,Adjuntar evidencia correcta de esa etapa; no renombrar simulación como realizado.,Gas; slippage; competencia; revert; state drift,ESPECIFICADO,
MEV-04-012-I01,MEV-04-012,4,MODE,Mode/state semantics preserved,Comprobar clase y atomicidad declaradas: interfaces ejecutables + unidades y temporalidad consistentes. Un predicado literal TRUE no acredita implementación.,discovery + simulation,YES,CRITICAL,Completar predicado específico del detector/clase y su fixture.,Gas; slippage; competencia; revert; state drift,ESPECIFICADO,
MEV-04-012-I02,MEV-04-012,4,ACCOUNTING,All value flows conserved and all costs represented exactly once,Conservar unidades por activo: balances + aportes + borrow = outputs + repay + fees + residuales. No sumar cantidades de tokens distintos sin ledger/valoración.,simulation + reconciliation,YES,CRITICAL,Reconstruir flujos por activo y eliminar dobles conteos.,Gas; slippage; competencia; revert; state drift,ESPECIFICADO,
MEV-04-012-I03,MEV-04-012,4,SNAPSHOT,No invalid mixed-state comparison,all state bound to one snapshot/block unless strategy explicitly models non-atomic timing,discovery + quote,YES,CRITICAL,Actualizar snapshot y reconstruir cotización coherente por dominio.,Gas; slippage; competencia; revert; state drift,ESPECIFICADO,
MEV-04-012-I04,MEV-04-012,4,PROFIT,"Beneficio objetivo demostrable en el candidato, no garantizado por diseño","NP_signed = gross - costes; NP_prudent=NP_signed-reserve. Objetivo=MAX(min_usd,notional*(target+margin_bps/10000)); brecha=MAX(0,objetivo-NP_prudent). No ABS ni floor sobre PnL.",pre-execution,YES,CRITICAL,Optimizar tamaño/ruta/costes; recotizar hasta hallar candidato que cubra objetivo. No alterar datos para eliminar brecha.,Gas; slippage; competencia; revert; state drift,ESPECIFICADO,
MEV-04-012-I05,MEV-04-012,4,ATOMICITY,Repayment/finality obligations satisfied,if atomic: repay principal+fee in same atomic unit; else explicit inventory/finality exposure,simulation,YES,CRITICAL,Corregir deuda/allowance/callback o explicitar plan no atómico por dominio.,Gas; slippage; competencia; revert; state drift,ESPECIFICADO,
MEV-04-012-I06,MEV-04-012,4,EVIDENCE,Trazabilidad de datos y separación de simulación / resultado realizado,Antes: fixtures+simulación+versiones. Después: receipt/fills+ledger. Estado realizado requiere settlement; no exige 20 operaciones anteriores para implementar.,integración + después de settlement,YES,CRITICAL,Adjuntar evidencia correcta de esa etapa; no renombrar simulación como realizado.,Gas; slippage; competencia; revert; state drift,ESPECIFICADO,
MEV-04-013-I01,MEV-04-013,4,MODE,Mode/state semantics preserved,Comprobar clase y atomicidad declaradas: interfaces ejecutables + unidades y temporalidad consistentes. Un predicado literal TRUE no acredita implementación.,discovery + simulation,YES,CRITICAL,Completar predicado específico del detector/clase y su fixture.,Gas; slippage; competencia; revert; state drift,ESPECIFICADO,
MEV-04-013-I02,MEV-04-013,4,ACCOUNTING,All value flows conserved and all costs represented exactly once,Conservar unidades por activo: balances + aportes + borrow = outputs + repay + fees + residuales. No sumar cantidades de tokens distintos sin ledger/valoración.,simulation + reconciliation,YES,CRITICAL,Reconstruir flujos por activo y eliminar dobles conteos.,Gas; slippage; competencia; revert; state drift,ESPECIFICADO,
MEV-04-013-I03,MEV-04-013,4,SNAPSHOT,No invalid mixed-state comparison,all state bound to one snapshot/block unless strategy explicitly models non-atomic timing,discovery + quote,YES,CRITICAL,Actualizar snapshot y reconstruir cotización coherente por dominio.,Gas; slippage; competencia; revert; state drift,ESPECIFICADO,
MEV-04-013-I04,MEV-04-013,4,PROFIT,"Beneficio objetivo demostrable en el candidato, no garantizado por diseño","NP_signed = gross - costes; NP_prudent=NP_signed-reserve. Objetivo=MAX(min_usd,notional*(target+margin_bps/10000)); brecha=MAX(0,objetivo-NP_prudent). No ABS ni floor sobre PnL.",pre-execution,YES,CRITICAL,Optimizar tamaño/ruta/costes; recotizar hasta hallar candidato que cubra objetivo. No alterar datos para eliminar brecha.,Gas; slippage; competencia; revert; state drift,ESPECIFICADO,
MEV-04-013-I05,MEV-04-013,4,ATOMICITY,Repayment/finality obligations satisfied,if atomic: repay principal+fee in same atomic unit; else explicit inventory/finality exposure,simulation,YES,CRITICAL,Corregir deuda/allowance/callback o explicitar plan no atómico por dominio.,Gas; slippage; competencia; revert; state drift,ESPECIFICADO,
MEV-04-013-I06,MEV-04-013,4,EVIDENCE,Trazabilidad de datos y separación de simulación / resultado realizado,Antes: fixtures+simulación+versiones. Después: receipt/fills+ledger. Estado realizado requiere settlement; no exige 20 operaciones anteriores para implementar.,integración + después de settlement,YES,CRITICAL,Adjuntar evidencia correcta de esa etapa; no renombrar simulación como realizado.,Gas; slippage; competencia; revert; state drift,ESPECIFICADO,
MEV-04-014-I01,MEV-04-014,4,MODE,Mode/state semantics preserved,Comprobar clase y atomicidad declaradas: interfaces ejecutables + unidades y temporalidad consistentes. Un predicado literal TRUE no acredita implementación.,discovery + simulation,YES,CRITICAL,Completar predicado específico del detector/clase y su fixture.,Gas; slippage; competencia; revert; state drift,ESPECIFICADO,
MEV-04-014-I02,MEV-04-014,4,ACCOUNTING,All value flows conserved and all costs represented exactly once,Conservar unidades por activo: balances + aportes + borrow = outputs + repay + fees + residuales. No sumar cantidades de tokens distintos sin ledger/valoración.,simulation + reconciliation,YES,CRITICAL,Reconstruir flujos por activo y eliminar dobles conteos.,Gas; slippage; competencia; revert; state drift,ESPECIFICADO,
MEV-04-014-I03,MEV-04-014,4,SNAPSHOT,No invalid mixed-state comparison,all state bound to one snapshot/block unless strategy explicitly models non-atomic timing,discovery + quote,YES,CRITICAL,Actualizar snapshot y reconstruir cotización coherente por dominio.,Gas; slippage; competencia; revert; state drift,ESPECIFICADO,
MEV-04-014-I04,MEV-04-014,4,PROFIT,"Beneficio objetivo demostrable en el candidato, no garantizado por diseño","NP_signed = gross - costes; NP_prudent=NP_signed-reserve. Objetivo=MAX(min_usd,notional*(target+margin_bps/10000)); brecha=MAX(0,objetivo-NP_prudent). No ABS ni floor sobre PnL.",pre-execution,YES,CRITICAL,Optimizar tamaño/ruta/costes; recotizar hasta hallar candidato que cubra objetivo. No alterar datos para eliminar brecha.,Gas; slippage; competencia; revert; state drift,ESPECIFICADO,
MEV-04-014-I05,MEV-04-014,4,ATOMICITY,Repayment/finality obligations satisfied,if atomic: repay principal+fee in same atomic unit; else explicit inventory/finality exposure,simulation,YES,CRITICAL,Corregir deuda/allowance/callback o explicitar plan no atómico por dominio.,Gas; slippage; competencia; revert; state drift,ESPECIFICADO,
MEV-04-014-I06,MEV-04-014,4,EVIDENCE,Trazabilidad de datos y separación de simulación / resultado realizado,Antes: fixtures+simulación+versiones. Después: receipt/fills+ledger. Estado realizado requiere settlement; no exige 20 operaciones anteriores para implementar.,integración + después de settlement,YES,CRITICAL,Adjuntar evidencia correcta de esa etapa; no renombrar simulación como realizado.,Gas; slippage; competencia; revert; state drift,ESPECIFICADO,
MEV-04-015-I01,MEV-04-015,4,MODE,Mode/state semantics preserved,Comprobar clase y atomicidad declaradas: interfaces ejecutables + unidades y temporalidad consistentes. Un predicado literal TRUE no acredita implementación.,discovery + simulation,YES,CRITICAL,Completar predicado específico del detector/clase y su fixture.,Gas; slippage; competencia; revert; state drift,ESPECIFICADO,
MEV-04-015-I02,MEV-04-015,4,ACCOUNTING,All value flows conserved and all costs represented exactly once,Conservar unidades por activo: balances + aportes + borrow = outputs + repay + fees + residuales. No sumar cantidades de tokens distintos sin ledger/valoración.,simulation + reconciliation,YES,CRITICAL,Reconstruir flujos por activo y eliminar dobles conteos.,Gas; slippage; competencia; revert; state drift,ESPECIFICADO,
MEV-04-015-I03,MEV-04-015,4,SNAPSHOT,No invalid mixed-state comparison,all state bound to one snapshot/block unless strategy explicitly models non-atomic timing,discovery + quote,YES,CRITICAL,Actualizar snapshot y reconstruir cotización coherente por dominio.,Gas; slippage; competencia; revert; state drift,ESPECIFICADO,
MEV-04-015-I04,MEV-04-015,4,PROFIT,"Beneficio objetivo demostrable en el candidato, no garantizado por diseño","NP_signed = gross - costes; NP_prudent=NP_signed-reserve. Objetivo=MAX(min_usd,notional*(target+margin_bps/10000)); brecha=MAX(0,objetivo-NP_prudent). No ABS ni floor sobre PnL.",pre-execution,YES,CRITICAL,Optimizar tamaño/ruta/costes; recotizar hasta hallar candidato que cubra objetivo. No alterar datos para eliminar brecha.,Gas; slippage; competencia; revert; state drift,ESPECIFICADO,
MEV-04-015-I05,MEV-04-015,4,ATOMICITY,Repayment/finality obligations satisfied,if atomic: repay principal+fee in same atomic unit; else explicit inventory/finality exposure,simulation,YES,CRITICAL,Corregir deuda/allowance/callback o explicitar plan no atómico por dominio.,Gas; slippage; competencia; revert; state drift,ESPECIFICADO,
MEV-04-015-I06,MEV-04-015,4,EVIDENCE,Trazabilidad de datos y separación de simulación / resultado realizado,Antes: fixtures+simulación+versiones. Después: receipt/fills+ledger. Estado realizado requiere settlement; no exige 20 operaciones anteriores para implementar.,integración + después de settlement,YES,CRITICAL,Adjuntar evidencia correcta de esa etapa; no renombrar simulación como realizado.,Gas; slippage; competencia; revert; state drift,ESPECIFICADO,
MEV-04-016-I01,MEV-04-016,4,MODE,Mode/state semantics preserved,Comprobar clase y atomicidad declaradas: interfaces ejecutables + unidades y temporalidad consistentes. Un predicado literal TRUE no acredita implementación.,discovery + simulation,YES,CRITICAL,Completar predicado específico del detector/clase y su fixture.,Gas; slippage; competencia; revert; state drift,ESPECIFICADO,
MEV-04-016-I02,MEV-04-016,4,ACCOUNTING,All value flows conserved and all costs represented exactly once,Conservar unidades por activo: balances + aportes + borrow = outputs + repay + fees + residuales. No sumar cantidades de tokens distintos sin ledger/valoración.,simulation + reconciliation,YES,CRITICAL,Reconstruir flujos por activo y eliminar dobles conteos.,Gas; slippage; competencia; revert; state drift,ESPECIFICADO,
MEV-04-016-I03,MEV-04-016,4,SNAPSHOT,No invalid mixed-state comparison,all state bound to one snapshot/block unless strategy explicitly models non-atomic timing,discovery + quote,YES,CRITICAL,Actualizar snapshot y reconstruir cotización coherente por dominio.,Gas; slippage; competencia; revert; state drift,ESPECIFICADO,
MEV-04-016-I04,MEV-04-016,4,PROFIT,"Beneficio objetivo demostrable en el candidato, no garantizado por diseño","NP_signed = gross - costes; NP_prudent=NP_signed-reserve. Objetivo=MAX(min_usd,notional*(target+margin_bps/10000)); brecha=MAX(0,objetivo-NP_prudent). No ABS ni floor sobre PnL.",pre-execution,YES,CRITICAL,Optimizar tamaño/ruta/costes; recotizar hasta hallar candidato que cubra objetivo. No alterar datos para eliminar brecha.,Gas; slippage; competencia; revert; state drift,ESPECIFICADO,
MEV-04-016-I05,MEV-04-016,4,ATOMICITY,Repayment/finality obligations satisfied,if atomic: repay principal+fee in same atomic unit; else explicit inventory/finality exposure,simulation,YES,CRITICAL,Corregir deuda/allowance/callback o explicitar plan no atómico por dominio.,Gas; slippage; competencia; revert; state drift,ESPECIFICADO,
MEV-04-016-I06,MEV-04-016,4,EVIDENCE,Trazabilidad de datos y separación de simulación / resultado realizado,Antes: fixtures+simulación+versiones. Después: receipt/fills+ledger. Estado realizado requiere settlement; no exige 20 operaciones anteriores para implementar.,integración + después de settlement,YES,CRITICAL,Adjuntar evidencia correcta de esa etapa; no renombrar simulación como realizado.,Gas; slippage; competencia; revert; state drift,ESPECIFICADO,
MEV-04-017-I01,MEV-04-017,4,MODE,Mode/state semantics preserved,Comprobar clase y atomicidad declaradas: interfaces ejecutables + unidades y temporalidad consistentes. Un predicado literal TRUE no acredita implementación.,discovery + simulation,YES,CRITICAL,Completar predicado específico del detector/clase y su fixture.,Gas; slippage; competencia; revert; state drift,ESPECIFICADO,
MEV-04-017-I02,MEV-04-017,4,ACCOUNTING,All value flows conserved and all costs represented exactly once,Conservar unidades por activo: balances + aportes + borrow = outputs + repay + fees + residuales. No sumar cantidades de tokens distintos sin ledger/valoración.,simulation + reconciliation,YES,CRITICAL,Reconstruir flujos por activo y eliminar dobles conteos.,Gas; slippage; competencia; revert; state drift,ESPECIFICADO,
MEV-04-017-I03,MEV-04-017,4,SNAPSHOT,No invalid mixed-state comparison,all state bound to one snapshot/block unless strategy explicitly models non-atomic timing,discovery + quote,YES,CRITICAL,Actualizar snapshot y reconstruir cotización coherente por dominio.,Gas; slippage; competencia; revert; state drift,ESPECIFICADO,
MEV-04-017-I04,MEV-04-017,4,PROFIT,"Beneficio objetivo demostrable en el candidato, no garantizado por diseño","NP_signed = gross - costes; NP_prudent=NP_signed-reserve. Objetivo=MAX(min_usd,notional*(target+margin_bps/10000)); brecha=MAX(0,objetivo-NP_prudent). No ABS ni floor sobre PnL.",pre-execution,YES,CRITICAL,Optimizar tamaño/ruta/costes; recotizar hasta hallar candidato que cubra objetivo. No alterar datos para eliminar brecha.,Gas; slippage; competencia; revert; state drift,ESPECIFICADO,
MEV-04-017-I05,MEV-04-017,4,ATOMICITY,Repayment/finality obligations satisfied,if atomic: repay principal+fee in same atomic unit; else explicit inventory/finality exposure,simulation,YES,CRITICAL,Corregir deuda/allowance/callback o explicitar plan no atómico por dominio.,Gas; slippage; competencia; revert; state drift,ESPECIFICADO,
MEV-04-017-I06,MEV-04-017,4,EVIDENCE,Trazabilidad de datos y separación de simulación / resultado realizado,Antes: fixtures+simulación+versiones. Después: receipt/fills+ledger. Estado realizado requiere settlement; no exige 20 operaciones anteriores para implementar.,integración + después de settlement,YES,CRITICAL,Adjuntar evidencia correcta de esa etapa; no renombrar simulación como realizado.,Gas; slippage; competencia; revert; state drift,ESPECIFICADO,
MEV-04-018-I01,MEV-04-018,4,MODE,Mode/state semantics preserved,Comprobar clase y atomicidad declaradas: interfaces ejecutables + unidades y temporalidad consistentes. Un predicado literal TRUE no acredita implementación.,discovery + simulation,YES,CRITICAL,Completar predicado específico del detector/clase y su fixture.,Gas; slippage; competencia; revert; state drift,ESPECIFICADO,
MEV-04-018-I02,MEV-04-018,4,ACCOUNTING,All value flows conserved and all costs represented exactly once,Conservar unidades por activo: balances + aportes + borrow = outputs + repay + fees + residuales. No sumar cantidades de tokens distintos sin ledger/valoración.,simulation + reconciliation,YES,CRITICAL,Reconstruir flujos por activo y eliminar dobles conteos.,Gas; slippage; competencia; revert; state drift,ESPECIFICADO,
MEV-04-018-I03,MEV-04-018,4,SNAPSHOT,No invalid mixed-state comparison,all state bound to one snapshot/block unless strategy explicitly models non-atomic timing,discovery + quote,YES,CRITICAL,Actualizar snapshot y reconstruir cotización coherente por dominio.,Gas; slippage; competencia; revert; state drift,ESPECIFICADO,
MEV-04-018-I04,MEV-04-018,4,PROFIT,"Beneficio objetivo demostrable en el candidato, no garantizado por diseño","NP_signed = gross - costes; NP_prudent=NP_signed-reserve. Objetivo=MAX(min_usd,notional*(target+margin_bps/10000)); brecha=MAX(0,objetivo-NP_prudent). No ABS ni floor sobre PnL.",pre-execution,YES,CRITICAL,Optimizar tamaño/ruta/costes; recotizar hasta hallar candidato que cubra objetivo. No alterar datos para eliminar brecha.,Gas; slippage; competencia; revert; state drift,ESPECIFICADO,
MEV-04-018-I05,MEV-04-018,4,ATOMICITY,Repayment/finality obligations satisfied,if atomic: repay principal+fee in same atomic unit; else explicit inventory/finality exposure,simulation,YES,CRITICAL,Corregir deuda/allowance/callback o explicitar plan no atómico por dominio.,Gas; slippage; competencia; revert; state drift,ESPECIFICADO,
MEV-04-018-I06,MEV-04-018,4,EVIDENCE,Trazabilidad de datos y separación de simulación / resultado realizado,Antes: fixtures+simulación+versiones. Después: receipt/fills+ledger. Estado realizado requiere settlement; no exige 20 operaciones anteriores para implementar.,integración + después de settlement,YES,CRITICAL,Adjuntar evidencia correcta de esa etapa; no renombrar simulación como realizado.,Gas; slippage; competencia; revert; state drift,ESPECIFICADO,
MEV-04-019-I01,MEV-04-019,4,MODE,Mode/state semantics preserved,Comprobar clase y atomicidad declaradas: interfaces ejecutables + unidades y temporalidad consistentes. Un predicado literal TRUE no acredita implementación.,discovery + simulation,YES,CRITICAL,Completar predicado específico del detector/clase y su fixture.,Gas; slippage; competencia; revert; state drift,ESPECIFICADO,
MEV-04-019-I02,MEV-04-019,4,ACCOUNTING,All value flows conserved and all costs represented exactly once,Conservar unidades por activo: balances + aportes + borrow = outputs + repay + fees + residuales. No sumar cantidades de tokens distintos sin ledger/valoración.,simulation + reconciliation,YES,CRITICAL,Reconstruir flujos por activo y eliminar dobles conteos.,Gas; slippage; competencia; revert; state drift,ESPECIFICADO,
MEV-04-019-I03,MEV-04-019,4,SNAPSHOT,No invalid mixed-state comparison,all state bound to one snapshot/block unless strategy explicitly models non-atomic timing,discovery + quote,YES,CRITICAL,Actualizar snapshot y reconstruir cotización coherente por dominio.,Gas; slippage; competencia; revert; state drift,ESPECIFICADO,
MEV-04-019-I04,MEV-04-019,4,PROFIT,"Beneficio objetivo demostrable en el candidato, no garantizado por diseño","NP_signed = gross - costes; NP_prudent=NP_signed-reserve. Objetivo=MAX(min_usd,notional*(target+margin_bps/10000)); brecha=MAX(0,objetivo-NP_prudent). No ABS ni floor sobre PnL.",pre-execution,YES,CRITICAL,Optimizar tamaño/ruta/costes; recotizar hasta hallar candidato que cubra objetivo. No alterar datos para eliminar brecha.,Gas; slippage; competencia; revert; state drift,ESPECIFICADO,
MEV-04-019-I05,MEV-04-019,4,ATOMICITY,Repayment/finality obligations satisfied,if atomic: repay principal+fee in same atomic unit; else explicit inventory/finality exposure,simulation,YES,CRITICAL,Corregir deuda/allowance/callback o explicitar plan no atómico por dominio.,Gas; slippage; competencia; revert; state drift,ESPECIFICADO,
MEV-04-019-I06,MEV-04-019,4,EVIDENCE,Trazabilidad de datos y separación de simulación / resultado realizado,Antes: fixtures+simulación+versiones. Después: receipt/fills+ledger. Estado realizado requiere settlement; no exige 20 operaciones anteriores para implementar.,integración + después de settlement,YES,CRITICAL,Adjuntar evidencia correcta de esa etapa; no renombrar simulación como realizado.,Gas; slippage; competencia; revert; state drift,ESPECIFICADO,
MEV-04-020-I01,MEV-04-020,4,MODE,Mode/state semantics preserved,Comprobar clase y atomicidad declaradas: interfaces ejecutables + unidades y temporalidad consistentes. Un predicado literal TRUE no acredita implementación.,discovery + simulation,YES,CRITICAL,Completar predicado específico del detector/clase y su fixture.,Gas; slippage; competencia; revert; state drift,ESPECIFICADO,
MEV-04-020-I02,MEV-04-020,4,ACCOUNTING,All value flows conserved and all costs represented exactly once,Conservar unidades por activo: balances + aportes + borrow = outputs + repay + fees + residuales. No sumar cantidades de tokens distintos sin ledger/valoración.,simulation + reconciliation,YES,CRITICAL,Reconstruir flujos por activo y eliminar dobles conteos.,Gas; slippage; competencia; revert; state drift,ESPECIFICADO,
MEV-04-020-I03,MEV-04-020,4,SNAPSHOT,No invalid mixed-state comparison,all state bound to one snapshot/block unless strategy explicitly models non-atomic timing,discovery + quote,YES,CRITICAL,Actualizar snapshot y reconstruir cotización coherente por dominio.,Gas; slippage; competencia; revert; state drift,ESPECIFICADO,
MEV-04-020-I04,MEV-04-020,4,PROFIT,"Beneficio objetivo demostrable en el candidato, no garantizado por diseño","NP_signed = gross - costes; NP_prudent=NP_signed-reserve. Objetivo=MAX(min_usd,notional*(target+margin_bps/10000)); brecha=MAX(0,objetivo-NP_prudent). No ABS ni floor sobre PnL.",pre-execution,YES,CRITICAL,Optimizar tamaño/ruta/costes; recotizar hasta hallar candidato que cubra objetivo. No alterar datos para eliminar brecha.,Gas; slippage; competencia; revert; state drift,ESPECIFICADO,
MEV-04-020-I05,MEV-04-020,4,ATOMICITY,Repayment/finality obligations satisfied,if atomic: repay principal+fee in same atomic unit; else explicit inventory/finality exposure,simulation,YES,CRITICAL,Corregir deuda/allowance/callback o explicitar plan no atómico por dominio.,Gas; slippage; competencia; revert; state drift,ESPECIFICADO,
MEV-04-020-I06,MEV-04-020,4,EVIDENCE,Trazabilidad de datos y separación de simulación / resultado realizado,Antes: fixtures+simulación+versiones. Después: receipt/fills+ledger. Estado realizado requiere settlement; no exige 20 operaciones anteriores para implementar.,integración + después de settlement,YES,CRITICAL,Adjuntar evidencia correcta de esa etapa; no renombrar simulación como realizado.,Gas; slippage; competencia; revert; state drift,ESPECIFICADO,
MEV-04-021-I01,MEV-04-021,4,MODE,Mode/state semantics preserved,Comprobar clase y atomicidad declaradas: interfaces ejecutables + unidades y temporalidad consistentes. Un predicado literal TRUE no acredita implementación.,discovery + simulation,YES,CRITICAL,Completar predicado específico del detector/clase y su fixture.,Gas; slippage; competencia; revert; state drift,ESPECIFICADO,
MEV-04-021-I02,MEV-04-021,4,ACCOUNTING,All value flows conserved and all costs represented exactly once,Conservar unidades por activo: balances + aportes + borrow = outputs + repay + fees + residuales. No sumar cantidades de tokens distintos sin ledger/valoración.,simulation + reconciliation,YES,CRITICAL,Reconstruir flujos por activo y eliminar dobles conteos.,Gas; slippage; competencia; revert; state drift,ESPECIFICADO,
MEV-04-021-I03,MEV-04-021,4,SNAPSHOT,No invalid mixed-state comparison,all state bound to one snapshot/block unless strategy explicitly models non-atomic timing,discovery + quote,YES,CRITICAL,Actualizar snapshot y reconstruir cotización coherente por dominio.,Gas; slippage; competencia; revert; state drift,ESPECIFICADO,
MEV-04-021-I04,MEV-04-021,4,PROFIT,"Beneficio objetivo demostrable en el candidato, no garantizado por diseño","NP_signed = gross - costes; NP_prudent=NP_signed-reserve. Objetivo=MAX(min_usd,notional*(target+margin_bps/10000)); brecha=MAX(0,objetivo-NP_prudent). No ABS ni floor sobre PnL.",pre-execution,YES,CRITICAL,Optimizar tamaño/ruta/costes; recotizar hasta hallar candidato que cubra objetivo. No alterar datos para eliminar brecha.,Gas; slippage; competencia; revert; state drift,ESPECIFICADO,
MEV-04-021-I05,MEV-04-021,4,ATOMICITY,Repayment/finality obligations satisfied,if atomic: repay principal+fee in same atomic unit; else explicit inventory/finality exposure,simulation,YES,CRITICAL,Corregir deuda/allowance/callback o explicitar plan no atómico por dominio.,Gas; slippage; competencia; revert; state drift,ESPECIFICADO,
MEV-04-021-I06,MEV-04-021,4,EVIDENCE,Trazabilidad de datos y separación de simulación / resultado realizado,Antes: fixtures+simulación+versiones. Después: receipt/fills+ledger. Estado realizado requiere settlement; no exige 20 operaciones anteriores para implementar.,integración + después de settlement,YES,CRITICAL,Adjuntar evidencia correcta de esa etapa; no renombrar simulación como realizado.,Gas; slippage; competencia; revert; state drift,ESPECIFICADO,
MEV-04-022-I01,MEV-04-022,4,MODE,Mode/state semantics preserved,Comprobar clase y atomicidad declaradas: interfaces ejecutables + unidades y temporalidad consistentes. Un predicado literal TRUE no acredita implementación.,discovery + simulation,YES,CRITICAL,Completar predicado específico del detector/clase y su fixture.,Gas; slippage; competencia; revert; state drift,ESPECIFICADO,
MEV-04-022-I02,MEV-04-022,4,ACCOUNTING,All value flows conserved and all costs represented exactly once,Conservar unidades por activo: balances + aportes + borrow = outputs + repay + fees + residuales. No sumar cantidades de tokens distintos sin ledger/valoración.,simulation + reconciliation,YES,CRITICAL,Reconstruir flujos por activo y eliminar dobles conteos.,Gas; slippage; competencia; revert; state drift,ESPECIFICADO,
MEV-04-022-I03,MEV-04-022,4,SNAPSHOT,No invalid mixed-state comparison,all state bound to one snapshot/block unless strategy explicitly models non-atomic timing,discovery + quote,YES,CRITICAL,Actualizar snapshot y reconstruir cotización coherente por dominio.,Gas; slippage; competencia; revert; state drift,ESPECIFICADO,
MEV-04-022-I04,MEV-04-022,4,PROFIT,"Beneficio objetivo demostrable en el candidato, no garantizado por diseño","NP_signed = gross - costes; NP_prudent=NP_signed-reserve. Objetivo=MAX(min_usd,notional*(target+margin_bps/10000)); brecha=MAX(0,objetivo-NP_prudent). No ABS ni floor sobre PnL.",pre-execution,YES,CRITICAL,Optimizar tamaño/ruta/costes; recotizar hasta hallar candidato que cubra objetivo. No alterar datos para eliminar brecha.,Gas; slippage; competencia; revert; state drift,ESPECIFICADO,
MEV-04-022-I05,MEV-04-022,4,ATOMICITY,Repayment/finality obligations satisfied,if atomic: repay principal+fee in same atomic unit; else explicit inventory/finality exposure,simulation,YES,CRITICAL,Corregir deuda/allowance/callback o explicitar plan no atómico por dominio.,Gas; slippage; competencia; revert; state drift,ESPECIFICADO,
MEV-04-022-I06,MEV-04-022,4,EVIDENCE,Trazabilidad de datos y separación de simulación / resultado realizado,Antes: fixtures+simulación+versiones. Después: receipt/fills+ledger. Estado realizado requiere settlement; no exige 20 operaciones anteriores para implementar.,integración + después de settlement,YES,CRITICAL,Adjuntar evidencia correcta de esa etapa; no renombrar simulación como realizado.,Gas; slippage; competencia; revert; state drift,ESPECIFICADO,
MEV-04-023-I01,MEV-04-023,4,MODE,Mode/state semantics preserved,Comprobar clase y atomicidad declaradas: interfaces ejecutables + unidades y temporalidad consistentes. Un predicado literal TRUE no acredita implementación.,discovery + simulation,YES,CRITICAL,Completar predicado específico del detector/clase y su fixture.,Gas; slippage; competencia; revert; state drift,ESPECIFICADO,
MEV-04-023-I02,MEV-04-023,4,ACCOUNTING,All value flows conserved and all costs represented exactly once,Conservar unidades por activo: balances + aportes + borrow = outputs + repay + fees + residuales. No sumar cantidades de tokens distintos sin ledger/valoración.,simulation + reconciliation,YES,CRITICAL,Reconstruir flujos por activo y eliminar dobles conteos.,Gas; slippage; competencia; revert; state drift,ESPECIFICADO,
MEV-04-023-I03,MEV-04-023,4,SNAPSHOT,No invalid mixed-state comparison,all state bound to one snapshot/block unless strategy explicitly models non-atomic timing,discovery + quote,YES,CRITICAL,Actualizar snapshot y reconstruir cotización coherente por dominio.,Gas; slippage; competencia; revert; state drift,ESPECIFICADO,
MEV-04-023-I04,MEV-04-023,4,PROFIT,"Beneficio objetivo demostrable en el candidato, no garantizado por diseño","NP_signed = gross - costes; NP_prudent=NP_signed-reserve. Objetivo=MAX(min_usd,notional*(target+margin_bps/10000)); brecha=MAX(0,objetivo-NP_prudent). No ABS ni floor sobre PnL.",pre-execution,YES,CRITICAL,Optimizar tamaño/ruta/costes; recotizar hasta hallar candidato que cubra objetivo. No alterar datos para eliminar brecha.,Gas; slippage; competencia; revert; state drift,ESPECIFICADO,
MEV-04-023-I05,MEV-04-023,4,ATOMICITY,Repayment/finality obligations satisfied,if atomic: repay principal+fee in same atomic unit; else explicit inventory/finality exposure,simulation,YES,CRITICAL,Corregir deuda/allowance/callback o explicitar plan no atómico por dominio.,Gas; slippage; competencia; revert; state drift,ESPECIFICADO,
MEV-04-023-I06,MEV-04-023,4,EVIDENCE,Trazabilidad de datos y separación de simulación / resultado realizado,Antes: fixtures+simulación+versiones. Después: receipt/fills+ledger. Estado realizado requiere settlement; no exige 20 operaciones anteriores para implementar.,integración + después de settlement,YES,CRITICAL,Adjuntar evidencia correcta de esa etapa; no renombrar simulación como realizado.,Gas; slippage; competencia; revert; state drift,ESPECIFICADO,
MEV-04-024-I01,MEV-04-024,4,MODE,Mode/state semantics preserved,Comprobar clase y atomicidad declaradas: interfaces ejecutables + unidades y temporalidad consistentes. Un predicado literal TRUE no acredita implementación.,discovery + simulation,YES,CRITICAL,Completar predicado específico del detector/clase y su fixture.,Gas; slippage; competencia; revert; state drift,ESPECIFICADO,
MEV-04-024-I02,MEV-04-024,4,ACCOUNTING,All value flows conserved and all costs represented exactly once,Conservar unidades por activo: balances + aportes + borrow = outputs + repay + fees + residuales. No sumar cantidades de tokens distintos sin ledger/valoración.,simulation + reconciliation,YES,CRITICAL,Reconstruir flujos por activo y eliminar dobles conteos.,Gas; slippage; competencia; revert; state drift,ESPECIFICADO,
MEV-04-024-I03,MEV-04-024,4,SNAPSHOT,No invalid mixed-state comparison,all state bound to one snapshot/block unless strategy explicitly models non-atomic timing,discovery + quote,YES,CRITICAL,Actualizar snapshot y reconstruir cotización coherente por dominio.,Gas; slippage; competencia; revert; state drift,ESPECIFICADO,
MEV-04-024-I04,MEV-04-024,4,PROFIT,"Beneficio objetivo demostrable en el candidato, no garantizado por diseño","NP_signed = gross - costes; NP_prudent=NP_signed-reserve. Objetivo=MAX(min_usd,notional*(target+margin_bps/10000)); brecha=MAX(0,objetivo-NP_prudent). No ABS ni floor sobre PnL.",pre-execution,YES,CRITICAL,Optimizar tamaño/ruta/costes; recotizar hasta hallar candidato que cubra objetivo. No alterar datos para eliminar brecha.,Gas; slippage; competencia; revert; state drift,ESPECIFICADO,
MEV-04-024-I05,MEV-04-024,4,ATOMICITY,Repayment/finality obligations satisfied,if atomic: repay principal+fee in same atomic unit; else explicit inventory/finality exposure,simulation,YES,CRITICAL,Corregir deuda/allowance/callback o explicitar plan no atómico por dominio.,Gas; slippage; competencia; revert; state drift,ESPECIFICADO,
MEV-04-024-I06,MEV-04-024,4,EVIDENCE,Trazabilidad de datos y separación de simulación / resultado realizado,Antes: fixtures+simulación+versiones. Después: receipt/fills+ledger. Estado realizado requiere settlement; no exige 20 operaciones anteriores para implementar.,integración + después de settlement,YES,CRITICAL,Adjuntar evidencia correcta de esa etapa; no renombrar simulación como realizado.,Gas; slippage; competencia; revert; state drift,ESPECIFICADO,
MEV-04-025-I01,MEV-04-025,4,MODE,Mode/state semantics preserved,Comprobar clase y atomicidad declaradas: interfaces ejecutables + unidades y temporalidad consistentes. Un predicado literal TRUE no acredita implementación.,discovery + simulation,YES,CRITICAL,Completar predicado específico del detector/clase y su fixture.,Gas; slippage; competencia; revert; state drift,ESPECIFICADO,
MEV-04-025-I02,MEV-04-025,4,ACCOUNTING,All value flows conserved and all costs represented exactly once,Conservar unidades por activo: balances + aportes + borrow = outputs + repay + fees + residuales. No sumar cantidades de tokens distintos sin ledger/valoración.,simulation + reconciliation,YES,CRITICAL,Reconstruir flujos por activo y eliminar dobles conteos.,Gas; slippage; competencia; revert; state drift,ESPECIFICADO,
MEV-04-025-I03,MEV-04-025,4,SNAPSHOT,No invalid mixed-state comparison,all state bound to one snapshot/block unless strategy explicitly models non-atomic timing,discovery + quote,YES,CRITICAL,Actualizar snapshot y reconstruir cotización coherente por dominio.,Gas; slippage; competencia; revert; state drift,ESPECIFICADO,
MEV-04-025-I04,MEV-04-025,4,PROFIT,"Beneficio objetivo demostrable en el candidato, no garantizado por diseño","NP_signed = gross - costes; NP_prudent=NP_signed-reserve. Objetivo=MAX(min_usd,notional*(target+margin_bps/10000)); brecha=MAX(0,objetivo-NP_prudent). No ABS ni floor sobre PnL.",pre-execution,YES,CRITICAL,Optimizar tamaño/ruta/costes; recotizar hasta hallar candidato que cubra objetivo. No alterar datos para eliminar brecha.,Gas; slippage; competencia; revert; state drift,ESPECIFICADO,
MEV-04-025-I05,MEV-04-025,4,ATOMICITY,Repayment/finality obligations satisfied,if atomic: repay principal+fee in same atomic unit; else explicit inventory/finality exposure,simulation,YES,CRITICAL,Corregir deuda/allowance/callback o explicitar plan no atómico por dominio.,Gas; slippage; competencia; revert; state drift,ESPECIFICADO,
MEV-04-025-I06,MEV-04-025,4,EVIDENCE,Trazabilidad de datos y separación de simulación / resultado realizado,Antes: fixtures+simulación+versiones. Después: receipt/fills+ledger. Estado realizado requiere settlement; no exige 20 operaciones anteriores para implementar.,integración + después de settlement,YES,CRITICAL,Adjuntar evidencia correcta de esa etapa; no renombrar simulación como realizado.,Gas; slippage; competencia; revert; state drift,ESPECIFICADO,
MEV-04-026-I01,MEV-04-026,4,MODE,Mode/state semantics preserved,Comprobar clase y atomicidad declaradas: interfaces ejecutables + unidades y temporalidad consistentes. Un predicado literal TRUE no acredita implementación.,discovery + simulation,YES,CRITICAL,Completar predicado específico del detector/clase y su fixture.,Gas; slippage; competencia; revert; state drift,ESPECIFICADO,
MEV-04-026-I02,MEV-04-026,4,ACCOUNTING,All value flows conserved and all costs represented exactly once,Conservar unidades por activo: balances + aportes + borrow = outputs + repay + fees + residuales. No sumar cantidades de tokens distintos sin ledger/valoración.,simulation + reconciliation,YES,CRITICAL,Reconstruir flujos por activo y eliminar dobles conteos.,Gas; slippage; competencia; revert; state drift,ESPECIFICADO,
MEV-04-026-I03,MEV-04-026,4,SNAPSHOT,No invalid mixed-state comparison,all state bound to one snapshot/block unless strategy explicitly models non-atomic timing,discovery + quote,YES,CRITICAL,Actualizar snapshot y reconstruir cotización coherente por dominio.,Gas; slippage; competencia; revert; state drift,ESPECIFICADO,
MEV-04-026-I04,MEV-04-026,4,PROFIT,"Beneficio objetivo demostrable en el candidato, no garantizado por diseño","NP_signed = gross - costes; NP_prudent=NP_signed-reserve. Objetivo=MAX(min_usd,notional*(target+margin_bps/10000)); brecha=MAX(0,objetivo-NP_prudent). No ABS ni floor sobre PnL.",pre-execution,YES,CRITICAL,Optimizar tamaño/ruta/costes; recotizar hasta hallar candidato que cubra objetivo. No alterar datos para eliminar brecha.,Gas; slippage; competencia; revert; state drift,ESPECIFICADO,
MEV-04-026-I05,MEV-04-026,4,ATOMICITY,Repayment/finality obligations satisfied,if atomic: repay principal+fee in same atomic unit; else explicit inventory/finality exposure,simulation,YES,CRITICAL,Corregir deuda/allowance/callback o explicitar plan no atómico por dominio.,Gas; slippage; competencia; revert; state drift,ESPECIFICADO,
MEV-04-026-I06,MEV-04-026,4,EVIDENCE,Trazabilidad de datos y separación de simulación / resultado realizado,Antes: fixtures+simulación+versiones. Después: receipt/fills+ledger. Estado realizado requiere settlement; no exige 20 operaciones anteriores para implementar.,integración + después de settlement,YES,CRITICAL,Adjuntar evidencia correcta de esa etapa; no renombrar simulación como realizado.,Gas; slippage; competencia; revert; state drift,ESPECIFICADO,
MEV-04-027-I01,MEV-04-027,4,MODE,Mode/state semantics preserved,Comprobar clase y atomicidad declaradas: interfaces ejecutables + unidades y temporalidad consistentes. Un predicado literal TRUE no acredita implementación.,discovery + simulation,YES,CRITICAL,Completar predicado específico del detector/clase y su fixture.,Gas; slippage; competencia; revert; state drift,ESPECIFICADO,
MEV-04-027-I02,MEV-04-027,4,ACCOUNTING,All value flows conserved and all costs represented exactly once,Conservar unidades por activo: balances + aportes + borrow = outputs + repay + fees + residuales. No sumar cantidades de tokens distintos sin ledger/valoración.,simulation + reconciliation,YES,CRITICAL,Reconstruir flujos por activo y eliminar dobles conteos.,Gas; slippage; competencia; revert; state drift,ESPECIFICADO,
MEV-04-027-I03,MEV-04-027,4,SNAPSHOT,No invalid mixed-state comparison,all state bound to one snapshot/block unless strategy explicitly models non-atomic timing,discovery + quote,YES,CRITICAL,Actualizar snapshot y reconstruir cotización coherente por dominio.,Gas; slippage; competencia; revert; state drift,ESPECIFICADO,
MEV-04-027-I04,MEV-04-027,4,PROFIT,"Beneficio objetivo demostrable en el candidato, no garantizado por diseño","NP_signed = gross - costes; NP_prudent=NP_signed-reserve. Objetivo=MAX(min_usd,notional*(target+margin_bps/10000)); brecha=MAX(0,objetivo-NP_prudent). No ABS ni floor sobre PnL.",pre-execution,YES,CRITICAL,Optimizar tamaño/ruta/costes; recotizar hasta hallar candidato que cubra objetivo. No alterar datos para eliminar brecha.,Gas; slippage; competencia; revert; state drift,ESPECIFICADO,
MEV-04-027-I05,MEV-04-027,4,ATOMICITY,Repayment/finality obligations satisfied,if atomic: repay principal+fee in same atomic unit; else explicit inventory/finality exposure,simulation,YES,CRITICAL,Corregir deuda/allowance/callback o explicitar plan no atómico por dominio.,Gas; slippage; competencia; revert; state drift,ESPECIFICADO,
MEV-04-027-I06,MEV-04-027,4,EVIDENCE,Trazabilidad de datos y separación de simulación / resultado realizado,Antes: fixtures+simulación+versiones. Después: receipt/fills+ledger. Estado realizado requiere settlement; no exige 20 operaciones anteriores para implementar.,integración + después de settlement,YES,CRITICAL,Adjuntar evidencia correcta de esa etapa; no renombrar simulación como realizado.,Gas; slippage; competencia; revert; state drift,ESPECIFICADO,
MEV-04-028-I01,MEV-04-028,4,MODE,Mode/state semantics preserved,Comprobar clase y atomicidad declaradas: interfaces ejecutables + unidades y temporalidad consistentes. Un predicado literal TRUE no acredita implementación.,discovery + simulation,YES,CRITICAL,Completar predicado específico del detector/clase y su fixture.,Gas; slippage; competencia; revert; state drift,ESPECIFICADO,
MEV-04-028-I02,MEV-04-028,4,ACCOUNTING,All value flows conserved and all costs represented exactly once,Conservar unidades por activo: balances + aportes + borrow = outputs + repay + fees + residuales. No sumar cantidades de tokens distintos sin ledger/valoración.,simulation + reconciliation,YES,CRITICAL,Reconstruir flujos por activo y eliminar dobles conteos.,Gas; slippage; competencia; revert; state drift,ESPECIFICADO,
MEV-04-028-I03,MEV-04-028,4,SNAPSHOT,No invalid mixed-state comparison,all state bound to one snapshot/block unless strategy explicitly models non-atomic timing,discovery + quote,YES,CRITICAL,Actualizar snapshot y reconstruir cotización coherente por dominio.,Gas; slippage; competencia; revert; state drift,ESPECIFICADO,
MEV-04-028-I04,MEV-04-028,4,PROFIT,"Beneficio objetivo demostrable en el candidato, no garantizado por diseño","NP_signed = gross - costes; NP_prudent=NP_signed-reserve. Objetivo=MAX(min_usd,notional*(target+margin_bps/10000)); brecha=MAX(0,objetivo-NP_prudent). No ABS ni floor sobre PnL.",pre-execution,YES,CRITICAL,Optimizar tamaño/ruta/costes; recotizar hasta hallar candidato que cubra objetivo. No alterar datos para eliminar brecha.,Gas; slippage; competencia; revert; state drift,ESPECIFICADO,
MEV-04-028-I05,MEV-04-028,4,ATOMICITY,Repayment/finality obligations satisfied,if atomic: repay principal+fee in same atomic unit; else explicit inventory/finality exposure,simulation,YES,CRITICAL,Corregir deuda/allowance/callback o explicitar plan no atómico por dominio.,Gas; slippage; competencia; revert; state drift,ESPECIFICADO,
MEV-04-028-I06,MEV-04-028,4,EVIDENCE,Trazabilidad de datos y separación de simulación / resultado realizado,Antes: fixtures+simulación+versiones. Después: receipt/fills+ledger. Estado realizado requiere settlement; no exige 20 operaciones anteriores para implementar.,integración + después de settlement,YES,CRITICAL,Adjuntar evidencia correcta de esa etapa; no renombrar simulación como realizado.,Gas; slippage; competencia; revert; state drift,ESPECIFICADO,
MEV-04-029-I01,MEV-04-029,4,MODE,Mode/state semantics preserved,Comprobar clase y atomicidad declaradas: interfaces ejecutables + unidades y temporalidad consistentes. Un predicado literal TRUE no acredita implementación.,discovery + simulation,YES,CRITICAL,Completar predicado específico del detector/clase y su fixture.,Gas; slippage; competencia; revert; state drift,ESPECIFICADO,
MEV-04-029-I02,MEV-04-029,4,ACCOUNTING,All value flows conserved and all costs represented exactly once,Conservar unidades por activo: balances + aportes + borrow = outputs + repay + fees + residuales. No sumar cantidades de tokens distintos sin ledger/valoración.,simulation + reconciliation,YES,CRITICAL,Reconstruir flujos por activo y eliminar dobles conteos.,Gas; slippage; competencia; revert; state drift,ESPECIFICADO,
MEV-04-029-I03,MEV-04-029,4,SNAPSHOT,No invalid mixed-state comparison,all state bound to one snapshot/block unless strategy explicitly models non-atomic timing,discovery + quote,YES,CRITICAL,Actualizar snapshot y reconstruir cotización coherente por dominio.,Gas; slippage; competencia; revert; state drift,ESPECIFICADO,
MEV-04-029-I04,MEV-04-029,4,PROFIT,"Beneficio objetivo demostrable en el candidato, no garantizado por diseño","NP_signed = gross - costes; NP_prudent=NP_signed-reserve. Objetivo=MAX(min_usd,notional*(target+margin_bps/10000)); brecha=MAX(0,objetivo-NP_prudent). No ABS ni floor sobre PnL.",pre-execution,YES,CRITICAL,Optimizar tamaño/ruta/costes; recotizar hasta hallar candidato que cubra objetivo. No alterar datos para eliminar brecha.,Gas; slippage; competencia; revert; state drift,ESPECIFICADO,
MEV-04-029-I05,MEV-04-029,4,ATOMICITY,Repayment/finality obligations satisfied,if atomic: repay principal+fee in same atomic unit; else explicit inventory/finality exposure,simulation,YES,CRITICAL,Corregir deuda/allowance/callback o explicitar plan no atómico por dominio.,Gas; slippage; competencia; revert; state drift,ESPECIFICADO,
MEV-04-029-I06,MEV-04-029,4,EVIDENCE,Trazabilidad de datos y separación de simulación / resultado realizado,Antes: fixtures+simulación+versiones. Después: receipt/fills+ledger. Estado realizado requiere settlement; no exige 20 operaciones anteriores para implementar.,integración + después de settlement,YES,CRITICAL,Adjuntar evidencia correcta de esa etapa; no renombrar simulación como realizado.,Gas; slippage; competencia; revert; state drift,ESPECIFICADO,
MEV-04-030-I01,MEV-04-030,4,MODE,Mode/state semantics preserved,Comprobar clase y atomicidad declaradas: interfaces ejecutables + unidades y temporalidad consistentes. Un predicado literal TRUE no acredita implementación.,discovery + simulation,YES,CRITICAL,Completar predicado específico del detector/clase y su fixture.,Gas; slippage; competencia; revert; state drift,ESPECIFICADO,
MEV-04-030-I02,MEV-04-030,4,ACCOUNTING,All value flows conserved and all costs represented exactly once,Conservar unidades por activo: balances + aportes + borrow = outputs + repay + fees + residuales. No sumar cantidades de tokens distintos sin ledger/valoración.,simulation + reconciliation,YES,CRITICAL,Reconstruir flujos por activo y eliminar dobles conteos.,Gas; slippage; competencia; revert; state drift,ESPECIFICADO,
MEV-04-030-I03,MEV-04-030,4,SNAPSHOT,No invalid mixed-state comparison,all state bound to one snapshot/block unless strategy explicitly models non-atomic timing,discovery + quote,YES,CRITICAL,Actualizar snapshot y reconstruir cotización coherente por dominio.,Gas; slippage; competencia; revert; state drift,ESPECIFICADO,
MEV-04-030-I04,MEV-04-030,4,PROFIT,"Beneficio objetivo demostrable en el candidato, no garantizado por diseño","NP_signed = gross - costes; NP_prudent=NP_signed-reserve. Objetivo=MAX(min_usd,notional*(target+margin_bps/10000)); brecha=MAX(0,objetivo-NP_prudent). No ABS ni floor sobre PnL.",pre-execution,YES,CRITICAL,Optimizar tamaño/ruta/costes; recotizar hasta hallar candidato que cubra objetivo. No alterar datos para eliminar brecha.,Gas; slippage; competencia; revert; state drift,ESPECIFICADO,
MEV-04-030-I05,MEV-04-030,4,ATOMICITY,Repayment/finality obligations satisfied,if atomic: repay principal+fee in same atomic unit; else explicit inventory/finality exposure,simulation,YES,CRITICAL,Corregir deuda/allowance/callback o explicitar plan no atómico por dominio.,Gas; slippage; competencia; revert; state drift,ESPECIFICADO,
MEV-04-030-I06,MEV-04-030,4,EVIDENCE,Trazabilidad de datos y separación de simulación / resultado realizado,Antes: fixtures+simulación+versiones. Después: receipt/fills+ledger. Estado realizado requiere settlement; no exige 20 operaciones anteriores para implementar.,integración + después de settlement,YES,CRITICAL,Adjuntar evidencia correcta de esa etapa; no renombrar simulación como realizado.,Gas; slippage; competencia; revert; state drift,ESPECIFICADO,
MEV-04-031-I01,MEV-04-031,4,MODE,Mode/state semantics preserved,Comprobar clase y atomicidad declaradas: interfaces ejecutables + unidades y temporalidad consistentes. Un predicado literal TRUE no acredita implementación.,discovery + simulation,YES,CRITICAL,Completar predicado específico del detector/clase y su fixture.,Gas; slippage; competencia; revert; state drift,ESPECIFICADO,
MEV-04-031-I02,MEV-04-031,4,ACCOUNTING,All value flows conserved and all costs represented exactly once,Conservar unidades por activo: balances + aportes + borrow = outputs + repay + fees + residuales. No sumar cantidades de tokens distintos sin ledger/valoración.,simulation + reconciliation,YES,CRITICAL,Reconstruir flujos por activo y eliminar dobles conteos.,Gas; slippage; competencia; revert; state drift,ESPECIFICADO,
MEV-04-031-I03,MEV-04-031,4,SNAPSHOT,No invalid mixed-state comparison,all state bound to one snapshot/block unless strategy explicitly models non-atomic timing,discovery + quote,YES,CRITICAL,Actualizar snapshot y reconstruir cotización coherente por dominio.,Gas; slippage; competencia; revert; state drift,ESPECIFICADO,
MEV-04-031-I04,MEV-04-031,4,PROFIT,"Beneficio objetivo demostrable en el candidato, no garantizado por diseño","NP_signed = gross - costes; NP_prudent=NP_signed-reserve. Objetivo=MAX(min_usd,notional*(target+margin_bps/10000)); brecha=MAX(0,objetivo-NP_prudent). No ABS ni floor sobre PnL.",pre-execution,YES,CRITICAL,Optimizar tamaño/ruta/costes; recotizar hasta hallar candidato que cubra objetivo. No alterar datos para eliminar brecha.,Gas; slippage; competencia; revert; state drift,ESPECIFICADO,
MEV-04-031-I05,MEV-04-031,4,ATOMICITY,Repayment/finality obligations satisfied,if atomic: repay principal+fee in same atomic unit; else explicit inventory/finality exposure,simulation,YES,CRITICAL,Corregir deuda/allowance/callback o explicitar plan no atómico por dominio.,Gas; slippage; competencia; revert; state drift,ESPECIFICADO,
MEV-04-031-I06,MEV-04-031,4,EVIDENCE,Trazabilidad de datos y separación de simulación / resultado realizado,Antes: fixtures+simulación+versiones. Después: receipt/fills+ledger. Estado realizado requiere settlement; no exige 20 operaciones anteriores para implementar.,integración + después de settlement,YES,CRITICAL,Adjuntar evidencia correcta de esa etapa; no renombrar simulación como realizado.,Gas; slippage; competencia; revert; state drift,ESPECIFICADO,
MEV-05-001-I01,MEV-05-001,5,MODE,Mode/state semantics preserved,Comprobar clase y atomicidad declaradas: interfaces ejecutables + unidades y temporalidad consistentes. Un predicado literal TRUE no acredita implementación.,discovery + simulation,YES,CRITICAL,Completar predicado específico del detector/clase y su fixture.,Fill parcial; latencia; custodia; contraparte; retiro; finality; fees,ESPECIFICADO,
MEV-05-001-I02,MEV-05-001,5,ACCOUNTING,All value flows conserved and all costs represented exactly once,Conservar unidades por activo: balances + aportes + borrow = outputs + repay + fees + residuales. No sumar cantidades de tokens distintos sin ledger/valoración.,simulation + reconciliation,YES,CRITICAL,Reconstruir flujos por activo y eliminar dobles conteos.,Fill parcial; latencia; custodia; contraparte; retiro; finality; fees,ESPECIFICADO,
MEV-05-001-I03,MEV-05-001,5,SNAPSHOT,No invalid mixed-state comparison,all state bound to one snapshot/block unless strategy explicitly models non-atomic timing,discovery + quote,YES,CRITICAL,Actualizar snapshot y reconstruir cotización coherente por dominio.,Fill parcial; latencia; custodia; contraparte; retiro; finality; fees,ESPECIFICADO,
MEV-05-001-I04,MEV-05-001,5,PROFIT,"Beneficio objetivo demostrable en el candidato, no garantizado por diseño","NP_signed = gross - costes; NP_prudent=NP_signed-reserve. Objetivo=MAX(min_usd,notional*(target+margin_bps/10000)); brecha=MAX(0,objetivo-NP_prudent). No ABS ni floor sobre PnL.",pre-execution,YES,CRITICAL,Optimizar tamaño/ruta/costes; recotizar hasta hallar candidato que cubra objetivo. No alterar datos para eliminar brecha.,Fill parcial; latencia; custodia; contraparte; retiro; finality; fees,ESPECIFICADO,
MEV-05-001-I05,MEV-05-001,5,ATOMICITY,Repayment/finality obligations satisfied,if atomic: repay principal+fee in same atomic unit; else explicit inventory/finality exposure,simulation,YES,CRITICAL,Corregir deuda/allowance/callback o explicitar plan no atómico por dominio.,Fill parcial; latencia; custodia; contraparte; retiro; finality; fees,ESPECIFICADO,
MEV-05-001-I06,MEV-05-001,5,EVIDENCE,Trazabilidad de datos y separación de simulación / resultado realizado,Antes: fixtures+simulación+versiones. Después: receipt/fills+ledger. Estado realizado requiere settlement; no exige 20 operaciones anteriores para implementar.,integración + después de settlement,YES,CRITICAL,Adjuntar evidencia correcta de esa etapa; no renombrar simulación como realizado.,Fill parcial; latencia; custodia; contraparte; retiro; finality; fees,ESPECIFICADO,
MEV-05-002-I01,MEV-05-002,5,MODE,Mode/state semantics preserved,Comprobar clase y atomicidad declaradas: interfaces ejecutables + unidades y temporalidad consistentes. Un predicado literal TRUE no acredita implementación.,discovery + simulation,YES,CRITICAL,Completar predicado específico del detector/clase y su fixture.,Fill parcial; latencia; custodia; contraparte; retiro; finality; fees,ESPECIFICADO,
MEV-05-002-I02,MEV-05-002,5,ACCOUNTING,All value flows conserved and all costs represented exactly once,Conservar unidades por activo: balances + aportes + borrow = outputs + repay + fees + residuales. No sumar cantidades de tokens distintos sin ledger/valoración.,simulation + reconciliation,YES,CRITICAL,Reconstruir flujos por activo y eliminar dobles conteos.,Fill parcial; latencia; custodia; contraparte; retiro; finality; fees,ESPECIFICADO,
MEV-05-002-I03,MEV-05-002,5,SNAPSHOT,No invalid mixed-state comparison,all state bound to one snapshot/block unless strategy explicitly models non-atomic timing,discovery + quote,YES,CRITICAL,Actualizar snapshot y reconstruir cotización coherente por dominio.,Fill parcial; latencia; custodia; contraparte; retiro; finality; fees,ESPECIFICADO,
MEV-05-002-I04,MEV-05-002,5,PROFIT,"Beneficio objetivo demostrable en el candidato, no garantizado por diseño","NP_signed = gross - costes; NP_prudent=NP_signed-reserve. Objetivo=MAX(min_usd,notional*(target+margin_bps/10000)); brecha=MAX(0,objetivo-NP_prudent). No ABS ni floor sobre PnL.",pre-execution,YES,CRITICAL,Optimizar tamaño/ruta/costes; recotizar hasta hallar candidato que cubra objetivo. No alterar datos para eliminar brecha.,Fill parcial; latencia; custodia; contraparte; retiro; finality; fees,ESPECIFICADO,
MEV-05-002-I05,MEV-05-002,5,ATOMICITY,Repayment/finality obligations satisfied,if atomic: repay principal+fee in same atomic unit; else explicit inventory/finality exposure,simulation,YES,CRITICAL,Corregir deuda/allowance/callback o explicitar plan no atómico por dominio.,Fill parcial; latencia; custodia; contraparte; retiro; finality; fees,ESPECIFICADO,
MEV-05-002-I06,MEV-05-002,5,EVIDENCE,Trazabilidad de datos y separación de simulación / resultado realizado,Antes: fixtures+simulación+versiones. Después: receipt/fills+ledger. Estado realizado requiere settlement; no exige 20 operaciones anteriores para implementar.,integración + después de settlement,YES,CRITICAL,Adjuntar evidencia correcta de esa etapa; no renombrar simulación como realizado.,Fill parcial; latencia; custodia; contraparte; retiro; finality; fees,ESPECIFICADO,
MEV-05-003-I01,MEV-05-003,5,MODE,Mode/state semantics preserved,Comprobar clase y atomicidad declaradas: interfaces ejecutables + unidades y temporalidad consistentes. Un predicado literal TRUE no acredita implementación.,discovery + simulation,YES,CRITICAL,Completar predicado específico del detector/clase y su fixture.,Fill parcial; latencia; custodia; contraparte; retiro; finality; fees,ESPECIFICADO,
MEV-05-003-I02,MEV-05-003,5,ACCOUNTING,All value flows conserved and all costs represented exactly once,Conservar unidades por activo: balances + aportes + borrow = outputs + repay + fees + residuales. No sumar cantidades de tokens distintos sin ledger/valoración.,simulation + reconciliation,YES,CRITICAL,Reconstruir flujos por activo y eliminar dobles conteos.,Fill parcial; latencia; custodia; contraparte; retiro; finality; fees,ESPECIFICADO,
MEV-05-003-I03,MEV-05-003,5,SNAPSHOT,No invalid mixed-state comparison,all state bound to one snapshot/block unless strategy explicitly models non-atomic timing,discovery + quote,YES,CRITICAL,Actualizar snapshot y reconstruir cotización coherente por dominio.,Fill parcial; latencia; custodia; contraparte; retiro; finality; fees,ESPECIFICADO,
MEV-05-003-I04,MEV-05-003,5,PROFIT,"Beneficio objetivo demostrable en el candidato, no garantizado por diseño","NP_signed = gross - costes; NP_prudent=NP_signed-reserve. Objetivo=MAX(min_usd,notional*(target+margin_bps/10000)); brecha=MAX(0,objetivo-NP_prudent). No ABS ni floor sobre PnL.",pre-execution,YES,CRITICAL,Optimizar tamaño/ruta/costes; recotizar hasta hallar candidato que cubra objetivo. No alterar datos para eliminar brecha.,Fill parcial; latencia; custodia; contraparte; retiro; finality; fees,ESPECIFICADO,
MEV-05-003-I05,MEV-05-003,5,ATOMICITY,Repayment/finality obligations satisfied,if atomic: repay principal+fee in same atomic unit; else explicit inventory/finality exposure,simulation,YES,CRITICAL,Corregir deuda/allowance/callback o explicitar plan no atómico por dominio.,Fill parcial; latencia; custodia; contraparte; retiro; finality; fees,ESPECIFICADO,
MEV-05-003-I06,MEV-05-003,5,EVIDENCE,Trazabilidad de datos y separación de simulación / resultado realizado,Antes: fixtures+simulación+versiones. Después: receipt/fills+ledger. Estado realizado requiere settlement; no exige 20 operaciones anteriores para implementar.,integración + después de settlement,YES,CRITICAL,Adjuntar evidencia correcta de esa etapa; no renombrar simulación como realizado.,Fill parcial; latencia; custodia; contraparte; retiro; finality; fees,ESPECIFICADO,
MEV-05-004-I01,MEV-05-004,5,MODE,Mode/state semantics preserved,Comprobar clase y atomicidad declaradas: interfaces ejecutables + unidades y temporalidad consistentes. Un predicado literal TRUE no acredita implementación.,discovery + simulation,YES,CRITICAL,Completar predicado específico del detector/clase y su fixture.,Fill parcial; latencia; custodia; contraparte; retiro; finality; fees,ESPECIFICADO,
MEV-05-004-I02,MEV-05-004,5,ACCOUNTING,All value flows conserved and all costs represented exactly once,Conservar unidades por activo: balances + aportes + borrow = outputs + repay + fees + residuales. No sumar cantidades de tokens distintos sin ledger/valoración.,simulation + reconciliation,YES,CRITICAL,Reconstruir flujos por activo y eliminar dobles conteos.,Fill parcial; latencia; custodia; contraparte; retiro; finality; fees,ESPECIFICADO,
MEV-05-004-I03,MEV-05-004,5,SNAPSHOT,No invalid mixed-state comparison,all state bound to one snapshot/block unless strategy explicitly models non-atomic timing,discovery + quote,YES,CRITICAL,Actualizar snapshot y reconstruir cotización coherente por dominio.,Fill parcial; latencia; custodia; contraparte; retiro; finality; fees,ESPECIFICADO,
MEV-05-004-I04,MEV-05-004,5,PROFIT,"Beneficio objetivo demostrable en el candidato, no garantizado por diseño","NP_signed = gross - costes; NP_prudent=NP_signed-reserve. Objetivo=MAX(min_usd,notional*(target+margin_bps/10000)); brecha=MAX(0,objetivo-NP_prudent). No ABS ni floor sobre PnL.",pre-execution,YES,CRITICAL,Optimizar tamaño/ruta/costes; recotizar hasta hallar candidato que cubra objetivo. No alterar datos para eliminar brecha.,Fill parcial; latencia; custodia; contraparte; retiro; finality; fees,ESPECIFICADO,
MEV-05-004-I05,MEV-05-004,5,ATOMICITY,Repayment/finality obligations satisfied,if atomic: repay principal+fee in same atomic unit; else explicit inventory/finality exposure,simulation,YES,CRITICAL,Corregir deuda/allowance/callback o explicitar plan no atómico por dominio.,Fill parcial; latencia; custodia; contraparte; retiro; finality; fees,ESPECIFICADO,
MEV-05-004-I06,MEV-05-004,5,EVIDENCE,Trazabilidad de datos y separación de simulación / resultado realizado,Antes: fixtures+simulación+versiones. Después: receipt/fills+ledger. Estado realizado requiere settlement; no exige 20 operaciones anteriores para implementar.,integración + después de settlement,YES,CRITICAL,Adjuntar evidencia correcta de esa etapa; no renombrar simulación como realizado.,Fill parcial; latencia; custodia; contraparte; retiro; finality; fees,ESPECIFICADO,
MEV-05-005-I01,MEV-05-005,5,MODE,Mode/state semantics preserved,Comprobar clase y atomicidad declaradas: interfaces ejecutables + unidades y temporalidad consistentes. Un predicado literal TRUE no acredita implementación.,discovery + simulation,YES,CRITICAL,Completar predicado específico del detector/clase y su fixture.,Fill parcial; latencia; custodia; contraparte; retiro; finality; fees,ESPECIFICADO,
MEV-05-005-I02,MEV-05-005,5,ACCOUNTING,All value flows conserved and all costs represented exactly once,Conservar unidades por activo: balances + aportes + borrow = outputs + repay + fees + residuales. No sumar cantidades de tokens distintos sin ledger/valoración.,simulation + reconciliation,YES,CRITICAL,Reconstruir flujos por activo y eliminar dobles conteos.,Fill parcial; latencia; custodia; contraparte; retiro; finality; fees,ESPECIFICADO,
MEV-05-005-I03,MEV-05-005,5,SNAPSHOT,No invalid mixed-state comparison,all state bound to one snapshot/block unless strategy explicitly models non-atomic timing,discovery + quote,YES,CRITICAL,Actualizar snapshot y reconstruir cotización coherente por dominio.,Fill parcial; latencia; custodia; contraparte; retiro; finality; fees,ESPECIFICADO,
MEV-05-005-I04,MEV-05-005,5,PROFIT,"Beneficio objetivo demostrable en el candidato, no garantizado por diseño","NP_signed = gross - costes; NP_prudent=NP_signed-reserve. Objetivo=MAX(min_usd,notional*(target+margin_bps/10000)); brecha=MAX(0,objetivo-NP_prudent). No ABS ni floor sobre PnL.",pre-execution,YES,CRITICAL,Optimizar tamaño/ruta/costes; recotizar hasta hallar candidato que cubra objetivo. No alterar datos para eliminar brecha.,Fill parcial; latencia; custodia; contraparte; retiro; finality; fees,ESPECIFICADO,
MEV-05-005-I05,MEV-05-005,5,ATOMICITY,Repayment/finality obligations satisfied,if atomic: repay principal+fee in same atomic unit; else explicit inventory/finality exposure,simulation,YES,CRITICAL,Corregir deuda/allowance/callback o explicitar plan no atómico por dominio.,Fill parcial; latencia; custodia; contraparte; retiro; finality; fees,ESPECIFICADO,
MEV-05-005-I06,MEV-05-005,5,EVIDENCE,Trazabilidad de datos y separación de simulación / resultado realizado,Antes: fixtures+simulación+versiones. Después: receipt/fills+ledger. Estado realizado requiere settlement; no exige 20 operaciones anteriores para implementar.,integración + después de settlement,YES,CRITICAL,Adjuntar evidencia correcta de esa etapa; no renombrar simulación como realizado.,Fill parcial; latencia; custodia; contraparte; retiro; finality; fees,ESPECIFICADO,
MEV-05-006-I01,MEV-05-006,5,MODE,Mode/state semantics preserved,Comprobar clase y atomicidad declaradas: interfaces ejecutables + unidades y temporalidad consistentes. Un predicado literal TRUE no acredita implementación.,discovery + simulation,YES,CRITICAL,Completar predicado específico del detector/clase y su fixture.,Fill parcial; latencia; custodia; contraparte; retiro; finality; fees,ESPECIFICADO,
MEV-05-006-I02,MEV-05-006,5,ACCOUNTING,All value flows conserved and all costs represented exactly once,Conservar unidades por activo: balances + aportes + borrow = outputs + repay + fees + residuales. No sumar cantidades de tokens distintos sin ledger/valoración.,simulation + reconciliation,YES,CRITICAL,Reconstruir flujos por activo y eliminar dobles conteos.,Fill parcial; latencia; custodia; contraparte; retiro; finality; fees,ESPECIFICADO,
MEV-05-006-I03,MEV-05-006,5,SNAPSHOT,No invalid mixed-state comparison,all state bound to one snapshot/block unless strategy explicitly models non-atomic timing,discovery + quote,YES,CRITICAL,Actualizar snapshot y reconstruir cotización coherente por dominio.,Fill parcial; latencia; custodia; contraparte; retiro; finality; fees,ESPECIFICADO,
MEV-05-006-I04,MEV-05-006,5,PROFIT,"Beneficio objetivo demostrable en el candidato, no garantizado por diseño","NP_signed = gross - costes; NP_prudent=NP_signed-reserve. Objetivo=MAX(min_usd,notional*(target+margin_bps/10000)); brecha=MAX(0,objetivo-NP_prudent). No ABS ni floor sobre PnL.",pre-execution,YES,CRITICAL,Optimizar tamaño/ruta/costes; recotizar hasta hallar candidato que cubra objetivo. No alterar datos para eliminar brecha.,Fill parcial; latencia; custodia; contraparte; retiro; finality; fees,ESPECIFICADO,
MEV-05-006-I05,MEV-05-006,5,ATOMICITY,Repayment/finality obligations satisfied,if atomic: repay principal+fee in same atomic unit; else explicit inventory/finality exposure,simulation,YES,CRITICAL,Corregir deuda/allowance/callback o explicitar plan no atómico por dominio.,Fill parcial; latencia; custodia; contraparte; retiro; finality; fees,ESPECIFICADO,
MEV-05-006-I06,MEV-05-006,5,EVIDENCE,Trazabilidad de datos y separación de simulación / resultado realizado,Antes: fixtures+simulación+versiones. Después: receipt/fills+ledger. Estado realizado requiere settlement; no exige 20 operaciones anteriores para implementar.,integración + después de settlement,YES,CRITICAL,Adjuntar evidencia correcta de esa etapa; no renombrar simulación como realizado.,Fill parcial; latencia; custodia; contraparte; retiro; finality; fees,ESPECIFICADO,
MEV-05-007-I01,MEV-05-007,5,MODE,Mode/state semantics preserved,Comprobar clase y atomicidad declaradas: interfaces ejecutables + unidades y temporalidad consistentes. Un predicado literal TRUE no acredita implementación.,discovery + simulation,YES,CRITICAL,Completar predicado específico del detector/clase y su fixture.,Fill parcial; latencia; custodia; contraparte; retiro; finality; fees,ESPECIFICADO,
MEV-05-007-I02,MEV-05-007,5,ACCOUNTING,All value flows conserved and all costs represented exactly once,Conservar unidades por activo: balances + aportes + borrow = outputs + repay + fees + residuales. No sumar cantidades de tokens distintos sin ledger/valoración.,simulation + reconciliation,YES,CRITICAL,Reconstruir flujos por activo y eliminar dobles conteos.,Fill parcial; latencia; custodia; contraparte; retiro; finality; fees,ESPECIFICADO,
MEV-05-007-I03,MEV-05-007,5,SNAPSHOT,No invalid mixed-state comparison,all state bound to one snapshot/block unless strategy explicitly models non-atomic timing,discovery + quote,YES,CRITICAL,Actualizar snapshot y reconstruir cotización coherente por dominio.,Fill parcial; latencia; custodia; contraparte; retiro; finality; fees,ESPECIFICADO,
MEV-05-007-I04,MEV-05-007,5,PROFIT,"Beneficio objetivo demostrable en el candidato, no garantizado por diseño","NP_signed = gross - costes; NP_prudent=NP_signed-reserve. Objetivo=MAX(min_usd,notional*(target+margin_bps/10000)); brecha=MAX(0,objetivo-NP_prudent). No ABS ni floor sobre PnL.",pre-execution,YES,CRITICAL,Optimizar tamaño/ruta/costes; recotizar hasta hallar candidato que cubra objetivo. No alterar datos para eliminar brecha.,Fill parcial; latencia; custodia; contraparte; retiro; finality; fees,ESPECIFICADO,
MEV-05-007-I05,MEV-05-007,5,ATOMICITY,Repayment/finality obligations satisfied,if atomic: repay principal+fee in same atomic unit; else explicit inventory/finality exposure,simulation,YES,CRITICAL,Corregir deuda/allowance/callback o explicitar plan no atómico por dominio.,Fill parcial; latencia; custodia; contraparte; retiro; finality; fees,ESPECIFICADO,
MEV-05-007-I06,MEV-05-007,5,EVIDENCE,Trazabilidad de datos y separación de simulación / resultado realizado,Antes: fixtures+simulación+versiones. Después: receipt/fills+ledger. Estado realizado requiere settlement; no exige 20 operaciones anteriores para implementar.,integración + después de settlement,YES,CRITICAL,Adjuntar evidencia correcta de esa etapa; no renombrar simulación como realizado.,Fill parcial; latencia; custodia; contraparte; retiro; finality; fees,ESPECIFICADO,
MEV-05-008-I01,MEV-05-008,5,MODE,Mode/state semantics preserved,Comprobar clase y atomicidad declaradas: interfaces ejecutables + unidades y temporalidad consistentes. Un predicado literal TRUE no acredita implementación.,discovery + simulation,YES,CRITICAL,Completar predicado específico del detector/clase y su fixture.,Fill parcial; latencia; custodia; contraparte; retiro; finality; fees,ESPECIFICADO,
MEV-05-008-I02,MEV-05-008,5,ACCOUNTING,All value flows conserved and all costs represented exactly once,Conservar unidades por activo: balances + aportes + borrow = outputs + repay + fees + residuales. No sumar cantidades de tokens distintos sin ledger/valoración.,simulation + reconciliation,YES,CRITICAL,Reconstruir flujos por activo y eliminar dobles conteos.,Fill parcial; latencia; custodia; contraparte; retiro; finality; fees,ESPECIFICADO,
MEV-05-008-I03,MEV-05-008,5,SNAPSHOT,No invalid mixed-state comparison,all state bound to one snapshot/block unless strategy explicitly models non-atomic timing,discovery + quote,YES,CRITICAL,Actualizar snapshot y reconstruir cotización coherente por dominio.,Fill parcial; latencia; custodia; contraparte; retiro; finality; fees,ESPECIFICADO,
MEV-05-008-I04,MEV-05-008,5,PROFIT,"Beneficio objetivo demostrable en el candidato, no garantizado por diseño","NP_signed = gross - costes; NP_prudent=NP_signed-reserve. Objetivo=MAX(min_usd,notional*(target+margin_bps/10000)); brecha=MAX(0,objetivo-NP_prudent). No ABS ni floor sobre PnL.",pre-execution,YES,CRITICAL,Optimizar tamaño/ruta/costes; recotizar hasta hallar candidato que cubra objetivo. No alterar datos para eliminar brecha.,Fill parcial; latencia; custodia; contraparte; retiro; finality; fees,ESPECIFICADO,
MEV-05-008-I05,MEV-05-008,5,ATOMICITY,Repayment/finality obligations satisfied,if atomic: repay principal+fee in same atomic unit; else explicit inventory/finality exposure,simulation,YES,CRITICAL,Corregir deuda/allowance/callback o explicitar plan no atómico por dominio.,Fill parcial; latencia; custodia; contraparte; retiro; finality; fees,ESPECIFICADO,
MEV-05-008-I06,MEV-05-008,5,EVIDENCE,Trazabilidad de datos y separación de simulación / resultado realizado,Antes: fixtures+simulación+versiones. Después: receipt/fills+ledger. Estado realizado requiere settlement; no exige 20 operaciones anteriores para implementar.,integración + después de settlement,YES,CRITICAL,Adjuntar evidencia correcta de esa etapa; no renombrar simulación como realizado.,Fill parcial; latencia; custodia; contraparte; retiro; finality; fees,ESPECIFICADO,
MEV-05-009-I01,MEV-05-009,5,MODE,Mode/state semantics preserved,Comprobar clase y atomicidad declaradas: interfaces ejecutables + unidades y temporalidad consistentes. Un predicado literal TRUE no acredita implementación.,discovery + simulation,YES,CRITICAL,Completar predicado específico del detector/clase y su fixture.,Fill parcial; latencia; custodia; contraparte; retiro; finality; fees,ESPECIFICADO,
MEV-05-009-I02,MEV-05-009,5,ACCOUNTING,All value flows conserved and all costs represented exactly once,Conservar unidades por activo: balances + aportes + borrow = outputs + repay + fees + residuales. No sumar cantidades de tokens distintos sin ledger/valoración.,simulation + reconciliation,YES,CRITICAL,Reconstruir flujos por activo y eliminar dobles conteos.,Fill parcial; latencia; custodia; contraparte; retiro; finality; fees,ESPECIFICADO,
MEV-05-009-I03,MEV-05-009,5,SNAPSHOT,No invalid mixed-state comparison,all state bound to one snapshot/block unless strategy explicitly models non-atomic timing,discovery + quote,YES,CRITICAL,Actualizar snapshot y reconstruir cotización coherente por dominio.,Fill parcial; latencia; custodia; contraparte; retiro; finality; fees,ESPECIFICADO,
MEV-05-009-I04,MEV-05-009,5,PROFIT,"Beneficio objetivo demostrable en el candidato, no garantizado por diseño","NP_signed = gross - costes; NP_prudent=NP_signed-reserve. Objetivo=MAX(min_usd,notional*(target+margin_bps/10000)); brecha=MAX(0,objetivo-NP_prudent). No ABS ni floor sobre PnL.",pre-execution,YES,CRITICAL,Optimizar tamaño/ruta/costes; recotizar hasta hallar candidato que cubra objetivo. No alterar datos para eliminar brecha.,Fill parcial; latencia; custodia; contraparte; retiro; finality; fees,ESPECIFICADO,
MEV-05-009-I05,MEV-05-009,5,ATOMICITY,Repayment/finality obligations satisfied,if atomic: repay principal+fee in same atomic unit; else explicit inventory/finality exposure,simulation,YES,CRITICAL,Corregir deuda/allowance/callback o explicitar plan no atómico por dominio.,Fill parcial; latencia; custodia; contraparte; retiro; finality; fees,ESPECIFICADO,
MEV-05-009-I06,MEV-05-009,5,EVIDENCE,Trazabilidad de datos y separación de simulación / resultado realizado,Antes: fixtures+simulación+versiones. Después: receipt/fills+ledger. Estado realizado requiere settlement; no exige 20 operaciones anteriores para implementar.,integración + después de settlement,YES,CRITICAL,Adjuntar evidencia correcta de esa etapa; no renombrar simulación como realizado.,Fill parcial; latencia; custodia; contraparte; retiro; finality; fees,ESPECIFICADO,
MEV-05-010-I01,MEV-05-010,5,MODE,Mode/state semantics preserved,Comprobar clase y atomicidad declaradas: interfaces ejecutables + unidades y temporalidad consistentes. Un predicado literal TRUE no acredita implementación.,discovery + simulation,YES,CRITICAL,Completar predicado específico del detector/clase y su fixture.,Fill parcial; latencia; custodia; contraparte; retiro; finality; fees,ESPECIFICADO,
MEV-05-010-I02,MEV-05-010,5,ACCOUNTING,All value flows conserved and all costs represented exactly once,Conservar unidades por activo: balances + aportes + borrow = outputs + repay + fees + residuales. No sumar cantidades de tokens distintos sin ledger/valoración.,simulation + reconciliation,YES,CRITICAL,Reconstruir flujos por activo y eliminar dobles conteos.,Fill parcial; latencia; custodia; contraparte; retiro; finality; fees,ESPECIFICADO,
MEV-05-010-I03,MEV-05-010,5,SNAPSHOT,No invalid mixed-state comparison,all state bound to one snapshot/block unless strategy explicitly models non-atomic timing,discovery + quote,YES,CRITICAL,Actualizar snapshot y reconstruir cotización coherente por dominio.,Fill parcial; latencia; custodia; contraparte; retiro; finality; fees,ESPECIFICADO,
MEV-05-010-I04,MEV-05-010,5,PROFIT,"Beneficio objetivo demostrable en el candidato, no garantizado por diseño","NP_signed = gross - costes; NP_prudent=NP_signed-reserve. Objetivo=MAX(min_usd,notional*(target+margin_bps/10000)); brecha=MAX(0,objetivo-NP_prudent). No ABS ni floor sobre PnL.",pre-execution,YES,CRITICAL,Optimizar tamaño/ruta/costes; recotizar hasta hallar candidato que cubra objetivo. No alterar datos para eliminar brecha.,Fill parcial; latencia; custodia; contraparte; retiro; finality; fees,ESPECIFICADO,
MEV-05-010-I05,MEV-05-010,5,ATOMICITY,Repayment/finality obligations satisfied,if atomic: repay principal+fee in same atomic unit; else explicit inventory/finality exposure,simulation,YES,CRITICAL,Corregir deuda/allowance/callback o explicitar plan no atómico por dominio.,Fill parcial; latencia; custodia; contraparte; retiro; finality; fees,ESPECIFICADO,
MEV-05-010-I06,MEV-05-010,5,EVIDENCE,Trazabilidad de datos y separación de simulación / resultado realizado,Antes: fixtures+simulación+versiones. Después: receipt/fills+ledger. Estado realizado requiere settlement; no exige 20 operaciones anteriores para implementar.,integración + después de settlement,YES,CRITICAL,Adjuntar evidencia correcta de esa etapa; no renombrar simulación como realizado.,Fill parcial; latencia; custodia; contraparte; retiro; finality; fees,ESPECIFICADO,
MEV-05-011-I01,MEV-05-011,5,MODE,Mode/state semantics preserved,Comprobar clase y atomicidad declaradas: interfaces ejecutables + unidades y temporalidad consistentes. Un predicado literal TRUE no acredita implementación.,discovery + simulation,YES,CRITICAL,Completar predicado específico del detector/clase y su fixture.,Fill parcial; latencia; custodia; contraparte; retiro; finality; fees,ESPECIFICADO,
MEV-05-011-I02,MEV-05-011,5,ACCOUNTING,All value flows conserved and all costs represented exactly once,Conservar unidades por activo: balances + aportes + borrow = outputs + repay + fees + residuales. No sumar cantidades de tokens distintos sin ledger/valoración.,simulation + reconciliation,YES,CRITICAL,Reconstruir flujos por activo y eliminar dobles conteos.,Fill parcial; latencia; custodia; contraparte; retiro; finality; fees,ESPECIFICADO,
MEV-05-011-I03,MEV-05-011,5,SNAPSHOT,No invalid mixed-state comparison,all state bound to one snapshot/block unless strategy explicitly models non-atomic timing,discovery + quote,YES,CRITICAL,Actualizar snapshot y reconstruir cotización coherente por dominio.,Fill parcial; latencia; custodia; contraparte; retiro; finality; fees,ESPECIFICADO,
MEV-05-011-I04,MEV-05-011,5,PROFIT,"Beneficio objetivo demostrable en el candidato, no garantizado por diseño","NP_signed = gross - costes; NP_prudent=NP_signed-reserve. Objetivo=MAX(min_usd,notional*(target+margin_bps/10000)); brecha=MAX(0,objetivo-NP_prudent). No ABS ni floor sobre PnL.",pre-execution,YES,CRITICAL,Optimizar tamaño/ruta/costes; recotizar hasta hallar candidato que cubra objetivo. No alterar datos para eliminar brecha.,Fill parcial; latencia; custodia; contraparte; retiro; finality; fees,ESPECIFICADO,
MEV-05-011-I05,MEV-05-011,5,ATOMICITY,Repayment/finality obligations satisfied,if atomic: repay principal+fee in same atomic unit; else explicit inventory/finality exposure,simulation,YES,CRITICAL,Corregir deuda/allowance/callback o explicitar plan no atómico por dominio.,Fill parcial; latencia; custodia; contraparte; retiro; finality; fees,ESPECIFICADO,
MEV-05-011-I06,MEV-05-011,5,EVIDENCE,Trazabilidad de datos y separación de simulación / resultado realizado,Antes: fixtures+simulación+versiones. Después: receipt/fills+ledger. Estado realizado requiere settlement; no exige 20 operaciones anteriores para implementar.,integración + después de settlement,YES,CRITICAL,Adjuntar evidencia correcta de esa etapa; no renombrar simulación como realizado.,Fill parcial; latencia; custodia; contraparte; retiro; finality; fees,ESPECIFICADO,
MEV-05-012-I01,MEV-05-012,5,MODE,Mode/state semantics preserved,Comprobar clase y atomicidad declaradas: interfaces ejecutables + unidades y temporalidad consistentes. Un predicado literal TRUE no acredita implementación.,discovery + simulation,YES,CRITICAL,Completar predicado específico del detector/clase y su fixture.,Fill parcial; latencia; custodia; contraparte; retiro; finality; fees,ESPECIFICADO,
MEV-05-012-I02,MEV-05-012,5,ACCOUNTING,All value flows conserved and all costs represented exactly once,Conservar unidades por activo: balances + aportes + borrow = outputs + repay + fees + residuales. No sumar cantidades de tokens distintos sin ledger/valoración.,simulation + reconciliation,YES,CRITICAL,Reconstruir flujos por activo y eliminar dobles conteos.,Fill parcial; latencia; custodia; contraparte; retiro; finality; fees,ESPECIFICADO,
MEV-05-012-I03,MEV-05-012,5,SNAPSHOT,No invalid mixed-state comparison,all state bound to one snapshot/block unless strategy explicitly models non-atomic timing,discovery + quote,YES,CRITICAL,Actualizar snapshot y reconstruir cotización coherente por dominio.,Fill parcial; latencia; custodia; contraparte; retiro; finality; fees,ESPECIFICADO,
MEV-05-012-I04,MEV-05-012,5,PROFIT,"Beneficio objetivo demostrable en el candidato, no garantizado por diseño","NP_signed = gross - costes; NP_prudent=NP_signed-reserve. Objetivo=MAX(min_usd,notional*(target+margin_bps/10000)); brecha=MAX(0,objetivo-NP_prudent). No ABS ni floor sobre PnL.",pre-execution,YES,CRITICAL,Optimizar tamaño/ruta/costes; recotizar hasta hallar candidato que cubra objetivo. No alterar datos para eliminar brecha.,Fill parcial; latencia; custodia; contraparte; retiro; finality; fees,ESPECIFICADO,
MEV-05-012-I05,MEV-05-012,5,ATOMICITY,Repayment/finality obligations satisfied,if atomic: repay principal+fee in same atomic unit; else explicit inventory/finality exposure,simulation,YES,CRITICAL,Corregir deuda/allowance/callback o explicitar plan no atómico por dominio.,Fill parcial; latencia; custodia; contraparte; retiro; finality; fees,ESPECIFICADO,
MEV-05-012-I06,MEV-05-012,5,EVIDENCE,Trazabilidad de datos y separación de simulación / resultado realizado,Antes: fixtures+simulación+versiones. Después: receipt/fills+ledger. Estado realizado requiere settlement; no exige 20 operaciones anteriores para implementar.,integración + después de settlement,YES,CRITICAL,Adjuntar evidencia correcta de esa etapa; no renombrar simulación como realizado.,Fill parcial; latencia; custodia; contraparte; retiro; finality; fees,ESPECIFICADO,
MEV-05-013-I01,MEV-05-013,5,MODE,Mode/state semantics preserved,Comprobar clase y atomicidad declaradas: interfaces ejecutables + unidades y temporalidad consistentes. Un predicado literal TRUE no acredita implementación.,discovery + simulation,YES,CRITICAL,Completar predicado específico del detector/clase y su fixture.,Fill parcial; latencia; custodia; contraparte; retiro; finality; fees,ESPECIFICADO,
MEV-05-013-I02,MEV-05-013,5,ACCOUNTING,All value flows conserved and all costs represented exactly once,Conservar unidades por activo: balances + aportes + borrow = outputs + repay + fees + residuales. No sumar cantidades de tokens distintos sin ledger/valoración.,simulation + reconciliation,YES,CRITICAL,Reconstruir flujos por activo y eliminar dobles conteos.,Fill parcial; latencia; custodia; contraparte; retiro; finality; fees,ESPECIFICADO,
MEV-05-013-I03,MEV-05-013,5,SNAPSHOT,No invalid mixed-state comparison,all state bound to one snapshot/block unless strategy explicitly models non-atomic timing,discovery + quote,YES,CRITICAL,Actualizar snapshot y reconstruir cotización coherente por dominio.,Fill parcial; latencia; custodia; contraparte; retiro; finality; fees,ESPECIFICADO,
MEV-05-013-I04,MEV-05-013,5,PROFIT,"Beneficio objetivo demostrable en el candidato, no garantizado por diseño","NP_signed = gross - costes; NP_prudent=NP_signed-reserve. Objetivo=MAX(min_usd,notional*(target+margin_bps/10000)); brecha=MAX(0,objetivo-NP_prudent). No ABS ni floor sobre PnL.",pre-execution,YES,CRITICAL,Optimizar tamaño/ruta/costes; recotizar hasta hallar candidato que cubra objetivo. No alterar datos para eliminar brecha.,Fill parcial; latencia; custodia; contraparte; retiro; finality; fees,ESPECIFICADO,
MEV-05-013-I05,MEV-05-013,5,ATOMICITY,Repayment/finality obligations satisfied,if atomic: repay principal+fee in same atomic unit; else explicit inventory/finality exposure,simulation,YES,CRITICAL,Corregir deuda/allowance/callback o explicitar plan no atómico por dominio.,Fill parcial; latencia; custodia; contraparte; retiro; finality; fees,ESPECIFICADO,
MEV-05-013-I06,MEV-05-013,5,EVIDENCE,Trazabilidad de datos y separación de simulación / resultado realizado,Antes: fixtures+simulación+versiones. Después: receipt/fills+ledger. Estado realizado requiere settlement; no exige 20 operaciones anteriores para implementar.,integración + después de settlement,YES,CRITICAL,Adjuntar evidencia correcta de esa etapa; no renombrar simulación como realizado.,Fill parcial; latencia; custodia; contraparte; retiro; finality; fees,ESPECIFICADO,
MEV-05-014-I01,MEV-05-014,5,MODE,Mode/state semantics preserved,Comprobar clase y atomicidad declaradas: interfaces ejecutables + unidades y temporalidad consistentes. Un predicado literal TRUE no acredita implementación.,discovery + simulation,YES,CRITICAL,Completar predicado específico del detector/clase y su fixture.,Fill parcial; latencia; custodia; contraparte; retiro; finality; fees,ESPECIFICADO,
MEV-05-014-I02,MEV-05-014,5,ACCOUNTING,All value flows conserved and all costs represented exactly once,Conservar unidades por activo: balances + aportes + borrow = outputs + repay + fees + residuales. No sumar cantidades de tokens distintos sin ledger/valoración.,simulation + reconciliation,YES,CRITICAL,Reconstruir flujos por activo y eliminar dobles conteos.,Fill parcial; latencia; custodia; contraparte; retiro; finality; fees,ESPECIFICADO,
MEV-05-014-I03,MEV-05-014,5,SNAPSHOT,No invalid mixed-state comparison,all state bound to one snapshot/block unless strategy explicitly models non-atomic timing,discovery + quote,YES,CRITICAL,Actualizar snapshot y reconstruir cotización coherente por dominio.,Fill parcial; latencia; custodia; contraparte; retiro; finality; fees,ESPECIFICADO,
MEV-05-014-I04,MEV-05-014,5,PROFIT,"Beneficio objetivo demostrable en el candidato, no garantizado por diseño","NP_signed = gross - costes; NP_prudent=NP_signed-reserve. Objetivo=MAX(min_usd,notional*(target+margin_bps/10000)); brecha=MAX(0,objetivo-NP_prudent). No ABS ni floor sobre PnL.",pre-execution,YES,CRITICAL,Optimizar tamaño/ruta/costes; recotizar hasta hallar candidato que cubra objetivo. No alterar datos para eliminar brecha.,Fill parcial; latencia; custodia; contraparte; retiro; finality; fees,ESPECIFICADO,
MEV-05-014-I05,MEV-05-014,5,ATOMICITY,Repayment/finality obligations satisfied,if atomic: repay principal+fee in same atomic unit; else explicit inventory/finality exposure,simulation,YES,CRITICAL,Corregir deuda/allowance/callback o explicitar plan no atómico por dominio.,Fill parcial; latencia; custodia; contraparte; retiro; finality; fees,ESPECIFICADO,
MEV-05-014-I06,MEV-05-014,5,EVIDENCE,Trazabilidad de datos y separación de simulación / resultado realizado,Antes: fixtures+simulación+versiones. Después: receipt/fills+ledger. Estado realizado requiere settlement; no exige 20 operaciones anteriores para implementar.,integración + después de settlement,YES,CRITICAL,Adjuntar evidencia correcta de esa etapa; no renombrar simulación como realizado.,Fill parcial; latencia; custodia; contraparte; retiro; finality; fees,ESPECIFICADO,
MEV-06-001-I01,MEV-06-001,6,MODE,Mode/state semantics preserved,Comprobar clase y atomicidad declaradas: interfaces ejecutables + unidades y temporalidad consistentes. Un predicado literal TRUE no acredita implementación.,discovery + simulation,YES,CRITICAL,Completar predicado específico del detector/clase y su fixture.,Finality; bridge; mensaje; relayer; liquidez; reorg; latencia; inventario,ESPECIFICADO,
MEV-06-001-I02,MEV-06-001,6,ACCOUNTING,All value flows conserved and all costs represented exactly once,Conservar unidades por activo: balances + aportes + borrow = outputs + repay + fees + residuales. No sumar cantidades de tokens distintos sin ledger/valoración.,simulation + reconciliation,YES,CRITICAL,Reconstruir flujos por activo y eliminar dobles conteos.,Finality; bridge; mensaje; relayer; liquidez; reorg; latencia; inventario,ESPECIFICADO,
MEV-06-001-I03,MEV-06-001,6,SNAPSHOT,No invalid mixed-state comparison,all state bound to one snapshot/block unless strategy explicitly models non-atomic timing,discovery + quote,YES,CRITICAL,Actualizar snapshot y reconstruir cotización coherente por dominio.,Finality; bridge; mensaje; relayer; liquidez; reorg; latencia; inventario,ESPECIFICADO,
MEV-06-001-I04,MEV-06-001,6,PROFIT,"Beneficio objetivo demostrable en el candidato, no garantizado por diseño","NP_signed = gross - costes; NP_prudent=NP_signed-reserve. Objetivo=MAX(min_usd,notional*(target+margin_bps/10000)); brecha=MAX(0,objetivo-NP_prudent). No ABS ni floor sobre PnL.",pre-execution,YES,CRITICAL,Optimizar tamaño/ruta/costes; recotizar hasta hallar candidato que cubra objetivo. No alterar datos para eliminar brecha.,Finality; bridge; mensaje; relayer; liquidez; reorg; latencia; inventario,ESPECIFICADO,
MEV-06-001-I05,MEV-06-001,6,ATOMICITY,Repayment/finality obligations satisfied,if atomic: repay principal+fee in same atomic unit; else explicit inventory/finality exposure,simulation,YES,CRITICAL,Corregir deuda/allowance/callback o explicitar plan no atómico por dominio.,Finality; bridge; mensaje; relayer; liquidez; reorg; latencia; inventario,ESPECIFICADO,
MEV-06-001-I06,MEV-06-001,6,EVIDENCE,Trazabilidad de datos y separación de simulación / resultado realizado,Antes: fixtures+simulación+versiones. Después: receipt/fills+ledger. Estado realizado requiere settlement; no exige 20 operaciones anteriores para implementar.,integración + después de settlement,YES,CRITICAL,Adjuntar evidencia correcta de esa etapa; no renombrar simulación como realizado.,Finality; bridge; mensaje; relayer; liquidez; reorg; latencia; inventario,ESPECIFICADO,
MEV-06-002-I01,MEV-06-002,6,MODE,Mode/state semantics preserved,Comprobar clase y atomicidad declaradas: interfaces ejecutables + unidades y temporalidad consistentes. Un predicado literal TRUE no acredita implementación.,discovery + simulation,YES,CRITICAL,Completar predicado específico del detector/clase y su fixture.,Finality; bridge; mensaje; relayer; liquidez; reorg; latencia; inventario,ESPECIFICADO,
MEV-06-002-I02,MEV-06-002,6,ACCOUNTING,All value flows conserved and all costs represented exactly once,Conservar unidades por activo: balances + aportes + borrow = outputs + repay + fees + residuales. No sumar cantidades de tokens distintos sin ledger/valoración.,simulation + reconciliation,YES,CRITICAL,Reconstruir flujos por activo y eliminar dobles conteos.,Finality; bridge; mensaje; relayer; liquidez; reorg; latencia; inventario,ESPECIFICADO,
MEV-06-002-I03,MEV-06-002,6,SNAPSHOT,No invalid mixed-state comparison,all state bound to one snapshot/block unless strategy explicitly models non-atomic timing,discovery + quote,YES,CRITICAL,Actualizar snapshot y reconstruir cotización coherente por dominio.,Finality; bridge; mensaje; relayer; liquidez; reorg; latencia; inventario,ESPECIFICADO,
MEV-06-002-I04,MEV-06-002,6,PROFIT,"Beneficio objetivo demostrable en el candidato, no garantizado por diseño","NP_signed = gross - costes; NP_prudent=NP_signed-reserve. Objetivo=MAX(min_usd,notional*(target+margin_bps/10000)); brecha=MAX(0,objetivo-NP_prudent). No ABS ni floor sobre PnL.",pre-execution,YES,CRITICAL,Optimizar tamaño/ruta/costes; recotizar hasta hallar candidato que cubra objetivo. No alterar datos para eliminar brecha.,Finality; bridge; mensaje; relayer; liquidez; reorg; latencia; inventario,ESPECIFICADO,
MEV-06-002-I05,MEV-06-002,6,ATOMICITY,Repayment/finality obligations satisfied,if atomic: repay principal+fee in same atomic unit; else explicit inventory/finality exposure,simulation,YES,CRITICAL,Corregir deuda/allowance/callback o explicitar plan no atómico por dominio.,Finality; bridge; mensaje; relayer; liquidez; reorg; latencia; inventario,ESPECIFICADO,
MEV-06-002-I06,MEV-06-002,6,EVIDENCE,Trazabilidad de datos y separación de simulación / resultado realizado,Antes: fixtures+simulación+versiones. Después: receipt/fills+ledger. Estado realizado requiere settlement; no exige 20 operaciones anteriores para implementar.,integración + después de settlement,YES,CRITICAL,Adjuntar evidencia correcta de esa etapa; no renombrar simulación como realizado.,Finality; bridge; mensaje; relayer; liquidez; reorg; latencia; inventario,ESPECIFICADO,
MEV-06-003-I01,MEV-06-003,6,MODE,Mode/state semantics preserved,Comprobar clase y atomicidad declaradas: interfaces ejecutables + unidades y temporalidad consistentes. Un predicado literal TRUE no acredita implementación.,discovery + simulation,YES,CRITICAL,Completar predicado específico del detector/clase y su fixture.,Finality; bridge; mensaje; relayer; liquidez; reorg; latencia; inventario,ESPECIFICADO,
MEV-06-003-I02,MEV-06-003,6,ACCOUNTING,All value flows conserved and all costs represented exactly once,Conservar unidades por activo: balances + aportes + borrow = outputs + repay + fees + residuales. No sumar cantidades de tokens distintos sin ledger/valoración.,simulation + reconciliation,YES,CRITICAL,Reconstruir flujos por activo y eliminar dobles conteos.,Finality; bridge; mensaje; relayer; liquidez; reorg; latencia; inventario,ESPECIFICADO,
MEV-06-003-I03,MEV-06-003,6,SNAPSHOT,No invalid mixed-state comparison,all state bound to one snapshot/block unless strategy explicitly models non-atomic timing,discovery + quote,YES,CRITICAL,Actualizar snapshot y reconstruir cotización coherente por dominio.,Finality; bridge; mensaje; relayer; liquidez; reorg; latencia; inventario,ESPECIFICADO,
MEV-06-003-I04,MEV-06-003,6,PROFIT,"Beneficio objetivo demostrable en el candidato, no garantizado por diseño","NP_signed = gross - costes; NP_prudent=NP_signed-reserve. Objetivo=MAX(min_usd,notional*(target+margin_bps/10000)); brecha=MAX(0,objetivo-NP_prudent). No ABS ni floor sobre PnL.",pre-execution,YES,CRITICAL,Optimizar tamaño/ruta/costes; recotizar hasta hallar candidato que cubra objetivo. No alterar datos para eliminar brecha.,Finality; bridge; mensaje; relayer; liquidez; reorg; latencia; inventario,ESPECIFICADO,
MEV-06-003-I05,MEV-06-003,6,ATOMICITY,Repayment/finality obligations satisfied,if atomic: repay principal+fee in same atomic unit; else explicit inventory/finality exposure,simulation,YES,CRITICAL,Corregir deuda/allowance/callback o explicitar plan no atómico por dominio.,Finality; bridge; mensaje; relayer; liquidez; reorg; latencia; inventario,ESPECIFICADO,
MEV-06-003-I06,MEV-06-003,6,EVIDENCE,Trazabilidad de datos y separación de simulación / resultado realizado,Antes: fixtures+simulación+versiones. Después: receipt/fills+ledger. Estado realizado requiere settlement; no exige 20 operaciones anteriores para implementar.,integración + después de settlement,YES,CRITICAL,Adjuntar evidencia correcta de esa etapa; no renombrar simulación como realizado.,Finality; bridge; mensaje; relayer; liquidez; reorg; latencia; inventario,ESPECIFICADO,
MEV-06-004-I01,MEV-06-004,6,MODE,Mode/state semantics preserved,Comprobar clase y atomicidad declaradas: interfaces ejecutables + unidades y temporalidad consistentes. Un predicado literal TRUE no acredita implementación.,discovery + simulation,YES,CRITICAL,Completar predicado específico del detector/clase y su fixture.,Finality; bridge; mensaje; relayer; liquidez; reorg; latencia; inventario,ESPECIFICADO,
MEV-06-004-I02,MEV-06-004,6,ACCOUNTING,All value flows conserved and all costs represented exactly once,Conservar unidades por activo: balances + aportes + borrow = outputs + repay + fees + residuales. No sumar cantidades de tokens distintos sin ledger/valoración.,simulation + reconciliation,YES,CRITICAL,Reconstruir flujos por activo y eliminar dobles conteos.,Finality; bridge; mensaje; relayer; liquidez; reorg; latencia; inventario,ESPECIFICADO,
MEV-06-004-I03,MEV-06-004,6,SNAPSHOT,No invalid mixed-state comparison,all state bound to one snapshot/block unless strategy explicitly models non-atomic timing,discovery + quote,YES,CRITICAL,Actualizar snapshot y reconstruir cotización coherente por dominio.,Finality; bridge; mensaje; relayer; liquidez; reorg; latencia; inventario,ESPECIFICADO,
MEV-06-004-I04,MEV-06-004,6,PROFIT,"Beneficio objetivo demostrable en el candidato, no garantizado por diseño","NP_signed = gross - costes; NP_prudent=NP_signed-reserve. Objetivo=MAX(min_usd,notional*(target+margin_bps/10000)); brecha=MAX(0,objetivo-NP_prudent). No ABS ni floor sobre PnL.",pre-execution,YES,CRITICAL,Optimizar tamaño/ruta/costes; recotizar hasta hallar candidato que cubra objetivo. No alterar datos para eliminar brecha.,Finality; bridge; mensaje; relayer; liquidez; reorg; latencia; inventario,ESPECIFICADO,
MEV-06-004-I05,MEV-06-004,6,ATOMICITY,Repayment/finality obligations satisfied,if atomic: repay principal+fee in same atomic unit; else explicit inventory/finality exposure,simulation,YES,CRITICAL,Corregir deuda/allowance/callback o explicitar plan no atómico por dominio.,Finality; bridge; mensaje; relayer; liquidez; reorg; latencia; inventario,ESPECIFICADO,
MEV-06-004-I06,MEV-06-004,6,EVIDENCE,Trazabilidad de datos y separación de simulación / resultado realizado,Antes: fixtures+simulación+versiones. Después: receipt/fills+ledger. Estado realizado requiere settlement; no exige 20 operaciones anteriores para implementar.,integración + después de settlement,YES,CRITICAL,Adjuntar evidencia correcta de esa etapa; no renombrar simulación como realizado.,Finality; bridge; mensaje; relayer; liquidez; reorg; latencia; inventario,ESPECIFICADO,
MEV-06-005-I01,MEV-06-005,6,MODE,Mode/state semantics preserved,Comprobar clase y atomicidad declaradas: interfaces ejecutables + unidades y temporalidad consistentes. Un predicado literal TRUE no acredita implementación.,discovery + simulation,YES,CRITICAL,Completar predicado específico del detector/clase y su fixture.,Finality; bridge; mensaje; relayer; liquidez; reorg; latencia; inventario,ESPECIFICADO,
MEV-06-005-I02,MEV-06-005,6,ACCOUNTING,All value flows conserved and all costs represented exactly once,Conservar unidades por activo: balances + aportes + borrow = outputs + repay + fees + residuales. No sumar cantidades de tokens distintos sin ledger/valoración.,simulation + reconciliation,YES,CRITICAL,Reconstruir flujos por activo y eliminar dobles conteos.,Finality; bridge; mensaje; relayer; liquidez; reorg; latencia; inventario,ESPECIFICADO,
MEV-06-005-I03,MEV-06-005,6,SNAPSHOT,No invalid mixed-state comparison,all state bound to one snapshot/block unless strategy explicitly models non-atomic timing,discovery + quote,YES,CRITICAL,Actualizar snapshot y reconstruir cotización coherente por dominio.,Finality; bridge; mensaje; relayer; liquidez; reorg; latencia; inventario,ESPECIFICADO,
MEV-06-005-I04,MEV-06-005,6,PROFIT,"Beneficio objetivo demostrable en el candidato, no garantizado por diseño","NP_signed = gross - costes; NP_prudent=NP_signed-reserve. Objetivo=MAX(min_usd,notional*(target+margin_bps/10000)); brecha=MAX(0,objetivo-NP_prudent). No ABS ni floor sobre PnL.",pre-execution,YES,CRITICAL,Optimizar tamaño/ruta/costes; recotizar hasta hallar candidato que cubra objetivo. No alterar datos para eliminar brecha.,Finality; bridge; mensaje; relayer; liquidez; reorg; latencia; inventario,ESPECIFICADO,
MEV-06-005-I05,MEV-06-005,6,ATOMICITY,Repayment/finality obligations satisfied,if atomic: repay principal+fee in same atomic unit; else explicit inventory/finality exposure,simulation,YES,CRITICAL,Corregir deuda/allowance/callback o explicitar plan no atómico por dominio.,Finality; bridge; mensaje; relayer; liquidez; reorg; latencia; inventario,ESPECIFICADO,
MEV-06-005-I06,MEV-06-005,6,EVIDENCE,Trazabilidad de datos y separación de simulación / resultado realizado,Antes: fixtures+simulación+versiones. Después: receipt/fills+ledger. Estado realizado requiere settlement; no exige 20 operaciones anteriores para implementar.,integración + después de settlement,YES,CRITICAL,Adjuntar evidencia correcta de esa etapa; no renombrar simulación como realizado.,Finality; bridge; mensaje; relayer; liquidez; reorg; latencia; inventario,ESPECIFICADO,
MEV-06-006-I01,MEV-06-006,6,MODE,Mode/state semantics preserved,Comprobar clase y atomicidad declaradas: interfaces ejecutables + unidades y temporalidad consistentes. Un predicado literal TRUE no acredita implementación.,discovery + simulation,YES,CRITICAL,Completar predicado específico del detector/clase y su fixture.,Finality; bridge; mensaje; relayer; liquidez; reorg; latencia; inventario,ESPECIFICADO,
MEV-06-006-I02,MEV-06-006,6,ACCOUNTING,All value flows conserved and all costs represented exactly once,Conservar unidades por activo: balances + aportes + borrow = outputs + repay + fees + residuales. No sumar cantidades de tokens distintos sin ledger/valoración.,simulation + reconciliation,YES,CRITICAL,Reconstruir flujos por activo y eliminar dobles conteos.,Finality; bridge; mensaje; relayer; liquidez; reorg; latencia; inventario,ESPECIFICADO,
MEV-06-006-I03,MEV-06-006,6,SNAPSHOT,No invalid mixed-state comparison,all state bound to one snapshot/block unless strategy explicitly models non-atomic timing,discovery + quote,YES,CRITICAL,Actualizar snapshot y reconstruir cotización coherente por dominio.,Finality; bridge; mensaje; relayer; liquidez; reorg; latencia; inventario,ESPECIFICADO,
MEV-06-006-I04,MEV-06-006,6,PROFIT,"Beneficio objetivo demostrable en el candidato, no garantizado por diseño","NP_signed = gross - costes; NP_prudent=NP_signed-reserve. Objetivo=MAX(min_usd,notional*(target+margin_bps/10000)); brecha=MAX(0,objetivo-NP_prudent). No ABS ni floor sobre PnL.",pre-execution,YES,CRITICAL,Optimizar tamaño/ruta/costes; recotizar hasta hallar candidato que cubra objetivo. No alterar datos para eliminar brecha.,Finality; bridge; mensaje; relayer; liquidez; reorg; latencia; inventario,ESPECIFICADO,
MEV-06-006-I05,MEV-06-006,6,ATOMICITY,Repayment/finality obligations satisfied,if atomic: repay principal+fee in same atomic unit; else explicit inventory/finality exposure,simulation,YES,CRITICAL,Corregir deuda/allowance/callback o explicitar plan no atómico por dominio.,Finality; bridge; mensaje; relayer; liquidez; reorg; latencia; inventario,ESPECIFICADO,
MEV-06-006-I06,MEV-06-006,6,EVIDENCE,Trazabilidad de datos y separación de simulación / resultado realizado,Antes: fixtures+simulación+versiones. Después: receipt/fills+ledger. Estado realizado requiere settlement; no exige 20 operaciones anteriores para implementar.,integración + después de settlement,YES,CRITICAL,Adjuntar evidencia correcta de esa etapa; no renombrar simulación como realizado.,Finality; bridge; mensaje; relayer; liquidez; reorg; latencia; inventario,ESPECIFICADO,
MEV-06-007-I01,MEV-06-007,6,MODE,Mode/state semantics preserved,Comprobar clase y atomicidad declaradas: interfaces ejecutables + unidades y temporalidad consistentes. Un predicado literal TRUE no acredita implementación.,discovery + simulation,YES,CRITICAL,Completar predicado específico del detector/clase y su fixture.,Finality; bridge; mensaje; relayer; liquidez; reorg; latencia; inventario,ESPECIFICADO,
MEV-06-007-I02,MEV-06-007,6,ACCOUNTING,All value flows conserved and all costs represented exactly once,Conservar unidades por activo: balances + aportes + borrow = outputs + repay + fees + residuales. No sumar cantidades de tokens distintos sin ledger/valoración.,simulation + reconciliation,YES,CRITICAL,Reconstruir flujos por activo y eliminar dobles conteos.,Finality; bridge; mensaje; relayer; liquidez; reorg; latencia; inventario,ESPECIFICADO,
MEV-06-007-I03,MEV-06-007,6,SNAPSHOT,No invalid mixed-state comparison,all state bound to one snapshot/block unless strategy explicitly models non-atomic timing,discovery + quote,YES,CRITICAL,Actualizar snapshot y reconstruir cotización coherente por dominio.,Finality; bridge; mensaje; relayer; liquidez; reorg; latencia; inventario,ESPECIFICADO,
MEV-06-007-I04,MEV-06-007,6,PROFIT,"Beneficio objetivo demostrable en el candidato, no garantizado por diseño","NP_signed = gross - costes; NP_prudent=NP_signed-reserve. Objetivo=MAX(min_usd,notional*(target+margin_bps/10000)); brecha=MAX(0,objetivo-NP_prudent). No ABS ni floor sobre PnL.",pre-execution,YES,CRITICAL,Optimizar tamaño/ruta/costes; recotizar hasta hallar candidato que cubra objetivo. No alterar datos para eliminar brecha.,Finality; bridge; mensaje; relayer; liquidez; reorg; latencia; inventario,ESPECIFICADO,
MEV-06-007-I05,MEV-06-007,6,ATOMICITY,Repayment/finality obligations satisfied,if atomic: repay principal+fee in same atomic unit; else explicit inventory/finality exposure,simulation,YES,CRITICAL,Corregir deuda/allowance/callback o explicitar plan no atómico por dominio.,Finality; bridge; mensaje; relayer; liquidez; reorg; latencia; inventario,ESPECIFICADO,
MEV-06-007-I06,MEV-06-007,6,EVIDENCE,Trazabilidad de datos y separación de simulación / resultado realizado,Antes: fixtures+simulación+versiones. Después: receipt/fills+ledger. Estado realizado requiere settlement; no exige 20 operaciones anteriores para implementar.,integración + después de settlement,YES,CRITICAL,Adjuntar evidencia correcta de esa etapa; no renombrar simulación como realizado.,Finality; bridge; mensaje; relayer; liquidez; reorg; latencia; inventario,ESPECIFICADO,
MEV-06-008-I01,MEV-06-008,6,MODE,Mode/state semantics preserved,Comprobar clase y atomicidad declaradas: interfaces ejecutables + unidades y temporalidad consistentes. Un predicado literal TRUE no acredita implementación.,discovery + simulation,YES,CRITICAL,Completar predicado específico del detector/clase y su fixture.,Finality; bridge; mensaje; relayer; liquidez; reorg; latencia; inventario,ESPECIFICADO,
MEV-06-008-I02,MEV-06-008,6,ACCOUNTING,All value flows conserved and all costs represented exactly once,Conservar unidades por activo: balances + aportes + borrow = outputs + repay + fees + residuales. No sumar cantidades de tokens distintos sin ledger/valoración.,simulation + reconciliation,YES,CRITICAL,Reconstruir flujos por activo y eliminar dobles conteos.,Finality; bridge; mensaje; relayer; liquidez; reorg; latencia; inventario,ESPECIFICADO,
MEV-06-008-I03,MEV-06-008,6,SNAPSHOT,No invalid mixed-state comparison,all state bound to one snapshot/block unless strategy explicitly models non-atomic timing,discovery + quote,YES,CRITICAL,Actualizar snapshot y reconstruir cotización coherente por dominio.,Finality; bridge; mensaje; relayer; liquidez; reorg; latencia; inventario,ESPECIFICADO,
MEV-06-008-I04,MEV-06-008,6,PROFIT,"Beneficio objetivo demostrable en el candidato, no garantizado por diseño","NP_signed = gross - costes; NP_prudent=NP_signed-reserve. Objetivo=MAX(min_usd,notional*(target+margin_bps/10000)); brecha=MAX(0,objetivo-NP_prudent). No ABS ni floor sobre PnL.",pre-execution,YES,CRITICAL,Optimizar tamaño/ruta/costes; recotizar hasta hallar candidato que cubra objetivo. No alterar datos para eliminar brecha.,Finality; bridge; mensaje; relayer; liquidez; reorg; latencia; inventario,ESPECIFICADO,
MEV-06-008-I05,MEV-06-008,6,ATOMICITY,Repayment/finality obligations satisfied,if atomic: repay principal+fee in same atomic unit; else explicit inventory/finality exposure,simulation,YES,CRITICAL,Corregir deuda/allowance/callback o explicitar plan no atómico por dominio.,Finality; bridge; mensaje; relayer; liquidez; reorg; latencia; inventario,ESPECIFICADO,
MEV-06-008-I06,MEV-06-008,6,EVIDENCE,Trazabilidad de datos y separación de simulación / resultado realizado,Antes: fixtures+simulación+versiones. Después: receipt/fills+ledger. Estado realizado requiere settlement; no exige 20 operaciones anteriores para implementar.,integración + después de settlement,YES,CRITICAL,Adjuntar evidencia correcta de esa etapa; no renombrar simulación como realizado.,Finality; bridge; mensaje; relayer; liquidez; reorg; latencia; inventario,ESPECIFICADO,
MEV-06-009-I01,MEV-06-009,6,MODE,Mode/state semantics preserved,Comprobar clase y atomicidad declaradas: interfaces ejecutables + unidades y temporalidad consistentes. Un predicado literal TRUE no acredita implementación.,discovery + simulation,YES,CRITICAL,Completar predicado específico del detector/clase y su fixture.,Finality; bridge; mensaje; relayer; liquidez; reorg; latencia; inventario,ESPECIFICADO,
MEV-06-009-I02,MEV-06-009,6,ACCOUNTING,All value flows conserved and all costs represented exactly once,Conservar unidades por activo: balances + aportes + borrow = outputs + repay + fees + residuales. No sumar cantidades de tokens distintos sin ledger/valoración.,simulation + reconciliation,YES,CRITICAL,Reconstruir flujos por activo y eliminar dobles conteos.,Finality; bridge; mensaje; relayer; liquidez; reorg; latencia; inventario,ESPECIFICADO,
MEV-06-009-I03,MEV-06-009,6,SNAPSHOT,No invalid mixed-state comparison,all state bound to one snapshot/block unless strategy explicitly models non-atomic timing,discovery + quote,YES,CRITICAL,Actualizar snapshot y reconstruir cotización coherente por dominio.,Finality; bridge; mensaje; relayer; liquidez; reorg; latencia; inventario,ESPECIFICADO,
MEV-06-009-I04,MEV-06-009,6,PROFIT,"Beneficio objetivo demostrable en el candidato, no garantizado por diseño","NP_signed = gross - costes; NP_prudent=NP_signed-reserve. Objetivo=MAX(min_usd,notional*(target+margin_bps/10000)); brecha=MAX(0,objetivo-NP_prudent). No ABS ni floor sobre PnL.",pre-execution,YES,CRITICAL,Optimizar tamaño/ruta/costes; recotizar hasta hallar candidato que cubra objetivo. No alterar datos para eliminar brecha.,Finality; bridge; mensaje; relayer; liquidez; reorg; latencia; inventario,ESPECIFICADO,
MEV-06-009-I05,MEV-06-009,6,ATOMICITY,Repayment/finality obligations satisfied,if atomic: repay principal+fee in same atomic unit; else explicit inventory/finality exposure,simulation,YES,CRITICAL,Corregir deuda/allowance/callback o explicitar plan no atómico por dominio.,Finality; bridge; mensaje; relayer; liquidez; reorg; latencia; inventario,ESPECIFICADO,
MEV-06-009-I06,MEV-06-009,6,EVIDENCE,Trazabilidad de datos y separación de simulación / resultado realizado,Antes: fixtures+simulación+versiones. Después: receipt/fills+ledger. Estado realizado requiere settlement; no exige 20 operaciones anteriores para implementar.,integración + después de settlement,YES,CRITICAL,Adjuntar evidencia correcta de esa etapa; no renombrar simulación como realizado.,Finality; bridge; mensaje; relayer; liquidez; reorg; latencia; inventario,ESPECIFICADO,
MEV-06-010-I01,MEV-06-010,6,MODE,Mode/state semantics preserved,Comprobar clase y atomicidad declaradas: interfaces ejecutables + unidades y temporalidad consistentes. Un predicado literal TRUE no acredita implementación.,discovery + simulation,YES,CRITICAL,Completar predicado específico del detector/clase y su fixture.,Finality; bridge; mensaje; relayer; liquidez; reorg; latencia; inventario,ESPECIFICADO,
MEV-06-010-I02,MEV-06-010,6,ACCOUNTING,All value flows conserved and all costs represented exactly once,Conservar unidades por activo: balances + aportes + borrow = outputs + repay + fees + residuales. No sumar cantidades de tokens distintos sin ledger/valoración.,simulation + reconciliation,YES,CRITICAL,Reconstruir flujos por activo y eliminar dobles conteos.,Finality; bridge; mensaje; relayer; liquidez; reorg; latencia; inventario,ESPECIFICADO,
MEV-06-010-I03,MEV-06-010,6,SNAPSHOT,No invalid mixed-state comparison,all state bound to one snapshot/block unless strategy explicitly models non-atomic timing,discovery + quote,YES,CRITICAL,Actualizar snapshot y reconstruir cotización coherente por dominio.,Finality; bridge; mensaje; relayer; liquidez; reorg; latencia; inventario,ESPECIFICADO,
MEV-06-010-I04,MEV-06-010,6,PROFIT,"Beneficio objetivo demostrable en el candidato, no garantizado por diseño","NP_signed = gross - costes; NP_prudent=NP_signed-reserve. Objetivo=MAX(min_usd,notional*(target+margin_bps/10000)); brecha=MAX(0,objetivo-NP_prudent). No ABS ni floor sobre PnL.",pre-execution,YES,CRITICAL,Optimizar tamaño/ruta/costes; recotizar hasta hallar candidato que cubra objetivo. No alterar datos para eliminar brecha.,Finality; bridge; mensaje; relayer; liquidez; reorg; latencia; inventario,ESPECIFICADO,
MEV-06-010-I05,MEV-06-010,6,ATOMICITY,Repayment/finality obligations satisfied,if atomic: repay principal+fee in same atomic unit; else explicit inventory/finality exposure,simulation,YES,CRITICAL,Corregir deuda/allowance/callback o explicitar plan no atómico por dominio.,Finality; bridge; mensaje; relayer; liquidez; reorg; latencia; inventario,ESPECIFICADO,
MEV-06-010-I06,MEV-06-010,6,EVIDENCE,Trazabilidad de datos y separación de simulación / resultado realizado,Antes: fixtures+simulación+versiones. Después: receipt/fills+ledger. Estado realizado requiere settlement; no exige 20 operaciones anteriores para implementar.,integración + después de settlement,YES,CRITICAL,Adjuntar evidencia correcta de esa etapa; no renombrar simulación como realizado.,Finality; bridge; mensaje; relayer; liquidez; reorg; latencia; inventario,ESPECIFICADO,
MEV-06-011-I01,MEV-06-011,6,MODE,Mode/state semantics preserved,Comprobar clase y atomicidad declaradas: interfaces ejecutables + unidades y temporalidad consistentes. Un predicado literal TRUE no acredita implementación.,discovery + simulation,YES,CRITICAL,Completar predicado específico del detector/clase y su fixture.,Finality; bridge; mensaje; relayer; liquidez; reorg; latencia; inventario,ESPECIFICADO,
MEV-06-011-I02,MEV-06-011,6,ACCOUNTING,All value flows conserved and all costs represented exactly once,Conservar unidades por activo: balances + aportes + borrow = outputs + repay + fees + residuales. No sumar cantidades de tokens distintos sin ledger/valoración.,simulation + reconciliation,YES,CRITICAL,Reconstruir flujos por activo y eliminar dobles conteos.,Finality; bridge; mensaje; relayer; liquidez; reorg; latencia; inventario,ESPECIFICADO,
MEV-06-011-I03,MEV-06-011,6,SNAPSHOT,No invalid mixed-state comparison,all state bound to one snapshot/block unless strategy explicitly models non-atomic timing,discovery + quote,YES,CRITICAL,Actualizar snapshot y reconstruir cotización coherente por dominio.,Finality; bridge; mensaje; relayer; liquidez; reorg; latencia; inventario,ESPECIFICADO,
MEV-06-011-I04,MEV-06-011,6,PROFIT,"Beneficio objetivo demostrable en el candidato, no garantizado por diseño","NP_signed = gross - costes; NP_prudent=NP_signed-reserve. Objetivo=MAX(min_usd,notional*(target+margin_bps/10000)); brecha=MAX(0,objetivo-NP_prudent). No ABS ni floor sobre PnL.",pre-execution,YES,CRITICAL,Optimizar tamaño/ruta/costes; recotizar hasta hallar candidato que cubra objetivo. No alterar datos para eliminar brecha.,Finality; bridge; mensaje; relayer; liquidez; reorg; latencia; inventario,ESPECIFICADO,
MEV-06-011-I05,MEV-06-011,6,ATOMICITY,Repayment/finality obligations satisfied,if atomic: repay principal+fee in same atomic unit; else explicit inventory/finality exposure,simulation,YES,CRITICAL,Corregir deuda/allowance/callback o explicitar plan no atómico por dominio.,Finality; bridge; mensaje; relayer; liquidez; reorg; latencia; inventario,ESPECIFICADO,
MEV-06-011-I06,MEV-06-011,6,EVIDENCE,Trazabilidad de datos y separación de simulación / resultado realizado,Antes: fixtures+simulación+versiones. Después: receipt/fills+ledger. Estado realizado requiere settlement; no exige 20 operaciones anteriores para implementar.,integración + después de settlement,YES,CRITICAL,Adjuntar evidencia correcta de esa etapa; no renombrar simulación como realizado.,Finality; bridge; mensaje; relayer; liquidez; reorg; latencia; inventario,ESPECIFICADO,
MEV-06-012-I01,MEV-06-012,6,MODE,Mode/state semantics preserved,Comprobar clase y atomicidad declaradas: interfaces ejecutables + unidades y temporalidad consistentes. Un predicado literal TRUE no acredita implementación.,discovery + simulation,YES,CRITICAL,Completar predicado específico del detector/clase y su fixture.,Finality; bridge; mensaje; relayer; liquidez; reorg; latencia; inventario,ESPECIFICADO,
MEV-06-012-I02,MEV-06-012,6,ACCOUNTING,All value flows conserved and all costs represented exactly once,Conservar unidades por activo: balances + aportes + borrow = outputs + repay + fees + residuales. No sumar cantidades de tokens distintos sin ledger/valoración.,simulation + reconciliation,YES,CRITICAL,Reconstruir flujos por activo y eliminar dobles conteos.,Finality; bridge; mensaje; relayer; liquidez; reorg; latencia; inventario,ESPECIFICADO,
MEV-06-012-I03,MEV-06-012,6,SNAPSHOT,No invalid mixed-state comparison,all state bound to one snapshot/block unless strategy explicitly models non-atomic timing,discovery + quote,YES,CRITICAL,Actualizar snapshot y reconstruir cotización coherente por dominio.,Finality; bridge; mensaje; relayer; liquidez; reorg; latencia; inventario,ESPECIFICADO,
MEV-06-012-I04,MEV-06-012,6,PROFIT,"Beneficio objetivo demostrable en el candidato, no garantizado por diseño","NP_signed = gross - costes; NP_prudent=NP_signed-reserve. Objetivo=MAX(min_usd,notional*(target+margin_bps/10000)); brecha=MAX(0,objetivo-NP_prudent). No ABS ni floor sobre PnL.",pre-execution,YES,CRITICAL,Optimizar tamaño/ruta/costes; recotizar hasta hallar candidato que cubra objetivo. No alterar datos para eliminar brecha.,Finality; bridge; mensaje; relayer; liquidez; reorg; latencia; inventario,ESPECIFICADO,
MEV-06-012-I05,MEV-06-012,6,ATOMICITY,Repayment/finality obligations satisfied,if atomic: repay principal+fee in same atomic unit; else explicit inventory/finality exposure,simulation,YES,CRITICAL,Corregir deuda/allowance/callback o explicitar plan no atómico por dominio.,Finality; bridge; mensaje; relayer; liquidez; reorg; latencia; inventario,ESPECIFICADO,
MEV-06-012-I06,MEV-06-012,6,EVIDENCE,Trazabilidad de datos y separación de simulación / resultado realizado,Antes: fixtures+simulación+versiones. Después: receipt/fills+ledger. Estado realizado requiere settlement; no exige 20 operaciones anteriores para implementar.,integración + después de settlement,YES,CRITICAL,Adjuntar evidencia correcta de esa etapa; no renombrar simulación como realizado.,Finality; bridge; mensaje; relayer; liquidez; reorg; latencia; inventario,ESPECIFICADO,
MEV-06-013-I01,MEV-06-013,6,MODE,Mode/state semantics preserved,Comprobar clase y atomicidad declaradas: interfaces ejecutables + unidades y temporalidad consistentes. Un predicado literal TRUE no acredita implementación.,discovery + simulation,YES,CRITICAL,Completar predicado específico del detector/clase y su fixture.,Finality; bridge; mensaje; relayer; liquidez; reorg; latencia; inventario,ESPECIFICADO,
MEV-06-013-I02,MEV-06-013,6,ACCOUNTING,All value flows conserved and all costs represented exactly once,Conservar unidades por activo: balances + aportes + borrow = outputs + repay + fees + residuales. No sumar cantidades de tokens distintos sin ledger/valoración.,simulation + reconciliation,YES,CRITICAL,Reconstruir flujos por activo y eliminar dobles conteos.,Finality; bridge; mensaje; relayer; liquidez; reorg; latencia; inventario,ESPECIFICADO,
MEV-06-013-I03,MEV-06-013,6,SNAPSHOT,No invalid mixed-state comparison,all state bound to one snapshot/block unless strategy explicitly models non-atomic timing,discovery + quote,YES,CRITICAL,Actualizar snapshot y reconstruir cotización coherente por dominio.,Finality; bridge; mensaje; relayer; liquidez; reorg; latencia; inventario,ESPECIFICADO,
MEV-06-013-I04,MEV-06-013,6,PROFIT,"Beneficio objetivo demostrable en el candidato, no garantizado por diseño","NP_signed = gross - costes; NP_prudent=NP_signed-reserve. Objetivo=MAX(min_usd,notional*(target+margin_bps/10000)); brecha=MAX(0,objetivo-NP_prudent). No ABS ni floor sobre PnL.",pre-execution,YES,CRITICAL,Optimizar tamaño/ruta/costes; recotizar hasta hallar candidato que cubra objetivo. No alterar datos para eliminar brecha.,Finality; bridge; mensaje; relayer; liquidez; reorg; latencia; inventario,ESPECIFICADO,
MEV-06-013-I05,MEV-06-013,6,ATOMICITY,Repayment/finality obligations satisfied,if atomic: repay principal+fee in same atomic unit; else explicit inventory/finality exposure,simulation,YES,CRITICAL,Corregir deuda/allowance/callback o explicitar plan no atómico por dominio.,Finality; bridge; mensaje; relayer; liquidez; reorg; latencia; inventario,ESPECIFICADO,
MEV-06-013-I06,MEV-06-013,6,EVIDENCE,Trazabilidad de datos y separación de simulación / resultado realizado,Antes: fixtures+simulación+versiones. Después: receipt/fills+ledger. Estado realizado requiere settlement; no exige 20 operaciones anteriores para implementar.,integración + después de settlement,YES,CRITICAL,Adjuntar evidencia correcta de esa etapa; no renombrar simulación como realizado.,Finality; bridge; mensaje; relayer; liquidez; reorg; latencia; inventario,ESPECIFICADO,
MEV-06-014-I01,MEV-06-014,6,MODE,Mode/state semantics preserved,Comprobar clase y atomicidad declaradas: interfaces ejecutables + unidades y temporalidad consistentes. Un predicado literal TRUE no acredita implementación.,discovery + simulation,YES,CRITICAL,Completar predicado específico del detector/clase y su fixture.,Finality; bridge; mensaje; relayer; liquidez; reorg; latencia; inventario,ESPECIFICADO,
MEV-06-014-I02,MEV-06-014,6,ACCOUNTING,All value flows conserved and all costs represented exactly once,Conservar unidades por activo: balances + aportes + borrow = outputs + repay + fees + residuales. No sumar cantidades de tokens distintos sin ledger/valoración.,simulation + reconciliation,YES,CRITICAL,Reconstruir flujos por activo y eliminar dobles conteos.,Finality; bridge; mensaje; relayer; liquidez; reorg; latencia; inventario,ESPECIFICADO,
MEV-06-014-I03,MEV-06-014,6,SNAPSHOT,No invalid mixed-state comparison,all state bound to one snapshot/block unless strategy explicitly models non-atomic timing,discovery + quote,YES,CRITICAL,Actualizar snapshot y reconstruir cotización coherente por dominio.,Finality; bridge; mensaje; relayer; liquidez; reorg; latencia; inventario,ESPECIFICADO,
MEV-06-014-I04,MEV-06-014,6,PROFIT,"Beneficio objetivo demostrable en el candidato, no garantizado por diseño","NP_signed = gross - costes; NP_prudent=NP_signed-reserve. Objetivo=MAX(min_usd,notional*(target+margin_bps/10000)); brecha=MAX(0,objetivo-NP_prudent). No ABS ni floor sobre PnL.",pre-execution,YES,CRITICAL,Optimizar tamaño/ruta/costes; recotizar hasta hallar candidato que cubra objetivo. No alterar datos para eliminar brecha.,Finality; bridge; mensaje; relayer; liquidez; reorg; latencia; inventario,ESPECIFICADO,
MEV-06-014-I05,MEV-06-014,6,ATOMICITY,Repayment/finality obligations satisfied,if atomic: repay principal+fee in same atomic unit; else explicit inventory/finality exposure,simulation,YES,CRITICAL,Corregir deuda/allowance/callback o explicitar plan no atómico por dominio.,Finality; bridge; mensaje; relayer; liquidez; reorg; latencia; inventario,ESPECIFICADO,
MEV-06-014-I06,MEV-06-014,6,EVIDENCE,Trazabilidad de datos y separación de simulación / resultado realizado,Antes: fixtures+simulación+versiones. Después: receipt/fills+ledger. Estado realizado requiere settlement; no exige 20 operaciones anteriores para implementar.,integración + después de settlement,YES,CRITICAL,Adjuntar evidencia correcta de esa etapa; no renombrar simulación como realizado.,Finality; bridge; mensaje; relayer; liquidez; reorg; latencia; inventario,ESPECIFICADO,
MEV-06-015-I01,MEV-06-015,6,MODE,Mode/state semantics preserved,Comprobar clase y atomicidad declaradas: interfaces ejecutables + unidades y temporalidad consistentes. Un predicado literal TRUE no acredita implementación.,discovery + simulation,YES,CRITICAL,Completar predicado específico del detector/clase y su fixture.,Finality; bridge; mensaje; relayer; liquidez; reorg; latencia; inventario,ESPECIFICADO,
MEV-06-015-I02,MEV-06-015,6,ACCOUNTING,All value flows conserved and all costs represented exactly once,Conservar unidades por activo: balances + aportes + borrow = outputs + repay + fees + residuales. No sumar cantidades de tokens distintos sin ledger/valoración.,simulation + reconciliation,YES,CRITICAL,Reconstruir flujos por activo y eliminar dobles conteos.,Finality; bridge; mensaje; relayer; liquidez; reorg; latencia; inventario,ESPECIFICADO,
MEV-06-015-I03,MEV-06-015,6,SNAPSHOT,No invalid mixed-state comparison,all state bound to one snapshot/block unless strategy explicitly models non-atomic timing,discovery + quote,YES,CRITICAL,Actualizar snapshot y reconstruir cotización coherente por dominio.,Finality; bridge; mensaje; relayer; liquidez; reorg; latencia; inventario,ESPECIFICADO,
MEV-06-015-I04,MEV-06-015,6,PROFIT,"Beneficio objetivo demostrable en el candidato, no garantizado por diseño","NP_signed = gross - costes; NP_prudent=NP_signed-reserve. Objetivo=MAX(min_usd,notional*(target+margin_bps/10000)); brecha=MAX(0,objetivo-NP_prudent). No ABS ni floor sobre PnL.",pre-execution,YES,CRITICAL,Optimizar tamaño/ruta/costes; recotizar hasta hallar candidato que cubra objetivo. No alterar datos para eliminar brecha.,Finality; bridge; mensaje; relayer; liquidez; reorg; latencia; inventario,ESPECIFICADO,
MEV-06-015-I05,MEV-06-015,6,ATOMICITY,Repayment/finality obligations satisfied,if atomic: repay principal+fee in same atomic unit; else explicit inventory/finality exposure,simulation,YES,CRITICAL,Corregir deuda/allowance/callback o explicitar plan no atómico por dominio.,Finality; bridge; mensaje; relayer; liquidez; reorg; latencia; inventario,ESPECIFICADO,
MEV-06-015-I06,MEV-06-015,6,EVIDENCE,Trazabilidad de datos y separación de simulación / resultado realizado,Antes: fixtures+simulación+versiones. Después: receipt/fills+ledger. Estado realizado requiere settlement; no exige 20 operaciones anteriores para implementar.,integración + después de settlement,YES,CRITICAL,Adjuntar evidencia correcta de esa etapa; no renombrar simulación como realizado.,Finality; bridge; mensaje; relayer; liquidez; reorg; latencia; inventario,ESPECIFICADO,
MEV-06-016-I01,MEV-06-016,6,MODE,Mode/state semantics preserved,Comprobar clase y atomicidad declaradas: interfaces ejecutables + unidades y temporalidad consistentes. Un predicado literal TRUE no acredita implementación.,discovery + simulation,YES,CRITICAL,Completar predicado específico del detector/clase y su fixture.,Finality; bridge; mensaje; relayer; liquidez; reorg; latencia; inventario,ESPECIFICADO,
MEV-06-016-I02,MEV-06-016,6,ACCOUNTING,All value flows conserved and all costs represented exactly once,Conservar unidades por activo: balances + aportes + borrow = outputs + repay + fees + residuales. No sumar cantidades de tokens distintos sin ledger/valoración.,simulation + reconciliation,YES,CRITICAL,Reconstruir flujos por activo y eliminar dobles conteos.,Finality; bridge; mensaje; relayer; liquidez; reorg; latencia; inventario,ESPECIFICADO,
MEV-06-016-I03,MEV-06-016,6,SNAPSHOT,No invalid mixed-state comparison,all state bound to one snapshot/block unless strategy explicitly models non-atomic timing,discovery + quote,YES,CRITICAL,Actualizar snapshot y reconstruir cotización coherente por dominio.,Finality; bridge; mensaje; relayer; liquidez; reorg; latencia; inventario,ESPECIFICADO,
MEV-06-016-I04,MEV-06-016,6,PROFIT,"Beneficio objetivo demostrable en el candidato, no garantizado por diseño","NP_signed = gross - costes; NP_prudent=NP_signed-reserve. Objetivo=MAX(min_usd,notional*(target+margin_bps/10000)); brecha=MAX(0,objetivo-NP_prudent). No ABS ni floor sobre PnL.",pre-execution,YES,CRITICAL,Optimizar tamaño/ruta/costes; recotizar hasta hallar candidato que cubra objetivo. No alterar datos para eliminar brecha.,Finality; bridge; mensaje; relayer; liquidez; reorg; latencia; inventario,ESPECIFICADO,
MEV-06-016-I05,MEV-06-016,6,ATOMICITY,Repayment/finality obligations satisfied,if atomic: repay principal+fee in same atomic unit; else explicit inventory/finality exposure,simulation,YES,CRITICAL,Corregir deuda/allowance/callback o explicitar plan no atómico por dominio.,Finality; bridge; mensaje; relayer; liquidez; reorg; latencia; inventario,ESPECIFICADO,
MEV-06-016-I06,MEV-06-016,6,EVIDENCE,Trazabilidad de datos y separación de simulación / resultado realizado,Antes: fixtures+simulación+versiones. Después: receipt/fills+ledger. Estado realizado requiere settlement; no exige 20 operaciones anteriores para implementar.,integración + después de settlement,YES,CRITICAL,Adjuntar evidencia correcta de esa etapa; no renombrar simulación como realizado.,Finality; bridge; mensaje; relayer; liquidez; reorg; latencia; inventario,ESPECIFICADO,
MEV-06-017-I01,MEV-06-017,6,MODE,Mode/state semantics preserved,Comprobar clase y atomicidad declaradas: interfaces ejecutables + unidades y temporalidad consistentes. Un predicado literal TRUE no acredita implementación.,discovery + simulation,YES,CRITICAL,Completar predicado específico del detector/clase y su fixture.,Finality; bridge; mensaje; relayer; liquidez; reorg; latencia; inventario,ESPECIFICADO,
MEV-06-017-I02,MEV-06-017,6,ACCOUNTING,All value flows conserved and all costs represented exactly once,Conservar unidades por activo: balances + aportes + borrow = outputs + repay + fees + residuales. No sumar cantidades de tokens distintos sin ledger/valoración.,simulation + reconciliation,YES,CRITICAL,Reconstruir flujos por activo y eliminar dobles conteos.,Finality; bridge; mensaje; relayer; liquidez; reorg; latencia; inventario,ESPECIFICADO,
MEV-06-017-I03,MEV-06-017,6,SNAPSHOT,No invalid mixed-state comparison,all state bound to one snapshot/block unless strategy explicitly models non-atomic timing,discovery + quote,YES,CRITICAL,Actualizar snapshot y reconstruir cotización coherente por dominio.,Finality; bridge; mensaje; relayer; liquidez; reorg; latencia; inventario,ESPECIFICADO,
MEV-06-017-I04,MEV-06-017,6,PROFIT,"Beneficio objetivo demostrable en el candidato, no garantizado por diseño","NP_signed = gross - costes; NP_prudent=NP_signed-reserve. Objetivo=MAX(min_usd,notional*(target+margin_bps/10000)); brecha=MAX(0,objetivo-NP_prudent). No ABS ni floor sobre PnL.",pre-execution,YES,CRITICAL,Optimizar tamaño/ruta/costes; recotizar hasta hallar candidato que cubra objetivo. No alterar datos para eliminar brecha.,Finality; bridge; mensaje; relayer; liquidez; reorg; latencia; inventario,ESPECIFICADO,
MEV-06-017-I05,MEV-06-017,6,ATOMICITY,Repayment/finality obligations satisfied,if atomic: repay principal+fee in same atomic unit; else explicit inventory/finality exposure,simulation,YES,CRITICAL,Corregir deuda/allowance/callback o explicitar plan no atómico por dominio.,Finality; bridge; mensaje; relayer; liquidez; reorg; latencia; inventario,ESPECIFICADO,
MEV-06-017-I06,MEV-06-017,6,EVIDENCE,Trazabilidad de datos y separación de simulación / resultado realizado,Antes: fixtures+simulación+versiones. Después: receipt/fills+ledger. Estado realizado requiere settlement; no exige 20 operaciones anteriores para implementar.,integración + después de settlement,YES,CRITICAL,Adjuntar evidencia correcta de esa etapa; no renombrar simulación como realizado.,Finality; bridge; mensaje; relayer; liquidez; reorg; latencia; inventario,ESPECIFICADO,
MEV-06-018-I01,MEV-06-018,6,MODE,Mode/state semantics preserved,Comprobar clase y atomicidad declaradas: interfaces ejecutables + unidades y temporalidad consistentes. Un predicado literal TRUE no acredita implementación.,discovery + simulation,YES,CRITICAL,Completar predicado específico del detector/clase y su fixture.,Finality; bridge; mensaje; relayer; liquidez; reorg; latencia; inventario,ESPECIFICADO,
MEV-06-018-I02,MEV-06-018,6,ACCOUNTING,All value flows conserved and all costs represented exactly once,Conservar unidades por activo: balances + aportes + borrow = outputs + repay + fees + residuales. No sumar cantidades de tokens distintos sin ledger/valoración.,simulation + reconciliation,YES,CRITICAL,Reconstruir flujos por activo y eliminar dobles conteos.,Finality; bridge; mensaje; relayer; liquidez; reorg; latencia; inventario,ESPECIFICADO,
MEV-06-018-I03,MEV-06-018,6,SNAPSHOT,No invalid mixed-state comparison,all state bound to one snapshot/block unless strategy explicitly models non-atomic timing,discovery + quote,YES,CRITICAL,Actualizar snapshot y reconstruir cotización coherente por dominio.,Finality; bridge; mensaje; relayer; liquidez; reorg; latencia; inventario,ESPECIFICADO,
MEV-06-018-I04,MEV-06-018,6,PROFIT,"Beneficio objetivo demostrable en el candidato, no garantizado por diseño","NP_signed = gross - costes; NP_prudent=NP_signed-reserve. Objetivo=MAX(min_usd,notional*(target+margin_bps/10000)); brecha=MAX(0,objetivo-NP_prudent). No ABS ni floor sobre PnL.",pre-execution,YES,CRITICAL,Optimizar tamaño/ruta/costes; recotizar hasta hallar candidato que cubra objetivo. No alterar datos para eliminar brecha.,Finality; bridge; mensaje; relayer; liquidez; reorg; latencia; inventario,ESPECIFICADO,
MEV-06-018-I05,MEV-06-018,6,ATOMICITY,Repayment/finality obligations satisfied,if atomic: repay principal+fee in same atomic unit; else explicit inventory/finality exposure,simulation,YES,CRITICAL,Corregir deuda/allowance/callback o explicitar plan no atómico por dominio.,Finality; bridge; mensaje; relayer; liquidez; reorg; latencia; inventario,ESPECIFICADO,
MEV-06-018-I06,MEV-06-018,6,EVIDENCE,Trazabilidad de datos y separación de simulación / resultado realizado,Antes: fixtures+simulación+versiones. Después: receipt/fills+ledger. Estado realizado requiere settlement; no exige 20 operaciones anteriores para implementar.,integración + después de settlement,YES,CRITICAL,Adjuntar evidencia correcta de esa etapa; no renombrar simulación como realizado.,Finality; bridge; mensaje; relayer; liquidez; reorg; latencia; inventario,ESPECIFICADO,
MEV-06-019-I01,MEV-06-019,6,MODE,Mode/state semantics preserved,Comprobar clase y atomicidad declaradas: interfaces ejecutables + unidades y temporalidad consistentes. Un predicado literal TRUE no acredita implementación.,discovery + simulation,YES,CRITICAL,Completar predicado específico del detector/clase y su fixture.,Finality; bridge; mensaje; relayer; liquidez; reorg; latencia; inventario,ESPECIFICADO,
MEV-06-019-I02,MEV-06-019,6,ACCOUNTING,All value flows conserved and all costs represented exactly once,Conservar unidades por activo: balances + aportes + borrow = outputs + repay + fees + residuales. No sumar cantidades de tokens distintos sin ledger/valoración.,simulation + reconciliation,YES,CRITICAL,Reconstruir flujos por activo y eliminar dobles conteos.,Finality; bridge; mensaje; relayer; liquidez; reorg; latencia; inventario,ESPECIFICADO,
MEV-06-019-I03,MEV-06-019,6,SNAPSHOT,No invalid mixed-state comparison,all state bound to one snapshot/block unless strategy explicitly models non-atomic timing,discovery + quote,YES,CRITICAL,Actualizar snapshot y reconstruir cotización coherente por dominio.,Finality; bridge; mensaje; relayer; liquidez; reorg; latencia; inventario,ESPECIFICADO,
MEV-06-019-I04,MEV-06-019,6,PROFIT,"Beneficio objetivo demostrable en el candidato, no garantizado por diseño","NP_signed = gross - costes; NP_prudent=NP_signed-reserve. Objetivo=MAX(min_usd,notional*(target+margin_bps/10000)); brecha=MAX(0,objetivo-NP_prudent). No ABS ni floor sobre PnL.",pre-execution,YES,CRITICAL,Optimizar tamaño/ruta/costes; recotizar hasta hallar candidato que cubra objetivo. No alterar datos para eliminar brecha.,Finality; bridge; mensaje; relayer; liquidez; reorg; latencia; inventario,ESPECIFICADO,
MEV-06-019-I05,MEV-06-019,6,ATOMICITY,Repayment/finality obligations satisfied,if atomic: repay principal+fee in same atomic unit; else explicit inventory/finality exposure,simulation,YES,CRITICAL,Corregir deuda/allowance/callback o explicitar plan no atómico por dominio.,Finality; bridge; mensaje; relayer; liquidez; reorg; latencia; inventario,ESPECIFICADO,
MEV-06-019-I06,MEV-06-019,6,EVIDENCE,Trazabilidad de datos y separación de simulación / resultado realizado,Antes: fixtures+simulación+versiones. Después: receipt/fills+ledger. Estado realizado requiere settlement; no exige 20 operaciones anteriores para implementar.,integración + después de settlement,YES,CRITICAL,Adjuntar evidencia correcta de esa etapa; no renombrar simulación como realizado.,Finality; bridge; mensaje; relayer; liquidez; reorg; latencia; inventario,ESPECIFICADO,
MEV-06-020-I01,MEV-06-020,6,MODE,Mode/state semantics preserved,Comprobar clase y atomicidad declaradas: interfaces ejecutables + unidades y temporalidad consistentes. Un predicado literal TRUE no acredita implementación.,discovery + simulation,YES,CRITICAL,Completar predicado específico del detector/clase y su fixture.,Finality; bridge; mensaje; relayer; liquidez; reorg; latencia; inventario,ESPECIFICADO,
MEV-06-020-I02,MEV-06-020,6,ACCOUNTING,All value flows conserved and all costs represented exactly once,Conservar unidades por activo: balances + aportes + borrow = outputs + repay + fees + residuales. No sumar cantidades de tokens distintos sin ledger/valoración.,simulation + reconciliation,YES,CRITICAL,Reconstruir flujos por activo y eliminar dobles conteos.,Finality; bridge; mensaje; relayer; liquidez; reorg; latencia; inventario,ESPECIFICADO,
MEV-06-020-I03,MEV-06-020,6,SNAPSHOT,No invalid mixed-state comparison,all state bound to one snapshot/block unless strategy explicitly models non-atomic timing,discovery + quote,YES,CRITICAL,Actualizar snapshot y reconstruir cotización coherente por dominio.,Finality; bridge; mensaje; relayer; liquidez; reorg; latencia; inventario,ESPECIFICADO,
MEV-06-020-I04,MEV-06-020,6,PROFIT,"Beneficio objetivo demostrable en el candidato, no garantizado por diseño","NP_signed = gross - costes; NP_prudent=NP_signed-reserve. Objetivo=MAX(min_usd,notional*(target+margin_bps/10000)); brecha=MAX(0,objetivo-NP_prudent). No ABS ni floor sobre PnL.",pre-execution,YES,CRITICAL,Optimizar tamaño/ruta/costes; recotizar hasta hallar candidato que cubra objetivo. No alterar datos para eliminar brecha.,Finality; bridge; mensaje; relayer; liquidez; reorg; latencia; inventario,ESPECIFICADO,
MEV-06-020-I05,MEV-06-020,6,ATOMICITY,Repayment/finality obligations satisfied,if atomic: repay principal+fee in same atomic unit; else explicit inventory/finality exposure,simulation,YES,CRITICAL,Corregir deuda/allowance/callback o explicitar plan no atómico por dominio.,Finality; bridge; mensaje; relayer; liquidez; reorg; latencia; inventario,ESPECIFICADO,
MEV-06-020-I06,MEV-06-020,6,EVIDENCE,Trazabilidad de datos y separación de simulación / resultado realizado,Antes: fixtures+simulación+versiones. Después: receipt/fills+ledger. Estado realizado requiere settlement; no exige 20 operaciones anteriores para implementar.,integración + después de settlement,YES,CRITICAL,Adjuntar evidencia correcta de esa etapa; no renombrar simulación como realizado.,Finality; bridge; mensaje; relayer; liquidez; reorg; latencia; inventario,ESPECIFICADO,
MEV-06-021-I01,MEV-06-021,6,MODE,Mode/state semantics preserved,Comprobar clase y atomicidad declaradas: interfaces ejecutables + unidades y temporalidad consistentes. Un predicado literal TRUE no acredita implementación.,discovery + simulation,YES,CRITICAL,Completar predicado específico del detector/clase y su fixture.,Finality; bridge; mensaje; relayer; liquidez; reorg; latencia; inventario,ESPECIFICADO,
MEV-06-021-I02,MEV-06-021,6,ACCOUNTING,All value flows conserved and all costs represented exactly once,Conservar unidades por activo: balances + aportes + borrow = outputs + repay + fees + residuales. No sumar cantidades de tokens distintos sin ledger/valoración.,simulation + reconciliation,YES,CRITICAL,Reconstruir flujos por activo y eliminar dobles conteos.,Finality; bridge; mensaje; relayer; liquidez; reorg; latencia; inventario,ESPECIFICADO,
MEV-06-021-I03,MEV-06-021,6,SNAPSHOT,No invalid mixed-state comparison,all state bound to one snapshot/block unless strategy explicitly models non-atomic timing,discovery + quote,YES,CRITICAL,Actualizar snapshot y reconstruir cotización coherente por dominio.,Finality; bridge; mensaje; relayer; liquidez; reorg; latencia; inventario,ESPECIFICADO,
MEV-06-021-I04,MEV-06-021,6,PROFIT,"Beneficio objetivo demostrable en el candidato, no garantizado por diseño","NP_signed = gross - costes; NP_prudent=NP_signed-reserve. Objetivo=MAX(min_usd,notional*(target+margin_bps/10000)); brecha=MAX(0,objetivo-NP_prudent). No ABS ni floor sobre PnL.",pre-execution,YES,CRITICAL,Optimizar tamaño/ruta/costes; recotizar hasta hallar candidato que cubra objetivo. No alterar datos para eliminar brecha.,Finality; bridge; mensaje; relayer; liquidez; reorg; latencia; inventario,ESPECIFICADO,
MEV-06-021-I05,MEV-06-021,6,ATOMICITY,Repayment/finality obligations satisfied,if atomic: repay principal+fee in same atomic unit; else explicit inventory/finality exposure,simulation,YES,CRITICAL,Corregir deuda/allowance/callback o explicitar plan no atómico por dominio.,Finality; bridge; mensaje; relayer; liquidez; reorg; latencia; inventario,ESPECIFICADO,
MEV-06-021-I06,MEV-06-021,6,EVIDENCE,Trazabilidad de datos y separación de simulación / resultado realizado,Antes: fixtures+simulación+versiones. Después: receipt/fills+ledger. Estado realizado requiere settlement; no exige 20 operaciones anteriores para implementar.,integración + después de settlement,YES,CRITICAL,Adjuntar evidencia correcta de esa etapa; no renombrar simulación como realizado.,Finality; bridge; mensaje; relayer; liquidez; reorg; latencia; inventario,ESPECIFICADO,
MEV-06-022-I01,MEV-06-022,6,MODE,Mode/state semantics preserved,Comprobar clase y atomicidad declaradas: interfaces ejecutables + unidades y temporalidad consistentes. Un predicado literal TRUE no acredita implementación.,discovery + simulation,YES,CRITICAL,Completar predicado específico del detector/clase y su fixture.,Finality; bridge; mensaje; relayer; liquidez; reorg; latencia; inventario,ESPECIFICADO,
MEV-06-022-I02,MEV-06-022,6,ACCOUNTING,All value flows conserved and all costs represented exactly once,Conservar unidades por activo: balances + aportes + borrow = outputs + repay + fees + residuales. No sumar cantidades de tokens distintos sin ledger/valoración.,simulation + reconciliation,YES,CRITICAL,Reconstruir flujos por activo y eliminar dobles conteos.,Finality; bridge; mensaje; relayer; liquidez; reorg; latencia; inventario,ESPECIFICADO,
MEV-06-022-I03,MEV-06-022,6,SNAPSHOT,No invalid mixed-state comparison,all state bound to one snapshot/block unless strategy explicitly models non-atomic timing,discovery + quote,YES,CRITICAL,Actualizar snapshot y reconstruir cotización coherente por dominio.,Finality; bridge; mensaje; relayer; liquidez; reorg; latencia; inventario,ESPECIFICADO,
MEV-06-022-I04,MEV-06-022,6,PROFIT,"Beneficio objetivo demostrable en el candidato, no garantizado por diseño","NP_signed = gross - costes; NP_prudent=NP_signed-reserve. Objetivo=MAX(min_usd,notional*(target+margin_bps/10000)); brecha=MAX(0,objetivo-NP_prudent). No ABS ni floor sobre PnL.",pre-execution,YES,CRITICAL,Optimizar tamaño/ruta/costes; recotizar hasta hallar candidato que cubra objetivo. No alterar datos para eliminar brecha.,Finality; bridge; mensaje; relayer; liquidez; reorg; latencia; inventario,ESPECIFICADO,
MEV-06-022-I05,MEV-06-022,6,ATOMICITY,Repayment/finality obligations satisfied,if atomic: repay principal+fee in same atomic unit; else explicit inventory/finality exposure,simulation,YES,CRITICAL,Corregir deuda/allowance/callback o explicitar plan no atómico por dominio.,Finality; bridge; mensaje; relayer; liquidez; reorg; latencia; inventario,ESPECIFICADO,
MEV-06-022-I06,MEV-06-022,6,EVIDENCE,Trazabilidad de datos y separación de simulación / resultado realizado,Antes: fixtures+simulación+versiones. Después: receipt/fills+ledger. Estado realizado requiere settlement; no exige 20 operaciones anteriores para implementar.,integración + después de settlement,YES,CRITICAL,Adjuntar evidencia correcta de esa etapa; no renombrar simulación como realizado.,Finality; bridge; mensaje; relayer; liquidez; reorg; latencia; inventario,ESPECIFICADO,
MEV-06-023-I01,MEV-06-023,6,MODE,Mode/state semantics preserved,Comprobar clase y atomicidad declaradas: interfaces ejecutables + unidades y temporalidad consistentes. Un predicado literal TRUE no acredita implementación.,discovery + simulation,YES,CRITICAL,Completar predicado específico del detector/clase y su fixture.,Finality; bridge; mensaje; relayer; liquidez; reorg; latencia; inventario,ESPECIFICADO,
MEV-06-023-I02,MEV-06-023,6,ACCOUNTING,All value flows conserved and all costs represented exactly once,Conservar unidades por activo: balances + aportes + borrow = outputs + repay + fees + residuales. No sumar cantidades de tokens distintos sin ledger/valoración.,simulation + reconciliation,YES,CRITICAL,Reconstruir flujos por activo y eliminar dobles conteos.,Finality; bridge; mensaje; relayer; liquidez; reorg; latencia; inventario,ESPECIFICADO,
MEV-06-023-I03,MEV-06-023,6,SNAPSHOT,No invalid mixed-state comparison,all state bound to one snapshot/block unless strategy explicitly models non-atomic timing,discovery + quote,YES,CRITICAL,Actualizar snapshot y reconstruir cotización coherente por dominio.,Finality; bridge; mensaje; relayer; liquidez; reorg; latencia; inventario,ESPECIFICADO,
MEV-06-023-I04,MEV-06-023,6,PROFIT,"Beneficio objetivo demostrable en el candidato, no garantizado por diseño","NP_signed = gross - costes; NP_prudent=NP_signed-reserve. Objetivo=MAX(min_usd,notional*(target+margin_bps/10000)); brecha=MAX(0,objetivo-NP_prudent). No ABS ni floor sobre PnL.",pre-execution,YES,CRITICAL,Optimizar tamaño/ruta/costes; recotizar hasta hallar candidato que cubra objetivo. No alterar datos para eliminar brecha.,Finality; bridge; mensaje; relayer; liquidez; reorg; latencia; inventario,ESPECIFICADO,
MEV-06-023-I05,MEV-06-023,6,ATOMICITY,Repayment/finality obligations satisfied,if atomic: repay principal+fee in same atomic unit; else explicit inventory/finality exposure,simulation,YES,CRITICAL,Corregir deuda/allowance/callback o explicitar plan no atómico por dominio.,Finality; bridge; mensaje; relayer; liquidez; reorg; latencia; inventario,ESPECIFICADO,
MEV-06-023-I06,MEV-06-023,6,EVIDENCE,Trazabilidad de datos y separación de simulación / resultado realizado,Antes: fixtures+simulación+versiones. Después: receipt/fills+ledger. Estado realizado requiere settlement; no exige 20 operaciones anteriores para implementar.,integración + después de settlement,YES,CRITICAL,Adjuntar evidencia correcta de esa etapa; no renombrar simulación como realizado.,Finality; bridge; mensaje; relayer; liquidez; reorg; latencia; inventario,ESPECIFICADO,
MEV-06-024-I01,MEV-06-024,6,MODE,Mode/state semantics preserved,Comprobar clase y atomicidad declaradas: interfaces ejecutables + unidades y temporalidad consistentes. Un predicado literal TRUE no acredita implementación.,discovery + simulation,YES,CRITICAL,Completar predicado específico del detector/clase y su fixture.,Finality; bridge; mensaje; relayer; liquidez; reorg; latencia; inventario,ESPECIFICADO,
MEV-06-024-I02,MEV-06-024,6,ACCOUNTING,All value flows conserved and all costs represented exactly once,Conservar unidades por activo: balances + aportes + borrow = outputs + repay + fees + residuales. No sumar cantidades de tokens distintos sin ledger/valoración.,simulation + reconciliation,YES,CRITICAL,Reconstruir flujos por activo y eliminar dobles conteos.,Finality; bridge; mensaje; relayer; liquidez; reorg; latencia; inventario,ESPECIFICADO,
MEV-06-024-I03,MEV-06-024,6,SNAPSHOT,No invalid mixed-state comparison,all state bound to one snapshot/block unless strategy explicitly models non-atomic timing,discovery + quote,YES,CRITICAL,Actualizar snapshot y reconstruir cotización coherente por dominio.,Finality; bridge; mensaje; relayer; liquidez; reorg; latencia; inventario,ESPECIFICADO,
MEV-06-024-I04,MEV-06-024,6,PROFIT,"Beneficio objetivo demostrable en el candidato, no garantizado por diseño","NP_signed = gross - costes; NP_prudent=NP_signed-reserve. Objetivo=MAX(min_usd,notional*(target+margin_bps/10000)); brecha=MAX(0,objetivo-NP_prudent). No ABS ni floor sobre PnL.",pre-execution,YES,CRITICAL,Optimizar tamaño/ruta/costes; recotizar hasta hallar candidato que cubra objetivo. No alterar datos para eliminar brecha.,Finality; bridge; mensaje; relayer; liquidez; reorg; latencia; inventario,ESPECIFICADO,
MEV-06-024-I05,MEV-06-024,6,ATOMICITY,Repayment/finality obligations satisfied,if atomic: repay principal+fee in same atomic unit; else explicit inventory/finality exposure,simulation,YES,CRITICAL,Corregir deuda/allowance/callback o explicitar plan no atómico por dominio.,Finality; bridge; mensaje; relayer; liquidez; reorg; latencia; inventario,ESPECIFICADO,
MEV-06-024-I06,MEV-06-024,6,EVIDENCE,Trazabilidad de datos y separación de simulación / resultado realizado,Antes: fixtures+simulación+versiones. Después: receipt/fills+ledger. Estado realizado requiere settlement; no exige 20 operaciones anteriores para implementar.,integración + después de settlement,YES,CRITICAL,Adjuntar evidencia correcta de esa etapa; no renombrar simulación como realizado.,Finality; bridge; mensaje; relayer; liquidez; reorg; latencia; inventario,ESPECIFICADO,
MEV-06-025-I01,MEV-06-025,6,MODE,Mode/state semantics preserved,Comprobar clase y atomicidad declaradas: interfaces ejecutables + unidades y temporalidad consistentes. Un predicado literal TRUE no acredita implementación.,discovery + simulation,YES,CRITICAL,Completar predicado específico del detector/clase y su fixture.,Finality; bridge; mensaje; relayer; liquidez; reorg; latencia; inventario,ESPECIFICADO,
MEV-06-025-I02,MEV-06-025,6,ACCOUNTING,All value flows conserved and all costs represented exactly once,Conservar unidades por activo: balances + aportes + borrow = outputs + repay + fees + residuales. No sumar cantidades de tokens distintos sin ledger/valoración.,simulation + reconciliation,YES,CRITICAL,Reconstruir flujos por activo y eliminar dobles conteos.,Finality; bridge; mensaje; relayer; liquidez; reorg; latencia; inventario,ESPECIFICADO,
MEV-06-025-I03,MEV-06-025,6,SNAPSHOT,No invalid mixed-state comparison,all state bound to one snapshot/block unless strategy explicitly models non-atomic timing,discovery + quote,YES,CRITICAL,Actualizar snapshot y reconstruir cotización coherente por dominio.,Finality; bridge; mensaje; relayer; liquidez; reorg; latencia; inventario,ESPECIFICADO,
MEV-06-025-I04,MEV-06-025,6,PROFIT,"Beneficio objetivo demostrable en el candidato, no garantizado por diseño","NP_signed = gross - costes; NP_prudent=NP_signed-reserve. Objetivo=MAX(min_usd,notional*(target+margin_bps/10000)); brecha=MAX(0,objetivo-NP_prudent). No ABS ni floor sobre PnL.",pre-execution,YES,CRITICAL,Optimizar tamaño/ruta/costes; recotizar hasta hallar candidato que cubra objetivo. No alterar datos para eliminar brecha.,Finality; bridge; mensaje; relayer; liquidez; reorg; latencia; inventario,ESPECIFICADO,
MEV-06-025-I05,MEV-06-025,6,ATOMICITY,Repayment/finality obligations satisfied,if atomic: repay principal+fee in same atomic unit; else explicit inventory/finality exposure,simulation,YES,CRITICAL,Corregir deuda/allowance/callback o explicitar plan no atómico por dominio.,Finality; bridge; mensaje; relayer; liquidez; reorg; latencia; inventario,ESPECIFICADO,
MEV-06-025-I06,MEV-06-025,6,EVIDENCE,Trazabilidad de datos y separación de simulación / resultado realizado,Antes: fixtures+simulación+versiones. Después: receipt/fills+ledger. Estado realizado requiere settlement; no exige 20 operaciones anteriores para implementar.,integración + después de settlement,YES,CRITICAL,Adjuntar evidencia correcta de esa etapa; no renombrar simulación como realizado.,Finality; bridge; mensaje; relayer; liquidez; reorg; latencia; inventario,ESPECIFICADO,
MEV-06-026-I01,MEV-06-026,6,MODE,Mode/state semantics preserved,Comprobar clase y atomicidad declaradas: interfaces ejecutables + unidades y temporalidad consistentes. Un predicado literal TRUE no acredita implementación.,discovery + simulation,YES,CRITICAL,Completar predicado específico del detector/clase y su fixture.,Finality; bridge; mensaje; relayer; liquidez; reorg; latencia; inventario,ESPECIFICADO,
MEV-06-026-I02,MEV-06-026,6,ACCOUNTING,All value flows conserved and all costs represented exactly once,Conservar unidades por activo: balances + aportes + borrow = outputs + repay + fees + residuales. No sumar cantidades de tokens distintos sin ledger/valoración.,simulation + reconciliation,YES,CRITICAL,Reconstruir flujos por activo y eliminar dobles conteos.,Finality; bridge; mensaje; relayer; liquidez; reorg; latencia; inventario,ESPECIFICADO,
MEV-06-026-I03,MEV-06-026,6,SNAPSHOT,No invalid mixed-state comparison,all state bound to one snapshot/block unless strategy explicitly models non-atomic timing,discovery + quote,YES,CRITICAL,Actualizar snapshot y reconstruir cotización coherente por dominio.,Finality; bridge; mensaje; relayer; liquidez; reorg; latencia; inventario,ESPECIFICADO,
MEV-06-026-I04,MEV-06-026,6,PROFIT,"Beneficio objetivo demostrable en el candidato, no garantizado por diseño","NP_signed = gross - costes; NP_prudent=NP_signed-reserve. Objetivo=MAX(min_usd,notional*(target+margin_bps/10000)); brecha=MAX(0,objetivo-NP_prudent). No ABS ni floor sobre PnL.",pre-execution,YES,CRITICAL,Optimizar tamaño/ruta/costes; recotizar hasta hallar candidato que cubra objetivo. No alterar datos para eliminar brecha.,Finality; bridge; mensaje; relayer; liquidez; reorg; latencia; inventario,ESPECIFICADO,
MEV-06-026-I05,MEV-06-026,6,ATOMICITY,Repayment/finality obligations satisfied,if atomic: repay principal+fee in same atomic unit; else explicit inventory/finality exposure,simulation,YES,CRITICAL,Corregir deuda/allowance/callback o explicitar plan no atómico por dominio.,Finality; bridge; mensaje; relayer; liquidez; reorg; latencia; inventario,ESPECIFICADO,
MEV-06-026-I06,MEV-06-026,6,EVIDENCE,Trazabilidad de datos y separación de simulación / resultado realizado,Antes: fixtures+simulación+versiones. Después: receipt/fills+ledger. Estado realizado requiere settlement; no exige 20 operaciones anteriores para implementar.,integración + después de settlement,YES,CRITICAL,Adjuntar evidencia correcta de esa etapa; no renombrar simulación como realizado.,Finality; bridge; mensaje; relayer; liquidez; reorg; latencia; inventario,ESPECIFICADO,
MEV-06-027-I01,MEV-06-027,6,MODE,Mode/state semantics preserved,Comprobar clase y atomicidad declaradas: interfaces ejecutables + unidades y temporalidad consistentes. Un predicado literal TRUE no acredita implementación.,discovery + simulation,YES,CRITICAL,Completar predicado específico del detector/clase y su fixture.,Finality; bridge; mensaje; relayer; liquidez; reorg; latencia; inventario,ESPECIFICADO,
MEV-06-027-I02,MEV-06-027,6,ACCOUNTING,All value flows conserved and all costs represented exactly once,Conservar unidades por activo: balances + aportes + borrow = outputs + repay + fees + residuales. No sumar cantidades de tokens distintos sin ledger/valoración.,simulation + reconciliation,YES,CRITICAL,Reconstruir flujos por activo y eliminar dobles conteos.,Finality; bridge; mensaje; relayer; liquidez; reorg; latencia; inventario,ESPECIFICADO,
MEV-06-027-I03,MEV-06-027,6,SNAPSHOT,No invalid mixed-state comparison,all state bound to one snapshot/block unless strategy explicitly models non-atomic timing,discovery + quote,YES,CRITICAL,Actualizar snapshot y reconstruir cotización coherente por dominio.,Finality; bridge; mensaje; relayer; liquidez; reorg; latencia; inventario,ESPECIFICADO,
MEV-06-027-I04,MEV-06-027,6,PROFIT,"Beneficio objetivo demostrable en el candidato, no garantizado por diseño","NP_signed = gross - costes; NP_prudent=NP_signed-reserve. Objetivo=MAX(min_usd,notional*(target+margin_bps/10000)); brecha=MAX(0,objetivo-NP_prudent). No ABS ni floor sobre PnL.",pre-execution,YES,CRITICAL,Optimizar tamaño/ruta/costes; recotizar hasta hallar candidato que cubra objetivo. No alterar datos para eliminar brecha.,Finality; bridge; mensaje; relayer; liquidez; reorg; latencia; inventario,ESPECIFICADO,
MEV-06-027-I05,MEV-06-027,6,ATOMICITY,Repayment/finality obligations satisfied,if atomic: repay principal+fee in same atomic unit; else explicit inventory/finality exposure,simulation,YES,CRITICAL,Corregir deuda/allowance/callback o explicitar plan no atómico por dominio.,Finality; bridge; mensaje; relayer; liquidez; reorg; latencia; inventario,ESPECIFICADO,
MEV-06-027-I06,MEV-06-027,6,EVIDENCE,Trazabilidad de datos y separación de simulación / resultado realizado,Antes: fixtures+simulación+versiones. Después: receipt/fills+ledger. Estado realizado requiere settlement; no exige 20 operaciones anteriores para implementar.,integración + después de settlement,YES,CRITICAL,Adjuntar evidencia correcta de esa etapa; no renombrar simulación como realizado.,Finality; bridge; mensaje; relayer; liquidez; reorg; latencia; inventario,ESPECIFICADO,
MEV-06-028-I01,MEV-06-028,6,MODE,Mode/state semantics preserved,Comprobar clase y atomicidad declaradas: interfaces ejecutables + unidades y temporalidad consistentes. Un predicado literal TRUE no acredita implementación.,discovery + simulation,YES,CRITICAL,Completar predicado específico del detector/clase y su fixture.,Finality; bridge; mensaje; relayer; liquidez; reorg; latencia; inventario,ESPECIFICADO,
MEV-06-028-I02,MEV-06-028,6,ACCOUNTING,All value flows conserved and all costs represented exactly once,Conservar unidades por activo: balances + aportes + borrow = outputs + repay + fees + residuales. No sumar cantidades de tokens distintos sin ledger/valoración.,simulation + reconciliation,YES,CRITICAL,Reconstruir flujos por activo y eliminar dobles conteos.,Finality; bridge; mensaje; relayer; liquidez; reorg; latencia; inventario,ESPECIFICADO,
MEV-06-028-I03,MEV-06-028,6,SNAPSHOT,No invalid mixed-state comparison,all state bound to one snapshot/block unless strategy explicitly models non-atomic timing,discovery + quote,YES,CRITICAL,Actualizar snapshot y reconstruir cotización coherente por dominio.,Finality; bridge; mensaje; relayer; liquidez; reorg; latencia; inventario,ESPECIFICADO,
MEV-06-028-I04,MEV-06-028,6,PROFIT,"Beneficio objetivo demostrable en el candidato, no garantizado por diseño","NP_signed = gross - costes; NP_prudent=NP_signed-reserve. Objetivo=MAX(min_usd,notional*(target+margin_bps/10000)); brecha=MAX(0,objetivo-NP_prudent). No ABS ni floor sobre PnL.",pre-execution,YES,CRITICAL,Optimizar tamaño/ruta/costes; recotizar hasta hallar candidato que cubra objetivo. No alterar datos para eliminar brecha.,Finality; bridge; mensaje; relayer; liquidez; reorg; latencia; inventario,ESPECIFICADO,
MEV-06-028-I05,MEV-06-028,6,ATOMICITY,Repayment/finality obligations satisfied,if atomic: repay principal+fee in same atomic unit; else explicit inventory/finality exposure,simulation,YES,CRITICAL,Corregir deuda/allowance/callback o explicitar plan no atómico por dominio.,Finality; bridge; mensaje; relayer; liquidez; reorg; latencia; inventario,ESPECIFICADO,
MEV-06-028-I06,MEV-06-028,6,EVIDENCE,Trazabilidad de datos y separación de simulación / resultado realizado,Antes: fixtures+simulación+versiones. Después: receipt/fills+ledger. Estado realizado requiere settlement; no exige 20 operaciones anteriores para implementar.,integración + después de settlement,YES,CRITICAL,Adjuntar evidencia correcta de esa etapa; no renombrar simulación como realizado.,Finality; bridge; mensaje; relayer; liquidez; reorg; latencia; inventario,ESPECIFICADO,
MEV-06-029-I01,MEV-06-029,6,MODE,Mode/state semantics preserved,Comprobar clase y atomicidad declaradas: interfaces ejecutables + unidades y temporalidad consistentes. Un predicado literal TRUE no acredita implementación.,discovery + simulation,YES,CRITICAL,Completar predicado específico del detector/clase y su fixture.,Finality; bridge; mensaje; relayer; liquidez; reorg; latencia; inventario,ESPECIFICADO,
MEV-06-029-I02,MEV-06-029,6,ACCOUNTING,All value flows conserved and all costs represented exactly once,Conservar unidades por activo: balances + aportes + borrow = outputs + repay + fees + residuales. No sumar cantidades de tokens distintos sin ledger/valoración.,simulation + reconciliation,YES,CRITICAL,Reconstruir flujos por activo y eliminar dobles conteos.,Finality; bridge; mensaje; relayer; liquidez; reorg; latencia; inventario,ESPECIFICADO,
MEV-06-029-I03,MEV-06-029,6,SNAPSHOT,No invalid mixed-state comparison,all state bound to one snapshot/block unless strategy explicitly models non-atomic timing,discovery + quote,YES,CRITICAL,Actualizar snapshot y reconstruir cotización coherente por dominio.,Finality; bridge; mensaje; relayer; liquidez; reorg; latencia; inventario,ESPECIFICADO,
MEV-06-029-I04,MEV-06-029,6,PROFIT,"Beneficio objetivo demostrable en el candidato, no garantizado por diseño","NP_signed = gross - costes; NP_prudent=NP_signed-reserve. Objetivo=MAX(min_usd,notional*(target+margin_bps/10000)); brecha=MAX(0,objetivo-NP_prudent). No ABS ni floor sobre PnL.",pre-execution,YES,CRITICAL,Optimizar tamaño/ruta/costes; recotizar hasta hallar candidato que cubra objetivo. No alterar datos para eliminar brecha.,Finality; bridge; mensaje; relayer; liquidez; reorg; latencia; inventario,ESPECIFICADO,
MEV-06-029-I05,MEV-06-029,6,ATOMICITY,Repayment/finality obligations satisfied,if atomic: repay principal+fee in same atomic unit; else explicit inventory/finality exposure,simulation,YES,CRITICAL,Corregir deuda/allowance/callback o explicitar plan no atómico por dominio.,Finality; bridge; mensaje; relayer; liquidez; reorg; latencia; inventario,ESPECIFICADO,
MEV-06-029-I06,MEV-06-029,6,EVIDENCE,Trazabilidad de datos y separación de simulación / resultado realizado,Antes: fixtures+simulación+versiones. Después: receipt/fills+ledger. Estado realizado requiere settlement; no exige 20 operaciones anteriores para implementar.,integración + después de settlement,YES,CRITICAL,Adjuntar evidencia correcta de esa etapa; no renombrar simulación como realizado.,Finality; bridge; mensaje; relayer; liquidez; reorg; latencia; inventario,ESPECIFICADO,
MEV-06-030-I01,MEV-06-030,6,MODE,Mode/state semantics preserved,Comprobar clase y atomicidad declaradas: interfaces ejecutables + unidades y temporalidad consistentes. Un predicado literal TRUE no acredita implementación.,discovery + simulation,YES,CRITICAL,Completar predicado específico del detector/clase y su fixture.,Finality; bridge; mensaje; relayer; liquidez; reorg; latencia; inventario,ESPECIFICADO,
MEV-06-030-I02,MEV-06-030,6,ACCOUNTING,All value flows conserved and all costs represented exactly once,Conservar unidades por activo: balances + aportes + borrow = outputs + repay + fees + residuales. No sumar cantidades de tokens distintos sin ledger/valoración.,simulation + reconciliation,YES,CRITICAL,Reconstruir flujos por activo y eliminar dobles conteos.,Finality; bridge; mensaje; relayer; liquidez; reorg; latencia; inventario,ESPECIFICADO,
MEV-06-030-I03,MEV-06-030,6,SNAPSHOT,No invalid mixed-state comparison,all state bound to one snapshot/block unless strategy explicitly models non-atomic timing,discovery + quote,YES,CRITICAL,Actualizar snapshot y reconstruir cotización coherente por dominio.,Finality; bridge; mensaje; relayer; liquidez; reorg; latencia; inventario,ESPECIFICADO,
MEV-06-030-I04,MEV-06-030,6,PROFIT,"Beneficio objetivo demostrable en el candidato, no garantizado por diseño","NP_signed = gross - costes; NP_prudent=NP_signed-reserve. Objetivo=MAX(min_usd,notional*(target+margin_bps/10000)); brecha=MAX(0,objetivo-NP_prudent). No ABS ni floor sobre PnL.",pre-execution,YES,CRITICAL,Optimizar tamaño/ruta/costes; recotizar hasta hallar candidato que cubra objetivo. No alterar datos para eliminar brecha.,Finality; bridge; mensaje; relayer; liquidez; reorg; latencia; inventario,ESPECIFICADO,
MEV-06-030-I05,MEV-06-030,6,ATOMICITY,Repayment/finality obligations satisfied,if atomic: repay principal+fee in same atomic unit; else explicit inventory/finality exposure,simulation,YES,CRITICAL,Corregir deuda/allowance/callback o explicitar plan no atómico por dominio.,Finality; bridge; mensaje; relayer; liquidez; reorg; latencia; inventario,ESPECIFICADO,
MEV-06-030-I06,MEV-06-030,6,EVIDENCE,Trazabilidad de datos y separación de simulación / resultado realizado,Antes: fixtures+simulación+versiones. Después: receipt/fills+ledger. Estado realizado requiere settlement; no exige 20 operaciones anteriores para implementar.,integración + después de settlement,YES,CRITICAL,Adjuntar evidencia correcta de esa etapa; no renombrar simulación como realizado.,Finality; bridge; mensaje; relayer; liquidez; reorg; latencia; inventario,ESPECIFICADO,
MEV-07-001-I01,MEV-07-001,7,MODE,Mode/state semantics preserved,Comprobar clase y atomicidad declaradas: interfaces ejecutables + unidades y temporalidad consistentes. Un predicado literal TRUE no acredita implementación.,discovery + simulation,YES,CRITICAL,Completar predicado específico del detector/clase y su fixture.,Gas; slippage; competencia; revert; state drift,ESPECIFICADO,
MEV-07-001-I02,MEV-07-001,7,ACCOUNTING,All value flows conserved and all costs represented exactly once,Conservar unidades por activo: balances + aportes + borrow = outputs + repay + fees + residuales. No sumar cantidades de tokens distintos sin ledger/valoración.,simulation + reconciliation,YES,CRITICAL,Reconstruir flujos por activo y eliminar dobles conteos.,Gas; slippage; competencia; revert; state drift,ESPECIFICADO,
MEV-07-001-I03,MEV-07-001,7,SNAPSHOT,No invalid mixed-state comparison,all state bound to one snapshot/block unless strategy explicitly models non-atomic timing,discovery + quote,YES,CRITICAL,Actualizar snapshot y reconstruir cotización coherente por dominio.,Gas; slippage; competencia; revert; state drift,ESPECIFICADO,
MEV-07-001-I04,MEV-07-001,7,PROFIT,"Beneficio objetivo demostrable en el candidato, no garantizado por diseño","NP_signed = gross - costes; NP_prudent=NP_signed-reserve. Objetivo=MAX(min_usd,notional*(target+margin_bps/10000)); brecha=MAX(0,objetivo-NP_prudent). No ABS ni floor sobre PnL.",pre-execution,YES,CRITICAL,Optimizar tamaño/ruta/costes; recotizar hasta hallar candidato que cubra objetivo. No alterar datos para eliminar brecha.,Gas; slippage; competencia; revert; state drift,ESPECIFICADO,
MEV-07-001-I05,MEV-07-001,7,ATOMICITY,Repayment/finality obligations satisfied,if atomic: repay principal+fee in same atomic unit; else explicit inventory/finality exposure,simulation,YES,CRITICAL,Corregir deuda/allowance/callback o explicitar plan no atómico por dominio.,Gas; slippage; competencia; revert; state drift,ESPECIFICADO,
MEV-07-001-I06,MEV-07-001,7,EVIDENCE,Trazabilidad de datos y separación de simulación / resultado realizado,Antes: fixtures+simulación+versiones. Después: receipt/fills+ledger. Estado realizado requiere settlement; no exige 20 operaciones anteriores para implementar.,integración + después de settlement,YES,CRITICAL,Adjuntar evidencia correcta de esa etapa; no renombrar simulación como realizado.,Gas; slippage; competencia; revert; state drift,ESPECIFICADO,
MEV-07-002-I01,MEV-07-002,7,MODE,Mode/state semantics preserved,Comprobar clase y atomicidad declaradas: interfaces ejecutables + unidades y temporalidad consistentes. Un predicado literal TRUE no acredita implementación.,discovery + simulation,YES,CRITICAL,Completar predicado específico del detector/clase y su fixture.,Gas; slippage; competencia; revert; state drift,ESPECIFICADO,
MEV-07-002-I02,MEV-07-002,7,ACCOUNTING,All value flows conserved and all costs represented exactly once,Conservar unidades por activo: balances + aportes + borrow = outputs + repay + fees + residuales. No sumar cantidades de tokens distintos sin ledger/valoración.,simulation + reconciliation,YES,CRITICAL,Reconstruir flujos por activo y eliminar dobles conteos.,Gas; slippage; competencia; revert; state drift,ESPECIFICADO,
MEV-07-002-I03,MEV-07-002,7,SNAPSHOT,No invalid mixed-state comparison,all state bound to one snapshot/block unless strategy explicitly models non-atomic timing,discovery + quote,YES,CRITICAL,Actualizar snapshot y reconstruir cotización coherente por dominio.,Gas; slippage; competencia; revert; state drift,ESPECIFICADO,
MEV-07-002-I04,MEV-07-002,7,PROFIT,"Beneficio objetivo demostrable en el candidato, no garantizado por diseño","NP_signed = gross - costes; NP_prudent=NP_signed-reserve. Objetivo=MAX(min_usd,notional*(target+margin_bps/10000)); brecha=MAX(0,objetivo-NP_prudent). No ABS ni floor sobre PnL.",pre-execution,YES,CRITICAL,Optimizar tamaño/ruta/costes; recotizar hasta hallar candidato que cubra objetivo. No alterar datos para eliminar brecha.,Gas; slippage; competencia; revert; state drift,ESPECIFICADO,
MEV-07-002-I05,MEV-07-002,7,ATOMICITY,Repayment/finality obligations satisfied,if atomic: repay principal+fee in same atomic unit; else explicit inventory/finality exposure,simulation,YES,CRITICAL,Corregir deuda/allowance/callback o explicitar plan no atómico por dominio.,Gas; slippage; competencia; revert; state drift,ESPECIFICADO,
MEV-07-002-I06,MEV-07-002,7,EVIDENCE,Trazabilidad de datos y separación de simulación / resultado realizado,Antes: fixtures+simulación+versiones. Después: receipt/fills+ledger. Estado realizado requiere settlement; no exige 20 operaciones anteriores para implementar.,integración + después de settlement,YES,CRITICAL,Adjuntar evidencia correcta de esa etapa; no renombrar simulación como realizado.,Gas; slippage; competencia; revert; state drift,ESPECIFICADO,
MEV-07-003-I01,MEV-07-003,7,MODE,Mode/state semantics preserved,Comprobar clase y atomicidad declaradas: interfaces ejecutables + unidades y temporalidad consistentes. Un predicado literal TRUE no acredita implementación.,discovery + simulation,YES,CRITICAL,Completar predicado específico del detector/clase y su fixture.,Gas; slippage; competencia; revert; state drift,ESPECIFICADO,
MEV-07-003-I02,MEV-07-003,7,ACCOUNTING,All value flows conserved and all costs represented exactly once,Conservar unidades por activo: balances + aportes + borrow = outputs + repay + fees + residuales. No sumar cantidades de tokens distintos sin ledger/valoración.,simulation + reconciliation,YES,CRITICAL,Reconstruir flujos por activo y eliminar dobles conteos.,Gas; slippage; competencia; revert; state drift,ESPECIFICADO,
MEV-07-003-I03,MEV-07-003,7,SNAPSHOT,No invalid mixed-state comparison,all state bound to one snapshot/block unless strategy explicitly models non-atomic timing,discovery + quote,YES,CRITICAL,Actualizar snapshot y reconstruir cotización coherente por dominio.,Gas; slippage; competencia; revert; state drift,ESPECIFICADO,
MEV-07-003-I04,MEV-07-003,7,PROFIT,"Beneficio objetivo demostrable en el candidato, no garantizado por diseño","NP_signed = gross - costes; NP_prudent=NP_signed-reserve. Objetivo=MAX(min_usd,notional*(target+margin_bps/10000)); brecha=MAX(0,objetivo-NP_prudent). No ABS ni floor sobre PnL.",pre-execution,YES,CRITICAL,Optimizar tamaño/ruta/costes; recotizar hasta hallar candidato que cubra objetivo. No alterar datos para eliminar brecha.,Gas; slippage; competencia; revert; state drift,ESPECIFICADO,
MEV-07-003-I05,MEV-07-003,7,ATOMICITY,Repayment/finality obligations satisfied,if atomic: repay principal+fee in same atomic unit; else explicit inventory/finality exposure,simulation,YES,CRITICAL,Corregir deuda/allowance/callback o explicitar plan no atómico por dominio.,Gas; slippage; competencia; revert; state drift,ESPECIFICADO,
MEV-07-003-I06,MEV-07-003,7,EVIDENCE,Trazabilidad de datos y separación de simulación / resultado realizado,Antes: fixtures+simulación+versiones. Después: receipt/fills+ledger. Estado realizado requiere settlement; no exige 20 operaciones anteriores para implementar.,integración + después de settlement,YES,CRITICAL,Adjuntar evidencia correcta de esa etapa; no renombrar simulación como realizado.,Gas; slippage; competencia; revert; state drift,ESPECIFICADO,
MEV-07-004-I01,MEV-07-004,7,MODE,Mode/state semantics preserved,Comprobar clase y atomicidad declaradas: interfaces ejecutables + unidades y temporalidad consistentes. Un predicado literal TRUE no acredita implementación.,discovery + simulation,YES,CRITICAL,Completar predicado específico del detector/clase y su fixture.,Gas; slippage; competencia; revert; state drift,ESPECIFICADO,
MEV-07-004-I02,MEV-07-004,7,ACCOUNTING,All value flows conserved and all costs represented exactly once,Conservar unidades por activo: balances + aportes + borrow = outputs + repay + fees + residuales. No sumar cantidades de tokens distintos sin ledger/valoración.,simulation + reconciliation,YES,CRITICAL,Reconstruir flujos por activo y eliminar dobles conteos.,Gas; slippage; competencia; revert; state drift,ESPECIFICADO,
MEV-07-004-I03,MEV-07-004,7,SNAPSHOT,No invalid mixed-state comparison,all state bound to one snapshot/block unless strategy explicitly models non-atomic timing,discovery + quote,YES,CRITICAL,Actualizar snapshot y reconstruir cotización coherente por dominio.,Gas; slippage; competencia; revert; state drift,ESPECIFICADO,
MEV-07-004-I04,MEV-07-004,7,PROFIT,"Beneficio objetivo demostrable en el candidato, no garantizado por diseño","NP_signed = gross - costes; NP_prudent=NP_signed-reserve. Objetivo=MAX(min_usd,notional*(target+margin_bps/10000)); brecha=MAX(0,objetivo-NP_prudent). No ABS ni floor sobre PnL.",pre-execution,YES,CRITICAL,Optimizar tamaño/ruta/costes; recotizar hasta hallar candidato que cubra objetivo. No alterar datos para eliminar brecha.,Gas; slippage; competencia; revert; state drift,ESPECIFICADO,
MEV-07-004-I05,MEV-07-004,7,ATOMICITY,Repayment/finality obligations satisfied,if atomic: repay principal+fee in same atomic unit; else explicit inventory/finality exposure,simulation,YES,CRITICAL,Corregir deuda/allowance/callback o explicitar plan no atómico por dominio.,Gas; slippage; competencia; revert; state drift,ESPECIFICADO,
MEV-07-004-I06,MEV-07-004,7,EVIDENCE,Trazabilidad de datos y separación de simulación / resultado realizado,Antes: fixtures+simulación+versiones. Después: receipt/fills+ledger. Estado realizado requiere settlement; no exige 20 operaciones anteriores para implementar.,integración + después de settlement,YES,CRITICAL,Adjuntar evidencia correcta de esa etapa; no renombrar simulación como realizado.,Gas; slippage; competencia; revert; state drift,ESPECIFICADO,
MEV-07-005-I01,MEV-07-005,7,MODE,Mode/state semantics preserved,Comprobar clase y atomicidad declaradas: interfaces ejecutables + unidades y temporalidad consistentes. Un predicado literal TRUE no acredita implementación.,discovery + simulation,YES,CRITICAL,Completar predicado específico del detector/clase y su fixture.,Gas; slippage; competencia; revert; state drift,ESPECIFICADO,
MEV-07-005-I02,MEV-07-005,7,ACCOUNTING,All value flows conserved and all costs represented exactly once,Conservar unidades por activo: balances + aportes + borrow = outputs + repay + fees + residuales. No sumar cantidades de tokens distintos sin ledger/valoración.,simulation + reconciliation,YES,CRITICAL,Reconstruir flujos por activo y eliminar dobles conteos.,Gas; slippage; competencia; revert; state drift,ESPECIFICADO,
MEV-07-005-I03,MEV-07-005,7,SNAPSHOT,No invalid mixed-state comparison,all state bound to one snapshot/block unless strategy explicitly models non-atomic timing,discovery + quote,YES,CRITICAL,Actualizar snapshot y reconstruir cotización coherente por dominio.,Gas; slippage; competencia; revert; state drift,ESPECIFICADO,
MEV-07-005-I04,MEV-07-005,7,PROFIT,"Beneficio objetivo demostrable en el candidato, no garantizado por diseño","NP_signed = gross - costes; NP_prudent=NP_signed-reserve. Objetivo=MAX(min_usd,notional*(target+margin_bps/10000)); brecha=MAX(0,objetivo-NP_prudent). No ABS ni floor sobre PnL.",pre-execution,YES,CRITICAL,Optimizar tamaño/ruta/costes; recotizar hasta hallar candidato que cubra objetivo. No alterar datos para eliminar brecha.,Gas; slippage; competencia; revert; state drift,ESPECIFICADO,
MEV-07-005-I05,MEV-07-005,7,ATOMICITY,Repayment/finality obligations satisfied,if atomic: repay principal+fee in same atomic unit; else explicit inventory/finality exposure,simulation,YES,CRITICAL,Corregir deuda/allowance/callback o explicitar plan no atómico por dominio.,Gas; slippage; competencia; revert; state drift,ESPECIFICADO,
MEV-07-005-I06,MEV-07-005,7,EVIDENCE,Trazabilidad de datos y separación de simulación / resultado realizado,Antes: fixtures+simulación+versiones. Después: receipt/fills+ledger. Estado realizado requiere settlement; no exige 20 operaciones anteriores para implementar.,integración + después de settlement,YES,CRITICAL,Adjuntar evidencia correcta de esa etapa; no renombrar simulación como realizado.,Gas; slippage; competencia; revert; state drift,ESPECIFICADO,
MEV-07-006-I01,MEV-07-006,7,MODE,Mode/state semantics preserved,Comprobar clase y atomicidad declaradas: interfaces ejecutables + unidades y temporalidad consistentes. Un predicado literal TRUE no acredita implementación.,discovery + simulation,YES,CRITICAL,Completar predicado específico del detector/clase y su fixture.,Gas; slippage; competencia; revert; state drift,ESPECIFICADO,
MEV-07-006-I02,MEV-07-006,7,ACCOUNTING,All value flows conserved and all costs represented exactly once,Conservar unidades por activo: balances + aportes + borrow = outputs + repay + fees + residuales. No sumar cantidades de tokens distintos sin ledger/valoración.,simulation + reconciliation,YES,CRITICAL,Reconstruir flujos por activo y eliminar dobles conteos.,Gas; slippage; competencia; revert; state drift,ESPECIFICADO,
MEV-07-006-I03,MEV-07-006,7,SNAPSHOT,No invalid mixed-state comparison,all state bound to one snapshot/block unless strategy explicitly models non-atomic timing,discovery + quote,YES,CRITICAL,Actualizar snapshot y reconstruir cotización coherente por dominio.,Gas; slippage; competencia; revert; state drift,ESPECIFICADO,
MEV-07-006-I04,MEV-07-006,7,PROFIT,"Beneficio objetivo demostrable en el candidato, no garantizado por diseño","NP_signed = gross - costes; NP_prudent=NP_signed-reserve. Objetivo=MAX(min_usd,notional*(target+margin_bps/10000)); brecha=MAX(0,objetivo-NP_prudent). No ABS ni floor sobre PnL.",pre-execution,YES,CRITICAL,Optimizar tamaño/ruta/costes; recotizar hasta hallar candidato que cubra objetivo. No alterar datos para eliminar brecha.,Gas; slippage; competencia; revert; state drift,ESPECIFICADO,
MEV-07-006-I05,MEV-07-006,7,ATOMICITY,Repayment/finality obligations satisfied,if atomic: repay principal+fee in same atomic unit; else explicit inventory/finality exposure,simulation,YES,CRITICAL,Corregir deuda/allowance/callback o explicitar plan no atómico por dominio.,Gas; slippage; competencia; revert; state drift,ESPECIFICADO,
MEV-07-006-I06,MEV-07-006,7,EVIDENCE,Trazabilidad de datos y separación de simulación / resultado realizado,Antes: fixtures+simulación+versiones. Después: receipt/fills+ledger. Estado realizado requiere settlement; no exige 20 operaciones anteriores para implementar.,integración + después de settlement,YES,CRITICAL,Adjuntar evidencia correcta de esa etapa; no renombrar simulación como realizado.,Gas; slippage; competencia; revert; state drift,ESPECIFICADO,
MEV-07-007-I01,MEV-07-007,7,MODE,Mode/state semantics preserved,Comprobar clase y atomicidad declaradas: interfaces ejecutables + unidades y temporalidad consistentes. Un predicado literal TRUE no acredita implementación.,discovery + simulation,YES,CRITICAL,Completar predicado específico del detector/clase y su fixture.,Gas; slippage; competencia; revert; state drift,ESPECIFICADO,
MEV-07-007-I02,MEV-07-007,7,ACCOUNTING,All value flows conserved and all costs represented exactly once,Conservar unidades por activo: balances + aportes + borrow = outputs + repay + fees + residuales. No sumar cantidades de tokens distintos sin ledger/valoración.,simulation + reconciliation,YES,CRITICAL,Reconstruir flujos por activo y eliminar dobles conteos.,Gas; slippage; competencia; revert; state drift,ESPECIFICADO,
MEV-07-007-I03,MEV-07-007,7,SNAPSHOT,No invalid mixed-state comparison,all state bound to one snapshot/block unless strategy explicitly models non-atomic timing,discovery + quote,YES,CRITICAL,Actualizar snapshot y reconstruir cotización coherente por dominio.,Gas; slippage; competencia; revert; state drift,ESPECIFICADO,
MEV-07-007-I04,MEV-07-007,7,PROFIT,"Beneficio objetivo demostrable en el candidato, no garantizado por diseño","NP_signed = gross - costes; NP_prudent=NP_signed-reserve. Objetivo=MAX(min_usd,notional*(target+margin_bps/10000)); brecha=MAX(0,objetivo-NP_prudent). No ABS ni floor sobre PnL.",pre-execution,YES,CRITICAL,Optimizar tamaño/ruta/costes; recotizar hasta hallar candidato que cubra objetivo. No alterar datos para eliminar brecha.,Gas; slippage; competencia; revert; state drift,ESPECIFICADO,
MEV-07-007-I05,MEV-07-007,7,ATOMICITY,Repayment/finality obligations satisfied,if atomic: repay principal+fee in same atomic unit; else explicit inventory/finality exposure,simulation,YES,CRITICAL,Corregir deuda/allowance/callback o explicitar plan no atómico por dominio.,Gas; slippage; competencia; revert; state drift,ESPECIFICADO,
MEV-07-007-I06,MEV-07-007,7,EVIDENCE,Trazabilidad de datos y separación de simulación / resultado realizado,Antes: fixtures+simulación+versiones. Después: receipt/fills+ledger. Estado realizado requiere settlement; no exige 20 operaciones anteriores para implementar.,integración + después de settlement,YES,CRITICAL,Adjuntar evidencia correcta de esa etapa; no renombrar simulación como realizado.,Gas; slippage; competencia; revert; state drift,ESPECIFICADO,
MEV-07-008-I01,MEV-07-008,7,MODE,Mode/state semantics preserved,Comprobar clase y atomicidad declaradas: interfaces ejecutables + unidades y temporalidad consistentes. Un predicado literal TRUE no acredita implementación.,discovery + simulation,YES,CRITICAL,Completar predicado específico del detector/clase y su fixture.,Gas; slippage; competencia; revert; state drift,ESPECIFICADO,
MEV-07-008-I02,MEV-07-008,7,ACCOUNTING,All value flows conserved and all costs represented exactly once,Conservar unidades por activo: balances + aportes + borrow = outputs + repay + fees + residuales. No sumar cantidades de tokens distintos sin ledger/valoración.,simulation + reconciliation,YES,CRITICAL,Reconstruir flujos por activo y eliminar dobles conteos.,Gas; slippage; competencia; revert; state drift,ESPECIFICADO,
MEV-07-008-I03,MEV-07-008,7,SNAPSHOT,No invalid mixed-state comparison,all state bound to one snapshot/block unless strategy explicitly models non-atomic timing,discovery + quote,YES,CRITICAL,Actualizar snapshot y reconstruir cotización coherente por dominio.,Gas; slippage; competencia; revert; state drift,ESPECIFICADO,
MEV-07-008-I04,MEV-07-008,7,PROFIT,"Beneficio objetivo demostrable en el candidato, no garantizado por diseño","NP_signed = gross - costes; NP_prudent=NP_signed-reserve. Objetivo=MAX(min_usd,notional*(target+margin_bps/10000)); brecha=MAX(0,objetivo-NP_prudent). No ABS ni floor sobre PnL.",pre-execution,YES,CRITICAL,Optimizar tamaño/ruta/costes; recotizar hasta hallar candidato que cubra objetivo. No alterar datos para eliminar brecha.,Gas; slippage; competencia; revert; state drift,ESPECIFICADO,
MEV-07-008-I05,MEV-07-008,7,ATOMICITY,Repayment/finality obligations satisfied,if atomic: repay principal+fee in same atomic unit; else explicit inventory/finality exposure,simulation,YES,CRITICAL,Corregir deuda/allowance/callback o explicitar plan no atómico por dominio.,Gas; slippage; competencia; revert; state drift,ESPECIFICADO,
MEV-07-008-I06,MEV-07-008,7,EVIDENCE,Trazabilidad de datos y separación de simulación / resultado realizado,Antes: fixtures+simulación+versiones. Después: receipt/fills+ledger. Estado realizado requiere settlement; no exige 20 operaciones anteriores para implementar.,integración + después de settlement,YES,CRITICAL,Adjuntar evidencia correcta de esa etapa; no renombrar simulación como realizado.,Gas; slippage; competencia; revert; state drift,ESPECIFICADO,
MEV-07-009-I01,MEV-07-009,7,MODE,Mode/state semantics preserved,Comprobar clase y atomicidad declaradas: interfaces ejecutables + unidades y temporalidad consistentes. Un predicado literal TRUE no acredita implementación.,discovery + simulation,YES,CRITICAL,Completar predicado específico del detector/clase y su fixture.,Gas; slippage; competencia; revert; state drift,ESPECIFICADO,
MEV-07-009-I02,MEV-07-009,7,ACCOUNTING,All value flows conserved and all costs represented exactly once,Conservar unidades por activo: balances + aportes + borrow = outputs + repay + fees + residuales. No sumar cantidades de tokens distintos sin ledger/valoración.,simulation + reconciliation,YES,CRITICAL,Reconstruir flujos por activo y eliminar dobles conteos.,Gas; slippage; competencia; revert; state drift,ESPECIFICADO,
MEV-07-009-I03,MEV-07-009,7,SNAPSHOT,No invalid mixed-state comparison,all state bound to one snapshot/block unless strategy explicitly models non-atomic timing,discovery + quote,YES,CRITICAL,Actualizar snapshot y reconstruir cotización coherente por dominio.,Gas; slippage; competencia; revert; state drift,ESPECIFICADO,
MEV-07-009-I04,MEV-07-009,7,PROFIT,"Beneficio objetivo demostrable en el candidato, no garantizado por diseño","NP_signed = gross - costes; NP_prudent=NP_signed-reserve. Objetivo=MAX(min_usd,notional*(target+margin_bps/10000)); brecha=MAX(0,objetivo-NP_prudent). No ABS ni floor sobre PnL.",pre-execution,YES,CRITICAL,Optimizar tamaño/ruta/costes; recotizar hasta hallar candidato que cubra objetivo. No alterar datos para eliminar brecha.,Gas; slippage; competencia; revert; state drift,ESPECIFICADO,
MEV-07-009-I05,MEV-07-009,7,ATOMICITY,Repayment/finality obligations satisfied,if atomic: repay principal+fee in same atomic unit; else explicit inventory/finality exposure,simulation,YES,CRITICAL,Corregir deuda/allowance/callback o explicitar plan no atómico por dominio.,Gas; slippage; competencia; revert; state drift,ESPECIFICADO,
MEV-07-009-I06,MEV-07-009,7,EVIDENCE,Trazabilidad de datos y separación de simulación / resultado realizado,Antes: fixtures+simulación+versiones. Después: receipt/fills+ledger. Estado realizado requiere settlement; no exige 20 operaciones anteriores para implementar.,integración + después de settlement,YES,CRITICAL,Adjuntar evidencia correcta de esa etapa; no renombrar simulación como realizado.,Gas; slippage; competencia; revert; state drift,ESPECIFICADO,
MEV-07-010-I01,MEV-07-010,7,MODE,Mode/state semantics preserved,Comprobar clase y atomicidad declaradas: interfaces ejecutables + unidades y temporalidad consistentes. Un predicado literal TRUE no acredita implementación.,discovery + simulation,YES,CRITICAL,Completar predicado específico del detector/clase y su fixture.,Gas; slippage; competencia; revert; state drift,ESPECIFICADO,
MEV-07-010-I02,MEV-07-010,7,ACCOUNTING,All value flows conserved and all costs represented exactly once,Conservar unidades por activo: balances + aportes + borrow = outputs + repay + fees + residuales. No sumar cantidades de tokens distintos sin ledger/valoración.,simulation + reconciliation,YES,CRITICAL,Reconstruir flujos por activo y eliminar dobles conteos.,Gas; slippage; competencia; revert; state drift,ESPECIFICADO,
MEV-07-010-I03,MEV-07-010,7,SNAPSHOT,No invalid mixed-state comparison,all state bound to one snapshot/block unless strategy explicitly models non-atomic timing,discovery + quote,YES,CRITICAL,Actualizar snapshot y reconstruir cotización coherente por dominio.,Gas; slippage; competencia; revert; state drift,ESPECIFICADO,
MEV-07-010-I04,MEV-07-010,7,PROFIT,"Beneficio objetivo demostrable en el candidato, no garantizado por diseño","NP_signed = gross - costes; NP_prudent=NP_signed-reserve. Objetivo=MAX(min_usd,notional*(target+margin_bps/10000)); brecha=MAX(0,objetivo-NP_prudent). No ABS ni floor sobre PnL.",pre-execution,YES,CRITICAL,Optimizar tamaño/ruta/costes; recotizar hasta hallar candidato que cubra objetivo. No alterar datos para eliminar brecha.,Gas; slippage; competencia; revert; state drift,ESPECIFICADO,
MEV-07-010-I05,MEV-07-010,7,ATOMICITY,Repayment/finality obligations satisfied,if atomic: repay principal+fee in same atomic unit; else explicit inventory/finality exposure,simulation,YES,CRITICAL,Corregir deuda/allowance/callback o explicitar plan no atómico por dominio.,Gas; slippage; competencia; revert; state drift,ESPECIFICADO,
MEV-07-010-I06,MEV-07-010,7,EVIDENCE,Trazabilidad de datos y separación de simulación / resultado realizado,Antes: fixtures+simulación+versiones. Después: receipt/fills+ledger. Estado realizado requiere settlement; no exige 20 operaciones anteriores para implementar.,integración + después de settlement,YES,CRITICAL,Adjuntar evidencia correcta de esa etapa; no renombrar simulación como realizado.,Gas; slippage; competencia; revert; state drift,ESPECIFICADO,
MEV-07-011-I01,MEV-07-011,7,MODE,Mode/state semantics preserved,Comprobar clase y atomicidad declaradas: interfaces ejecutables + unidades y temporalidad consistentes. Un predicado literal TRUE no acredita implementación.,discovery + simulation,YES,CRITICAL,Completar predicado específico del detector/clase y su fixture.,Gas; slippage; competencia; revert; state drift,ESPECIFICADO,
MEV-07-011-I02,MEV-07-011,7,ACCOUNTING,All value flows conserved and all costs represented exactly once,Conservar unidades por activo: balances + aportes + borrow = outputs + repay + fees + residuales. No sumar cantidades de tokens distintos sin ledger/valoración.,simulation + reconciliation,YES,CRITICAL,Reconstruir flujos por activo y eliminar dobles conteos.,Gas; slippage; competencia; revert; state drift,ESPECIFICADO,
MEV-07-011-I03,MEV-07-011,7,SNAPSHOT,No invalid mixed-state comparison,all state bound to one snapshot/block unless strategy explicitly models non-atomic timing,discovery + quote,YES,CRITICAL,Actualizar snapshot y reconstruir cotización coherente por dominio.,Gas; slippage; competencia; revert; state drift,ESPECIFICADO,
MEV-07-011-I04,MEV-07-011,7,PROFIT,"Beneficio objetivo demostrable en el candidato, no garantizado por diseño","NP_signed = gross - costes; NP_prudent=NP_signed-reserve. Objetivo=MAX(min_usd,notional*(target+margin_bps/10000)); brecha=MAX(0,objetivo-NP_prudent). No ABS ni floor sobre PnL.",pre-execution,YES,CRITICAL,Optimizar tamaño/ruta/costes; recotizar hasta hallar candidato que cubra objetivo. No alterar datos para eliminar brecha.,Gas; slippage; competencia; revert; state drift,ESPECIFICADO,
MEV-07-011-I05,MEV-07-011,7,ATOMICITY,Repayment/finality obligations satisfied,if atomic: repay principal+fee in same atomic unit; else explicit inventory/finality exposure,simulation,YES,CRITICAL,Corregir deuda/allowance/callback o explicitar plan no atómico por dominio.,Gas; slippage; competencia; revert; state drift,ESPECIFICADO,
MEV-07-011-I06,MEV-07-011,7,EVIDENCE,Trazabilidad de datos y separación de simulación / resultado realizado,Antes: fixtures+simulación+versiones. Después: receipt/fills+ledger. Estado realizado requiere settlement; no exige 20 operaciones anteriores para implementar.,integración + después de settlement,YES,CRITICAL,Adjuntar evidencia correcta de esa etapa; no renombrar simulación como realizado.,Gas; slippage; competencia; revert; state drift,ESPECIFICADO,
MEV-07-012-I01,MEV-07-012,7,MODE,Mode/state semantics preserved,Comprobar clase y atomicidad declaradas: interfaces ejecutables + unidades y temporalidad consistentes. Un predicado literal TRUE no acredita implementación.,discovery + simulation,YES,CRITICAL,Completar predicado específico del detector/clase y su fixture.,Gas; slippage; competencia; revert; state drift,ESPECIFICADO,
MEV-07-012-I02,MEV-07-012,7,ACCOUNTING,All value flows conserved and all costs represented exactly once,Conservar unidades por activo: balances + aportes + borrow = outputs + repay + fees + residuales. No sumar cantidades de tokens distintos sin ledger/valoración.,simulation + reconciliation,YES,CRITICAL,Reconstruir flujos por activo y eliminar dobles conteos.,Gas; slippage; competencia; revert; state drift,ESPECIFICADO,
MEV-07-012-I03,MEV-07-012,7,SNAPSHOT,No invalid mixed-state comparison,all state bound to one snapshot/block unless strategy explicitly models non-atomic timing,discovery + quote,YES,CRITICAL,Actualizar snapshot y reconstruir cotización coherente por dominio.,Gas; slippage; competencia; revert; state drift,ESPECIFICADO,
MEV-07-012-I04,MEV-07-012,7,PROFIT,"Beneficio objetivo demostrable en el candidato, no garantizado por diseño","NP_signed = gross - costes; NP_prudent=NP_signed-reserve. Objetivo=MAX(min_usd,notional*(target+margin_bps/10000)); brecha=MAX(0,objetivo-NP_prudent). No ABS ni floor sobre PnL.",pre-execution,YES,CRITICAL,Optimizar tamaño/ruta/costes; recotizar hasta hallar candidato que cubra objetivo. No alterar datos para eliminar brecha.,Gas; slippage; competencia; revert; state drift,ESPECIFICADO,
MEV-07-012-I05,MEV-07-012,7,ATOMICITY,Repayment/finality obligations satisfied,if atomic: repay principal+fee in same atomic unit; else explicit inventory/finality exposure,simulation,YES,CRITICAL,Corregir deuda/allowance/callback o explicitar plan no atómico por dominio.,Gas; slippage; competencia; revert; state drift,ESPECIFICADO,
MEV-07-012-I06,MEV-07-012,7,EVIDENCE,Trazabilidad de datos y separación de simulación / resultado realizado,Antes: fixtures+simulación+versiones. Después: receipt/fills+ledger. Estado realizado requiere settlement; no exige 20 operaciones anteriores para implementar.,integración + después de settlement,YES,CRITICAL,Adjuntar evidencia correcta de esa etapa; no renombrar simulación como realizado.,Gas; slippage; competencia; revert; state drift,ESPECIFICADO,
MEV-07-013-I01,MEV-07-013,7,MODE,Mode/state semantics preserved,Comprobar clase y atomicidad declaradas: interfaces ejecutables + unidades y temporalidad consistentes. Un predicado literal TRUE no acredita implementación.,discovery + simulation,YES,CRITICAL,Completar predicado específico del detector/clase y su fixture.,Gas; slippage; competencia; revert; state drift,ESPECIFICADO,
MEV-07-013-I02,MEV-07-013,7,ACCOUNTING,All value flows conserved and all costs represented exactly once,Conservar unidades por activo: balances + aportes + borrow = outputs + repay + fees + residuales. No sumar cantidades de tokens distintos sin ledger/valoración.,simulation + reconciliation,YES,CRITICAL,Reconstruir flujos por activo y eliminar dobles conteos.,Gas; slippage; competencia; revert; state drift,ESPECIFICADO,
MEV-07-013-I03,MEV-07-013,7,SNAPSHOT,No invalid mixed-state comparison,all state bound to one snapshot/block unless strategy explicitly models non-atomic timing,discovery + quote,YES,CRITICAL,Actualizar snapshot y reconstruir cotización coherente por dominio.,Gas; slippage; competencia; revert; state drift,ESPECIFICADO,
MEV-07-013-I04,MEV-07-013,7,PROFIT,"Beneficio objetivo demostrable en el candidato, no garantizado por diseño","NP_signed = gross - costes; NP_prudent=NP_signed-reserve. Objetivo=MAX(min_usd,notional*(target+margin_bps/10000)); brecha=MAX(0,objetivo-NP_prudent). No ABS ni floor sobre PnL.",pre-execution,YES,CRITICAL,Optimizar tamaño/ruta/costes; recotizar hasta hallar candidato que cubra objetivo. No alterar datos para eliminar brecha.,Gas; slippage; competencia; revert; state drift,ESPECIFICADO,
MEV-07-013-I05,MEV-07-013,7,ATOMICITY,Repayment/finality obligations satisfied,if atomic: repay principal+fee in same atomic unit; else explicit inventory/finality exposure,simulation,YES,CRITICAL,Corregir deuda/allowance/callback o explicitar plan no atómico por dominio.,Gas; slippage; competencia; revert; state drift,ESPECIFICADO,
MEV-07-013-I06,MEV-07-013,7,EVIDENCE,Trazabilidad de datos y separación de simulación / resultado realizado,Antes: fixtures+simulación+versiones. Después: receipt/fills+ledger. Estado realizado requiere settlement; no exige 20 operaciones anteriores para implementar.,integración + después de settlement,YES,CRITICAL,Adjuntar evidencia correcta de esa etapa; no renombrar simulación como realizado.,Gas; slippage; competencia; revert; state drift,ESPECIFICADO,
MEV-07-014-I01,MEV-07-014,7,MODE,Mode/state semantics preserved,Comprobar clase y atomicidad declaradas: interfaces ejecutables + unidades y temporalidad consistentes. Un predicado literal TRUE no acredita implementación.,discovery + simulation,YES,CRITICAL,Completar predicado específico del detector/clase y su fixture.,Gas; slippage; competencia; revert; state drift,ESPECIFICADO,
MEV-07-014-I02,MEV-07-014,7,ACCOUNTING,All value flows conserved and all costs represented exactly once,Conservar unidades por activo: balances + aportes + borrow = outputs + repay + fees + residuales. No sumar cantidades de tokens distintos sin ledger/valoración.,simulation + reconciliation,YES,CRITICAL,Reconstruir flujos por activo y eliminar dobles conteos.,Gas; slippage; competencia; revert; state drift,ESPECIFICADO,
MEV-07-014-I03,MEV-07-014,7,SNAPSHOT,No invalid mixed-state comparison,all state bound to one snapshot/block unless strategy explicitly models non-atomic timing,discovery + quote,YES,CRITICAL,Actualizar snapshot y reconstruir cotización coherente por dominio.,Gas; slippage; competencia; revert; state drift,ESPECIFICADO,
MEV-07-014-I04,MEV-07-014,7,PROFIT,"Beneficio objetivo demostrable en el candidato, no garantizado por diseño","NP_signed = gross - costes; NP_prudent=NP_signed-reserve. Objetivo=MAX(min_usd,notional*(target+margin_bps/10000)); brecha=MAX(0,objetivo-NP_prudent). No ABS ni floor sobre PnL.",pre-execution,YES,CRITICAL,Optimizar tamaño/ruta/costes; recotizar hasta hallar candidato que cubra objetivo. No alterar datos para eliminar brecha.,Gas; slippage; competencia; revert; state drift,ESPECIFICADO,
MEV-07-014-I05,MEV-07-014,7,ATOMICITY,Repayment/finality obligations satisfied,if atomic: repay principal+fee in same atomic unit; else explicit inventory/finality exposure,simulation,YES,CRITICAL,Corregir deuda/allowance/callback o explicitar plan no atómico por dominio.,Gas; slippage; competencia; revert; state drift,ESPECIFICADO,
MEV-07-014-I06,MEV-07-014,7,EVIDENCE,Trazabilidad de datos y separación de simulación / resultado realizado,Antes: fixtures+simulación+versiones. Después: receipt/fills+ledger. Estado realizado requiere settlement; no exige 20 operaciones anteriores para implementar.,integración + después de settlement,YES,CRITICAL,Adjuntar evidencia correcta de esa etapa; no renombrar simulación como realizado.,Gas; slippage; competencia; revert; state drift,ESPECIFICADO,
MEV-07-015-I01,MEV-07-015,7,MODE,Mode/state semantics preserved,Comprobar clase y atomicidad declaradas: interfaces ejecutables + unidades y temporalidad consistentes. Un predicado literal TRUE no acredita implementación.,discovery + simulation,YES,CRITICAL,Completar predicado específico del detector/clase y su fixture.,Gas; slippage; competencia; revert; state drift,ESPECIFICADO,
MEV-07-015-I02,MEV-07-015,7,ACCOUNTING,All value flows conserved and all costs represented exactly once,Conservar unidades por activo: balances + aportes + borrow = outputs + repay + fees + residuales. No sumar cantidades de tokens distintos sin ledger/valoración.,simulation + reconciliation,YES,CRITICAL,Reconstruir flujos por activo y eliminar dobles conteos.,Gas; slippage; competencia; revert; state drift,ESPECIFICADO,
MEV-07-015-I03,MEV-07-015,7,SNAPSHOT,No invalid mixed-state comparison,all state bound to one snapshot/block unless strategy explicitly models non-atomic timing,discovery + quote,YES,CRITICAL,Actualizar snapshot y reconstruir cotización coherente por dominio.,Gas; slippage; competencia; revert; state drift,ESPECIFICADO,
MEV-07-015-I04,MEV-07-015,7,PROFIT,"Beneficio objetivo demostrable en el candidato, no garantizado por diseño","NP_signed = gross - costes; NP_prudent=NP_signed-reserve. Objetivo=MAX(min_usd,notional*(target+margin_bps/10000)); brecha=MAX(0,objetivo-NP_prudent). No ABS ni floor sobre PnL.",pre-execution,YES,CRITICAL,Optimizar tamaño/ruta/costes; recotizar hasta hallar candidato que cubra objetivo. No alterar datos para eliminar brecha.,Gas; slippage; competencia; revert; state drift,ESPECIFICADO,
MEV-07-015-I05,MEV-07-015,7,ATOMICITY,Repayment/finality obligations satisfied,if atomic: repay principal+fee in same atomic unit; else explicit inventory/finality exposure,simulation,YES,CRITICAL,Corregir deuda/allowance/callback o explicitar plan no atómico por dominio.,Gas; slippage; competencia; revert; state drift,ESPECIFICADO,
MEV-07-015-I06,MEV-07-015,7,EVIDENCE,Trazabilidad de datos y separación de simulación / resultado realizado,Antes: fixtures+simulación+versiones. Después: receipt/fills+ledger. Estado realizado requiere settlement; no exige 20 operaciones anteriores para implementar.,integración + después de settlement,YES,CRITICAL,Adjuntar evidencia correcta de esa etapa; no renombrar simulación como realizado.,Gas; slippage; competencia; revert; state drift,ESPECIFICADO,
MEV-07-016-I01,MEV-07-016,7,MODE,Mode/state semantics preserved,Comprobar clase y atomicidad declaradas: interfaces ejecutables + unidades y temporalidad consistentes. Un predicado literal TRUE no acredita implementación.,discovery + simulation,YES,CRITICAL,Completar predicado específico del detector/clase y su fixture.,Gas; slippage; competencia; revert; state drift,ESPECIFICADO,
MEV-07-016-I02,MEV-07-016,7,ACCOUNTING,All value flows conserved and all costs represented exactly once,Conservar unidades por activo: balances + aportes + borrow = outputs + repay + fees + residuales. No sumar cantidades de tokens distintos sin ledger/valoración.,simulation + reconciliation,YES,CRITICAL,Reconstruir flujos por activo y eliminar dobles conteos.,Gas; slippage; competencia; revert; state drift,ESPECIFICADO,
MEV-07-016-I03,MEV-07-016,7,SNAPSHOT,No invalid mixed-state comparison,all state bound to one snapshot/block unless strategy explicitly models non-atomic timing,discovery + quote,YES,CRITICAL,Actualizar snapshot y reconstruir cotización coherente por dominio.,Gas; slippage; competencia; revert; state drift,ESPECIFICADO,
MEV-07-016-I04,MEV-07-016,7,PROFIT,"Beneficio objetivo demostrable en el candidato, no garantizado por diseño","NP_signed = gross - costes; NP_prudent=NP_signed-reserve. Objetivo=MAX(min_usd,notional*(target+margin_bps/10000)); brecha=MAX(0,objetivo-NP_prudent). No ABS ni floor sobre PnL.",pre-execution,YES,CRITICAL,Optimizar tamaño/ruta/costes; recotizar hasta hallar candidato que cubra objetivo. No alterar datos para eliminar brecha.,Gas; slippage; competencia; revert; state drift,ESPECIFICADO,
MEV-07-016-I05,MEV-07-016,7,ATOMICITY,Repayment/finality obligations satisfied,if atomic: repay principal+fee in same atomic unit; else explicit inventory/finality exposure,simulation,YES,CRITICAL,Corregir deuda/allowance/callback o explicitar plan no atómico por dominio.,Gas; slippage; competencia; revert; state drift,ESPECIFICADO,
MEV-07-016-I06,MEV-07-016,7,EVIDENCE,Trazabilidad de datos y separación de simulación / resultado realizado,Antes: fixtures+simulación+versiones. Después: receipt/fills+ledger. Estado realizado requiere settlement; no exige 20 operaciones anteriores para implementar.,integración + después de settlement,YES,CRITICAL,Adjuntar evidencia correcta de esa etapa; no renombrar simulación como realizado.,Gas; slippage; competencia; revert; state drift,ESPECIFICADO,
MEV-07-017-I01,MEV-07-017,7,MODE,Mode/state semantics preserved,Comprobar clase y atomicidad declaradas: interfaces ejecutables + unidades y temporalidad consistentes. Un predicado literal TRUE no acredita implementación.,discovery + simulation,YES,CRITICAL,Completar predicado específico del detector/clase y su fixture.,Gas; slippage; competencia; revert; state drift,ESPECIFICADO,
MEV-07-017-I02,MEV-07-017,7,ACCOUNTING,All value flows conserved and all costs represented exactly once,Conservar unidades por activo: balances + aportes + borrow = outputs + repay + fees + residuales. No sumar cantidades de tokens distintos sin ledger/valoración.,simulation + reconciliation,YES,CRITICAL,Reconstruir flujos por activo y eliminar dobles conteos.,Gas; slippage; competencia; revert; state drift,ESPECIFICADO,
MEV-07-017-I03,MEV-07-017,7,SNAPSHOT,No invalid mixed-state comparison,all state bound to one snapshot/block unless strategy explicitly models non-atomic timing,discovery + quote,YES,CRITICAL,Actualizar snapshot y reconstruir cotización coherente por dominio.,Gas; slippage; competencia; revert; state drift,ESPECIFICADO,
MEV-07-017-I04,MEV-07-017,7,PROFIT,"Beneficio objetivo demostrable en el candidato, no garantizado por diseño","NP_signed = gross - costes; NP_prudent=NP_signed-reserve. Objetivo=MAX(min_usd,notional*(target+margin_bps/10000)); brecha=MAX(0,objetivo-NP_prudent). No ABS ni floor sobre PnL.",pre-execution,YES,CRITICAL,Optimizar tamaño/ruta/costes; recotizar hasta hallar candidato que cubra objetivo. No alterar datos para eliminar brecha.,Gas; slippage; competencia; revert; state drift,ESPECIFICADO,
MEV-07-017-I05,MEV-07-017,7,ATOMICITY,Repayment/finality obligations satisfied,if atomic: repay principal+fee in same atomic unit; else explicit inventory/finality exposure,simulation,YES,CRITICAL,Corregir deuda/allowance/callback o explicitar plan no atómico por dominio.,Gas; slippage; competencia; revert; state drift,ESPECIFICADO,
MEV-07-017-I06,MEV-07-017,7,EVIDENCE,Trazabilidad de datos y separación de simulación / resultado realizado,Antes: fixtures+simulación+versiones. Después: receipt/fills+ledger. Estado realizado requiere settlement; no exige 20 operaciones anteriores para implementar.,integración + después de settlement,YES,CRITICAL,Adjuntar evidencia correcta de esa etapa; no renombrar simulación como realizado.,Gas; slippage; competencia; revert; state drift,ESPECIFICADO,
MEV-07-018-I01,MEV-07-018,7,MODE,Mode/state semantics preserved,Comprobar clase y atomicidad declaradas: interfaces ejecutables + unidades y temporalidad consistentes. Un predicado literal TRUE no acredita implementación.,discovery + simulation,YES,CRITICAL,Completar predicado específico del detector/clase y su fixture.,Gas; slippage; competencia; revert; state drift,ESPECIFICADO,
MEV-07-018-I02,MEV-07-018,7,ACCOUNTING,All value flows conserved and all costs represented exactly once,Conservar unidades por activo: balances + aportes + borrow = outputs + repay + fees + residuales. No sumar cantidades de tokens distintos sin ledger/valoración.,simulation + reconciliation,YES,CRITICAL,Reconstruir flujos por activo y eliminar dobles conteos.,Gas; slippage; competencia; revert; state drift,ESPECIFICADO,
MEV-07-018-I03,MEV-07-018,7,SNAPSHOT,No invalid mixed-state comparison,all state bound to one snapshot/block unless strategy explicitly models non-atomic timing,discovery + quote,YES,CRITICAL,Actualizar snapshot y reconstruir cotización coherente por dominio.,Gas; slippage; competencia; revert; state drift,ESPECIFICADO,
MEV-07-018-I04,MEV-07-018,7,PROFIT,"Beneficio objetivo demostrable en el candidato, no garantizado por diseño","NP_signed = gross - costes; NP_prudent=NP_signed-reserve. Objetivo=MAX(min_usd,notional*(target+margin_bps/10000)); brecha=MAX(0,objetivo-NP_prudent). No ABS ni floor sobre PnL.",pre-execution,YES,CRITICAL,Optimizar tamaño/ruta/costes; recotizar hasta hallar candidato que cubra objetivo. No alterar datos para eliminar brecha.,Gas; slippage; competencia; revert; state drift,ESPECIFICADO,
MEV-07-018-I05,MEV-07-018,7,ATOMICITY,Repayment/finality obligations satisfied,if atomic: repay principal+fee in same atomic unit; else explicit inventory/finality exposure,simulation,YES,CRITICAL,Corregir deuda/allowance/callback o explicitar plan no atómico por dominio.,Gas; slippage; competencia; revert; state drift,ESPECIFICADO,
MEV-07-018-I06,MEV-07-018,7,EVIDENCE,Trazabilidad de datos y separación de simulación / resultado realizado,Antes: fixtures+simulación+versiones. Después: receipt/fills+ledger. Estado realizado requiere settlement; no exige 20 operaciones anteriores para implementar.,integración + después de settlement,YES,CRITICAL,Adjuntar evidencia correcta de esa etapa; no renombrar simulación como realizado.,Gas; slippage; competencia; revert; state drift,ESPECIFICADO,
MEV-07-019-I01,MEV-07-019,7,MODE,Mode/state semantics preserved,Comprobar clase y atomicidad declaradas: interfaces ejecutables + unidades y temporalidad consistentes. Un predicado literal TRUE no acredita implementación.,discovery + simulation,YES,CRITICAL,Completar predicado específico del detector/clase y su fixture.,Gas; slippage; competencia; revert; state drift,ESPECIFICADO,
MEV-07-019-I02,MEV-07-019,7,ACCOUNTING,All value flows conserved and all costs represented exactly once,Conservar unidades por activo: balances + aportes + borrow = outputs + repay + fees + residuales. No sumar cantidades de tokens distintos sin ledger/valoración.,simulation + reconciliation,YES,CRITICAL,Reconstruir flujos por activo y eliminar dobles conteos.,Gas; slippage; competencia; revert; state drift,ESPECIFICADO,
MEV-07-019-I03,MEV-07-019,7,SNAPSHOT,No invalid mixed-state comparison,all state bound to one snapshot/block unless strategy explicitly models non-atomic timing,discovery + quote,YES,CRITICAL,Actualizar snapshot y reconstruir cotización coherente por dominio.,Gas; slippage; competencia; revert; state drift,ESPECIFICADO,
MEV-07-019-I04,MEV-07-019,7,PROFIT,"Beneficio objetivo demostrable en el candidato, no garantizado por diseño","NP_signed = gross - costes; NP_prudent=NP_signed-reserve. Objetivo=MAX(min_usd,notional*(target+margin_bps/10000)); brecha=MAX(0,objetivo-NP_prudent). No ABS ni floor sobre PnL.",pre-execution,YES,CRITICAL,Optimizar tamaño/ruta/costes; recotizar hasta hallar candidato que cubra objetivo. No alterar datos para eliminar brecha.,Gas; slippage; competencia; revert; state drift,ESPECIFICADO,
MEV-07-019-I05,MEV-07-019,7,ATOMICITY,Repayment/finality obligations satisfied,if atomic: repay principal+fee in same atomic unit; else explicit inventory/finality exposure,simulation,YES,CRITICAL,Corregir deuda/allowance/callback o explicitar plan no atómico por dominio.,Gas; slippage; competencia; revert; state drift,ESPECIFICADO,
MEV-07-019-I06,MEV-07-019,7,EVIDENCE,Trazabilidad de datos y separación de simulación / resultado realizado,Antes: fixtures+simulación+versiones. Después: receipt/fills+ledger. Estado realizado requiere settlement; no exige 20 operaciones anteriores para implementar.,integración + después de settlement,YES,CRITICAL,Adjuntar evidencia correcta de esa etapa; no renombrar simulación como realizado.,Gas; slippage; competencia; revert; state drift,ESPECIFICADO,
MEV-07-020-I01,MEV-07-020,7,MODE,Mode/state semantics preserved,Comprobar clase y atomicidad declaradas: interfaces ejecutables + unidades y temporalidad consistentes. Un predicado literal TRUE no acredita implementación.,discovery + simulation,YES,CRITICAL,Completar predicado específico del detector/clase y su fixture.,Gas; slippage; competencia; revert; state drift,ESPECIFICADO,
MEV-07-020-I02,MEV-07-020,7,ACCOUNTING,All value flows conserved and all costs represented exactly once,Conservar unidades por activo: balances + aportes + borrow = outputs + repay + fees + residuales. No sumar cantidades de tokens distintos sin ledger/valoración.,simulation + reconciliation,YES,CRITICAL,Reconstruir flujos por activo y eliminar dobles conteos.,Gas; slippage; competencia; revert; state drift,ESPECIFICADO,
MEV-07-020-I03,MEV-07-020,7,SNAPSHOT,No invalid mixed-state comparison,all state bound to one snapshot/block unless strategy explicitly models non-atomic timing,discovery + quote,YES,CRITICAL,Actualizar snapshot y reconstruir cotización coherente por dominio.,Gas; slippage; competencia; revert; state drift,ESPECIFICADO,
MEV-07-020-I04,MEV-07-020,7,PROFIT,"Beneficio objetivo demostrable en el candidato, no garantizado por diseño","NP_signed = gross - costes; NP_prudent=NP_signed-reserve. Objetivo=MAX(min_usd,notional*(target+margin_bps/10000)); brecha=MAX(0,objetivo-NP_prudent). No ABS ni floor sobre PnL.",pre-execution,YES,CRITICAL,Optimizar tamaño/ruta/costes; recotizar hasta hallar candidato que cubra objetivo. No alterar datos para eliminar brecha.,Gas; slippage; competencia; revert; state drift,ESPECIFICADO,
MEV-07-020-I05,MEV-07-020,7,ATOMICITY,Repayment/finality obligations satisfied,if atomic: repay principal+fee in same atomic unit; else explicit inventory/finality exposure,simulation,YES,CRITICAL,Corregir deuda/allowance/callback o explicitar plan no atómico por dominio.,Gas; slippage; competencia; revert; state drift,ESPECIFICADO,
MEV-07-020-I06,MEV-07-020,7,EVIDENCE,Trazabilidad de datos y separación de simulación / resultado realizado,Antes: fixtures+simulación+versiones. Después: receipt/fills+ledger. Estado realizado requiere settlement; no exige 20 operaciones anteriores para implementar.,integración + después de settlement,YES,CRITICAL,Adjuntar evidencia correcta de esa etapa; no renombrar simulación como realizado.,Gas; slippage; competencia; revert; state drift,ESPECIFICADO,
MEV-07-021-I01,MEV-07-021,7,MODE,Mode/state semantics preserved,Comprobar clase y atomicidad declaradas: interfaces ejecutables + unidades y temporalidad consistentes. Un predicado literal TRUE no acredita implementación.,discovery + simulation,YES,CRITICAL,Completar predicado específico del detector/clase y su fixture.,Gas; slippage; competencia; revert; state drift,ESPECIFICADO,
MEV-07-021-I02,MEV-07-021,7,ACCOUNTING,All value flows conserved and all costs represented exactly once,Conservar unidades por activo: balances + aportes + borrow = outputs + repay + fees + residuales. No sumar cantidades de tokens distintos sin ledger/valoración.,simulation + reconciliation,YES,CRITICAL,Reconstruir flujos por activo y eliminar dobles conteos.,Gas; slippage; competencia; revert; state drift,ESPECIFICADO,
MEV-07-021-I03,MEV-07-021,7,SNAPSHOT,No invalid mixed-state comparison,all state bound to one snapshot/block unless strategy explicitly models non-atomic timing,discovery + quote,YES,CRITICAL,Actualizar snapshot y reconstruir cotización coherente por dominio.,Gas; slippage; competencia; revert; state drift,ESPECIFICADO,
MEV-07-021-I04,MEV-07-021,7,PROFIT,"Beneficio objetivo demostrable en el candidato, no garantizado por diseño","NP_signed = gross - costes; NP_prudent=NP_signed-reserve. Objetivo=MAX(min_usd,notional*(target+margin_bps/10000)); brecha=MAX(0,objetivo-NP_prudent). No ABS ni floor sobre PnL.",pre-execution,YES,CRITICAL,Optimizar tamaño/ruta/costes; recotizar hasta hallar candidato que cubra objetivo. No alterar datos para eliminar brecha.,Gas; slippage; competencia; revert; state drift,ESPECIFICADO,
MEV-07-021-I05,MEV-07-021,7,ATOMICITY,Repayment/finality obligations satisfied,if atomic: repay principal+fee in same atomic unit; else explicit inventory/finality exposure,simulation,YES,CRITICAL,Corregir deuda/allowance/callback o explicitar plan no atómico por dominio.,Gas; slippage; competencia; revert; state drift,ESPECIFICADO,
MEV-07-021-I06,MEV-07-021,7,EVIDENCE,Trazabilidad de datos y separación de simulación / resultado realizado,Antes: fixtures+simulación+versiones. Después: receipt/fills+ledger. Estado realizado requiere settlement; no exige 20 operaciones anteriores para implementar.,integración + después de settlement,YES,CRITICAL,Adjuntar evidencia correcta de esa etapa; no renombrar simulación como realizado.,Gas; slippage; competencia; revert; state drift,ESPECIFICADO,
MEV-07-022-I01,MEV-07-022,7,MODE,Mode/state semantics preserved,Comprobar clase y atomicidad declaradas: interfaces ejecutables + unidades y temporalidad consistentes. Un predicado literal TRUE no acredita implementación.,discovery + simulation,YES,CRITICAL,Completar predicado específico del detector/clase y su fixture.,Gas; slippage; competencia; revert; state drift,ESPECIFICADO,
MEV-07-022-I02,MEV-07-022,7,ACCOUNTING,All value flows conserved and all costs represented exactly once,Conservar unidades por activo: balances + aportes + borrow = outputs + repay + fees + residuales. No sumar cantidades de tokens distintos sin ledger/valoración.,simulation + reconciliation,YES,CRITICAL,Reconstruir flujos por activo y eliminar dobles conteos.,Gas; slippage; competencia; revert; state drift,ESPECIFICADO,
MEV-07-022-I03,MEV-07-022,7,SNAPSHOT,No invalid mixed-state comparison,all state bound to one snapshot/block unless strategy explicitly models non-atomic timing,discovery + quote,YES,CRITICAL,Actualizar snapshot y reconstruir cotización coherente por dominio.,Gas; slippage; competencia; revert; state drift,ESPECIFICADO,
MEV-07-022-I04,MEV-07-022,7,PROFIT,"Beneficio objetivo demostrable en el candidato, no garantizado por diseño","NP_signed = gross - costes; NP_prudent=NP_signed-reserve. Objetivo=MAX(min_usd,notional*(target+margin_bps/10000)); brecha=MAX(0,objetivo-NP_prudent). No ABS ni floor sobre PnL.",pre-execution,YES,CRITICAL,Optimizar tamaño/ruta/costes; recotizar hasta hallar candidato que cubra objetivo. No alterar datos para eliminar brecha.,Gas; slippage; competencia; revert; state drift,ESPECIFICADO,
MEV-07-022-I05,MEV-07-022,7,ATOMICITY,Repayment/finality obligations satisfied,if atomic: repay principal+fee in same atomic unit; else explicit inventory/finality exposure,simulation,YES,CRITICAL,Corregir deuda/allowance/callback o explicitar plan no atómico por dominio.,Gas; slippage; competencia; revert; state drift,ESPECIFICADO,
MEV-07-022-I06,MEV-07-022,7,EVIDENCE,Trazabilidad de datos y separación de simulación / resultado realizado,Antes: fixtures+simulación+versiones. Después: receipt/fills+ledger. Estado realizado requiere settlement; no exige 20 operaciones anteriores para implementar.,integración + después de settlement,YES,CRITICAL,Adjuntar evidencia correcta de esa etapa; no renombrar simulación como realizado.,Gas; slippage; competencia; revert; state drift,ESPECIFICADO,
MEV-07-023-I01,MEV-07-023,7,MODE,Mode/state semantics preserved,Comprobar clase y atomicidad declaradas: interfaces ejecutables + unidades y temporalidad consistentes. Un predicado literal TRUE no acredita implementación.,discovery + simulation,YES,CRITICAL,Completar predicado específico del detector/clase y su fixture.,Gas; slippage; competencia; revert; state drift,ESPECIFICADO,
MEV-07-023-I02,MEV-07-023,7,ACCOUNTING,All value flows conserved and all costs represented exactly once,Conservar unidades por activo: balances + aportes + borrow = outputs + repay + fees + residuales. No sumar cantidades de tokens distintos sin ledger/valoración.,simulation + reconciliation,YES,CRITICAL,Reconstruir flujos por activo y eliminar dobles conteos.,Gas; slippage; competencia; revert; state drift,ESPECIFICADO,
MEV-07-023-I03,MEV-07-023,7,SNAPSHOT,No invalid mixed-state comparison,all state bound to one snapshot/block unless strategy explicitly models non-atomic timing,discovery + quote,YES,CRITICAL,Actualizar snapshot y reconstruir cotización coherente por dominio.,Gas; slippage; competencia; revert; state drift,ESPECIFICADO,
MEV-07-023-I04,MEV-07-023,7,PROFIT,"Beneficio objetivo demostrable en el candidato, no garantizado por diseño","NP_signed = gross - costes; NP_prudent=NP_signed-reserve. Objetivo=MAX(min_usd,notional*(target+margin_bps/10000)); brecha=MAX(0,objetivo-NP_prudent). No ABS ni floor sobre PnL.",pre-execution,YES,CRITICAL,Optimizar tamaño/ruta/costes; recotizar hasta hallar candidato que cubra objetivo. No alterar datos para eliminar brecha.,Gas; slippage; competencia; revert; state drift,ESPECIFICADO,
MEV-07-023-I05,MEV-07-023,7,ATOMICITY,Repayment/finality obligations satisfied,if atomic: repay principal+fee in same atomic unit; else explicit inventory/finality exposure,simulation,YES,CRITICAL,Corregir deuda/allowance/callback o explicitar plan no atómico por dominio.,Gas; slippage; competencia; revert; state drift,ESPECIFICADO,
MEV-07-023-I06,MEV-07-023,7,EVIDENCE,Trazabilidad de datos y separación de simulación / resultado realizado,Antes: fixtures+simulación+versiones. Después: receipt/fills+ledger. Estado realizado requiere settlement; no exige 20 operaciones anteriores para implementar.,integración + después de settlement,YES,CRITICAL,Adjuntar evidencia correcta de esa etapa; no renombrar simulación como realizado.,Gas; slippage; competencia; revert; state drift,ESPECIFICADO,
MEV-07-024-I01,MEV-07-024,7,MODE,Mode/state semantics preserved,Comprobar clase y atomicidad declaradas: interfaces ejecutables + unidades y temporalidad consistentes. Un predicado literal TRUE no acredita implementación.,discovery + simulation,YES,CRITICAL,Completar predicado específico del detector/clase y su fixture.,Gas; slippage; competencia; revert; state drift,ESPECIFICADO,
MEV-07-024-I02,MEV-07-024,7,ACCOUNTING,All value flows conserved and all costs represented exactly once,Conservar unidades por activo: balances + aportes + borrow = outputs + repay + fees + residuales. No sumar cantidades de tokens distintos sin ledger/valoración.,simulation + reconciliation,YES,CRITICAL,Reconstruir flujos por activo y eliminar dobles conteos.,Gas; slippage; competencia; revert; state drift,ESPECIFICADO,
MEV-07-024-I03,MEV-07-024,7,SNAPSHOT,No invalid mixed-state comparison,all state bound to one snapshot/block unless strategy explicitly models non-atomic timing,discovery + quote,YES,CRITICAL,Actualizar snapshot y reconstruir cotización coherente por dominio.,Gas; slippage; competencia; revert; state drift,ESPECIFICADO,
MEV-07-024-I04,MEV-07-024,7,PROFIT,"Beneficio objetivo demostrable en el candidato, no garantizado por diseño","NP_signed = gross - costes; NP_prudent=NP_signed-reserve. Objetivo=MAX(min_usd,notional*(target+margin_bps/10000)); brecha=MAX(0,objetivo-NP_prudent). No ABS ni floor sobre PnL.",pre-execution,YES,CRITICAL,Optimizar tamaño/ruta/costes; recotizar hasta hallar candidato que cubra objetivo. No alterar datos para eliminar brecha.,Gas; slippage; competencia; revert; state drift,ESPECIFICADO,
MEV-07-024-I05,MEV-07-024,7,ATOMICITY,Repayment/finality obligations satisfied,if atomic: repay principal+fee in same atomic unit; else explicit inventory/finality exposure,simulation,YES,CRITICAL,Corregir deuda/allowance/callback o explicitar plan no atómico por dominio.,Gas; slippage; competencia; revert; state drift,ESPECIFICADO,
MEV-07-024-I06,MEV-07-024,7,EVIDENCE,Trazabilidad de datos y separación de simulación / resultado realizado,Antes: fixtures+simulación+versiones. Después: receipt/fills+ledger. Estado realizado requiere settlement; no exige 20 operaciones anteriores para implementar.,integración + después de settlement,YES,CRITICAL,Adjuntar evidencia correcta de esa etapa; no renombrar simulación como realizado.,Gas; slippage; competencia; revert; state drift,ESPECIFICADO,
MEV-07-025-I01,MEV-07-025,7,MODE,Mode/state semantics preserved,Comprobar clase y atomicidad declaradas: interfaces ejecutables + unidades y temporalidad consistentes. Un predicado literal TRUE no acredita implementación.,discovery + simulation,YES,CRITICAL,Completar predicado específico del detector/clase y su fixture.,Gas; slippage; competencia; revert; state drift,ESPECIFICADO,
MEV-07-025-I02,MEV-07-025,7,ACCOUNTING,All value flows conserved and all costs represented exactly once,Conservar unidades por activo: balances + aportes + borrow = outputs + repay + fees + residuales. No sumar cantidades de tokens distintos sin ledger/valoración.,simulation + reconciliation,YES,CRITICAL,Reconstruir flujos por activo y eliminar dobles conteos.,Gas; slippage; competencia; revert; state drift,ESPECIFICADO,
MEV-07-025-I03,MEV-07-025,7,SNAPSHOT,No invalid mixed-state comparison,all state bound to one snapshot/block unless strategy explicitly models non-atomic timing,discovery + quote,YES,CRITICAL,Actualizar snapshot y reconstruir cotización coherente por dominio.,Gas; slippage; competencia; revert; state drift,ESPECIFICADO,
MEV-07-025-I04,MEV-07-025,7,PROFIT,"Beneficio objetivo demostrable en el candidato, no garantizado por diseño","NP_signed = gross - costes; NP_prudent=NP_signed-reserve. Objetivo=MAX(min_usd,notional*(target+margin_bps/10000)); brecha=MAX(0,objetivo-NP_prudent). No ABS ni floor sobre PnL.",pre-execution,YES,CRITICAL,Optimizar tamaño/ruta/costes; recotizar hasta hallar candidato que cubra objetivo. No alterar datos para eliminar brecha.,Gas; slippage; competencia; revert; state drift,ESPECIFICADO,
MEV-07-025-I05,MEV-07-025,7,ATOMICITY,Repayment/finality obligations satisfied,if atomic: repay principal+fee in same atomic unit; else explicit inventory/finality exposure,simulation,YES,CRITICAL,Corregir deuda/allowance/callback o explicitar plan no atómico por dominio.,Gas; slippage; competencia; revert; state drift,ESPECIFICADO,
MEV-07-025-I06,MEV-07-025,7,EVIDENCE,Trazabilidad de datos y separación de simulación / resultado realizado,Antes: fixtures+simulación+versiones. Después: receipt/fills+ledger. Estado realizado requiere settlement; no exige 20 operaciones anteriores para implementar.,integración + después de settlement,YES,CRITICAL,Adjuntar evidencia correcta de esa etapa; no renombrar simulación como realizado.,Gas; slippage; competencia; revert; state drift,ESPECIFICADO,
MEV-07-026-I01,MEV-07-026,7,MODE,Mode/state semantics preserved,Comprobar clase y atomicidad declaradas: interfaces ejecutables + unidades y temporalidad consistentes. Un predicado literal TRUE no acredita implementación.,discovery + simulation,YES,CRITICAL,Completar predicado específico del detector/clase y su fixture.,Gas; slippage; competencia; revert; state drift,ESPECIFICADO,
MEV-07-026-I02,MEV-07-026,7,ACCOUNTING,All value flows conserved and all costs represented exactly once,Conservar unidades por activo: balances + aportes + borrow = outputs + repay + fees + residuales. No sumar cantidades de tokens distintos sin ledger/valoración.,simulation + reconciliation,YES,CRITICAL,Reconstruir flujos por activo y eliminar dobles conteos.,Gas; slippage; competencia; revert; state drift,ESPECIFICADO,
MEV-07-026-I03,MEV-07-026,7,SNAPSHOT,No invalid mixed-state comparison,all state bound to one snapshot/block unless strategy explicitly models non-atomic timing,discovery + quote,YES,CRITICAL,Actualizar snapshot y reconstruir cotización coherente por dominio.,Gas; slippage; competencia; revert; state drift,ESPECIFICADO,
MEV-07-026-I04,MEV-07-026,7,PROFIT,"Beneficio objetivo demostrable en el candidato, no garantizado por diseño","NP_signed = gross - costes; NP_prudent=NP_signed-reserve. Objetivo=MAX(min_usd,notional*(target+margin_bps/10000)); brecha=MAX(0,objetivo-NP_prudent). No ABS ni floor sobre PnL.",pre-execution,YES,CRITICAL,Optimizar tamaño/ruta/costes; recotizar hasta hallar candidato que cubra objetivo. No alterar datos para eliminar brecha.,Gas; slippage; competencia; revert; state drift,ESPECIFICADO,
MEV-07-026-I05,MEV-07-026,7,ATOMICITY,Repayment/finality obligations satisfied,if atomic: repay principal+fee in same atomic unit; else explicit inventory/finality exposure,simulation,YES,CRITICAL,Corregir deuda/allowance/callback o explicitar plan no atómico por dominio.,Gas; slippage; competencia; revert; state drift,ESPECIFICADO,
MEV-07-026-I06,MEV-07-026,7,EVIDENCE,Trazabilidad de datos y separación de simulación / resultado realizado,Antes: fixtures+simulación+versiones. Después: receipt/fills+ledger. Estado realizado requiere settlement; no exige 20 operaciones anteriores para implementar.,integración + después de settlement,YES,CRITICAL,Adjuntar evidencia correcta de esa etapa; no renombrar simulación como realizado.,Gas; slippage; competencia; revert; state drift,ESPECIFICADO,
MEV-07-027-I01,MEV-07-027,7,MODE,Mode/state semantics preserved,Comprobar clase y atomicidad declaradas: interfaces ejecutables + unidades y temporalidad consistentes. Un predicado literal TRUE no acredita implementación.,discovery + simulation,YES,CRITICAL,Completar predicado específico del detector/clase y su fixture.,Gas; slippage; competencia; revert; state drift,ESPECIFICADO,
MEV-07-027-I02,MEV-07-027,7,ACCOUNTING,All value flows conserved and all costs represented exactly once,Conservar unidades por activo: balances + aportes + borrow = outputs + repay + fees + residuales. No sumar cantidades de tokens distintos sin ledger/valoración.,simulation + reconciliation,YES,CRITICAL,Reconstruir flujos por activo y eliminar dobles conteos.,Gas; slippage; competencia; revert; state drift,ESPECIFICADO,
MEV-07-027-I03,MEV-07-027,7,SNAPSHOT,No invalid mixed-state comparison,all state bound to one snapshot/block unless strategy explicitly models non-atomic timing,discovery + quote,YES,CRITICAL,Actualizar snapshot y reconstruir cotización coherente por dominio.,Gas; slippage; competencia; revert; state drift,ESPECIFICADO,
MEV-07-027-I04,MEV-07-027,7,PROFIT,"Beneficio objetivo demostrable en el candidato, no garantizado por diseño","NP_signed = gross - costes; NP_prudent=NP_signed-reserve. Objetivo=MAX(min_usd,notional*(target+margin_bps/10000)); brecha=MAX(0,objetivo-NP_prudent). No ABS ni floor sobre PnL.",pre-execution,YES,CRITICAL,Optimizar tamaño/ruta/costes; recotizar hasta hallar candidato que cubra objetivo. No alterar datos para eliminar brecha.,Gas; slippage; competencia; revert; state drift,ESPECIFICADO,
MEV-07-027-I05,MEV-07-027,7,ATOMICITY,Repayment/finality obligations satisfied,if atomic: repay principal+fee in same atomic unit; else explicit inventory/finality exposure,simulation,YES,CRITICAL,Corregir deuda/allowance/callback o explicitar plan no atómico por dominio.,Gas; slippage; competencia; revert; state drift,ESPECIFICADO,
MEV-07-027-I06,MEV-07-027,7,EVIDENCE,Trazabilidad de datos y separación de simulación / resultado realizado,Antes: fixtures+simulación+versiones. Después: receipt/fills+ledger. Estado realizado requiere settlement; no exige 20 operaciones anteriores para implementar.,integración + después de settlement,YES,CRITICAL,Adjuntar evidencia correcta de esa etapa; no renombrar simulación como realizado.,Gas; slippage; competencia; revert; state drift,ESPECIFICADO,
MEV-07-028-I01,MEV-07-028,7,MODE,Mode/state semantics preserved,Comprobar clase y atomicidad declaradas: interfaces ejecutables + unidades y temporalidad consistentes. Un predicado literal TRUE no acredita implementación.,discovery + simulation,YES,CRITICAL,Completar predicado específico del detector/clase y su fixture.,Gas; slippage; competencia; revert; state drift,ESPECIFICADO,
MEV-07-028-I02,MEV-07-028,7,ACCOUNTING,All value flows conserved and all costs represented exactly once,Conservar unidades por activo: balances + aportes + borrow = outputs + repay + fees + residuales. No sumar cantidades de tokens distintos sin ledger/valoración.,simulation + reconciliation,YES,CRITICAL,Reconstruir flujos por activo y eliminar dobles conteos.,Gas; slippage; competencia; revert; state drift,ESPECIFICADO,
MEV-07-028-I03,MEV-07-028,7,SNAPSHOT,No invalid mixed-state comparison,all state bound to one snapshot/block unless strategy explicitly models non-atomic timing,discovery + quote,YES,CRITICAL,Actualizar snapshot y reconstruir cotización coherente por dominio.,Gas; slippage; competencia; revert; state drift,ESPECIFICADO,
MEV-07-028-I04,MEV-07-028,7,PROFIT,"Beneficio objetivo demostrable en el candidato, no garantizado por diseño","NP_signed = gross - costes; NP_prudent=NP_signed-reserve. Objetivo=MAX(min_usd,notional*(target+margin_bps/10000)); brecha=MAX(0,objetivo-NP_prudent). No ABS ni floor sobre PnL.",pre-execution,YES,CRITICAL,Optimizar tamaño/ruta/costes; recotizar hasta hallar candidato que cubra objetivo. No alterar datos para eliminar brecha.,Gas; slippage; competencia; revert; state drift,ESPECIFICADO,
MEV-07-028-I05,MEV-07-028,7,ATOMICITY,Repayment/finality obligations satisfied,if atomic: repay principal+fee in same atomic unit; else explicit inventory/finality exposure,simulation,YES,CRITICAL,Corregir deuda/allowance/callback o explicitar plan no atómico por dominio.,Gas; slippage; competencia; revert; state drift,ESPECIFICADO,
MEV-07-028-I06,MEV-07-028,7,EVIDENCE,Trazabilidad de datos y separación de simulación / resultado realizado,Antes: fixtures+simulación+versiones. Después: receipt/fills+ledger. Estado realizado requiere settlement; no exige 20 operaciones anteriores para implementar.,integración + después de settlement,YES,CRITICAL,Adjuntar evidencia correcta de esa etapa; no renombrar simulación como realizado.,Gas; slippage; competencia; revert; state drift,ESPECIFICADO,
MEV-07-029-I01,MEV-07-029,7,MODE,Mode/state semantics preserved,Comprobar clase y atomicidad declaradas: interfaces ejecutables + unidades y temporalidad consistentes. Un predicado literal TRUE no acredita implementación.,discovery + simulation,YES,CRITICAL,Completar predicado específico del detector/clase y su fixture.,Gas; slippage; competencia; revert; state drift,ESPECIFICADO,
MEV-07-029-I02,MEV-07-029,7,ACCOUNTING,All value flows conserved and all costs represented exactly once,Conservar unidades por activo: balances + aportes + borrow = outputs + repay + fees + residuales. No sumar cantidades de tokens distintos sin ledger/valoración.,simulation + reconciliation,YES,CRITICAL,Reconstruir flujos por activo y eliminar dobles conteos.,Gas; slippage; competencia; revert; state drift,ESPECIFICADO,
MEV-07-029-I03,MEV-07-029,7,SNAPSHOT,No invalid mixed-state comparison,all state bound to one snapshot/block unless strategy explicitly models non-atomic timing,discovery + quote,YES,CRITICAL,Actualizar snapshot y reconstruir cotización coherente por dominio.,Gas; slippage; competencia; revert; state drift,ESPECIFICADO,
MEV-07-029-I04,MEV-07-029,7,PROFIT,"Beneficio objetivo demostrable en el candidato, no garantizado por diseño","NP_signed = gross - costes; NP_prudent=NP_signed-reserve. Objetivo=MAX(min_usd,notional*(target+margin_bps/10000)); brecha=MAX(0,objetivo-NP_prudent). No ABS ni floor sobre PnL.",pre-execution,YES,CRITICAL,Optimizar tamaño/ruta/costes; recotizar hasta hallar candidato que cubra objetivo. No alterar datos para eliminar brecha.,Gas; slippage; competencia; revert; state drift,ESPECIFICADO,
MEV-07-029-I05,MEV-07-029,7,ATOMICITY,Repayment/finality obligations satisfied,if atomic: repay principal+fee in same atomic unit; else explicit inventory/finality exposure,simulation,YES,CRITICAL,Corregir deuda/allowance/callback o explicitar plan no atómico por dominio.,Gas; slippage; competencia; revert; state drift,ESPECIFICADO,
MEV-07-029-I06,MEV-07-029,7,EVIDENCE,Trazabilidad de datos y separación de simulación / resultado realizado,Antes: fixtures+simulación+versiones. Después: receipt/fills+ledger. Estado realizado requiere settlement; no exige 20 operaciones anteriores para implementar.,integración + después de settlement,YES,CRITICAL,Adjuntar evidencia correcta de esa etapa; no renombrar simulación como realizado.,Gas; slippage; competencia; revert; state drift,ESPECIFICADO,
MEV-07-030-I01,MEV-07-030,7,MODE,Mode/state semantics preserved,Comprobar clase y atomicidad declaradas: interfaces ejecutables + unidades y temporalidad consistentes. Un predicado literal TRUE no acredita implementación.,discovery + simulation,YES,CRITICAL,Completar predicado específico del detector/clase y su fixture.,Gas; slippage; competencia; revert; state drift,ESPECIFICADO,
MEV-07-030-I02,MEV-07-030,7,ACCOUNTING,All value flows conserved and all costs represented exactly once,Conservar unidades por activo: balances + aportes + borrow = outputs + repay + fees + residuales. No sumar cantidades de tokens distintos sin ledger/valoración.,simulation + reconciliation,YES,CRITICAL,Reconstruir flujos por activo y eliminar dobles conteos.,Gas; slippage; competencia; revert; state drift,ESPECIFICADO,
MEV-07-030-I03,MEV-07-030,7,SNAPSHOT,No invalid mixed-state comparison,all state bound to one snapshot/block unless strategy explicitly models non-atomic timing,discovery + quote,YES,CRITICAL,Actualizar snapshot y reconstruir cotización coherente por dominio.,Gas; slippage; competencia; revert; state drift,ESPECIFICADO,
MEV-07-030-I04,MEV-07-030,7,PROFIT,"Beneficio objetivo demostrable en el candidato, no garantizado por diseño","NP_signed = gross - costes; NP_prudent=NP_signed-reserve. Objetivo=MAX(min_usd,notional*(target+margin_bps/10000)); brecha=MAX(0,objetivo-NP_prudent). No ABS ni floor sobre PnL.",pre-execution,YES,CRITICAL,Optimizar tamaño/ruta/costes; recotizar hasta hallar candidato que cubra objetivo. No alterar datos para eliminar brecha.,Gas; slippage; competencia; revert; state drift,ESPECIFICADO,
MEV-07-030-I05,MEV-07-030,7,ATOMICITY,Repayment/finality obligations satisfied,if atomic: repay principal+fee in same atomic unit; else explicit inventory/finality exposure,simulation,YES,CRITICAL,Corregir deuda/allowance/callback o explicitar plan no atómico por dominio.,Gas; slippage; competencia; revert; state drift,ESPECIFICADO,
MEV-07-030-I06,MEV-07-030,7,EVIDENCE,Trazabilidad de datos y separación de simulación / resultado realizado,Antes: fixtures+simulación+versiones. Después: receipt/fills+ledger. Estado realizado requiere settlement; no exige 20 operaciones anteriores para implementar.,integración + después de settlement,YES,CRITICAL,Adjuntar evidencia correcta de esa etapa; no renombrar simulación como realizado.,Gas; slippage; competencia; revert; state drift,ESPECIFICADO,
MEV-08-001-I01,MEV-08-001,8,MODE,Mode/state semantics preserved,Comprobar clase y atomicidad declaradas: interfaces ejecutables + unidades y temporalidad consistentes. Un predicado literal TRUE no acredita implementación.,discovery + simulation,YES,CRITICAL,Completar predicado específico del detector/clase y su fixture.,Gas; slippage; competencia; revert; state drift,ESPECIFICADO,
MEV-08-001-I02,MEV-08-001,8,ACCOUNTING,All value flows conserved and all costs represented exactly once,Conservar unidades por activo: balances + aportes + borrow = outputs + repay + fees + residuales. No sumar cantidades de tokens distintos sin ledger/valoración.,simulation + reconciliation,YES,CRITICAL,Reconstruir flujos por activo y eliminar dobles conteos.,Gas; slippage; competencia; revert; state drift,ESPECIFICADO,
MEV-08-001-I03,MEV-08-001,8,SNAPSHOT,No invalid mixed-state comparison,all state bound to one snapshot/block unless strategy explicitly models non-atomic timing,discovery + quote,YES,CRITICAL,Actualizar snapshot y reconstruir cotización coherente por dominio.,Gas; slippage; competencia; revert; state drift,ESPECIFICADO,
MEV-08-001-I04,MEV-08-001,8,PROFIT,"Beneficio objetivo demostrable en el candidato, no garantizado por diseño","NP_signed = gross - costes; NP_prudent=NP_signed-reserve. Objetivo=MAX(min_usd,notional*(target+margin_bps/10000)); brecha=MAX(0,objetivo-NP_prudent). No ABS ni floor sobre PnL.",pre-execution,YES,CRITICAL,Optimizar tamaño/ruta/costes; recotizar hasta hallar candidato que cubra objetivo. No alterar datos para eliminar brecha.,Gas; slippage; competencia; revert; state drift,ESPECIFICADO,
MEV-08-001-I05,MEV-08-001,8,ATOMICITY,Repayment/finality obligations satisfied,if atomic: repay principal+fee in same atomic unit; else explicit inventory/finality exposure,simulation,YES,CRITICAL,Corregir deuda/allowance/callback o explicitar plan no atómico por dominio.,Gas; slippage; competencia; revert; state drift,ESPECIFICADO,
MEV-08-001-I06,MEV-08-001,8,EVIDENCE,Trazabilidad de datos y separación de simulación / resultado realizado,Antes: fixtures+simulación+versiones. Después: receipt/fills+ledger. Estado realizado requiere settlement; no exige 20 operaciones anteriores para implementar.,integración + después de settlement,YES,CRITICAL,Adjuntar evidencia correcta de esa etapa; no renombrar simulación como realizado.,Gas; slippage; competencia; revert; state drift,ESPECIFICADO,
MEV-08-002-I01,MEV-08-002,8,MODE,Mode/state semantics preserved,Comprobar clase y atomicidad declaradas: interfaces ejecutables + unidades y temporalidad consistentes. Un predicado literal TRUE no acredita implementación.,discovery + simulation,YES,CRITICAL,Completar predicado específico del detector/clase y su fixture.,Gas; slippage; competencia; revert; state drift,ESPECIFICADO,
MEV-08-002-I02,MEV-08-002,8,ACCOUNTING,All value flows conserved and all costs represented exactly once,Conservar unidades por activo: balances + aportes + borrow = outputs + repay + fees + residuales. No sumar cantidades de tokens distintos sin ledger/valoración.,simulation + reconciliation,YES,CRITICAL,Reconstruir flujos por activo y eliminar dobles conteos.,Gas; slippage; competencia; revert; state drift,ESPECIFICADO,
MEV-08-002-I03,MEV-08-002,8,SNAPSHOT,No invalid mixed-state comparison,all state bound to one snapshot/block unless strategy explicitly models non-atomic timing,discovery + quote,YES,CRITICAL,Actualizar snapshot y reconstruir cotización coherente por dominio.,Gas; slippage; competencia; revert; state drift,ESPECIFICADO,
MEV-08-002-I04,MEV-08-002,8,PROFIT,"Beneficio objetivo demostrable en el candidato, no garantizado por diseño","NP_signed = gross - costes; NP_prudent=NP_signed-reserve. Objetivo=MAX(min_usd,notional*(target+margin_bps/10000)); brecha=MAX(0,objetivo-NP_prudent). No ABS ni floor sobre PnL.",pre-execution,YES,CRITICAL,Optimizar tamaño/ruta/costes; recotizar hasta hallar candidato que cubra objetivo. No alterar datos para eliminar brecha.,Gas; slippage; competencia; revert; state drift,ESPECIFICADO,
MEV-08-002-I05,MEV-08-002,8,ATOMICITY,Repayment/finality obligations satisfied,if atomic: repay principal+fee in same atomic unit; else explicit inventory/finality exposure,simulation,YES,CRITICAL,Corregir deuda/allowance/callback o explicitar plan no atómico por dominio.,Gas; slippage; competencia; revert; state drift,ESPECIFICADO,
MEV-08-002-I06,MEV-08-002,8,EVIDENCE,Trazabilidad de datos y separación de simulación / resultado realizado,Antes: fixtures+simulación+versiones. Después: receipt/fills+ledger. Estado realizado requiere settlement; no exige 20 operaciones anteriores para implementar.,integración + después de settlement,YES,CRITICAL,Adjuntar evidencia correcta de esa etapa; no renombrar simulación como realizado.,Gas; slippage; competencia; revert; state drift,ESPECIFICADO,
MEV-08-003-I01,MEV-08-003,8,MODE,Mode/state semantics preserved,Comprobar clase y atomicidad declaradas: interfaces ejecutables + unidades y temporalidad consistentes. Un predicado literal TRUE no acredita implementación.,discovery + simulation,YES,CRITICAL,Completar predicado específico del detector/clase y su fixture.,Gas; slippage; competencia; revert; state drift,ESPECIFICADO,
MEV-08-003-I02,MEV-08-003,8,ACCOUNTING,All value flows conserved and all costs represented exactly once,Conservar unidades por activo: balances + aportes + borrow = outputs + repay + fees + residuales. No sumar cantidades de tokens distintos sin ledger/valoración.,simulation + reconciliation,YES,CRITICAL,Reconstruir flujos por activo y eliminar dobles conteos.,Gas; slippage; competencia; revert; state drift,ESPECIFICADO,
MEV-08-003-I03,MEV-08-003,8,SNAPSHOT,No invalid mixed-state comparison,all state bound to one snapshot/block unless strategy explicitly models non-atomic timing,discovery + quote,YES,CRITICAL,Actualizar snapshot y reconstruir cotización coherente por dominio.,Gas; slippage; competencia; revert; state drift,ESPECIFICADO,
MEV-08-003-I04,MEV-08-003,8,PROFIT,"Beneficio objetivo demostrable en el candidato, no garantizado por diseño","NP_signed = gross - costes; NP_prudent=NP_signed-reserve. Objetivo=MAX(min_usd,notional*(target+margin_bps/10000)); brecha=MAX(0,objetivo-NP_prudent). No ABS ni floor sobre PnL.",pre-execution,YES,CRITICAL,Optimizar tamaño/ruta/costes; recotizar hasta hallar candidato que cubra objetivo. No alterar datos para eliminar brecha.,Gas; slippage; competencia; revert; state drift,ESPECIFICADO,
MEV-08-003-I05,MEV-08-003,8,ATOMICITY,Repayment/finality obligations satisfied,if atomic: repay principal+fee in same atomic unit; else explicit inventory/finality exposure,simulation,YES,CRITICAL,Corregir deuda/allowance/callback o explicitar plan no atómico por dominio.,Gas; slippage; competencia; revert; state drift,ESPECIFICADO,
MEV-08-003-I06,MEV-08-003,8,EVIDENCE,Trazabilidad de datos y separación de simulación / resultado realizado,Antes: fixtures+simulación+versiones. Después: receipt/fills+ledger. Estado realizado requiere settlement; no exige 20 operaciones anteriores para implementar.,integración + después de settlement,YES,CRITICAL,Adjuntar evidencia correcta de esa etapa; no renombrar simulación como realizado.,Gas; slippage; competencia; revert; state drift,ESPECIFICADO,
MEV-08-004-I01,MEV-08-004,8,MODE,Mode/state semantics preserved,Comprobar clase y atomicidad declaradas: interfaces ejecutables + unidades y temporalidad consistentes. Un predicado literal TRUE no acredita implementación.,discovery + simulation,YES,CRITICAL,Completar predicado específico del detector/clase y su fixture.,Gas; slippage; competencia; revert; state drift,ESPECIFICADO,
MEV-08-004-I02,MEV-08-004,8,ACCOUNTING,All value flows conserved and all costs represented exactly once,Conservar unidades por activo: balances + aportes + borrow = outputs + repay + fees + residuales. No sumar cantidades de tokens distintos sin ledger/valoración.,simulation + reconciliation,YES,CRITICAL,Reconstruir flujos por activo y eliminar dobles conteos.,Gas; slippage; competencia; revert; state drift,ESPECIFICADO,
MEV-08-004-I03,MEV-08-004,8,SNAPSHOT,No invalid mixed-state comparison,all state bound to one snapshot/block unless strategy explicitly models non-atomic timing,discovery + quote,YES,CRITICAL,Actualizar snapshot y reconstruir cotización coherente por dominio.,Gas; slippage; competencia; revert; state drift,ESPECIFICADO,
MEV-08-004-I04,MEV-08-004,8,PROFIT,"Beneficio objetivo demostrable en el candidato, no garantizado por diseño","NP_signed = gross - costes; NP_prudent=NP_signed-reserve. Objetivo=MAX(min_usd,notional*(target+margin_bps/10000)); brecha=MAX(0,objetivo-NP_prudent). No ABS ni floor sobre PnL.",pre-execution,YES,CRITICAL,Optimizar tamaño/ruta/costes; recotizar hasta hallar candidato que cubra objetivo. No alterar datos para eliminar brecha.,Gas; slippage; competencia; revert; state drift,ESPECIFICADO,
MEV-08-004-I05,MEV-08-004,8,ATOMICITY,Repayment/finality obligations satisfied,if atomic: repay principal+fee in same atomic unit; else explicit inventory/finality exposure,simulation,YES,CRITICAL,Corregir deuda/allowance/callback o explicitar plan no atómico por dominio.,Gas; slippage; competencia; revert; state drift,ESPECIFICADO,
MEV-08-004-I06,MEV-08-004,8,EVIDENCE,Trazabilidad de datos y separación de simulación / resultado realizado,Antes: fixtures+simulación+versiones. Después: receipt/fills+ledger. Estado realizado requiere settlement; no exige 20 operaciones anteriores para implementar.,integración + después de settlement,YES,CRITICAL,Adjuntar evidencia correcta de esa etapa; no renombrar simulación como realizado.,Gas; slippage; competencia; revert; state drift,ESPECIFICADO,
MEV-08-005-I01,MEV-08-005,8,MODE,Mode/state semantics preserved,Comprobar clase y atomicidad declaradas: interfaces ejecutables + unidades y temporalidad consistentes. Un predicado literal TRUE no acredita implementación.,discovery + simulation,YES,CRITICAL,Completar predicado específico del detector/clase y su fixture.,Gas; slippage; competencia; revert; state drift,ESPECIFICADO,
MEV-08-005-I02,MEV-08-005,8,ACCOUNTING,All value flows conserved and all costs represented exactly once,Conservar unidades por activo: balances + aportes + borrow = outputs + repay + fees + residuales. No sumar cantidades de tokens distintos sin ledger/valoración.,simulation + reconciliation,YES,CRITICAL,Reconstruir flujos por activo y eliminar dobles conteos.,Gas; slippage; competencia; revert; state drift,ESPECIFICADO,
MEV-08-005-I03,MEV-08-005,8,SNAPSHOT,No invalid mixed-state comparison,all state bound to one snapshot/block unless strategy explicitly models non-atomic timing,discovery + quote,YES,CRITICAL,Actualizar snapshot y reconstruir cotización coherente por dominio.,Gas; slippage; competencia; revert; state drift,ESPECIFICADO,
MEV-08-005-I04,MEV-08-005,8,PROFIT,"Beneficio objetivo demostrable en el candidato, no garantizado por diseño","NP_signed = gross - costes; NP_prudent=NP_signed-reserve. Objetivo=MAX(min_usd,notional*(target+margin_bps/10000)); brecha=MAX(0,objetivo-NP_prudent). No ABS ni floor sobre PnL.",pre-execution,YES,CRITICAL,Optimizar tamaño/ruta/costes; recotizar hasta hallar candidato que cubra objetivo. No alterar datos para eliminar brecha.,Gas; slippage; competencia; revert; state drift,ESPECIFICADO,
MEV-08-005-I05,MEV-08-005,8,ATOMICITY,Repayment/finality obligations satisfied,if atomic: repay principal+fee in same atomic unit; else explicit inventory/finality exposure,simulation,YES,CRITICAL,Corregir deuda/allowance/callback o explicitar plan no atómico por dominio.,Gas; slippage; competencia; revert; state drift,ESPECIFICADO,
MEV-08-005-I06,MEV-08-005,8,EVIDENCE,Trazabilidad de datos y separación de simulación / resultado realizado,Antes: fixtures+simulación+versiones. Después: receipt/fills+ledger. Estado realizado requiere settlement; no exige 20 operaciones anteriores para implementar.,integración + después de settlement,YES,CRITICAL,Adjuntar evidencia correcta de esa etapa; no renombrar simulación como realizado.,Gas; slippage; competencia; revert; state drift,ESPECIFICADO,
MEV-08-006-I01,MEV-08-006,8,MODE,Mode/state semantics preserved,Comprobar clase y atomicidad declaradas: interfaces ejecutables + unidades y temporalidad consistentes. Un predicado literal TRUE no acredita implementación.,discovery + simulation,YES,CRITICAL,Completar predicado específico del detector/clase y su fixture.,Gas; slippage; competencia; revert; state drift,ESPECIFICADO,
MEV-08-006-I02,MEV-08-006,8,ACCOUNTING,All value flows conserved and all costs represented exactly once,Conservar unidades por activo: balances + aportes + borrow = outputs + repay + fees + residuales. No sumar cantidades de tokens distintos sin ledger/valoración.,simulation + reconciliation,YES,CRITICAL,Reconstruir flujos por activo y eliminar dobles conteos.,Gas; slippage; competencia; revert; state drift,ESPECIFICADO,
MEV-08-006-I03,MEV-08-006,8,SNAPSHOT,No invalid mixed-state comparison,all state bound to one snapshot/block unless strategy explicitly models non-atomic timing,discovery + quote,YES,CRITICAL,Actualizar snapshot y reconstruir cotización coherente por dominio.,Gas; slippage; competencia; revert; state drift,ESPECIFICADO,
MEV-08-006-I04,MEV-08-006,8,PROFIT,"Beneficio objetivo demostrable en el candidato, no garantizado por diseño","NP_signed = gross - costes; NP_prudent=NP_signed-reserve. Objetivo=MAX(min_usd,notional*(target+margin_bps/10000)); brecha=MAX(0,objetivo-NP_prudent). No ABS ni floor sobre PnL.",pre-execution,YES,CRITICAL,Optimizar tamaño/ruta/costes; recotizar hasta hallar candidato que cubra objetivo. No alterar datos para eliminar brecha.,Gas; slippage; competencia; revert; state drift,ESPECIFICADO,
MEV-08-006-I05,MEV-08-006,8,ATOMICITY,Repayment/finality obligations satisfied,if atomic: repay principal+fee in same atomic unit; else explicit inventory/finality exposure,simulation,YES,CRITICAL,Corregir deuda/allowance/callback o explicitar plan no atómico por dominio.,Gas; slippage; competencia; revert; state drift,ESPECIFICADO,
MEV-08-006-I06,MEV-08-006,8,EVIDENCE,Trazabilidad de datos y separación de simulación / resultado realizado,Antes: fixtures+simulación+versiones. Después: receipt/fills+ledger. Estado realizado requiere settlement; no exige 20 operaciones anteriores para implementar.,integración + después de settlement,YES,CRITICAL,Adjuntar evidencia correcta de esa etapa; no renombrar simulación como realizado.,Gas; slippage; competencia; revert; state drift,ESPECIFICADO,
MEV-08-007-I01,MEV-08-007,8,MODE,Mode/state semantics preserved,Comprobar clase y atomicidad declaradas: interfaces ejecutables + unidades y temporalidad consistentes. Un predicado literal TRUE no acredita implementación.,discovery + simulation,YES,CRITICAL,Completar predicado específico del detector/clase y su fixture.,Gas; slippage; competencia; revert; state drift,ESPECIFICADO,
MEV-08-007-I02,MEV-08-007,8,ACCOUNTING,All value flows conserved and all costs represented exactly once,Conservar unidades por activo: balances + aportes + borrow = outputs + repay + fees + residuales. No sumar cantidades de tokens distintos sin ledger/valoración.,simulation + reconciliation,YES,CRITICAL,Reconstruir flujos por activo y eliminar dobles conteos.,Gas; slippage; competencia; revert; state drift,ESPECIFICADO,
MEV-08-007-I03,MEV-08-007,8,SNAPSHOT,No invalid mixed-state comparison,all state bound to one snapshot/block unless strategy explicitly models non-atomic timing,discovery + quote,YES,CRITICAL,Actualizar snapshot y reconstruir cotización coherente por dominio.,Gas; slippage; competencia; revert; state drift,ESPECIFICADO,
MEV-08-007-I04,MEV-08-007,8,PROFIT,"Beneficio objetivo demostrable en el candidato, no garantizado por diseño","NP_signed = gross - costes; NP_prudent=NP_signed-reserve. Objetivo=MAX(min_usd,notional*(target+margin_bps/10000)); brecha=MAX(0,objetivo-NP_prudent). No ABS ni floor sobre PnL.",pre-execution,YES,CRITICAL,Optimizar tamaño/ruta/costes; recotizar hasta hallar candidato que cubra objetivo. No alterar datos para eliminar brecha.,Gas; slippage; competencia; revert; state drift,ESPECIFICADO,
MEV-08-007-I05,MEV-08-007,8,ATOMICITY,Repayment/finality obligations satisfied,if atomic: repay principal+fee in same atomic unit; else explicit inventory/finality exposure,simulation,YES,CRITICAL,Corregir deuda/allowance/callback o explicitar plan no atómico por dominio.,Gas; slippage; competencia; revert; state drift,ESPECIFICADO,
MEV-08-007-I06,MEV-08-007,8,EVIDENCE,Trazabilidad de datos y separación de simulación / resultado realizado,Antes: fixtures+simulación+versiones. Después: receipt/fills+ledger. Estado realizado requiere settlement; no exige 20 operaciones anteriores para implementar.,integración + después de settlement,YES,CRITICAL,Adjuntar evidencia correcta de esa etapa; no renombrar simulación como realizado.,Gas; slippage; competencia; revert; state drift,ESPECIFICADO,
MEV-08-008-I01,MEV-08-008,8,MODE,Mode/state semantics preserved,Comprobar clase y atomicidad declaradas: interfaces ejecutables + unidades y temporalidad consistentes. Un predicado literal TRUE no acredita implementación.,discovery + simulation,YES,CRITICAL,Completar predicado específico del detector/clase y su fixture.,Gas; slippage; competencia; revert; state drift,ESPECIFICADO,
MEV-08-008-I02,MEV-08-008,8,ACCOUNTING,All value flows conserved and all costs represented exactly once,Conservar unidades por activo: balances + aportes + borrow = outputs + repay + fees + residuales. No sumar cantidades de tokens distintos sin ledger/valoración.,simulation + reconciliation,YES,CRITICAL,Reconstruir flujos por activo y eliminar dobles conteos.,Gas; slippage; competencia; revert; state drift,ESPECIFICADO,
MEV-08-008-I03,MEV-08-008,8,SNAPSHOT,No invalid mixed-state comparison,all state bound to one snapshot/block unless strategy explicitly models non-atomic timing,discovery + quote,YES,CRITICAL,Actualizar snapshot y reconstruir cotización coherente por dominio.,Gas; slippage; competencia; revert; state drift,ESPECIFICADO,
MEV-08-008-I04,MEV-08-008,8,PROFIT,"Beneficio objetivo demostrable en el candidato, no garantizado por diseño","NP_signed = gross - costes; NP_prudent=NP_signed-reserve. Objetivo=MAX(min_usd,notional*(target+margin_bps/10000)); brecha=MAX(0,objetivo-NP_prudent). No ABS ni floor sobre PnL.",pre-execution,YES,CRITICAL,Optimizar tamaño/ruta/costes; recotizar hasta hallar candidato que cubra objetivo. No alterar datos para eliminar brecha.,Gas; slippage; competencia; revert; state drift,ESPECIFICADO,
MEV-08-008-I05,MEV-08-008,8,ATOMICITY,Repayment/finality obligations satisfied,if atomic: repay principal+fee in same atomic unit; else explicit inventory/finality exposure,simulation,YES,CRITICAL,Corregir deuda/allowance/callback o explicitar plan no atómico por dominio.,Gas; slippage; competencia; revert; state drift,ESPECIFICADO,
MEV-08-008-I06,MEV-08-008,8,EVIDENCE,Trazabilidad de datos y separación de simulación / resultado realizado,Antes: fixtures+simulación+versiones. Después: receipt/fills+ledger. Estado realizado requiere settlement; no exige 20 operaciones anteriores para implementar.,integración + después de settlement,YES,CRITICAL,Adjuntar evidencia correcta de esa etapa; no renombrar simulación como realizado.,Gas; slippage; competencia; revert; state drift,ESPECIFICADO,
MEV-08-009-I01,MEV-08-009,8,MODE,Mode/state semantics preserved,Comprobar clase y atomicidad declaradas: interfaces ejecutables + unidades y temporalidad consistentes. Un predicado literal TRUE no acredita implementación.,discovery + simulation,YES,CRITICAL,Completar predicado específico del detector/clase y su fixture.,Gas; slippage; competencia; revert; state drift,ESPECIFICADO,
MEV-08-009-I02,MEV-08-009,8,ACCOUNTING,All value flows conserved and all costs represented exactly once,Conservar unidades por activo: balances + aportes + borrow = outputs + repay + fees + residuales. No sumar cantidades de tokens distintos sin ledger/valoración.,simulation + reconciliation,YES,CRITICAL,Reconstruir flujos por activo y eliminar dobles conteos.,Gas; slippage; competencia; revert; state drift,ESPECIFICADO,
MEV-08-009-I03,MEV-08-009,8,SNAPSHOT,No invalid mixed-state comparison,all state bound to one snapshot/block unless strategy explicitly models non-atomic timing,discovery + quote,YES,CRITICAL,Actualizar snapshot y reconstruir cotización coherente por dominio.,Gas; slippage; competencia; revert; state drift,ESPECIFICADO,
MEV-08-009-I04,MEV-08-009,8,PROFIT,"Beneficio objetivo demostrable en el candidato, no garantizado por diseño","NP_signed = gross - costes; NP_prudent=NP_signed-reserve. Objetivo=MAX(min_usd,notional*(target+margin_bps/10000)); brecha=MAX(0,objetivo-NP_prudent). No ABS ni floor sobre PnL.",pre-execution,YES,CRITICAL,Optimizar tamaño/ruta/costes; recotizar hasta hallar candidato que cubra objetivo. No alterar datos para eliminar brecha.,Gas; slippage; competencia; revert; state drift,ESPECIFICADO,
MEV-08-009-I05,MEV-08-009,8,ATOMICITY,Repayment/finality obligations satisfied,if atomic: repay principal+fee in same atomic unit; else explicit inventory/finality exposure,simulation,YES,CRITICAL,Corregir deuda/allowance/callback o explicitar plan no atómico por dominio.,Gas; slippage; competencia; revert; state drift,ESPECIFICADO,
MEV-08-009-I06,MEV-08-009,8,EVIDENCE,Trazabilidad de datos y separación de simulación / resultado realizado,Antes: fixtures+simulación+versiones. Después: receipt/fills+ledger. Estado realizado requiere settlement; no exige 20 operaciones anteriores para implementar.,integración + después de settlement,YES,CRITICAL,Adjuntar evidencia correcta de esa etapa; no renombrar simulación como realizado.,Gas; slippage; competencia; revert; state drift,ESPECIFICADO,
MEV-08-010-I01,MEV-08-010,8,MODE,Mode/state semantics preserved,Comprobar clase y atomicidad declaradas: interfaces ejecutables + unidades y temporalidad consistentes. Un predicado literal TRUE no acredita implementación.,discovery + simulation,YES,CRITICAL,Completar predicado específico del detector/clase y su fixture.,Gas; slippage; competencia; revert; state drift,ESPECIFICADO,
MEV-08-010-I02,MEV-08-010,8,ACCOUNTING,All value flows conserved and all costs represented exactly once,Conservar unidades por activo: balances + aportes + borrow = outputs + repay + fees + residuales. No sumar cantidades de tokens distintos sin ledger/valoración.,simulation + reconciliation,YES,CRITICAL,Reconstruir flujos por activo y eliminar dobles conteos.,Gas; slippage; competencia; revert; state drift,ESPECIFICADO,
MEV-08-010-I03,MEV-08-010,8,SNAPSHOT,No invalid mixed-state comparison,all state bound to one snapshot/block unless strategy explicitly models non-atomic timing,discovery + quote,YES,CRITICAL,Actualizar snapshot y reconstruir cotización coherente por dominio.,Gas; slippage; competencia; revert; state drift,ESPECIFICADO,
MEV-08-010-I04,MEV-08-010,8,PROFIT,"Beneficio objetivo demostrable en el candidato, no garantizado por diseño","NP_signed = gross - costes; NP_prudent=NP_signed-reserve. Objetivo=MAX(min_usd,notional*(target+margin_bps/10000)); brecha=MAX(0,objetivo-NP_prudent). No ABS ni floor sobre PnL.",pre-execution,YES,CRITICAL,Optimizar tamaño/ruta/costes; recotizar hasta hallar candidato que cubra objetivo. No alterar datos para eliminar brecha.,Gas; slippage; competencia; revert; state drift,ESPECIFICADO,
MEV-08-010-I05,MEV-08-010,8,ATOMICITY,Repayment/finality obligations satisfied,if atomic: repay principal+fee in same atomic unit; else explicit inventory/finality exposure,simulation,YES,CRITICAL,Corregir deuda/allowance/callback o explicitar plan no atómico por dominio.,Gas; slippage; competencia; revert; state drift,ESPECIFICADO,
MEV-08-010-I06,MEV-08-010,8,EVIDENCE,Trazabilidad de datos y separación de simulación / resultado realizado,Antes: fixtures+simulación+versiones. Después: receipt/fills+ledger. Estado realizado requiere settlement; no exige 20 operaciones anteriores para implementar.,integración + después de settlement,YES,CRITICAL,Adjuntar evidencia correcta de esa etapa; no renombrar simulación como realizado.,Gas; slippage; competencia; revert; state drift,ESPECIFICADO,
MEV-08-011-I01,MEV-08-011,8,MODE,Mode/state semantics preserved,Comprobar clase y atomicidad declaradas: interfaces ejecutables + unidades y temporalidad consistentes. Un predicado literal TRUE no acredita implementación.,discovery + simulation,YES,CRITICAL,Completar predicado específico del detector/clase y su fixture.,Gas; slippage; competencia; revert; state drift,ESPECIFICADO,
MEV-08-011-I02,MEV-08-011,8,ACCOUNTING,All value flows conserved and all costs represented exactly once,Conservar unidades por activo: balances + aportes + borrow = outputs + repay + fees + residuales. No sumar cantidades de tokens distintos sin ledger/valoración.,simulation + reconciliation,YES,CRITICAL,Reconstruir flujos por activo y eliminar dobles conteos.,Gas; slippage; competencia; revert; state drift,ESPECIFICADO,
MEV-08-011-I03,MEV-08-011,8,SNAPSHOT,No invalid mixed-state comparison,all state bound to one snapshot/block unless strategy explicitly models non-atomic timing,discovery + quote,YES,CRITICAL,Actualizar snapshot y reconstruir cotización coherente por dominio.,Gas; slippage; competencia; revert; state drift,ESPECIFICADO,
MEV-08-011-I04,MEV-08-011,8,PROFIT,"Beneficio objetivo demostrable en el candidato, no garantizado por diseño","NP_signed = gross - costes; NP_prudent=NP_signed-reserve. Objetivo=MAX(min_usd,notional*(target+margin_bps/10000)); brecha=MAX(0,objetivo-NP_prudent). No ABS ni floor sobre PnL.",pre-execution,YES,CRITICAL,Optimizar tamaño/ruta/costes; recotizar hasta hallar candidato que cubra objetivo. No alterar datos para eliminar brecha.,Gas; slippage; competencia; revert; state drift,ESPECIFICADO,
MEV-08-011-I05,MEV-08-011,8,ATOMICITY,Repayment/finality obligations satisfied,if atomic: repay principal+fee in same atomic unit; else explicit inventory/finality exposure,simulation,YES,CRITICAL,Corregir deuda/allowance/callback o explicitar plan no atómico por dominio.,Gas; slippage; competencia; revert; state drift,ESPECIFICADO,
MEV-08-011-I06,MEV-08-011,8,EVIDENCE,Trazabilidad de datos y separación de simulación / resultado realizado,Antes: fixtures+simulación+versiones. Después: receipt/fills+ledger. Estado realizado requiere settlement; no exige 20 operaciones anteriores para implementar.,integración + después de settlement,YES,CRITICAL,Adjuntar evidencia correcta de esa etapa; no renombrar simulación como realizado.,Gas; slippage; competencia; revert; state drift,ESPECIFICADO,
MEV-08-012-I01,MEV-08-012,8,MODE,Mode/state semantics preserved,Comprobar clase y atomicidad declaradas: interfaces ejecutables + unidades y temporalidad consistentes. Un predicado literal TRUE no acredita implementación.,discovery + simulation,YES,CRITICAL,Completar predicado específico del detector/clase y su fixture.,Gas; slippage; competencia; revert; state drift,ESPECIFICADO,
MEV-08-012-I02,MEV-08-012,8,ACCOUNTING,All value flows conserved and all costs represented exactly once,Conservar unidades por activo: balances + aportes + borrow = outputs + repay + fees + residuales. No sumar cantidades de tokens distintos sin ledger/valoración.,simulation + reconciliation,YES,CRITICAL,Reconstruir flujos por activo y eliminar dobles conteos.,Gas; slippage; competencia; revert; state drift,ESPECIFICADO,
MEV-08-012-I03,MEV-08-012,8,SNAPSHOT,No invalid mixed-state comparison,all state bound to one snapshot/block unless strategy explicitly models non-atomic timing,discovery + quote,YES,CRITICAL,Actualizar snapshot y reconstruir cotización coherente por dominio.,Gas; slippage; competencia; revert; state drift,ESPECIFICADO,
MEV-08-012-I04,MEV-08-012,8,PROFIT,"Beneficio objetivo demostrable en el candidato, no garantizado por diseño","NP_signed = gross - costes; NP_prudent=NP_signed-reserve. Objetivo=MAX(min_usd,notional*(target+margin_bps/10000)); brecha=MAX(0,objetivo-NP_prudent). No ABS ni floor sobre PnL.",pre-execution,YES,CRITICAL,Optimizar tamaño/ruta/costes; recotizar hasta hallar candidato que cubra objetivo. No alterar datos para eliminar brecha.,Gas; slippage; competencia; revert; state drift,ESPECIFICADO,
MEV-08-012-I05,MEV-08-012,8,ATOMICITY,Repayment/finality obligations satisfied,if atomic: repay principal+fee in same atomic unit; else explicit inventory/finality exposure,simulation,YES,CRITICAL,Corregir deuda/allowance/callback o explicitar plan no atómico por dominio.,Gas; slippage; competencia; revert; state drift,ESPECIFICADO,
MEV-08-012-I06,MEV-08-012,8,EVIDENCE,Trazabilidad de datos y separación de simulación / resultado realizado,Antes: fixtures+simulación+versiones. Después: receipt/fills+ledger. Estado realizado requiere settlement; no exige 20 operaciones anteriores para implementar.,integración + después de settlement,YES,CRITICAL,Adjuntar evidencia correcta de esa etapa; no renombrar simulación como realizado.,Gas; slippage; competencia; revert; state drift,ESPECIFICADO,
MEV-08-013-I01,MEV-08-013,8,MODE,Mode/state semantics preserved,Comprobar clase y atomicidad declaradas: interfaces ejecutables + unidades y temporalidad consistentes. Un predicado literal TRUE no acredita implementación.,discovery + simulation,YES,CRITICAL,Completar predicado específico del detector/clase y su fixture.,Gas; slippage; competencia; revert; state drift,ESPECIFICADO,
MEV-08-013-I02,MEV-08-013,8,ACCOUNTING,All value flows conserved and all costs represented exactly once,Conservar unidades por activo: balances + aportes + borrow = outputs + repay + fees + residuales. No sumar cantidades de tokens distintos sin ledger/valoración.,simulation + reconciliation,YES,CRITICAL,Reconstruir flujos por activo y eliminar dobles conteos.,Gas; slippage; competencia; revert; state drift,ESPECIFICADO,
MEV-08-013-I03,MEV-08-013,8,SNAPSHOT,No invalid mixed-state comparison,all state bound to one snapshot/block unless strategy explicitly models non-atomic timing,discovery + quote,YES,CRITICAL,Actualizar snapshot y reconstruir cotización coherente por dominio.,Gas; slippage; competencia; revert; state drift,ESPECIFICADO,
MEV-08-013-I04,MEV-08-013,8,PROFIT,"Beneficio objetivo demostrable en el candidato, no garantizado por diseño","NP_signed = gross - costes; NP_prudent=NP_signed-reserve. Objetivo=MAX(min_usd,notional*(target+margin_bps/10000)); brecha=MAX(0,objetivo-NP_prudent). No ABS ni floor sobre PnL.",pre-execution,YES,CRITICAL,Optimizar tamaño/ruta/costes; recotizar hasta hallar candidato que cubra objetivo. No alterar datos para eliminar brecha.,Gas; slippage; competencia; revert; state drift,ESPECIFICADO,
MEV-08-013-I05,MEV-08-013,8,ATOMICITY,Repayment/finality obligations satisfied,if atomic: repay principal+fee in same atomic unit; else explicit inventory/finality exposure,simulation,YES,CRITICAL,Corregir deuda/allowance/callback o explicitar plan no atómico por dominio.,Gas; slippage; competencia; revert; state drift,ESPECIFICADO,
MEV-08-013-I06,MEV-08-013,8,EVIDENCE,Trazabilidad de datos y separación de simulación / resultado realizado,Antes: fixtures+simulación+versiones. Después: receipt/fills+ledger. Estado realizado requiere settlement; no exige 20 operaciones anteriores para implementar.,integración + después de settlement,YES,CRITICAL,Adjuntar evidencia correcta de esa etapa; no renombrar simulación como realizado.,Gas; slippage; competencia; revert; state drift,ESPECIFICADO,
MEV-08-014-I01,MEV-08-014,8,MODE,Mode/state semantics preserved,Comprobar clase y atomicidad declaradas: interfaces ejecutables + unidades y temporalidad consistentes. Un predicado literal TRUE no acredita implementación.,discovery + simulation,YES,CRITICAL,Completar predicado específico del detector/clase y su fixture.,Gas; slippage; competencia; revert; state drift,ESPECIFICADO,
MEV-08-014-I02,MEV-08-014,8,ACCOUNTING,All value flows conserved and all costs represented exactly once,Conservar unidades por activo: balances + aportes + borrow = outputs + repay + fees + residuales. No sumar cantidades de tokens distintos sin ledger/valoración.,simulation + reconciliation,YES,CRITICAL,Reconstruir flujos por activo y eliminar dobles conteos.,Gas; slippage; competencia; revert; state drift,ESPECIFICADO,
MEV-08-014-I03,MEV-08-014,8,SNAPSHOT,No invalid mixed-state comparison,all state bound to one snapshot/block unless strategy explicitly models non-atomic timing,discovery + quote,YES,CRITICAL,Actualizar snapshot y reconstruir cotización coherente por dominio.,Gas; slippage; competencia; revert; state drift,ESPECIFICADO,
MEV-08-014-I04,MEV-08-014,8,PROFIT,"Beneficio objetivo demostrable en el candidato, no garantizado por diseño","NP_signed = gross - costes; NP_prudent=NP_signed-reserve. Objetivo=MAX(min_usd,notional*(target+margin_bps/10000)); brecha=MAX(0,objetivo-NP_prudent). No ABS ni floor sobre PnL.",pre-execution,YES,CRITICAL,Optimizar tamaño/ruta/costes; recotizar hasta hallar candidato que cubra objetivo. No alterar datos para eliminar brecha.,Gas; slippage; competencia; revert; state drift,ESPECIFICADO,
MEV-08-014-I05,MEV-08-014,8,ATOMICITY,Repayment/finality obligations satisfied,if atomic: repay principal+fee in same atomic unit; else explicit inventory/finality exposure,simulation,YES,CRITICAL,Corregir deuda/allowance/callback o explicitar plan no atómico por dominio.,Gas; slippage; competencia; revert; state drift,ESPECIFICADO,
MEV-08-014-I06,MEV-08-014,8,EVIDENCE,Trazabilidad de datos y separación de simulación / resultado realizado,Antes: fixtures+simulación+versiones. Después: receipt/fills+ledger. Estado realizado requiere settlement; no exige 20 operaciones anteriores para implementar.,integración + después de settlement,YES,CRITICAL,Adjuntar evidencia correcta de esa etapa; no renombrar simulación como realizado.,Gas; slippage; competencia; revert; state drift,ESPECIFICADO,
MEV-08-015-I01,MEV-08-015,8,MODE,Mode/state semantics preserved,Comprobar clase y atomicidad declaradas: interfaces ejecutables + unidades y temporalidad consistentes. Un predicado literal TRUE no acredita implementación.,discovery + simulation,YES,CRITICAL,Completar predicado específico del detector/clase y su fixture.,Gas; slippage; competencia; revert; state drift,ESPECIFICADO,
MEV-08-015-I02,MEV-08-015,8,ACCOUNTING,All value flows conserved and all costs represented exactly once,Conservar unidades por activo: balances + aportes + borrow = outputs + repay + fees + residuales. No sumar cantidades de tokens distintos sin ledger/valoración.,simulation + reconciliation,YES,CRITICAL,Reconstruir flujos por activo y eliminar dobles conteos.,Gas; slippage; competencia; revert; state drift,ESPECIFICADO,
MEV-08-015-I03,MEV-08-015,8,SNAPSHOT,No invalid mixed-state comparison,all state bound to one snapshot/block unless strategy explicitly models non-atomic timing,discovery + quote,YES,CRITICAL,Actualizar snapshot y reconstruir cotización coherente por dominio.,Gas; slippage; competencia; revert; state drift,ESPECIFICADO,
MEV-08-015-I04,MEV-08-015,8,PROFIT,"Beneficio objetivo demostrable en el candidato, no garantizado por diseño","NP_signed = gross - costes; NP_prudent=NP_signed-reserve. Objetivo=MAX(min_usd,notional*(target+margin_bps/10000)); brecha=MAX(0,objetivo-NP_prudent). No ABS ni floor sobre PnL.",pre-execution,YES,CRITICAL,Optimizar tamaño/ruta/costes; recotizar hasta hallar candidato que cubra objetivo. No alterar datos para eliminar brecha.,Gas; slippage; competencia; revert; state drift,ESPECIFICADO,
MEV-08-015-I05,MEV-08-015,8,ATOMICITY,Repayment/finality obligations satisfied,if atomic: repay principal+fee in same atomic unit; else explicit inventory/finality exposure,simulation,YES,CRITICAL,Corregir deuda/allowance/callback o explicitar plan no atómico por dominio.,Gas; slippage; competencia; revert; state drift,ESPECIFICADO,
MEV-08-015-I06,MEV-08-015,8,EVIDENCE,Trazabilidad de datos y separación de simulación / resultado realizado,Antes: fixtures+simulación+versiones. Después: receipt/fills+ledger. Estado realizado requiere settlement; no exige 20 operaciones anteriores para implementar.,integración + después de settlement,YES,CRITICAL,Adjuntar evidencia correcta de esa etapa; no renombrar simulación como realizado.,Gas; slippage; competencia; revert; state drift,ESPECIFICADO,
MEV-08-016-I01,MEV-08-016,8,MODE,Mode/state semantics preserved,Comprobar clase y atomicidad declaradas: interfaces ejecutables + unidades y temporalidad consistentes. Un predicado literal TRUE no acredita implementación.,discovery + simulation,YES,CRITICAL,Completar predicado específico del detector/clase y su fixture.,Gas; slippage; competencia; revert; state drift,ESPECIFICADO,
MEV-08-016-I02,MEV-08-016,8,ACCOUNTING,All value flows conserved and all costs represented exactly once,Conservar unidades por activo: balances + aportes + borrow = outputs + repay + fees + residuales. No sumar cantidades de tokens distintos sin ledger/valoración.,simulation + reconciliation,YES,CRITICAL,Reconstruir flujos por activo y eliminar dobles conteos.,Gas; slippage; competencia; revert; state drift,ESPECIFICADO,
MEV-08-016-I03,MEV-08-016,8,SNAPSHOT,No invalid mixed-state comparison,all state bound to one snapshot/block unless strategy explicitly models non-atomic timing,discovery + quote,YES,CRITICAL,Actualizar snapshot y reconstruir cotización coherente por dominio.,Gas; slippage; competencia; revert; state drift,ESPECIFICADO,
MEV-08-016-I04,MEV-08-016,8,PROFIT,"Beneficio objetivo demostrable en el candidato, no garantizado por diseño","NP_signed = gross - costes; NP_prudent=NP_signed-reserve. Objetivo=MAX(min_usd,notional*(target+margin_bps/10000)); brecha=MAX(0,objetivo-NP_prudent). No ABS ni floor sobre PnL.",pre-execution,YES,CRITICAL,Optimizar tamaño/ruta/costes; recotizar hasta hallar candidato que cubra objetivo. No alterar datos para eliminar brecha.,Gas; slippage; competencia; revert; state drift,ESPECIFICADO,
MEV-08-016-I05,MEV-08-016,8,ATOMICITY,Repayment/finality obligations satisfied,if atomic: repay principal+fee in same atomic unit; else explicit inventory/finality exposure,simulation,YES,CRITICAL,Corregir deuda/allowance/callback o explicitar plan no atómico por dominio.,Gas; slippage; competencia; revert; state drift,ESPECIFICADO,
MEV-08-016-I06,MEV-08-016,8,EVIDENCE,Trazabilidad de datos y separación de simulación / resultado realizado,Antes: fixtures+simulación+versiones. Después: receipt/fills+ledger. Estado realizado requiere settlement; no exige 20 operaciones anteriores para implementar.,integración + después de settlement,YES,CRITICAL,Adjuntar evidencia correcta de esa etapa; no renombrar simulación como realizado.,Gas; slippage; competencia; revert; state drift,ESPECIFICADO,
MEV-08-017-I01,MEV-08-017,8,MODE,Mode/state semantics preserved,Comprobar clase y atomicidad declaradas: interfaces ejecutables + unidades y temporalidad consistentes. Un predicado literal TRUE no acredita implementación.,discovery + simulation,YES,CRITICAL,Completar predicado específico del detector/clase y su fixture.,Gas; slippage; competencia; revert; state drift,ESPECIFICADO,
MEV-08-017-I02,MEV-08-017,8,ACCOUNTING,All value flows conserved and all costs represented exactly once,Conservar unidades por activo: balances + aportes + borrow = outputs + repay + fees + residuales. No sumar cantidades de tokens distintos sin ledger/valoración.,simulation + reconciliation,YES,CRITICAL,Reconstruir flujos por activo y eliminar dobles conteos.,Gas; slippage; competencia; revert; state drift,ESPECIFICADO,
MEV-08-017-I03,MEV-08-017,8,SNAPSHOT,No invalid mixed-state comparison,all state bound to one snapshot/block unless strategy explicitly models non-atomic timing,discovery + quote,YES,CRITICAL,Actualizar snapshot y reconstruir cotización coherente por dominio.,Gas; slippage; competencia; revert; state drift,ESPECIFICADO,
MEV-08-017-I04,MEV-08-017,8,PROFIT,"Beneficio objetivo demostrable en el candidato, no garantizado por diseño","NP_signed = gross - costes; NP_prudent=NP_signed-reserve. Objetivo=MAX(min_usd,notional*(target+margin_bps/10000)); brecha=MAX(0,objetivo-NP_prudent). No ABS ni floor sobre PnL.",pre-execution,YES,CRITICAL,Optimizar tamaño/ruta/costes; recotizar hasta hallar candidato que cubra objetivo. No alterar datos para eliminar brecha.,Gas; slippage; competencia; revert; state drift,ESPECIFICADO,
MEV-08-017-I05,MEV-08-017,8,ATOMICITY,Repayment/finality obligations satisfied,if atomic: repay principal+fee in same atomic unit; else explicit inventory/finality exposure,simulation,YES,CRITICAL,Corregir deuda/allowance/callback o explicitar plan no atómico por dominio.,Gas; slippage; competencia; revert; state drift,ESPECIFICADO,
MEV-08-017-I06,MEV-08-017,8,EVIDENCE,Trazabilidad de datos y separación de simulación / resultado realizado,Antes: fixtures+simulación+versiones. Después: receipt/fills+ledger. Estado realizado requiere settlement; no exige 20 operaciones anteriores para implementar.,integración + después de settlement,YES,CRITICAL,Adjuntar evidencia correcta de esa etapa; no renombrar simulación como realizado.,Gas; slippage; competencia; revert; state drift,ESPECIFICADO,
MEV-08-018-I01,MEV-08-018,8,MODE,Mode/state semantics preserved,Comprobar clase y atomicidad declaradas: interfaces ejecutables + unidades y temporalidad consistentes. Un predicado literal TRUE no acredita implementación.,discovery + simulation,YES,CRITICAL,Completar predicado específico del detector/clase y su fixture.,Gas; slippage; competencia; revert; state drift,ESPECIFICADO,
MEV-08-018-I02,MEV-08-018,8,ACCOUNTING,All value flows conserved and all costs represented exactly once,Conservar unidades por activo: balances + aportes + borrow = outputs + repay + fees + residuales. No sumar cantidades de tokens distintos sin ledger/valoración.,simulation + reconciliation,YES,CRITICAL,Reconstruir flujos por activo y eliminar dobles conteos.,Gas; slippage; competencia; revert; state drift,ESPECIFICADO,
MEV-08-018-I03,MEV-08-018,8,SNAPSHOT,No invalid mixed-state comparison,all state bound to one snapshot/block unless strategy explicitly models non-atomic timing,discovery + quote,YES,CRITICAL,Actualizar snapshot y reconstruir cotización coherente por dominio.,Gas; slippage; competencia; revert; state drift,ESPECIFICADO,
MEV-08-018-I04,MEV-08-018,8,PROFIT,"Beneficio objetivo demostrable en el candidato, no garantizado por diseño","NP_signed = gross - costes; NP_prudent=NP_signed-reserve. Objetivo=MAX(min_usd,notional*(target+margin_bps/10000)); brecha=MAX(0,objetivo-NP_prudent). No ABS ni floor sobre PnL.",pre-execution,YES,CRITICAL,Optimizar tamaño/ruta/costes; recotizar hasta hallar candidato que cubra objetivo. No alterar datos para eliminar brecha.,Gas; slippage; competencia; revert; state drift,ESPECIFICADO,
MEV-08-018-I05,MEV-08-018,8,ATOMICITY,Repayment/finality obligations satisfied,if atomic: repay principal+fee in same atomic unit; else explicit inventory/finality exposure,simulation,YES,CRITICAL,Corregir deuda/allowance/callback o explicitar plan no atómico por dominio.,Gas; slippage; competencia; revert; state drift,ESPECIFICADO,
MEV-08-018-I06,MEV-08-018,8,EVIDENCE,Trazabilidad de datos y separación de simulación / resultado realizado,Antes: fixtures+simulación+versiones. Después: receipt/fills+ledger. Estado realizado requiere settlement; no exige 20 operaciones anteriores para implementar.,integración + después de settlement,YES,CRITICAL,Adjuntar evidencia correcta de esa etapa; no renombrar simulación como realizado.,Gas; slippage; competencia; revert; state drift,ESPECIFICADO,
MEV-08-019-I01,MEV-08-019,8,MODE,Mode/state semantics preserved,Comprobar clase y atomicidad declaradas: interfaces ejecutables + unidades y temporalidad consistentes. Un predicado literal TRUE no acredita implementación.,discovery + simulation,YES,CRITICAL,Completar predicado específico del detector/clase y su fixture.,Gas; slippage; competencia; revert; state drift,ESPECIFICADO,
MEV-08-019-I02,MEV-08-019,8,ACCOUNTING,All value flows conserved and all costs represented exactly once,Conservar unidades por activo: balances + aportes + borrow = outputs + repay + fees + residuales. No sumar cantidades de tokens distintos sin ledger/valoración.,simulation + reconciliation,YES,CRITICAL,Reconstruir flujos por activo y eliminar dobles conteos.,Gas; slippage; competencia; revert; state drift,ESPECIFICADO,
MEV-08-019-I03,MEV-08-019,8,SNAPSHOT,No invalid mixed-state comparison,all state bound to one snapshot/block unless strategy explicitly models non-atomic timing,discovery + quote,YES,CRITICAL,Actualizar snapshot y reconstruir cotización coherente por dominio.,Gas; slippage; competencia; revert; state drift,ESPECIFICADO,
MEV-08-019-I04,MEV-08-019,8,PROFIT,"Beneficio objetivo demostrable en el candidato, no garantizado por diseño","NP_signed = gross - costes; NP_prudent=NP_signed-reserve. Objetivo=MAX(min_usd,notional*(target+margin_bps/10000)); brecha=MAX(0,objetivo-NP_prudent). No ABS ni floor sobre PnL.",pre-execution,YES,CRITICAL,Optimizar tamaño/ruta/costes; recotizar hasta hallar candidato que cubra objetivo. No alterar datos para eliminar brecha.,Gas; slippage; competencia; revert; state drift,ESPECIFICADO,
MEV-08-019-I05,MEV-08-019,8,ATOMICITY,Repayment/finality obligations satisfied,if atomic: repay principal+fee in same atomic unit; else explicit inventory/finality exposure,simulation,YES,CRITICAL,Corregir deuda/allowance/callback o explicitar plan no atómico por dominio.,Gas; slippage; competencia; revert; state drift,ESPECIFICADO,
MEV-08-019-I06,MEV-08-019,8,EVIDENCE,Trazabilidad de datos y separación de simulación / resultado realizado,Antes: fixtures+simulación+versiones. Después: receipt/fills+ledger. Estado realizado requiere settlement; no exige 20 operaciones anteriores para implementar.,integración + después de settlement,YES,CRITICAL,Adjuntar evidencia correcta de esa etapa; no renombrar simulación como realizado.,Gas; slippage; competencia; revert; state drift,ESPECIFICADO,
MEV-08-020-I01,MEV-08-020,8,MODE,Mode/state semantics preserved,Comprobar clase y atomicidad declaradas: interfaces ejecutables + unidades y temporalidad consistentes. Un predicado literal TRUE no acredita implementación.,discovery + simulation,YES,CRITICAL,Completar predicado específico del detector/clase y su fixture.,Gas; slippage; competencia; revert; state drift,ESPECIFICADO,
MEV-08-020-I02,MEV-08-020,8,ACCOUNTING,All value flows conserved and all costs represented exactly once,Conservar unidades por activo: balances + aportes + borrow = outputs + repay + fees + residuales. No sumar cantidades de tokens distintos sin ledger/valoración.,simulation + reconciliation,YES,CRITICAL,Reconstruir flujos por activo y eliminar dobles conteos.,Gas; slippage; competencia; revert; state drift,ESPECIFICADO,
MEV-08-020-I03,MEV-08-020,8,SNAPSHOT,No invalid mixed-state comparison,all state bound to one snapshot/block unless strategy explicitly models non-atomic timing,discovery + quote,YES,CRITICAL,Actualizar snapshot y reconstruir cotización coherente por dominio.,Gas; slippage; competencia; revert; state drift,ESPECIFICADO,
MEV-08-020-I04,MEV-08-020,8,PROFIT,"Beneficio objetivo demostrable en el candidato, no garantizado por diseño","NP_signed = gross - costes; NP_prudent=NP_signed-reserve. Objetivo=MAX(min_usd,notional*(target+margin_bps/10000)); brecha=MAX(0,objetivo-NP_prudent). No ABS ni floor sobre PnL.",pre-execution,YES,CRITICAL,Optimizar tamaño/ruta/costes; recotizar hasta hallar candidato que cubra objetivo. No alterar datos para eliminar brecha.,Gas; slippage; competencia; revert; state drift,ESPECIFICADO,
MEV-08-020-I05,MEV-08-020,8,ATOMICITY,Repayment/finality obligations satisfied,if atomic: repay principal+fee in same atomic unit; else explicit inventory/finality exposure,simulation,YES,CRITICAL,Corregir deuda/allowance/callback o explicitar plan no atómico por dominio.,Gas; slippage; competencia; revert; state drift,ESPECIFICADO,
MEV-08-020-I06,MEV-08-020,8,EVIDENCE,Trazabilidad de datos y separación de simulación / resultado realizado,Antes: fixtures+simulación+versiones. Después: receipt/fills+ledger. Estado realizado requiere settlement; no exige 20 operaciones anteriores para implementar.,integración + después de settlement,YES,CRITICAL,Adjuntar evidencia correcta de esa etapa; no renombrar simulación como realizado.,Gas; slippage; competencia; revert; state drift,ESPECIFICADO,
MEV-08-021-I01,MEV-08-021,8,MODE,Mode/state semantics preserved,Comprobar clase y atomicidad declaradas: interfaces ejecutables + unidades y temporalidad consistentes. Un predicado literal TRUE no acredita implementación.,discovery + simulation,YES,CRITICAL,Completar predicado específico del detector/clase y su fixture.,Gas; slippage; competencia; revert; state drift,ESPECIFICADO,
MEV-08-021-I02,MEV-08-021,8,ACCOUNTING,All value flows conserved and all costs represented exactly once,Conservar unidades por activo: balances + aportes + borrow = outputs + repay + fees + residuales. No sumar cantidades de tokens distintos sin ledger/valoración.,simulation + reconciliation,YES,CRITICAL,Reconstruir flujos por activo y eliminar dobles conteos.,Gas; slippage; competencia; revert; state drift,ESPECIFICADO,
MEV-08-021-I03,MEV-08-021,8,SNAPSHOT,No invalid mixed-state comparison,all state bound to one snapshot/block unless strategy explicitly models non-atomic timing,discovery + quote,YES,CRITICAL,Actualizar snapshot y reconstruir cotización coherente por dominio.,Gas; slippage; competencia; revert; state drift,ESPECIFICADO,
MEV-08-021-I04,MEV-08-021,8,PROFIT,"Beneficio objetivo demostrable en el candidato, no garantizado por diseño","NP_signed = gross - costes; NP_prudent=NP_signed-reserve. Objetivo=MAX(min_usd,notional*(target+margin_bps/10000)); brecha=MAX(0,objetivo-NP_prudent). No ABS ni floor sobre PnL.",pre-execution,YES,CRITICAL,Optimizar tamaño/ruta/costes; recotizar hasta hallar candidato que cubra objetivo. No alterar datos para eliminar brecha.,Gas; slippage; competencia; revert; state drift,ESPECIFICADO,
MEV-08-021-I05,MEV-08-021,8,ATOMICITY,Repayment/finality obligations satisfied,if atomic: repay principal+fee in same atomic unit; else explicit inventory/finality exposure,simulation,YES,CRITICAL,Corregir deuda/allowance/callback o explicitar plan no atómico por dominio.,Gas; slippage; competencia; revert; state drift,ESPECIFICADO,
MEV-08-021-I06,MEV-08-021,8,EVIDENCE,Trazabilidad de datos y separación de simulación / resultado realizado,Antes: fixtures+simulación+versiones. Después: receipt/fills+ledger. Estado realizado requiere settlement; no exige 20 operaciones anteriores para implementar.,integración + después de settlement,YES,CRITICAL,Adjuntar evidencia correcta de esa etapa; no renombrar simulación como realizado.,Gas; slippage; competencia; revert; state drift,ESPECIFICADO,
MEV-08-022-I01,MEV-08-022,8,MODE,Mode/state semantics preserved,Comprobar clase y atomicidad declaradas: interfaces ejecutables + unidades y temporalidad consistentes. Un predicado literal TRUE no acredita implementación.,discovery + simulation,YES,CRITICAL,Completar predicado específico del detector/clase y su fixture.,Gas; slippage; competencia; revert; state drift,ESPECIFICADO,
MEV-08-022-I02,MEV-08-022,8,ACCOUNTING,All value flows conserved and all costs represented exactly once,Conservar unidades por activo: balances + aportes + borrow = outputs + repay + fees + residuales. No sumar cantidades de tokens distintos sin ledger/valoración.,simulation + reconciliation,YES,CRITICAL,Reconstruir flujos por activo y eliminar dobles conteos.,Gas; slippage; competencia; revert; state drift,ESPECIFICADO,
MEV-08-022-I03,MEV-08-022,8,SNAPSHOT,No invalid mixed-state comparison,all state bound to one snapshot/block unless strategy explicitly models non-atomic timing,discovery + quote,YES,CRITICAL,Actualizar snapshot y reconstruir cotización coherente por dominio.,Gas; slippage; competencia; revert; state drift,ESPECIFICADO,
MEV-08-022-I04,MEV-08-022,8,PROFIT,"Beneficio objetivo demostrable en el candidato, no garantizado por diseño","NP_signed = gross - costes; NP_prudent=NP_signed-reserve. Objetivo=MAX(min_usd,notional*(target+margin_bps/10000)); brecha=MAX(0,objetivo-NP_prudent). No ABS ni floor sobre PnL.",pre-execution,YES,CRITICAL,Optimizar tamaño/ruta/costes; recotizar hasta hallar candidato que cubra objetivo. No alterar datos para eliminar brecha.,Gas; slippage; competencia; revert; state drift,ESPECIFICADO,
MEV-08-022-I05,MEV-08-022,8,ATOMICITY,Repayment/finality obligations satisfied,if atomic: repay principal+fee in same atomic unit; else explicit inventory/finality exposure,simulation,YES,CRITICAL,Corregir deuda/allowance/callback o explicitar plan no atómico por dominio.,Gas; slippage; competencia; revert; state drift,ESPECIFICADO,
MEV-08-022-I06,MEV-08-022,8,EVIDENCE,Trazabilidad de datos y separación de simulación / resultado realizado,Antes: fixtures+simulación+versiones. Después: receipt/fills+ledger. Estado realizado requiere settlement; no exige 20 operaciones anteriores para implementar.,integración + después de settlement,YES,CRITICAL,Adjuntar evidencia correcta de esa etapa; no renombrar simulación como realizado.,Gas; slippage; competencia; revert; state drift,ESPECIFICADO,
MEV-08-023-I01,MEV-08-023,8,MODE,Mode/state semantics preserved,Comprobar clase y atomicidad declaradas: interfaces ejecutables + unidades y temporalidad consistentes. Un predicado literal TRUE no acredita implementación.,discovery + simulation,YES,CRITICAL,Completar predicado específico del detector/clase y su fixture.,Gas; slippage; competencia; revert; state drift,ESPECIFICADO,
MEV-08-023-I02,MEV-08-023,8,ACCOUNTING,All value flows conserved and all costs represented exactly once,Conservar unidades por activo: balances + aportes + borrow = outputs + repay + fees + residuales. No sumar cantidades de tokens distintos sin ledger/valoración.,simulation + reconciliation,YES,CRITICAL,Reconstruir flujos por activo y eliminar dobles conteos.,Gas; slippage; competencia; revert; state drift,ESPECIFICADO,
MEV-08-023-I03,MEV-08-023,8,SNAPSHOT,No invalid mixed-state comparison,all state bound to one snapshot/block unless strategy explicitly models non-atomic timing,discovery + quote,YES,CRITICAL,Actualizar snapshot y reconstruir cotización coherente por dominio.,Gas; slippage; competencia; revert; state drift,ESPECIFICADO,
MEV-08-023-I04,MEV-08-023,8,PROFIT,"Beneficio objetivo demostrable en el candidato, no garantizado por diseño","NP_signed = gross - costes; NP_prudent=NP_signed-reserve. Objetivo=MAX(min_usd,notional*(target+margin_bps/10000)); brecha=MAX(0,objetivo-NP_prudent). No ABS ni floor sobre PnL.",pre-execution,YES,CRITICAL,Optimizar tamaño/ruta/costes; recotizar hasta hallar candidato que cubra objetivo. No alterar datos para eliminar brecha.,Gas; slippage; competencia; revert; state drift,ESPECIFICADO,
MEV-08-023-I05,MEV-08-023,8,ATOMICITY,Repayment/finality obligations satisfied,if atomic: repay principal+fee in same atomic unit; else explicit inventory/finality exposure,simulation,YES,CRITICAL,Corregir deuda/allowance/callback o explicitar plan no atómico por dominio.,Gas; slippage; competencia; revert; state drift,ESPECIFICADO,
MEV-08-023-I06,MEV-08-023,8,EVIDENCE,Trazabilidad de datos y separación de simulación / resultado realizado,Antes: fixtures+simulación+versiones. Después: receipt/fills+ledger. Estado realizado requiere settlement; no exige 20 operaciones anteriores para implementar.,integración + después de settlement,YES,CRITICAL,Adjuntar evidencia correcta de esa etapa; no renombrar simulación como realizado.,Gas; slippage; competencia; revert; state drift,ESPECIFICADO,
MEV-08-024-I01,MEV-08-024,8,MODE,Mode/state semantics preserved,Comprobar clase y atomicidad declaradas: interfaces ejecutables + unidades y temporalidad consistentes. Un predicado literal TRUE no acredita implementación.,discovery + simulation,YES,CRITICAL,Completar predicado específico del detector/clase y su fixture.,Gas; slippage; competencia; revert; state drift,ESPECIFICADO,
MEV-08-024-I02,MEV-08-024,8,ACCOUNTING,All value flows conserved and all costs represented exactly once,Conservar unidades por activo: balances + aportes + borrow = outputs + repay + fees + residuales. No sumar cantidades de tokens distintos sin ledger/valoración.,simulation + reconciliation,YES,CRITICAL,Reconstruir flujos por activo y eliminar dobles conteos.,Gas; slippage; competencia; revert; state drift,ESPECIFICADO,
MEV-08-024-I03,MEV-08-024,8,SNAPSHOT,No invalid mixed-state comparison,all state bound to one snapshot/block unless strategy explicitly models non-atomic timing,discovery + quote,YES,CRITICAL,Actualizar snapshot y reconstruir cotización coherente por dominio.,Gas; slippage; competencia; revert; state drift,ESPECIFICADO,
MEV-08-024-I04,MEV-08-024,8,PROFIT,"Beneficio objetivo demostrable en el candidato, no garantizado por diseño","NP_signed = gross - costes; NP_prudent=NP_signed-reserve. Objetivo=MAX(min_usd,notional*(target+margin_bps/10000)); brecha=MAX(0,objetivo-NP_prudent). No ABS ni floor sobre PnL.",pre-execution,YES,CRITICAL,Optimizar tamaño/ruta/costes; recotizar hasta hallar candidato que cubra objetivo. No alterar datos para eliminar brecha.,Gas; slippage; competencia; revert; state drift,ESPECIFICADO,
MEV-08-024-I05,MEV-08-024,8,ATOMICITY,Repayment/finality obligations satisfied,if atomic: repay principal+fee in same atomic unit; else explicit inventory/finality exposure,simulation,YES,CRITICAL,Corregir deuda/allowance/callback o explicitar plan no atómico por dominio.,Gas; slippage; competencia; revert; state drift,ESPECIFICADO,
MEV-08-024-I06,MEV-08-024,8,EVIDENCE,Trazabilidad de datos y separación de simulación / resultado realizado,Antes: fixtures+simulación+versiones. Después: receipt/fills+ledger. Estado realizado requiere settlement; no exige 20 operaciones anteriores para implementar.,integración + después de settlement,YES,CRITICAL,Adjuntar evidencia correcta de esa etapa; no renombrar simulación como realizado.,Gas; slippage; competencia; revert; state drift,ESPECIFICADO,
MEV-08-025-I01,MEV-08-025,8,MODE,Mode/state semantics preserved,Comprobar clase y atomicidad declaradas: interfaces ejecutables + unidades y temporalidad consistentes. Un predicado literal TRUE no acredita implementación.,discovery + simulation,YES,CRITICAL,Completar predicado específico del detector/clase y su fixture.,Gas; slippage; competencia; revert; state drift,ESPECIFICADO,
MEV-08-025-I02,MEV-08-025,8,ACCOUNTING,All value flows conserved and all costs represented exactly once,Conservar unidades por activo: balances + aportes + borrow = outputs + repay + fees + residuales. No sumar cantidades de tokens distintos sin ledger/valoración.,simulation + reconciliation,YES,CRITICAL,Reconstruir flujos por activo y eliminar dobles conteos.,Gas; slippage; competencia; revert; state drift,ESPECIFICADO,
MEV-08-025-I03,MEV-08-025,8,SNAPSHOT,No invalid mixed-state comparison,all state bound to one snapshot/block unless strategy explicitly models non-atomic timing,discovery + quote,YES,CRITICAL,Actualizar snapshot y reconstruir cotización coherente por dominio.,Gas; slippage; competencia; revert; state drift,ESPECIFICADO,
MEV-08-025-I04,MEV-08-025,8,PROFIT,"Beneficio objetivo demostrable en el candidato, no garantizado por diseño","NP_signed = gross - costes; NP_prudent=NP_signed-reserve. Objetivo=MAX(min_usd,notional*(target+margin_bps/10000)); brecha=MAX(0,objetivo-NP_prudent). No ABS ni floor sobre PnL.",pre-execution,YES,CRITICAL,Optimizar tamaño/ruta/costes; recotizar hasta hallar candidato que cubra objetivo. No alterar datos para eliminar brecha.,Gas; slippage; competencia; revert; state drift,ESPECIFICADO,
MEV-08-025-I05,MEV-08-025,8,ATOMICITY,Repayment/finality obligations satisfied,if atomic: repay principal+fee in same atomic unit; else explicit inventory/finality exposure,simulation,YES,CRITICAL,Corregir deuda/allowance/callback o explicitar plan no atómico por dominio.,Gas; slippage; competencia; revert; state drift,ESPECIFICADO,
MEV-08-025-I06,MEV-08-025,8,EVIDENCE,Trazabilidad de datos y separación de simulación / resultado realizado,Antes: fixtures+simulación+versiones. Después: receipt/fills+ledger. Estado realizado requiere settlement; no exige 20 operaciones anteriores para implementar.,integración + después de settlement,YES,CRITICAL,Adjuntar evidencia correcta de esa etapa; no renombrar simulación como realizado.,Gas; slippage; competencia; revert; state drift,ESPECIFICADO,
MEV-09-001-I01,MEV-09-001,9,MODE,Mode/state semantics preserved,Comprobar clase y atomicidad declaradas: interfaces ejecutables + unidades y temporalidad consistentes. Un predicado literal TRUE no acredita implementación.,discovery + simulation,YES,CRITICAL,Completar predicado específico del detector/clase y su fixture.,Gas; slippage; competencia; revert; state drift,ESPECIFICADO,
MEV-09-001-I02,MEV-09-001,9,ACCOUNTING,All value flows conserved and all costs represented exactly once,Conservar unidades por activo: balances + aportes + borrow = outputs + repay + fees + residuales. No sumar cantidades de tokens distintos sin ledger/valoración.,simulation + reconciliation,YES,CRITICAL,Reconstruir flujos por activo y eliminar dobles conteos.,Gas; slippage; competencia; revert; state drift,ESPECIFICADO,
MEV-09-001-I03,MEV-09-001,9,SNAPSHOT,No invalid mixed-state comparison,all state bound to one snapshot/block unless strategy explicitly models non-atomic timing,discovery + quote,YES,CRITICAL,Actualizar snapshot y reconstruir cotización coherente por dominio.,Gas; slippage; competencia; revert; state drift,ESPECIFICADO,
MEV-09-001-I04,MEV-09-001,9,PROFIT,"Beneficio objetivo demostrable en el candidato, no garantizado por diseño","NP_signed = gross - costes; NP_prudent=NP_signed-reserve. Objetivo=MAX(min_usd,notional*(target+margin_bps/10000)); brecha=MAX(0,objetivo-NP_prudent). No ABS ni floor sobre PnL.",pre-execution,YES,CRITICAL,Optimizar tamaño/ruta/costes; recotizar hasta hallar candidato que cubra objetivo. No alterar datos para eliminar brecha.,Gas; slippage; competencia; revert; state drift,ESPECIFICADO,
MEV-09-001-I05,MEV-09-001,9,ATOMICITY,Repayment/finality obligations satisfied,if atomic: repay principal+fee in same atomic unit; else explicit inventory/finality exposure,simulation,YES,CRITICAL,Corregir deuda/allowance/callback o explicitar plan no atómico por dominio.,Gas; slippage; competencia; revert; state drift,ESPECIFICADO,
MEV-09-001-I06,MEV-09-001,9,EVIDENCE,Trazabilidad de datos y separación de simulación / resultado realizado,Antes: fixtures+simulación+versiones. Después: receipt/fills+ledger. Estado realizado requiere settlement; no exige 20 operaciones anteriores para implementar.,integración + después de settlement,YES,CRITICAL,Adjuntar evidencia correcta de esa etapa; no renombrar simulación como realizado.,Gas; slippage; competencia; revert; state drift,ESPECIFICADO,
MEV-09-002-I01,MEV-09-002,9,MODE,Mode/state semantics preserved,Comprobar clase y atomicidad declaradas: interfaces ejecutables + unidades y temporalidad consistentes. Un predicado literal TRUE no acredita implementación.,discovery + simulation,YES,CRITICAL,Completar predicado específico del detector/clase y su fixture.,Gas; slippage; competencia; revert; state drift,ESPECIFICADO,
MEV-09-002-I02,MEV-09-002,9,ACCOUNTING,All value flows conserved and all costs represented exactly once,Conservar unidades por activo: balances + aportes + borrow = outputs + repay + fees + residuales. No sumar cantidades de tokens distintos sin ledger/valoración.,simulation + reconciliation,YES,CRITICAL,Reconstruir flujos por activo y eliminar dobles conteos.,Gas; slippage; competencia; revert; state drift,ESPECIFICADO,
MEV-09-002-I03,MEV-09-002,9,SNAPSHOT,No invalid mixed-state comparison,all state bound to one snapshot/block unless strategy explicitly models non-atomic timing,discovery + quote,YES,CRITICAL,Actualizar snapshot y reconstruir cotización coherente por dominio.,Gas; slippage; competencia; revert; state drift,ESPECIFICADO,
MEV-09-002-I04,MEV-09-002,9,PROFIT,"Beneficio objetivo demostrable en el candidato, no garantizado por diseño","NP_signed = gross - costes; NP_prudent=NP_signed-reserve. Objetivo=MAX(min_usd,notional*(target+margin_bps/10000)); brecha=MAX(0,objetivo-NP_prudent). No ABS ni floor sobre PnL.",pre-execution,YES,CRITICAL,Optimizar tamaño/ruta/costes; recotizar hasta hallar candidato que cubra objetivo. No alterar datos para eliminar brecha.,Gas; slippage; competencia; revert; state drift,ESPECIFICADO,
MEV-09-002-I05,MEV-09-002,9,ATOMICITY,Repayment/finality obligations satisfied,if atomic: repay principal+fee in same atomic unit; else explicit inventory/finality exposure,simulation,YES,CRITICAL,Corregir deuda/allowance/callback o explicitar plan no atómico por dominio.,Gas; slippage; competencia; revert; state drift,ESPECIFICADO,
MEV-09-002-I06,MEV-09-002,9,EVIDENCE,Trazabilidad de datos y separación de simulación / resultado realizado,Antes: fixtures+simulación+versiones. Después: receipt/fills+ledger. Estado realizado requiere settlement; no exige 20 operaciones anteriores para implementar.,integración + después de settlement,YES,CRITICAL,Adjuntar evidencia correcta de esa etapa; no renombrar simulación como realizado.,Gas; slippage; competencia; revert; state drift,ESPECIFICADO,
MEV-09-003-I01,MEV-09-003,9,MODE,Mode/state semantics preserved,Comprobar clase y atomicidad declaradas: interfaces ejecutables + unidades y temporalidad consistentes. Un predicado literal TRUE no acredita implementación.,discovery + simulation,YES,CRITICAL,Completar predicado específico del detector/clase y su fixture.,Gas; slippage; competencia; revert; state drift,ESPECIFICADO,
MEV-09-003-I02,MEV-09-003,9,ACCOUNTING,All value flows conserved and all costs represented exactly once,Conservar unidades por activo: balances + aportes + borrow = outputs + repay + fees + residuales. No sumar cantidades de tokens distintos sin ledger/valoración.,simulation + reconciliation,YES,CRITICAL,Reconstruir flujos por activo y eliminar dobles conteos.,Gas; slippage; competencia; revert; state drift,ESPECIFICADO,
MEV-09-003-I03,MEV-09-003,9,SNAPSHOT,No invalid mixed-state comparison,all state bound to one snapshot/block unless strategy explicitly models non-atomic timing,discovery + quote,YES,CRITICAL,Actualizar snapshot y reconstruir cotización coherente por dominio.,Gas; slippage; competencia; revert; state drift,ESPECIFICADO,
MEV-09-003-I04,MEV-09-003,9,PROFIT,"Beneficio objetivo demostrable en el candidato, no garantizado por diseño","NP_signed = gross - costes; NP_prudent=NP_signed-reserve. Objetivo=MAX(min_usd,notional*(target+margin_bps/10000)); brecha=MAX(0,objetivo-NP_prudent). No ABS ni floor sobre PnL.",pre-execution,YES,CRITICAL,Optimizar tamaño/ruta/costes; recotizar hasta hallar candidato que cubra objetivo. No alterar datos para eliminar brecha.,Gas; slippage; competencia; revert; state drift,ESPECIFICADO,
MEV-09-003-I05,MEV-09-003,9,ATOMICITY,Repayment/finality obligations satisfied,if atomic: repay principal+fee in same atomic unit; else explicit inventory/finality exposure,simulation,YES,CRITICAL,Corregir deuda/allowance/callback o explicitar plan no atómico por dominio.,Gas; slippage; competencia; revert; state drift,ESPECIFICADO,
MEV-09-003-I06,MEV-09-003,9,EVIDENCE,Trazabilidad de datos y separación de simulación / resultado realizado,Antes: fixtures+simulación+versiones. Después: receipt/fills+ledger. Estado realizado requiere settlement; no exige 20 operaciones anteriores para implementar.,integración + después de settlement,YES,CRITICAL,Adjuntar evidencia correcta de esa etapa; no renombrar simulación como realizado.,Gas; slippage; competencia; revert; state drift,ESPECIFICADO,
MEV-09-004-I01,MEV-09-004,9,MODE,Mode/state semantics preserved,Comprobar clase y atomicidad declaradas: interfaces ejecutables + unidades y temporalidad consistentes. Un predicado literal TRUE no acredita implementación.,discovery + simulation,YES,CRITICAL,Completar predicado específico del detector/clase y su fixture.,Gas; slippage; competencia; revert; state drift,ESPECIFICADO,
MEV-09-004-I02,MEV-09-004,9,ACCOUNTING,All value flows conserved and all costs represented exactly once,Conservar unidades por activo: balances + aportes + borrow = outputs + repay + fees + residuales. No sumar cantidades de tokens distintos sin ledger/valoración.,simulation + reconciliation,YES,CRITICAL,Reconstruir flujos por activo y eliminar dobles conteos.,Gas; slippage; competencia; revert; state drift,ESPECIFICADO,
MEV-09-004-I03,MEV-09-004,9,SNAPSHOT,No invalid mixed-state comparison,all state bound to one snapshot/block unless strategy explicitly models non-atomic timing,discovery + quote,YES,CRITICAL,Actualizar snapshot y reconstruir cotización coherente por dominio.,Gas; slippage; competencia; revert; state drift,ESPECIFICADO,
MEV-09-004-I04,MEV-09-004,9,PROFIT,"Beneficio objetivo demostrable en el candidato, no garantizado por diseño","NP_signed = gross - costes; NP_prudent=NP_signed-reserve. Objetivo=MAX(min_usd,notional*(target+margin_bps/10000)); brecha=MAX(0,objetivo-NP_prudent). No ABS ni floor sobre PnL.",pre-execution,YES,CRITICAL,Optimizar tamaño/ruta/costes; recotizar hasta hallar candidato que cubra objetivo. No alterar datos para eliminar brecha.,Gas; slippage; competencia; revert; state drift,ESPECIFICADO,
MEV-09-004-I05,MEV-09-004,9,ATOMICITY,Repayment/finality obligations satisfied,if atomic: repay principal+fee in same atomic unit; else explicit inventory/finality exposure,simulation,YES,CRITICAL,Corregir deuda/allowance/callback o explicitar plan no atómico por dominio.,Gas; slippage; competencia; revert; state drift,ESPECIFICADO,
MEV-09-004-I06,MEV-09-004,9,EVIDENCE,Trazabilidad de datos y separación de simulación / resultado realizado,Antes: fixtures+simulación+versiones. Después: receipt/fills+ledger. Estado realizado requiere settlement; no exige 20 operaciones anteriores para implementar.,integración + después de settlement,YES,CRITICAL,Adjuntar evidencia correcta de esa etapa; no renombrar simulación como realizado.,Gas; slippage; competencia; revert; state drift,ESPECIFICADO,
MEV-09-005-I01,MEV-09-005,9,MODE,Mode/state semantics preserved,Comprobar clase y atomicidad declaradas: interfaces ejecutables + unidades y temporalidad consistentes. Un predicado literal TRUE no acredita implementación.,discovery + simulation,YES,CRITICAL,Completar predicado específico del detector/clase y su fixture.,Gas; slippage; competencia; revert; state drift,ESPECIFICADO,
MEV-09-005-I02,MEV-09-005,9,ACCOUNTING,All value flows conserved and all costs represented exactly once,Conservar unidades por activo: balances + aportes + borrow = outputs + repay + fees + residuales. No sumar cantidades de tokens distintos sin ledger/valoración.,simulation + reconciliation,YES,CRITICAL,Reconstruir flujos por activo y eliminar dobles conteos.,Gas; slippage; competencia; revert; state drift,ESPECIFICADO,
MEV-09-005-I03,MEV-09-005,9,SNAPSHOT,No invalid mixed-state comparison,all state bound to one snapshot/block unless strategy explicitly models non-atomic timing,discovery + quote,YES,CRITICAL,Actualizar snapshot y reconstruir cotización coherente por dominio.,Gas; slippage; competencia; revert; state drift,ESPECIFICADO,
MEV-09-005-I04,MEV-09-005,9,PROFIT,"Beneficio objetivo demostrable en el candidato, no garantizado por diseño","NP_signed = gross - costes; NP_prudent=NP_signed-reserve. Objetivo=MAX(min_usd,notional*(target+margin_bps/10000)); brecha=MAX(0,objetivo-NP_prudent). No ABS ni floor sobre PnL.",pre-execution,YES,CRITICAL,Optimizar tamaño/ruta/costes; recotizar hasta hallar candidato que cubra objetivo. No alterar datos para eliminar brecha.,Gas; slippage; competencia; revert; state drift,ESPECIFICADO,
MEV-09-005-I05,MEV-09-005,9,ATOMICITY,Repayment/finality obligations satisfied,if atomic: repay principal+fee in same atomic unit; else explicit inventory/finality exposure,simulation,YES,CRITICAL,Corregir deuda/allowance/callback o explicitar plan no atómico por dominio.,Gas; slippage; competencia; revert; state drift,ESPECIFICADO,
MEV-09-005-I06,MEV-09-005,9,EVIDENCE,Trazabilidad de datos y separación de simulación / resultado realizado,Antes: fixtures+simulación+versiones. Después: receipt/fills+ledger. Estado realizado requiere settlement; no exige 20 operaciones anteriores para implementar.,integración + después de settlement,YES,CRITICAL,Adjuntar evidencia correcta de esa etapa; no renombrar simulación como realizado.,Gas; slippage; competencia; revert; state drift,ESPECIFICADO,
MEV-09-006-I01,MEV-09-006,9,MODE,Mode/state semantics preserved,Comprobar clase y atomicidad declaradas: interfaces ejecutables + unidades y temporalidad consistentes. Un predicado literal TRUE no acredita implementación.,discovery + simulation,YES,CRITICAL,Completar predicado específico del detector/clase y su fixture.,Gas; slippage; competencia; revert; state drift,ESPECIFICADO,
MEV-09-006-I02,MEV-09-006,9,ACCOUNTING,All value flows conserved and all costs represented exactly once,Conservar unidades por activo: balances + aportes + borrow = outputs + repay + fees + residuales. No sumar cantidades de tokens distintos sin ledger/valoración.,simulation + reconciliation,YES,CRITICAL,Reconstruir flujos por activo y eliminar dobles conteos.,Gas; slippage; competencia; revert; state drift,ESPECIFICADO,
MEV-09-006-I03,MEV-09-006,9,SNAPSHOT,No invalid mixed-state comparison,all state bound to one snapshot/block unless strategy explicitly models non-atomic timing,discovery + quote,YES,CRITICAL,Actualizar snapshot y reconstruir cotización coherente por dominio.,Gas; slippage; competencia; revert; state drift,ESPECIFICADO,
MEV-09-006-I04,MEV-09-006,9,PROFIT,"Beneficio objetivo demostrable en el candidato, no garantizado por diseño","NP_signed = gross - costes; NP_prudent=NP_signed-reserve. Objetivo=MAX(min_usd,notional*(target+margin_bps/10000)); brecha=MAX(0,objetivo-NP_prudent). No ABS ni floor sobre PnL.",pre-execution,YES,CRITICAL,Optimizar tamaño/ruta/costes; recotizar hasta hallar candidato que cubra objetivo. No alterar datos para eliminar brecha.,Gas; slippage; competencia; revert; state drift,ESPECIFICADO,
MEV-09-006-I05,MEV-09-006,9,ATOMICITY,Repayment/finality obligations satisfied,if atomic: repay principal+fee in same atomic unit; else explicit inventory/finality exposure,simulation,YES,CRITICAL,Corregir deuda/allowance/callback o explicitar plan no atómico por dominio.,Gas; slippage; competencia; revert; state drift,ESPECIFICADO,
MEV-09-006-I06,MEV-09-006,9,EVIDENCE,Trazabilidad de datos y separación de simulación / resultado realizado,Antes: fixtures+simulación+versiones. Después: receipt/fills+ledger. Estado realizado requiere settlement; no exige 20 operaciones anteriores para implementar.,integración + después de settlement,YES,CRITICAL,Adjuntar evidencia correcta de esa etapa; no renombrar simulación como realizado.,Gas; slippage; competencia; revert; state drift,ESPECIFICADO,
MEV-09-007-I01,MEV-09-007,9,MODE,Mode/state semantics preserved,Comprobar clase y atomicidad declaradas: interfaces ejecutables + unidades y temporalidad consistentes. Un predicado literal TRUE no acredita implementación.,discovery + simulation,YES,CRITICAL,Completar predicado específico del detector/clase y su fixture.,Gas; slippage; competencia; revert; state drift,ESPECIFICADO,
MEV-09-007-I02,MEV-09-007,9,ACCOUNTING,All value flows conserved and all costs represented exactly once,Conservar unidades por activo: balances + aportes + borrow = outputs + repay + fees + residuales. No sumar cantidades de tokens distintos sin ledger/valoración.,simulation + reconciliation,YES,CRITICAL,Reconstruir flujos por activo y eliminar dobles conteos.,Gas; slippage; competencia; revert; state drift,ESPECIFICADO,
MEV-09-007-I03,MEV-09-007,9,SNAPSHOT,No invalid mixed-state comparison,all state bound to one snapshot/block unless strategy explicitly models non-atomic timing,discovery + quote,YES,CRITICAL,Actualizar snapshot y reconstruir cotización coherente por dominio.,Gas; slippage; competencia; revert; state drift,ESPECIFICADO,
MEV-09-007-I04,MEV-09-007,9,PROFIT,"Beneficio objetivo demostrable en el candidato, no garantizado por diseño","NP_signed = gross - costes; NP_prudent=NP_signed-reserve. Objetivo=MAX(min_usd,notional*(target+margin_bps/10000)); brecha=MAX(0,objetivo-NP_prudent). No ABS ni floor sobre PnL.",pre-execution,YES,CRITICAL,Optimizar tamaño/ruta/costes; recotizar hasta hallar candidato que cubra objetivo. No alterar datos para eliminar brecha.,Gas; slippage; competencia; revert; state drift,ESPECIFICADO,
MEV-09-007-I05,MEV-09-007,9,ATOMICITY,Repayment/finality obligations satisfied,if atomic: repay principal+fee in same atomic unit; else explicit inventory/finality exposure,simulation,YES,CRITICAL,Corregir deuda/allowance/callback o explicitar plan no atómico por dominio.,Gas; slippage; competencia; revert; state drift,ESPECIFICADO,
MEV-09-007-I06,MEV-09-007,9,EVIDENCE,Trazabilidad de datos y separación de simulación / resultado realizado,Antes: fixtures+simulación+versiones. Después: receipt/fills+ledger. Estado realizado requiere settlement; no exige 20 operaciones anteriores para implementar.,integración + después de settlement,YES,CRITICAL,Adjuntar evidencia correcta de esa etapa; no renombrar simulación como realizado.,Gas; slippage; competencia; revert; state drift,ESPECIFICADO,
MEV-09-008-I01,MEV-09-008,9,MODE,Mode/state semantics preserved,Comprobar clase y atomicidad declaradas: interfaces ejecutables + unidades y temporalidad consistentes. Un predicado literal TRUE no acredita implementación.,discovery + simulation,YES,CRITICAL,Completar predicado específico del detector/clase y su fixture.,Gas; slippage; competencia; revert; state drift,ESPECIFICADO,
MEV-09-008-I02,MEV-09-008,9,ACCOUNTING,All value flows conserved and all costs represented exactly once,Conservar unidades por activo: balances + aportes + borrow = outputs + repay + fees + residuales. No sumar cantidades de tokens distintos sin ledger/valoración.,simulation + reconciliation,YES,CRITICAL,Reconstruir flujos por activo y eliminar dobles conteos.,Gas; slippage; competencia; revert; state drift,ESPECIFICADO,
MEV-09-008-I03,MEV-09-008,9,SNAPSHOT,No invalid mixed-state comparison,all state bound to one snapshot/block unless strategy explicitly models non-atomic timing,discovery + quote,YES,CRITICAL,Actualizar snapshot y reconstruir cotización coherente por dominio.,Gas; slippage; competencia; revert; state drift,ESPECIFICADO,
MEV-09-008-I04,MEV-09-008,9,PROFIT,"Beneficio objetivo demostrable en el candidato, no garantizado por diseño","NP_signed = gross - costes; NP_prudent=NP_signed-reserve. Objetivo=MAX(min_usd,notional*(target+margin_bps/10000)); brecha=MAX(0,objetivo-NP_prudent). No ABS ni floor sobre PnL.",pre-execution,YES,CRITICAL,Optimizar tamaño/ruta/costes; recotizar hasta hallar candidato que cubra objetivo. No alterar datos para eliminar brecha.,Gas; slippage; competencia; revert; state drift,ESPECIFICADO,
MEV-09-008-I05,MEV-09-008,9,ATOMICITY,Repayment/finality obligations satisfied,if atomic: repay principal+fee in same atomic unit; else explicit inventory/finality exposure,simulation,YES,CRITICAL,Corregir deuda/allowance/callback o explicitar plan no atómico por dominio.,Gas; slippage; competencia; revert; state drift,ESPECIFICADO,
MEV-09-008-I06,MEV-09-008,9,EVIDENCE,Trazabilidad de datos y separación de simulación / resultado realizado,Antes: fixtures+simulación+versiones. Después: receipt/fills+ledger. Estado realizado requiere settlement; no exige 20 operaciones anteriores para implementar.,integración + después de settlement,YES,CRITICAL,Adjuntar evidencia correcta de esa etapa; no renombrar simulación como realizado.,Gas; slippage; competencia; revert; state drift,ESPECIFICADO,
MEV-09-009-I01,MEV-09-009,9,MODE,Mode/state semantics preserved,Comprobar clase y atomicidad declaradas: interfaces ejecutables + unidades y temporalidad consistentes. Un predicado literal TRUE no acredita implementación.,discovery + simulation,YES,CRITICAL,Completar predicado específico del detector/clase y su fixture.,Gas; slippage; competencia; revert; state drift,ESPECIFICADO,
MEV-09-009-I02,MEV-09-009,9,ACCOUNTING,All value flows conserved and all costs represented exactly once,Conservar unidades por activo: balances + aportes + borrow = outputs + repay + fees + residuales. No sumar cantidades de tokens distintos sin ledger/valoración.,simulation + reconciliation,YES,CRITICAL,Reconstruir flujos por activo y eliminar dobles conteos.,Gas; slippage; competencia; revert; state drift,ESPECIFICADO,
MEV-09-009-I03,MEV-09-009,9,SNAPSHOT,No invalid mixed-state comparison,all state bound to one snapshot/block unless strategy explicitly models non-atomic timing,discovery + quote,YES,CRITICAL,Actualizar snapshot y reconstruir cotización coherente por dominio.,Gas; slippage; competencia; revert; state drift,ESPECIFICADO,
MEV-09-009-I04,MEV-09-009,9,PROFIT,"Beneficio objetivo demostrable en el candidato, no garantizado por diseño","NP_signed = gross - costes; NP_prudent=NP_signed-reserve. Objetivo=MAX(min_usd,notional*(target+margin_bps/10000)); brecha=MAX(0,objetivo-NP_prudent). No ABS ni floor sobre PnL.",pre-execution,YES,CRITICAL,Optimizar tamaño/ruta/costes; recotizar hasta hallar candidato que cubra objetivo. No alterar datos para eliminar brecha.,Gas; slippage; competencia; revert; state drift,ESPECIFICADO,
MEV-09-009-I05,MEV-09-009,9,ATOMICITY,Repayment/finality obligations satisfied,if atomic: repay principal+fee in same atomic unit; else explicit inventory/finality exposure,simulation,YES,CRITICAL,Corregir deuda/allowance/callback o explicitar plan no atómico por dominio.,Gas; slippage; competencia; revert; state drift,ESPECIFICADO,
MEV-09-009-I06,MEV-09-009,9,EVIDENCE,Trazabilidad de datos y separación de simulación / resultado realizado,Antes: fixtures+simulación+versiones. Después: receipt/fills+ledger. Estado realizado requiere settlement; no exige 20 operaciones anteriores para implementar.,integración + después de settlement,YES,CRITICAL,Adjuntar evidencia correcta de esa etapa; no renombrar simulación como realizado.,Gas; slippage; competencia; revert; state drift,ESPECIFICADO,
MEV-09-010-I01,MEV-09-010,9,MODE,Mode/state semantics preserved,Comprobar clase y atomicidad declaradas: interfaces ejecutables + unidades y temporalidad consistentes. Un predicado literal TRUE no acredita implementación.,discovery + simulation,YES,CRITICAL,Completar predicado específico del detector/clase y su fixture.,Gas; slippage; competencia; revert; state drift,ESPECIFICADO,
MEV-09-010-I02,MEV-09-010,9,ACCOUNTING,All value flows conserved and all costs represented exactly once,Conservar unidades por activo: balances + aportes + borrow = outputs + repay + fees + residuales. No sumar cantidades de tokens distintos sin ledger/valoración.,simulation + reconciliation,YES,CRITICAL,Reconstruir flujos por activo y eliminar dobles conteos.,Gas; slippage; competencia; revert; state drift,ESPECIFICADO,
MEV-09-010-I03,MEV-09-010,9,SNAPSHOT,No invalid mixed-state comparison,all state bound to one snapshot/block unless strategy explicitly models non-atomic timing,discovery + quote,YES,CRITICAL,Actualizar snapshot y reconstruir cotización coherente por dominio.,Gas; slippage; competencia; revert; state drift,ESPECIFICADO,
MEV-09-010-I04,MEV-09-010,9,PROFIT,"Beneficio objetivo demostrable en el candidato, no garantizado por diseño","NP_signed = gross - costes; NP_prudent=NP_signed-reserve. Objetivo=MAX(min_usd,notional*(target+margin_bps/10000)); brecha=MAX(0,objetivo-NP_prudent). No ABS ni floor sobre PnL.",pre-execution,YES,CRITICAL,Optimizar tamaño/ruta/costes; recotizar hasta hallar candidato que cubra objetivo. No alterar datos para eliminar brecha.,Gas; slippage; competencia; revert; state drift,ESPECIFICADO,
MEV-09-010-I05,MEV-09-010,9,ATOMICITY,Repayment/finality obligations satisfied,if atomic: repay principal+fee in same atomic unit; else explicit inventory/finality exposure,simulation,YES,CRITICAL,Corregir deuda/allowance/callback o explicitar plan no atómico por dominio.,Gas; slippage; competencia; revert; state drift,ESPECIFICADO,
MEV-09-010-I06,MEV-09-010,9,EVIDENCE,Trazabilidad de datos y separación de simulación / resultado realizado,Antes: fixtures+simulación+versiones. Después: receipt/fills+ledger. Estado realizado requiere settlement; no exige 20 operaciones anteriores para implementar.,integración + después de settlement,YES,CRITICAL,Adjuntar evidencia correcta de esa etapa; no renombrar simulación como realizado.,Gas; slippage; competencia; revert; state drift,ESPECIFICADO,
MEV-09-011-I01,MEV-09-011,9,MODE,Mode/state semantics preserved,Comprobar clase y atomicidad declaradas: interfaces ejecutables + unidades y temporalidad consistentes. Un predicado literal TRUE no acredita implementación.,discovery + simulation,YES,CRITICAL,Completar predicado específico del detector/clase y su fixture.,Gas; slippage; competencia; revert; state drift,ESPECIFICADO,
MEV-09-011-I02,MEV-09-011,9,ACCOUNTING,All value flows conserved and all costs represented exactly once,Conservar unidades por activo: balances + aportes + borrow = outputs + repay + fees + residuales. No sumar cantidades de tokens distintos sin ledger/valoración.,simulation + reconciliation,YES,CRITICAL,Reconstruir flujos por activo y eliminar dobles conteos.,Gas; slippage; competencia; revert; state drift,ESPECIFICADO,
MEV-09-011-I03,MEV-09-011,9,SNAPSHOT,No invalid mixed-state comparison,all state bound to one snapshot/block unless strategy explicitly models non-atomic timing,discovery + quote,YES,CRITICAL,Actualizar snapshot y reconstruir cotización coherente por dominio.,Gas; slippage; competencia; revert; state drift,ESPECIFICADO,
MEV-09-011-I04,MEV-09-011,9,PROFIT,"Beneficio objetivo demostrable en el candidato, no garantizado por diseño","NP_signed = gross - costes; NP_prudent=NP_signed-reserve. Objetivo=MAX(min_usd,notional*(target+margin_bps/10000)); brecha=MAX(0,objetivo-NP_prudent). No ABS ni floor sobre PnL.",pre-execution,YES,CRITICAL,Optimizar tamaño/ruta/costes; recotizar hasta hallar candidato que cubra objetivo. No alterar datos para eliminar brecha.,Gas; slippage; competencia; revert; state drift,ESPECIFICADO,
MEV-09-011-I05,MEV-09-011,9,ATOMICITY,Repayment/finality obligations satisfied,if atomic: repay principal+fee in same atomic unit; else explicit inventory/finality exposure,simulation,YES,CRITICAL,Corregir deuda/allowance/callback o explicitar plan no atómico por dominio.,Gas; slippage; competencia; revert; state drift,ESPECIFICADO,
MEV-09-011-I06,MEV-09-011,9,EVIDENCE,Trazabilidad de datos y separación de simulación / resultado realizado,Antes: fixtures+simulación+versiones. Después: receipt/fills+ledger. Estado realizado requiere settlement; no exige 20 operaciones anteriores para implementar.,integración + después de settlement,YES,CRITICAL,Adjuntar evidencia correcta de esa etapa; no renombrar simulación como realizado.,Gas; slippage; competencia; revert; state drift,ESPECIFICADO,
MEV-09-012-I01,MEV-09-012,9,MODE,Mode/state semantics preserved,Comprobar clase y atomicidad declaradas: interfaces ejecutables + unidades y temporalidad consistentes. Un predicado literal TRUE no acredita implementación.,discovery + simulation,YES,CRITICAL,Completar predicado específico del detector/clase y su fixture.,Gas; slippage; competencia; revert; state drift,ESPECIFICADO,
MEV-09-012-I02,MEV-09-012,9,ACCOUNTING,All value flows conserved and all costs represented exactly once,Conservar unidades por activo: balances + aportes + borrow = outputs + repay + fees + residuales. No sumar cantidades de tokens distintos sin ledger/valoración.,simulation + reconciliation,YES,CRITICAL,Reconstruir flujos por activo y eliminar dobles conteos.,Gas; slippage; competencia; revert; state drift,ESPECIFICADO,
MEV-09-012-I03,MEV-09-012,9,SNAPSHOT,No invalid mixed-state comparison,all state bound to one snapshot/block unless strategy explicitly models non-atomic timing,discovery + quote,YES,CRITICAL,Actualizar snapshot y reconstruir cotización coherente por dominio.,Gas; slippage; competencia; revert; state drift,ESPECIFICADO,
MEV-09-012-I04,MEV-09-012,9,PROFIT,"Beneficio objetivo demostrable en el candidato, no garantizado por diseño","NP_signed = gross - costes; NP_prudent=NP_signed-reserve. Objetivo=MAX(min_usd,notional*(target+margin_bps/10000)); brecha=MAX(0,objetivo-NP_prudent). No ABS ni floor sobre PnL.",pre-execution,YES,CRITICAL,Optimizar tamaño/ruta/costes; recotizar hasta hallar candidato que cubra objetivo. No alterar datos para eliminar brecha.,Gas; slippage; competencia; revert; state drift,ESPECIFICADO,
MEV-09-012-I05,MEV-09-012,9,ATOMICITY,Repayment/finality obligations satisfied,if atomic: repay principal+fee in same atomic unit; else explicit inventory/finality exposure,simulation,YES,CRITICAL,Corregir deuda/allowance/callback o explicitar plan no atómico por dominio.,Gas; slippage; competencia; revert; state drift,ESPECIFICADO,
MEV-09-012-I06,MEV-09-012,9,EVIDENCE,Trazabilidad de datos y separación de simulación / resultado realizado,Antes: fixtures+simulación+versiones. Después: receipt/fills+ledger. Estado realizado requiere settlement; no exige 20 operaciones anteriores para implementar.,integración + después de settlement,YES,CRITICAL,Adjuntar evidencia correcta de esa etapa; no renombrar simulación como realizado.,Gas; slippage; competencia; revert; state drift,ESPECIFICADO,
MEV-09-013-I01,MEV-09-013,9,MODE,Mode/state semantics preserved,Comprobar clase y atomicidad declaradas: interfaces ejecutables + unidades y temporalidad consistentes. Un predicado literal TRUE no acredita implementación.,discovery + simulation,YES,CRITICAL,Completar predicado específico del detector/clase y su fixture.,Gas; slippage; competencia; revert; state drift,ESPECIFICADO,
MEV-09-013-I02,MEV-09-013,9,ACCOUNTING,All value flows conserved and all costs represented exactly once,Conservar unidades por activo: balances + aportes + borrow = outputs + repay + fees + residuales. No sumar cantidades de tokens distintos sin ledger/valoración.,simulation + reconciliation,YES,CRITICAL,Reconstruir flujos por activo y eliminar dobles conteos.,Gas; slippage; competencia; revert; state drift,ESPECIFICADO,
MEV-09-013-I03,MEV-09-013,9,SNAPSHOT,No invalid mixed-state comparison,all state bound to one snapshot/block unless strategy explicitly models non-atomic timing,discovery + quote,YES,CRITICAL,Actualizar snapshot y reconstruir cotización coherente por dominio.,Gas; slippage; competencia; revert; state drift,ESPECIFICADO,
MEV-09-013-I04,MEV-09-013,9,PROFIT,"Beneficio objetivo demostrable en el candidato, no garantizado por diseño","NP_signed = gross - costes; NP_prudent=NP_signed-reserve. Objetivo=MAX(min_usd,notional*(target+margin_bps/10000)); brecha=MAX(0,objetivo-NP_prudent). No ABS ni floor sobre PnL.",pre-execution,YES,CRITICAL,Optimizar tamaño/ruta/costes; recotizar hasta hallar candidato que cubra objetivo. No alterar datos para eliminar brecha.,Gas; slippage; competencia; revert; state drift,ESPECIFICADO,
MEV-09-013-I05,MEV-09-013,9,ATOMICITY,Repayment/finality obligations satisfied,if atomic: repay principal+fee in same atomic unit; else explicit inventory/finality exposure,simulation,YES,CRITICAL,Corregir deuda/allowance/callback o explicitar plan no atómico por dominio.,Gas; slippage; competencia; revert; state drift,ESPECIFICADO,
MEV-09-013-I06,MEV-09-013,9,EVIDENCE,Trazabilidad de datos y separación de simulación / resultado realizado,Antes: fixtures+simulación+versiones. Después: receipt/fills+ledger. Estado realizado requiere settlement; no exige 20 operaciones anteriores para implementar.,integración + después de settlement,YES,CRITICAL,Adjuntar evidencia correcta de esa etapa; no renombrar simulación como realizado.,Gas; slippage; competencia; revert; state drift,ESPECIFICADO,
MEV-09-014-I01,MEV-09-014,9,MODE,Mode/state semantics preserved,Comprobar clase y atomicidad declaradas: interfaces ejecutables + unidades y temporalidad consistentes. Un predicado literal TRUE no acredita implementación.,discovery + simulation,YES,CRITICAL,Completar predicado específico del detector/clase y su fixture.,Gas; slippage; competencia; revert; state drift,ESPECIFICADO,
MEV-09-014-I02,MEV-09-014,9,ACCOUNTING,All value flows conserved and all costs represented exactly once,Conservar unidades por activo: balances + aportes + borrow = outputs + repay + fees + residuales. No sumar cantidades de tokens distintos sin ledger/valoración.,simulation + reconciliation,YES,CRITICAL,Reconstruir flujos por activo y eliminar dobles conteos.,Gas; slippage; competencia; revert; state drift,ESPECIFICADO,
MEV-09-014-I03,MEV-09-014,9,SNAPSHOT,No invalid mixed-state comparison,all state bound to one snapshot/block unless strategy explicitly models non-atomic timing,discovery + quote,YES,CRITICAL,Actualizar snapshot y reconstruir cotización coherente por dominio.,Gas; slippage; competencia; revert; state drift,ESPECIFICADO,
MEV-09-014-I04,MEV-09-014,9,PROFIT,"Beneficio objetivo demostrable en el candidato, no garantizado por diseño","NP_signed = gross - costes; NP_prudent=NP_signed-reserve. Objetivo=MAX(min_usd,notional*(target+margin_bps/10000)); brecha=MAX(0,objetivo-NP_prudent). No ABS ni floor sobre PnL.",pre-execution,YES,CRITICAL,Optimizar tamaño/ruta/costes; recotizar hasta hallar candidato que cubra objetivo. No alterar datos para eliminar brecha.,Gas; slippage; competencia; revert; state drift,ESPECIFICADO,
MEV-09-014-I05,MEV-09-014,9,ATOMICITY,Repayment/finality obligations satisfied,if atomic: repay principal+fee in same atomic unit; else explicit inventory/finality exposure,simulation,YES,CRITICAL,Corregir deuda/allowance/callback o explicitar plan no atómico por dominio.,Gas; slippage; competencia; revert; state drift,ESPECIFICADO,
MEV-09-014-I06,MEV-09-014,9,EVIDENCE,Trazabilidad de datos y separación de simulación / resultado realizado,Antes: fixtures+simulación+versiones. Después: receipt/fills+ledger. Estado realizado requiere settlement; no exige 20 operaciones anteriores para implementar.,integración + después de settlement,YES,CRITICAL,Adjuntar evidencia correcta de esa etapa; no renombrar simulación como realizado.,Gas; slippage; competencia; revert; state drift,ESPECIFICADO,
MEV-09-015-I01,MEV-09-015,9,MODE,Mode/state semantics preserved,Comprobar clase y atomicidad declaradas: interfaces ejecutables + unidades y temporalidad consistentes. Un predicado literal TRUE no acredita implementación.,discovery + simulation,YES,CRITICAL,Completar predicado específico del detector/clase y su fixture.,Gas; slippage; competencia; revert; state drift,ESPECIFICADO,
MEV-09-015-I02,MEV-09-015,9,ACCOUNTING,All value flows conserved and all costs represented exactly once,Conservar unidades por activo: balances + aportes + borrow = outputs + repay + fees + residuales. No sumar cantidades de tokens distintos sin ledger/valoración.,simulation + reconciliation,YES,CRITICAL,Reconstruir flujos por activo y eliminar dobles conteos.,Gas; slippage; competencia; revert; state drift,ESPECIFICADO,
MEV-09-015-I03,MEV-09-015,9,SNAPSHOT,No invalid mixed-state comparison,all state bound to one snapshot/block unless strategy explicitly models non-atomic timing,discovery + quote,YES,CRITICAL,Actualizar snapshot y reconstruir cotización coherente por dominio.,Gas; slippage; competencia; revert; state drift,ESPECIFICADO,
MEV-09-015-I04,MEV-09-015,9,PROFIT,"Beneficio objetivo demostrable en el candidato, no garantizado por diseño","NP_signed = gross - costes; NP_prudent=NP_signed-reserve. Objetivo=MAX(min_usd,notional*(target+margin_bps/10000)); brecha=MAX(0,objetivo-NP_prudent). No ABS ni floor sobre PnL.",pre-execution,YES,CRITICAL,Optimizar tamaño/ruta/costes; recotizar hasta hallar candidato que cubra objetivo. No alterar datos para eliminar brecha.,Gas; slippage; competencia; revert; state drift,ESPECIFICADO,
MEV-09-015-I05,MEV-09-015,9,ATOMICITY,Repayment/finality obligations satisfied,if atomic: repay principal+fee in same atomic unit; else explicit inventory/finality exposure,simulation,YES,CRITICAL,Corregir deuda/allowance/callback o explicitar plan no atómico por dominio.,Gas; slippage; competencia; revert; state drift,ESPECIFICADO,
MEV-09-015-I06,MEV-09-015,9,EVIDENCE,Trazabilidad de datos y separación de simulación / resultado realizado,Antes: fixtures+simulación+versiones. Después: receipt/fills+ledger. Estado realizado requiere settlement; no exige 20 operaciones anteriores para implementar.,integración + después de settlement,YES,CRITICAL,Adjuntar evidencia correcta de esa etapa; no renombrar simulación como realizado.,Gas; slippage; competencia; revert; state drift,ESPECIFICADO,
MEV-09-016-I01,MEV-09-016,9,MODE,Mode/state semantics preserved,Comprobar clase y atomicidad declaradas: interfaces ejecutables + unidades y temporalidad consistentes. Un predicado literal TRUE no acredita implementación.,discovery + simulation,YES,CRITICAL,Completar predicado específico del detector/clase y su fixture.,Gas; slippage; competencia; revert; state drift,ESPECIFICADO,
MEV-09-016-I02,MEV-09-016,9,ACCOUNTING,All value flows conserved and all costs represented exactly once,Conservar unidades por activo: balances + aportes + borrow = outputs + repay + fees + residuales. No sumar cantidades de tokens distintos sin ledger/valoración.,simulation + reconciliation,YES,CRITICAL,Reconstruir flujos por activo y eliminar dobles conteos.,Gas; slippage; competencia; revert; state drift,ESPECIFICADO,
MEV-09-016-I03,MEV-09-016,9,SNAPSHOT,No invalid mixed-state comparison,all state bound to one snapshot/block unless strategy explicitly models non-atomic timing,discovery + quote,YES,CRITICAL,Actualizar snapshot y reconstruir cotización coherente por dominio.,Gas; slippage; competencia; revert; state drift,ESPECIFICADO,
MEV-09-016-I04,MEV-09-016,9,PROFIT,"Beneficio objetivo demostrable en el candidato, no garantizado por diseño","NP_signed = gross - costes; NP_prudent=NP_signed-reserve. Objetivo=MAX(min_usd,notional*(target+margin_bps/10000)); brecha=MAX(0,objetivo-NP_prudent). No ABS ni floor sobre PnL.",pre-execution,YES,CRITICAL,Optimizar tamaño/ruta/costes; recotizar hasta hallar candidato que cubra objetivo. No alterar datos para eliminar brecha.,Gas; slippage; competencia; revert; state drift,ESPECIFICADO,
MEV-09-016-I05,MEV-09-016,9,ATOMICITY,Repayment/finality obligations satisfied,if atomic: repay principal+fee in same atomic unit; else explicit inventory/finality exposure,simulation,YES,CRITICAL,Corregir deuda/allowance/callback o explicitar plan no atómico por dominio.,Gas; slippage; competencia; revert; state drift,ESPECIFICADO,
MEV-09-016-I06,MEV-09-016,9,EVIDENCE,Trazabilidad de datos y separación de simulación / resultado realizado,Antes: fixtures+simulación+versiones. Después: receipt/fills+ledger. Estado realizado requiere settlement; no exige 20 operaciones anteriores para implementar.,integración + después de settlement,YES,CRITICAL,Adjuntar evidencia correcta de esa etapa; no renombrar simulación como realizado.,Gas; slippage; competencia; revert; state drift,ESPECIFICADO,
MEV-09-017-I01,MEV-09-017,9,MODE,Mode/state semantics preserved,Comprobar clase y atomicidad declaradas: interfaces ejecutables + unidades y temporalidad consistentes. Un predicado literal TRUE no acredita implementación.,discovery + simulation,YES,CRITICAL,Completar predicado específico del detector/clase y su fixture.,Gas; slippage; competencia; revert; state drift,ESPECIFICADO,
MEV-09-017-I02,MEV-09-017,9,ACCOUNTING,All value flows conserved and all costs represented exactly once,Conservar unidades por activo: balances + aportes + borrow = outputs + repay + fees + residuales. No sumar cantidades de tokens distintos sin ledger/valoración.,simulation + reconciliation,YES,CRITICAL,Reconstruir flujos por activo y eliminar dobles conteos.,Gas; slippage; competencia; revert; state drift,ESPECIFICADO,
MEV-09-017-I03,MEV-09-017,9,SNAPSHOT,No invalid mixed-state comparison,all state bound to one snapshot/block unless strategy explicitly models non-atomic timing,discovery + quote,YES,CRITICAL,Actualizar snapshot y reconstruir cotización coherente por dominio.,Gas; slippage; competencia; revert; state drift,ESPECIFICADO,
MEV-09-017-I04,MEV-09-017,9,PROFIT,"Beneficio objetivo demostrable en el candidato, no garantizado por diseño","NP_signed = gross - costes; NP_prudent=NP_signed-reserve. Objetivo=MAX(min_usd,notional*(target+margin_bps/10000)); brecha=MAX(0,objetivo-NP_prudent). No ABS ni floor sobre PnL.",pre-execution,YES,CRITICAL,Optimizar tamaño/ruta/costes; recotizar hasta hallar candidato que cubra objetivo. No alterar datos para eliminar brecha.,Gas; slippage; competencia; revert; state drift,ESPECIFICADO,
MEV-09-017-I05,MEV-09-017,9,ATOMICITY,Repayment/finality obligations satisfied,if atomic: repay principal+fee in same atomic unit; else explicit inventory/finality exposure,simulation,YES,CRITICAL,Corregir deuda/allowance/callback o explicitar plan no atómico por dominio.,Gas; slippage; competencia; revert; state drift,ESPECIFICADO,
MEV-09-017-I06,MEV-09-017,9,EVIDENCE,Trazabilidad de datos y separación de simulación / resultado realizado,Antes: fixtures+simulación+versiones. Después: receipt/fills+ledger. Estado realizado requiere settlement; no exige 20 operaciones anteriores para implementar.,integración + después de settlement,YES,CRITICAL,Adjuntar evidencia correcta de esa etapa; no renombrar simulación como realizado.,Gas; slippage; competencia; revert; state drift,ESPECIFICADO,
MEV-09-018-I01,MEV-09-018,9,MODE,Mode/state semantics preserved,Comprobar clase y atomicidad declaradas: interfaces ejecutables + unidades y temporalidad consistentes. Un predicado literal TRUE no acredita implementación.,discovery + simulation,YES,CRITICAL,Completar predicado específico del detector/clase y su fixture.,Gas; slippage; competencia; revert; state drift,ESPECIFICADO,
MEV-09-018-I02,MEV-09-018,9,ACCOUNTING,All value flows conserved and all costs represented exactly once,Conservar unidades por activo: balances + aportes + borrow = outputs + repay + fees + residuales. No sumar cantidades de tokens distintos sin ledger/valoración.,simulation + reconciliation,YES,CRITICAL,Reconstruir flujos por activo y eliminar dobles conteos.,Gas; slippage; competencia; revert; state drift,ESPECIFICADO,
MEV-09-018-I03,MEV-09-018,9,SNAPSHOT,No invalid mixed-state comparison,all state bound to one snapshot/block unless strategy explicitly models non-atomic timing,discovery + quote,YES,CRITICAL,Actualizar snapshot y reconstruir cotización coherente por dominio.,Gas; slippage; competencia; revert; state drift,ESPECIFICADO,
MEV-09-018-I04,MEV-09-018,9,PROFIT,"Beneficio objetivo demostrable en el candidato, no garantizado por diseño","NP_signed = gross - costes; NP_prudent=NP_signed-reserve. Objetivo=MAX(min_usd,notional*(target+margin_bps/10000)); brecha=MAX(0,objetivo-NP_prudent). No ABS ni floor sobre PnL.",pre-execution,YES,CRITICAL,Optimizar tamaño/ruta/costes; recotizar hasta hallar candidato que cubra objetivo. No alterar datos para eliminar brecha.,Gas; slippage; competencia; revert; state drift,ESPECIFICADO,
MEV-09-018-I05,MEV-09-018,9,ATOMICITY,Repayment/finality obligations satisfied,if atomic: repay principal+fee in same atomic unit; else explicit inventory/finality exposure,simulation,YES,CRITICAL,Corregir deuda/allowance/callback o explicitar plan no atómico por dominio.,Gas; slippage; competencia; revert; state drift,ESPECIFICADO,
MEV-09-018-I06,MEV-09-018,9,EVIDENCE,Trazabilidad de datos y separación de simulación / resultado realizado,Antes: fixtures+simulación+versiones. Después: receipt/fills+ledger. Estado realizado requiere settlement; no exige 20 operaciones anteriores para implementar.,integración + después de settlement,YES,CRITICAL,Adjuntar evidencia correcta de esa etapa; no renombrar simulación como realizado.,Gas; slippage; competencia; revert; state drift,ESPECIFICADO,
MEV-09-019-I01,MEV-09-019,9,MODE,Mode/state semantics preserved,Comprobar clase y atomicidad declaradas: interfaces ejecutables + unidades y temporalidad consistentes. Un predicado literal TRUE no acredita implementación.,discovery + simulation,YES,CRITICAL,Completar predicado específico del detector/clase y su fixture.,Gas; slippage; competencia; revert; state drift,ESPECIFICADO,
MEV-09-019-I02,MEV-09-019,9,ACCOUNTING,All value flows conserved and all costs represented exactly once,Conservar unidades por activo: balances + aportes + borrow = outputs + repay + fees + residuales. No sumar cantidades de tokens distintos sin ledger/valoración.,simulation + reconciliation,YES,CRITICAL,Reconstruir flujos por activo y eliminar dobles conteos.,Gas; slippage; competencia; revert; state drift,ESPECIFICADO,
MEV-09-019-I03,MEV-09-019,9,SNAPSHOT,No invalid mixed-state comparison,all state bound to one snapshot/block unless strategy explicitly models non-atomic timing,discovery + quote,YES,CRITICAL,Actualizar snapshot y reconstruir cotización coherente por dominio.,Gas; slippage; competencia; revert; state drift,ESPECIFICADO,
MEV-09-019-I04,MEV-09-019,9,PROFIT,"Beneficio objetivo demostrable en el candidato, no garantizado por diseño","NP_signed = gross - costes; NP_prudent=NP_signed-reserve. Objetivo=MAX(min_usd,notional*(target+margin_bps/10000)); brecha=MAX(0,objetivo-NP_prudent). No ABS ni floor sobre PnL.",pre-execution,YES,CRITICAL,Optimizar tamaño/ruta/costes; recotizar hasta hallar candidato que cubra objetivo. No alterar datos para eliminar brecha.,Gas; slippage; competencia; revert; state drift,ESPECIFICADO,
MEV-09-019-I05,MEV-09-019,9,ATOMICITY,Repayment/finality obligations satisfied,if atomic: repay principal+fee in same atomic unit; else explicit inventory/finality exposure,simulation,YES,CRITICAL,Corregir deuda/allowance/callback o explicitar plan no atómico por dominio.,Gas; slippage; competencia; revert; state drift,ESPECIFICADO,
MEV-09-019-I06,MEV-09-019,9,EVIDENCE,Trazabilidad de datos y separación de simulación / resultado realizado,Antes: fixtures+simulación+versiones. Después: receipt/fills+ledger. Estado realizado requiere settlement; no exige 20 operaciones anteriores para implementar.,integración + después de settlement,YES,CRITICAL,Adjuntar evidencia correcta de esa etapa; no renombrar simulación como realizado.,Gas; slippage; competencia; revert; state drift,ESPECIFICADO,
MEV-09-020-I01,MEV-09-020,9,MODE,Mode/state semantics preserved,Comprobar clase y atomicidad declaradas: interfaces ejecutables + unidades y temporalidad consistentes. Un predicado literal TRUE no acredita implementación.,discovery + simulation,YES,CRITICAL,Completar predicado específico del detector/clase y su fixture.,Gas; slippage; competencia; revert; state drift,ESPECIFICADO,
MEV-09-020-I02,MEV-09-020,9,ACCOUNTING,All value flows conserved and all costs represented exactly once,Conservar unidades por activo: balances + aportes + borrow = outputs + repay + fees + residuales. No sumar cantidades de tokens distintos sin ledger/valoración.,simulation + reconciliation,YES,CRITICAL,Reconstruir flujos por activo y eliminar dobles conteos.,Gas; slippage; competencia; revert; state drift,ESPECIFICADO,
MEV-09-020-I03,MEV-09-020,9,SNAPSHOT,No invalid mixed-state comparison,all state bound to one snapshot/block unless strategy explicitly models non-atomic timing,discovery + quote,YES,CRITICAL,Actualizar snapshot y reconstruir cotización coherente por dominio.,Gas; slippage; competencia; revert; state drift,ESPECIFICADO,
MEV-09-020-I04,MEV-09-020,9,PROFIT,"Beneficio objetivo demostrable en el candidato, no garantizado por diseño","NP_signed = gross - costes; NP_prudent=NP_signed-reserve. Objetivo=MAX(min_usd,notional*(target+margin_bps/10000)); brecha=MAX(0,objetivo-NP_prudent). No ABS ni floor sobre PnL.",pre-execution,YES,CRITICAL,Optimizar tamaño/ruta/costes; recotizar hasta hallar candidato que cubra objetivo. No alterar datos para eliminar brecha.,Gas; slippage; competencia; revert; state drift,ESPECIFICADO,
MEV-09-020-I05,MEV-09-020,9,ATOMICITY,Repayment/finality obligations satisfied,if atomic: repay principal+fee in same atomic unit; else explicit inventory/finality exposure,simulation,YES,CRITICAL,Corregir deuda/allowance/callback o explicitar plan no atómico por dominio.,Gas; slippage; competencia; revert; state drift,ESPECIFICADO,
MEV-09-020-I06,MEV-09-020,9,EVIDENCE,Trazabilidad de datos y separación de simulación / resultado realizado,Antes: fixtures+simulación+versiones. Después: receipt/fills+ledger. Estado realizado requiere settlement; no exige 20 operaciones anteriores para implementar.,integración + después de settlement,YES,CRITICAL,Adjuntar evidencia correcta de esa etapa; no renombrar simulación como realizado.,Gas; slippage; competencia; revert; state drift,ESPECIFICADO,
MEV-10-001-I01,MEV-10-001,10,MODE,Mode/state semantics preserved,Comprobar clase y atomicidad declaradas: interfaces ejecutables + unidades y temporalidad consistentes. Un predicado literal TRUE no acredita implementación.,discovery + simulation,YES,CRITICAL,Completar predicado específico del detector/clase y su fixture.,Gas; slippage; competencia; revert; state drift,ESPECIFICADO,
MEV-10-001-I02,MEV-10-001,10,ACCOUNTING,All value flows conserved and all costs represented exactly once,Conservar unidades por activo: balances + aportes + borrow = outputs + repay + fees + residuales. No sumar cantidades de tokens distintos sin ledger/valoración.,simulation + reconciliation,YES,CRITICAL,Reconstruir flujos por activo y eliminar dobles conteos.,Gas; slippage; competencia; revert; state drift,ESPECIFICADO,
MEV-10-001-I03,MEV-10-001,10,SNAPSHOT,No invalid mixed-state comparison,all state bound to one snapshot/block unless strategy explicitly models non-atomic timing,discovery + quote,YES,CRITICAL,Actualizar snapshot y reconstruir cotización coherente por dominio.,Gas; slippage; competencia; revert; state drift,ESPECIFICADO,
MEV-10-001-I04,MEV-10-001,10,PROFIT,"Beneficio objetivo demostrable en el candidato, no garantizado por diseño","NP_signed = gross - costes; NP_prudent=NP_signed-reserve. Objetivo=MAX(min_usd,notional*(target+margin_bps/10000)); brecha=MAX(0,objetivo-NP_prudent). No ABS ni floor sobre PnL.",pre-execution,YES,CRITICAL,Optimizar tamaño/ruta/costes; recotizar hasta hallar candidato que cubra objetivo. No alterar datos para eliminar brecha.,Gas; slippage; competencia; revert; state drift,ESPECIFICADO,
MEV-10-001-I05,MEV-10-001,10,ATOMICITY,Repayment/finality obligations satisfied,if atomic: repay principal+fee in same atomic unit; else explicit inventory/finality exposure,simulation,YES,CRITICAL,Corregir deuda/allowance/callback o explicitar plan no atómico por dominio.,Gas; slippage; competencia; revert; state drift,ESPECIFICADO,
MEV-10-001-I06,MEV-10-001,10,EVIDENCE,Trazabilidad de datos y separación de simulación / resultado realizado,Antes: fixtures+simulación+versiones. Después: receipt/fills+ledger. Estado realizado requiere settlement; no exige 20 operaciones anteriores para implementar.,integración + después de settlement,YES,CRITICAL,Adjuntar evidencia correcta de esa etapa; no renombrar simulación como realizado.,Gas; slippage; competencia; revert; state drift,ESPECIFICADO,
MEV-10-002-I01,MEV-10-002,10,MODE,Mode/state semantics preserved,Comprobar clase y atomicidad declaradas: interfaces ejecutables + unidades y temporalidad consistentes. Un predicado literal TRUE no acredita implementación.,discovery + simulation,YES,CRITICAL,Completar predicado específico del detector/clase y su fixture.,Gas; slippage; competencia; revert; state drift,ESPECIFICADO,
MEV-10-002-I02,MEV-10-002,10,ACCOUNTING,All value flows conserved and all costs represented exactly once,Conservar unidades por activo: balances + aportes + borrow = outputs + repay + fees + residuales. No sumar cantidades de tokens distintos sin ledger/valoración.,simulation + reconciliation,YES,CRITICAL,Reconstruir flujos por activo y eliminar dobles conteos.,Gas; slippage; competencia; revert; state drift,ESPECIFICADO,
MEV-10-002-I03,MEV-10-002,10,SNAPSHOT,No invalid mixed-state comparison,all state bound to one snapshot/block unless strategy explicitly models non-atomic timing,discovery + quote,YES,CRITICAL,Actualizar snapshot y reconstruir cotización coherente por dominio.,Gas; slippage; competencia; revert; state drift,ESPECIFICADO,
MEV-10-002-I04,MEV-10-002,10,PROFIT,"Beneficio objetivo demostrable en el candidato, no garantizado por diseño","NP_signed = gross - costes; NP_prudent=NP_signed-reserve. Objetivo=MAX(min_usd,notional*(target+margin_bps/10000)); brecha=MAX(0,objetivo-NP_prudent). No ABS ni floor sobre PnL.",pre-execution,YES,CRITICAL,Optimizar tamaño/ruta/costes; recotizar hasta hallar candidato que cubra objetivo. No alterar datos para eliminar brecha.,Gas; slippage; competencia; revert; state drift,ESPECIFICADO,
MEV-10-002-I05,MEV-10-002,10,ATOMICITY,Repayment/finality obligations satisfied,if atomic: repay principal+fee in same atomic unit; else explicit inventory/finality exposure,simulation,YES,CRITICAL,Corregir deuda/allowance/callback o explicitar plan no atómico por dominio.,Gas; slippage; competencia; revert; state drift,ESPECIFICADO,
MEV-10-002-I06,MEV-10-002,10,EVIDENCE,Trazabilidad de datos y separación de simulación / resultado realizado,Antes: fixtures+simulación+versiones. Después: receipt/fills+ledger. Estado realizado requiere settlement; no exige 20 operaciones anteriores para implementar.,integración + después de settlement,YES,CRITICAL,Adjuntar evidencia correcta de esa etapa; no renombrar simulación como realizado.,Gas; slippage; competencia; revert; state drift,ESPECIFICADO,
MEV-10-003-I01,MEV-10-003,10,MODE,Mode/state semantics preserved,Comprobar clase y atomicidad declaradas: interfaces ejecutables + unidades y temporalidad consistentes. Un predicado literal TRUE no acredita implementación.,discovery + simulation,YES,CRITICAL,Completar predicado específico del detector/clase y su fixture.,Gas; slippage; competencia; revert; state drift,ESPECIFICADO,
MEV-10-003-I02,MEV-10-003,10,ACCOUNTING,All value flows conserved and all costs represented exactly once,Conservar unidades por activo: balances + aportes + borrow = outputs + repay + fees + residuales. No sumar cantidades de tokens distintos sin ledger/valoración.,simulation + reconciliation,YES,CRITICAL,Reconstruir flujos por activo y eliminar dobles conteos.,Gas; slippage; competencia; revert; state drift,ESPECIFICADO,
MEV-10-003-I03,MEV-10-003,10,SNAPSHOT,No invalid mixed-state comparison,all state bound to one snapshot/block unless strategy explicitly models non-atomic timing,discovery + quote,YES,CRITICAL,Actualizar snapshot y reconstruir cotización coherente por dominio.,Gas; slippage; competencia; revert; state drift,ESPECIFICADO,
MEV-10-003-I04,MEV-10-003,10,PROFIT,"Beneficio objetivo demostrable en el candidato, no garantizado por diseño","NP_signed = gross - costes; NP_prudent=NP_signed-reserve. Objetivo=MAX(min_usd,notional*(target+margin_bps/10000)); brecha=MAX(0,objetivo-NP_prudent). No ABS ni floor sobre PnL.",pre-execution,YES,CRITICAL,Optimizar tamaño/ruta/costes; recotizar hasta hallar candidato que cubra objetivo. No alterar datos para eliminar brecha.,Gas; slippage; competencia; revert; state drift,ESPECIFICADO,
MEV-10-003-I05,MEV-10-003,10,ATOMICITY,Repayment/finality obligations satisfied,if atomic: repay principal+fee in same atomic unit; else explicit inventory/finality exposure,simulation,YES,CRITICAL,Corregir deuda/allowance/callback o explicitar plan no atómico por dominio.,Gas; slippage; competencia; revert; state drift,ESPECIFICADO,
MEV-10-003-I06,MEV-10-003,10,EVIDENCE,Trazabilidad de datos y separación de simulación / resultado realizado,Antes: fixtures+simulación+versiones. Después: receipt/fills+ledger. Estado realizado requiere settlement; no exige 20 operaciones anteriores para implementar.,integración + después de settlement,YES,CRITICAL,Adjuntar evidencia correcta de esa etapa; no renombrar simulación como realizado.,Gas; slippage; competencia; revert; state drift,ESPECIFICADO,
MEV-10-004-I01,MEV-10-004,10,MODE,Mode/state semantics preserved,Comprobar clase y atomicidad declaradas: interfaces ejecutables + unidades y temporalidad consistentes. Un predicado literal TRUE no acredita implementación.,discovery + simulation,YES,CRITICAL,Completar predicado específico del detector/clase y su fixture.,Gas; slippage; competencia; revert; state drift,ESPECIFICADO,
MEV-10-004-I02,MEV-10-004,10,ACCOUNTING,All value flows conserved and all costs represented exactly once,Conservar unidades por activo: balances + aportes + borrow = outputs + repay + fees + residuales. No sumar cantidades de tokens distintos sin ledger/valoración.,simulation + reconciliation,YES,CRITICAL,Reconstruir flujos por activo y eliminar dobles conteos.,Gas; slippage; competencia; revert; state drift,ESPECIFICADO,
MEV-10-004-I03,MEV-10-004,10,SNAPSHOT,No invalid mixed-state comparison,all state bound to one snapshot/block unless strategy explicitly models non-atomic timing,discovery + quote,YES,CRITICAL,Actualizar snapshot y reconstruir cotización coherente por dominio.,Gas; slippage; competencia; revert; state drift,ESPECIFICADO,
MEV-10-004-I04,MEV-10-004,10,PROFIT,"Beneficio objetivo demostrable en el candidato, no garantizado por diseño","NP_signed = gross - costes; NP_prudent=NP_signed-reserve. Objetivo=MAX(min_usd,notional*(target+margin_bps/10000)); brecha=MAX(0,objetivo-NP_prudent). No ABS ni floor sobre PnL.",pre-execution,YES,CRITICAL,Optimizar tamaño/ruta/costes; recotizar hasta hallar candidato que cubra objetivo. No alterar datos para eliminar brecha.,Gas; slippage; competencia; revert; state drift,ESPECIFICADO,
MEV-10-004-I05,MEV-10-004,10,ATOMICITY,Repayment/finality obligations satisfied,if atomic: repay principal+fee in same atomic unit; else explicit inventory/finality exposure,simulation,YES,CRITICAL,Corregir deuda/allowance/callback o explicitar plan no atómico por dominio.,Gas; slippage; competencia; revert; state drift,ESPECIFICADO,
MEV-10-004-I06,MEV-10-004,10,EVIDENCE,Trazabilidad de datos y separación de simulación / resultado realizado,Antes: fixtures+simulación+versiones. Después: receipt/fills+ledger. Estado realizado requiere settlement; no exige 20 operaciones anteriores para implementar.,integración + después de settlement,YES,CRITICAL,Adjuntar evidencia correcta de esa etapa; no renombrar simulación como realizado.,Gas; slippage; competencia; revert; state drift,ESPECIFICADO,
MEV-10-005-I01,MEV-10-005,10,MODE,Mode/state semantics preserved,Comprobar clase y atomicidad declaradas: interfaces ejecutables + unidades y temporalidad consistentes. Un predicado literal TRUE no acredita implementación.,discovery + simulation,YES,CRITICAL,Completar predicado específico del detector/clase y su fixture.,Gas; slippage; competencia; revert; state drift,ESPECIFICADO,
MEV-10-005-I02,MEV-10-005,10,ACCOUNTING,All value flows conserved and all costs represented exactly once,Conservar unidades por activo: balances + aportes + borrow = outputs + repay + fees + residuales. No sumar cantidades de tokens distintos sin ledger/valoración.,simulation + reconciliation,YES,CRITICAL,Reconstruir flujos por activo y eliminar dobles conteos.,Gas; slippage; competencia; revert; state drift,ESPECIFICADO,
MEV-10-005-I03,MEV-10-005,10,SNAPSHOT,No invalid mixed-state comparison,all state bound to one snapshot/block unless strategy explicitly models non-atomic timing,discovery + quote,YES,CRITICAL,Actualizar snapshot y reconstruir cotización coherente por dominio.,Gas; slippage; competencia; revert; state drift,ESPECIFICADO,
MEV-10-005-I04,MEV-10-005,10,PROFIT,"Beneficio objetivo demostrable en el candidato, no garantizado por diseño","NP_signed = gross - costes; NP_prudent=NP_signed-reserve. Objetivo=MAX(min_usd,notional*(target+margin_bps/10000)); brecha=MAX(0,objetivo-NP_prudent). No ABS ni floor sobre PnL.",pre-execution,YES,CRITICAL,Optimizar tamaño/ruta/costes; recotizar hasta hallar candidato que cubra objetivo. No alterar datos para eliminar brecha.,Gas; slippage; competencia; revert; state drift,ESPECIFICADO,
MEV-10-005-I05,MEV-10-005,10,ATOMICITY,Repayment/finality obligations satisfied,if atomic: repay principal+fee in same atomic unit; else explicit inventory/finality exposure,simulation,YES,CRITICAL,Corregir deuda/allowance/callback o explicitar plan no atómico por dominio.,Gas; slippage; competencia; revert; state drift,ESPECIFICADO,
MEV-10-005-I06,MEV-10-005,10,EVIDENCE,Trazabilidad de datos y separación de simulación / resultado realizado,Antes: fixtures+simulación+versiones. Después: receipt/fills+ledger. Estado realizado requiere settlement; no exige 20 operaciones anteriores para implementar.,integración + después de settlement,YES,CRITICAL,Adjuntar evidencia correcta de esa etapa; no renombrar simulación como realizado.,Gas; slippage; competencia; revert; state drift,ESPECIFICADO,
MEV-10-006-I01,MEV-10-006,10,MODE,Mode/state semantics preserved,Comprobar clase y atomicidad declaradas: interfaces ejecutables + unidades y temporalidad consistentes. Un predicado literal TRUE no acredita implementación.,discovery + simulation,YES,CRITICAL,Completar predicado específico del detector/clase y su fixture.,Gas; slippage; competencia; revert; state drift,ESPECIFICADO,
MEV-10-006-I02,MEV-10-006,10,ACCOUNTING,All value flows conserved and all costs represented exactly once,Conservar unidades por activo: balances + aportes + borrow = outputs + repay + fees + residuales. No sumar cantidades de tokens distintos sin ledger/valoración.,simulation + reconciliation,YES,CRITICAL,Reconstruir flujos por activo y eliminar dobles conteos.,Gas; slippage; competencia; revert; state drift,ESPECIFICADO,
MEV-10-006-I03,MEV-10-006,10,SNAPSHOT,No invalid mixed-state comparison,all state bound to one snapshot/block unless strategy explicitly models non-atomic timing,discovery + quote,YES,CRITICAL,Actualizar snapshot y reconstruir cotización coherente por dominio.,Gas; slippage; competencia; revert; state drift,ESPECIFICADO,
MEV-10-006-I04,MEV-10-006,10,PROFIT,"Beneficio objetivo demostrable en el candidato, no garantizado por diseño","NP_signed = gross - costes; NP_prudent=NP_signed-reserve. Objetivo=MAX(min_usd,notional*(target+margin_bps/10000)); brecha=MAX(0,objetivo-NP_prudent). No ABS ni floor sobre PnL.",pre-execution,YES,CRITICAL,Optimizar tamaño/ruta/costes; recotizar hasta hallar candidato que cubra objetivo. No alterar datos para eliminar brecha.,Gas; slippage; competencia; revert; state drift,ESPECIFICADO,
MEV-10-006-I05,MEV-10-006,10,ATOMICITY,Repayment/finality obligations satisfied,if atomic: repay principal+fee in same atomic unit; else explicit inventory/finality exposure,simulation,YES,CRITICAL,Corregir deuda/allowance/callback o explicitar plan no atómico por dominio.,Gas; slippage; competencia; revert; state drift,ESPECIFICADO,
MEV-10-006-I06,MEV-10-006,10,EVIDENCE,Trazabilidad de datos y separación de simulación / resultado realizado,Antes: fixtures+simulación+versiones. Después: receipt/fills+ledger. Estado realizado requiere settlement; no exige 20 operaciones anteriores para implementar.,integración + después de settlement,YES,CRITICAL,Adjuntar evidencia correcta de esa etapa; no renombrar simulación como realizado.,Gas; slippage; competencia; revert; state drift,ESPECIFICADO,
MEV-10-007-I01,MEV-10-007,10,MODE,Mode/state semantics preserved,Comprobar clase y atomicidad declaradas: interfaces ejecutables + unidades y temporalidad consistentes. Un predicado literal TRUE no acredita implementación.,discovery + simulation,YES,CRITICAL,Completar predicado específico del detector/clase y su fixture.,Gas; slippage; competencia; revert; state drift,ESPECIFICADO,
MEV-10-007-I02,MEV-10-007,10,ACCOUNTING,All value flows conserved and all costs represented exactly once,Conservar unidades por activo: balances + aportes + borrow = outputs + repay + fees + residuales. No sumar cantidades de tokens distintos sin ledger/valoración.,simulation + reconciliation,YES,CRITICAL,Reconstruir flujos por activo y eliminar dobles conteos.,Gas; slippage; competencia; revert; state drift,ESPECIFICADO,
MEV-10-007-I03,MEV-10-007,10,SNAPSHOT,No invalid mixed-state comparison,all state bound to one snapshot/block unless strategy explicitly models non-atomic timing,discovery + quote,YES,CRITICAL,Actualizar snapshot y reconstruir cotización coherente por dominio.,Gas; slippage; competencia; revert; state drift,ESPECIFICADO,
MEV-10-007-I04,MEV-10-007,10,PROFIT,"Beneficio objetivo demostrable en el candidato, no garantizado por diseño","NP_signed = gross - costes; NP_prudent=NP_signed-reserve. Objetivo=MAX(min_usd,notional*(target+margin_bps/10000)); brecha=MAX(0,objetivo-NP_prudent). No ABS ni floor sobre PnL.",pre-execution,YES,CRITICAL,Optimizar tamaño/ruta/costes; recotizar hasta hallar candidato que cubra objetivo. No alterar datos para eliminar brecha.,Gas; slippage; competencia; revert; state drift,ESPECIFICADO,
MEV-10-007-I05,MEV-10-007,10,ATOMICITY,Repayment/finality obligations satisfied,if atomic: repay principal+fee in same atomic unit; else explicit inventory/finality exposure,simulation,YES,CRITICAL,Corregir deuda/allowance/callback o explicitar plan no atómico por dominio.,Gas; slippage; competencia; revert; state drift,ESPECIFICADO,
MEV-10-007-I06,MEV-10-007,10,EVIDENCE,Trazabilidad de datos y separación de simulación / resultado realizado,Antes: fixtures+simulación+versiones. Después: receipt/fills+ledger. Estado realizado requiere settlement; no exige 20 operaciones anteriores para implementar.,integración + después de settlement,YES,CRITICAL,Adjuntar evidencia correcta de esa etapa; no renombrar simulación como realizado.,Gas; slippage; competencia; revert; state drift,ESPECIFICADO,
MEV-10-008-I01,MEV-10-008,10,MODE,Mode/state semantics preserved,Comprobar clase y atomicidad declaradas: interfaces ejecutables + unidades y temporalidad consistentes. Un predicado literal TRUE no acredita implementación.,discovery + simulation,YES,CRITICAL,Completar predicado específico del detector/clase y su fixture.,Gas; slippage; competencia; revert; state drift,ESPECIFICADO,
MEV-10-008-I02,MEV-10-008,10,ACCOUNTING,All value flows conserved and all costs represented exactly once,Conservar unidades por activo: balances + aportes + borrow = outputs + repay + fees + residuales. No sumar cantidades de tokens distintos sin ledger/valoración.,simulation + reconciliation,YES,CRITICAL,Reconstruir flujos por activo y eliminar dobles conteos.,Gas; slippage; competencia; revert; state drift,ESPECIFICADO,
MEV-10-008-I03,MEV-10-008,10,SNAPSHOT,No invalid mixed-state comparison,all state bound to one snapshot/block unless strategy explicitly models non-atomic timing,discovery + quote,YES,CRITICAL,Actualizar snapshot y reconstruir cotización coherente por dominio.,Gas; slippage; competencia; revert; state drift,ESPECIFICADO,
MEV-10-008-I04,MEV-10-008,10,PROFIT,"Beneficio objetivo demostrable en el candidato, no garantizado por diseño","NP_signed = gross - costes; NP_prudent=NP_signed-reserve. Objetivo=MAX(min_usd,notional*(target+margin_bps/10000)); brecha=MAX(0,objetivo-NP_prudent). No ABS ni floor sobre PnL.",pre-execution,YES,CRITICAL,Optimizar tamaño/ruta/costes; recotizar hasta hallar candidato que cubra objetivo. No alterar datos para eliminar brecha.,Gas; slippage; competencia; revert; state drift,ESPECIFICADO,
MEV-10-008-I05,MEV-10-008,10,ATOMICITY,Repayment/finality obligations satisfied,if atomic: repay principal+fee in same atomic unit; else explicit inventory/finality exposure,simulation,YES,CRITICAL,Corregir deuda/allowance/callback o explicitar plan no atómico por dominio.,Gas; slippage; competencia; revert; state drift,ESPECIFICADO,
MEV-10-008-I06,MEV-10-008,10,EVIDENCE,Trazabilidad de datos y separación de simulación / resultado realizado,Antes: fixtures+simulación+versiones. Después: receipt/fills+ledger. Estado realizado requiere settlement; no exige 20 operaciones anteriores para implementar.,integración + después de settlement,YES,CRITICAL,Adjuntar evidencia correcta de esa etapa; no renombrar simulación como realizado.,Gas; slippage; competencia; revert; state drift,ESPECIFICADO,
MEV-10-009-I01,MEV-10-009,10,MODE,Mode/state semantics preserved,Comprobar clase y atomicidad declaradas: interfaces ejecutables + unidades y temporalidad consistentes. Un predicado literal TRUE no acredita implementación.,discovery + simulation,YES,CRITICAL,Completar predicado específico del detector/clase y su fixture.,Gas; slippage; competencia; revert; state drift,ESPECIFICADO,
MEV-10-009-I02,MEV-10-009,10,ACCOUNTING,All value flows conserved and all costs represented exactly once,Conservar unidades por activo: balances + aportes + borrow = outputs + repay + fees + residuales. No sumar cantidades de tokens distintos sin ledger/valoración.,simulation + reconciliation,YES,CRITICAL,Reconstruir flujos por activo y eliminar dobles conteos.,Gas; slippage; competencia; revert; state drift,ESPECIFICADO,
MEV-10-009-I03,MEV-10-009,10,SNAPSHOT,No invalid mixed-state comparison,all state bound to one snapshot/block unless strategy explicitly models non-atomic timing,discovery + quote,YES,CRITICAL,Actualizar snapshot y reconstruir cotización coherente por dominio.,Gas; slippage; competencia; revert; state drift,ESPECIFICADO,
MEV-10-009-I04,MEV-10-009,10,PROFIT,"Beneficio objetivo demostrable en el candidato, no garantizado por diseño","NP_signed = gross - costes; NP_prudent=NP_signed-reserve. Objetivo=MAX(min_usd,notional*(target+margin_bps/10000)); brecha=MAX(0,objetivo-NP_prudent). No ABS ni floor sobre PnL.",pre-execution,YES,CRITICAL,Optimizar tamaño/ruta/costes; recotizar hasta hallar candidato que cubra objetivo. No alterar datos para eliminar brecha.,Gas; slippage; competencia; revert; state drift,ESPECIFICADO,
MEV-10-009-I05,MEV-10-009,10,ATOMICITY,Repayment/finality obligations satisfied,if atomic: repay principal+fee in same atomic unit; else explicit inventory/finality exposure,simulation,YES,CRITICAL,Corregir deuda/allowance/callback o explicitar plan no atómico por dominio.,Gas; slippage; competencia; revert; state drift,ESPECIFICADO,
MEV-10-009-I06,MEV-10-009,10,EVIDENCE,Trazabilidad de datos y separación de simulación / resultado realizado,Antes: fixtures+simulación+versiones. Después: receipt/fills+ledger. Estado realizado requiere settlement; no exige 20 operaciones anteriores para implementar.,integración + después de settlement,YES,CRITICAL,Adjuntar evidencia correcta de esa etapa; no renombrar simulación como realizado.,Gas; slippage; competencia; revert; state drift,ESPECIFICADO,
MEV-10-010-I01,MEV-10-010,10,MODE,Mode/state semantics preserved,Comprobar clase y atomicidad declaradas: interfaces ejecutables + unidades y temporalidad consistentes. Un predicado literal TRUE no acredita implementación.,discovery + simulation,YES,CRITICAL,Completar predicado específico del detector/clase y su fixture.,Gas; slippage; competencia; revert; state drift,ESPECIFICADO,
MEV-10-010-I02,MEV-10-010,10,ACCOUNTING,All value flows conserved and all costs represented exactly once,Conservar unidades por activo: balances + aportes + borrow = outputs + repay + fees + residuales. No sumar cantidades de tokens distintos sin ledger/valoración.,simulation + reconciliation,YES,CRITICAL,Reconstruir flujos por activo y eliminar dobles conteos.,Gas; slippage; competencia; revert; state drift,ESPECIFICADO,
MEV-10-010-I03,MEV-10-010,10,SNAPSHOT,No invalid mixed-state comparison,all state bound to one snapshot/block unless strategy explicitly models non-atomic timing,discovery + quote,YES,CRITICAL,Actualizar snapshot y reconstruir cotización coherente por dominio.,Gas; slippage; competencia; revert; state drift,ESPECIFICADO,
MEV-10-010-I04,MEV-10-010,10,PROFIT,"Beneficio objetivo demostrable en el candidato, no garantizado por diseño","NP_signed = gross - costes; NP_prudent=NP_signed-reserve. Objetivo=MAX(min_usd,notional*(target+margin_bps/10000)); brecha=MAX(0,objetivo-NP_prudent). No ABS ni floor sobre PnL.",pre-execution,YES,CRITICAL,Optimizar tamaño/ruta/costes; recotizar hasta hallar candidato que cubra objetivo. No alterar datos para eliminar brecha.,Gas; slippage; competencia; revert; state drift,ESPECIFICADO,
MEV-10-010-I05,MEV-10-010,10,ATOMICITY,Repayment/finality obligations satisfied,if atomic: repay principal+fee in same atomic unit; else explicit inventory/finality exposure,simulation,YES,CRITICAL,Corregir deuda/allowance/callback o explicitar plan no atómico por dominio.,Gas; slippage; competencia; revert; state drift,ESPECIFICADO,
MEV-10-010-I06,MEV-10-010,10,EVIDENCE,Trazabilidad de datos y separación de simulación / resultado realizado,Antes: fixtures+simulación+versiones. Después: receipt/fills+ledger. Estado realizado requiere settlement; no exige 20 operaciones anteriores para implementar.,integración + después de settlement,YES,CRITICAL,Adjuntar evidencia correcta de esa etapa; no renombrar simulación como realizado.,Gas; slippage; competencia; revert; state drift,ESPECIFICADO,
MEV-10-011-I01,MEV-10-011,10,MODE,Mode/state semantics preserved,Comprobar clase y atomicidad declaradas: interfaces ejecutables + unidades y temporalidad consistentes. Un predicado literal TRUE no acredita implementación.,discovery + simulation,YES,CRITICAL,Completar predicado específico del detector/clase y su fixture.,Gas; slippage; competencia; revert; state drift,ESPECIFICADO,
MEV-10-011-I02,MEV-10-011,10,ACCOUNTING,All value flows conserved and all costs represented exactly once,Conservar unidades por activo: balances + aportes + borrow = outputs + repay + fees + residuales. No sumar cantidades de tokens distintos sin ledger/valoración.,simulation + reconciliation,YES,CRITICAL,Reconstruir flujos por activo y eliminar dobles conteos.,Gas; slippage; competencia; revert; state drift,ESPECIFICADO,
MEV-10-011-I03,MEV-10-011,10,SNAPSHOT,No invalid mixed-state comparison,all state bound to one snapshot/block unless strategy explicitly models non-atomic timing,discovery + quote,YES,CRITICAL,Actualizar snapshot y reconstruir cotización coherente por dominio.,Gas; slippage; competencia; revert; state drift,ESPECIFICADO,
MEV-10-011-I04,MEV-10-011,10,PROFIT,"Beneficio objetivo demostrable en el candidato, no garantizado por diseño","NP_signed = gross - costes; NP_prudent=NP_signed-reserve. Objetivo=MAX(min_usd,notional*(target+margin_bps/10000)); brecha=MAX(0,objetivo-NP_prudent). No ABS ni floor sobre PnL.",pre-execution,YES,CRITICAL,Optimizar tamaño/ruta/costes; recotizar hasta hallar candidato que cubra objetivo. No alterar datos para eliminar brecha.,Gas; slippage; competencia; revert; state drift,ESPECIFICADO,
MEV-10-011-I05,MEV-10-011,10,ATOMICITY,Repayment/finality obligations satisfied,if atomic: repay principal+fee in same atomic unit; else explicit inventory/finality exposure,simulation,YES,CRITICAL,Corregir deuda/allowance/callback o explicitar plan no atómico por dominio.,Gas; slippage; competencia; revert; state drift,ESPECIFICADO,
MEV-10-011-I06,MEV-10-011,10,EVIDENCE,Trazabilidad de datos y separación de simulación / resultado realizado,Antes: fixtures+simulación+versiones. Después: receipt/fills+ledger. Estado realizado requiere settlement; no exige 20 operaciones anteriores para implementar.,integración + después de settlement,YES,CRITICAL,Adjuntar evidencia correcta de esa etapa; no renombrar simulación como realizado.,Gas; slippage; competencia; revert; state drift,ESPECIFICADO,
MEV-10-012-I01,MEV-10-012,10,MODE,Mode/state semantics preserved,Comprobar clase y atomicidad declaradas: interfaces ejecutables + unidades y temporalidad consistentes. Un predicado literal TRUE no acredita implementación.,discovery + simulation,YES,CRITICAL,Completar predicado específico del detector/clase y su fixture.,Gas; slippage; competencia; revert; state drift,ESPECIFICADO,
MEV-10-012-I02,MEV-10-012,10,ACCOUNTING,All value flows conserved and all costs represented exactly once,Conservar unidades por activo: balances + aportes + borrow = outputs + repay + fees + residuales. No sumar cantidades de tokens distintos sin ledger/valoración.,simulation + reconciliation,YES,CRITICAL,Reconstruir flujos por activo y eliminar dobles conteos.,Gas; slippage; competencia; revert; state drift,ESPECIFICADO,
MEV-10-012-I03,MEV-10-012,10,SNAPSHOT,No invalid mixed-state comparison,all state bound to one snapshot/block unless strategy explicitly models non-atomic timing,discovery + quote,YES,CRITICAL,Actualizar snapshot y reconstruir cotización coherente por dominio.,Gas; slippage; competencia; revert; state drift,ESPECIFICADO,
MEV-10-012-I04,MEV-10-012,10,PROFIT,"Beneficio objetivo demostrable en el candidato, no garantizado por diseño","NP_signed = gross - costes; NP_prudent=NP_signed-reserve. Objetivo=MAX(min_usd,notional*(target+margin_bps/10000)); brecha=MAX(0,objetivo-NP_prudent). No ABS ni floor sobre PnL.",pre-execution,YES,CRITICAL,Optimizar tamaño/ruta/costes; recotizar hasta hallar candidato que cubra objetivo. No alterar datos para eliminar brecha.,Gas; slippage; competencia; revert; state drift,ESPECIFICADO,
MEV-10-012-I05,MEV-10-012,10,ATOMICITY,Repayment/finality obligations satisfied,if atomic: repay principal+fee in same atomic unit; else explicit inventory/finality exposure,simulation,YES,CRITICAL,Corregir deuda/allowance/callback o explicitar plan no atómico por dominio.,Gas; slippage; competencia; revert; state drift,ESPECIFICADO,
MEV-10-012-I06,MEV-10-012,10,EVIDENCE,Trazabilidad de datos y separación de simulación / resultado realizado,Antes: fixtures+simulación+versiones. Después: receipt/fills+ledger. Estado realizado requiere settlement; no exige 20 operaciones anteriores para implementar.,integración + después de settlement,YES,CRITICAL,Adjuntar evidencia correcta de esa etapa; no renombrar simulación como realizado.,Gas; slippage; competencia; revert; state drift,ESPECIFICADO,
MEV-10-013-I01,MEV-10-013,10,MODE,Mode/state semantics preserved,Comprobar clase y atomicidad declaradas: interfaces ejecutables + unidades y temporalidad consistentes. Un predicado literal TRUE no acredita implementación.,discovery + simulation,YES,CRITICAL,Completar predicado específico del detector/clase y su fixture.,Gas; slippage; competencia; revert; state drift,ESPECIFICADO,
MEV-10-013-I02,MEV-10-013,10,ACCOUNTING,All value flows conserved and all costs represented exactly once,Conservar unidades por activo: balances + aportes + borrow = outputs + repay + fees + residuales. No sumar cantidades de tokens distintos sin ledger/valoración.,simulation + reconciliation,YES,CRITICAL,Reconstruir flujos por activo y eliminar dobles conteos.,Gas; slippage; competencia; revert; state drift,ESPECIFICADO,
MEV-10-013-I03,MEV-10-013,10,SNAPSHOT,No invalid mixed-state comparison,all state bound to one snapshot/block unless strategy explicitly models non-atomic timing,discovery + quote,YES,CRITICAL,Actualizar snapshot y reconstruir cotización coherente por dominio.,Gas; slippage; competencia; revert; state drift,ESPECIFICADO,
MEV-10-013-I04,MEV-10-013,10,PROFIT,"Beneficio objetivo demostrable en el candidato, no garantizado por diseño","NP_signed = gross - costes; NP_prudent=NP_signed-reserve. Objetivo=MAX(min_usd,notional*(target+margin_bps/10000)); brecha=MAX(0,objetivo-NP_prudent). No ABS ni floor sobre PnL.",pre-execution,YES,CRITICAL,Optimizar tamaño/ruta/costes; recotizar hasta hallar candidato que cubra objetivo. No alterar datos para eliminar brecha.,Gas; slippage; competencia; revert; state drift,ESPECIFICADO,
MEV-10-013-I05,MEV-10-013,10,ATOMICITY,Repayment/finality obligations satisfied,if atomic: repay principal+fee in same atomic unit; else explicit inventory/finality exposure,simulation,YES,CRITICAL,Corregir deuda/allowance/callback o explicitar plan no atómico por dominio.,Gas; slippage; competencia; revert; state drift,ESPECIFICADO,
MEV-10-013-I06,MEV-10-013,10,EVIDENCE,Trazabilidad de datos y separación de simulación / resultado realizado,Antes: fixtures+simulación+versiones. Después: receipt/fills+ledger. Estado realizado requiere settlement; no exige 20 operaciones anteriores para implementar.,integración + después de settlement,YES,CRITICAL,Adjuntar evidencia correcta de esa etapa; no renombrar simulación como realizado.,Gas; slippage; competencia; revert; state drift,ESPECIFICADO,
MEV-10-014-I01,MEV-10-014,10,MODE,Mode/state semantics preserved,Comprobar clase y atomicidad declaradas: interfaces ejecutables + unidades y temporalidad consistentes. Un predicado literal TRUE no acredita implementación.,discovery + simulation,YES,CRITICAL,Completar predicado específico del detector/clase y su fixture.,Gas; slippage; competencia; revert; state drift,ESPECIFICADO,
MEV-10-014-I02,MEV-10-014,10,ACCOUNTING,All value flows conserved and all costs represented exactly once,Conservar unidades por activo: balances + aportes + borrow = outputs + repay + fees + residuales. No sumar cantidades de tokens distintos sin ledger/valoración.,simulation + reconciliation,YES,CRITICAL,Reconstruir flujos por activo y eliminar dobles conteos.,Gas; slippage; competencia; revert; state drift,ESPECIFICADO,
MEV-10-014-I03,MEV-10-014,10,SNAPSHOT,No invalid mixed-state comparison,all state bound to one snapshot/block unless strategy explicitly models non-atomic timing,discovery + quote,YES,CRITICAL,Actualizar snapshot y reconstruir cotización coherente por dominio.,Gas; slippage; competencia; revert; state drift,ESPECIFICADO,
MEV-10-014-I04,MEV-10-014,10,PROFIT,"Beneficio objetivo demostrable en el candidato, no garantizado por diseño","NP_signed = gross - costes; NP_prudent=NP_signed-reserve. Objetivo=MAX(min_usd,notional*(target+margin_bps/10000)); brecha=MAX(0,objetivo-NP_prudent). No ABS ni floor sobre PnL.",pre-execution,YES,CRITICAL,Optimizar tamaño/ruta/costes; recotizar hasta hallar candidato que cubra objetivo. No alterar datos para eliminar brecha.,Gas; slippage; competencia; revert; state drift,ESPECIFICADO,
MEV-10-014-I05,MEV-10-014,10,ATOMICITY,Repayment/finality obligations satisfied,if atomic: repay principal+fee in same atomic unit; else explicit inventory/finality exposure,simulation,YES,CRITICAL,Corregir deuda/allowance/callback o explicitar plan no atómico por dominio.,Gas; slippage; competencia; revert; state drift,ESPECIFICADO,
MEV-10-014-I06,MEV-10-014,10,EVIDENCE,Trazabilidad de datos y separación de simulación / resultado realizado,Antes: fixtures+simulación+versiones. Después: receipt/fills+ledger. Estado realizado requiere settlement; no exige 20 operaciones anteriores para implementar.,integración + después de settlement,YES,CRITICAL,Adjuntar evidencia correcta de esa etapa; no renombrar simulación como realizado.,Gas; slippage; competencia; revert; state drift,ESPECIFICADO,
MEV-10-015-I01,MEV-10-015,10,MODE,Mode/state semantics preserved,Comprobar clase y atomicidad declaradas: interfaces ejecutables + unidades y temporalidad consistentes. Un predicado literal TRUE no acredita implementación.,discovery + simulation,YES,CRITICAL,Completar predicado específico del detector/clase y su fixture.,Gas; slippage; competencia; revert; state drift,ESPECIFICADO,
MEV-10-015-I02,MEV-10-015,10,ACCOUNTING,All value flows conserved and all costs represented exactly once,Conservar unidades por activo: balances + aportes + borrow = outputs + repay + fees + residuales. No sumar cantidades de tokens distintos sin ledger/valoración.,simulation + reconciliation,YES,CRITICAL,Reconstruir flujos por activo y eliminar dobles conteos.,Gas; slippage; competencia; revert; state drift,ESPECIFICADO,
MEV-10-015-I03,MEV-10-015,10,SNAPSHOT,No invalid mixed-state comparison,all state bound to one snapshot/block unless strategy explicitly models non-atomic timing,discovery + quote,YES,CRITICAL,Actualizar snapshot y reconstruir cotización coherente por dominio.,Gas; slippage; competencia; revert; state drift,ESPECIFICADO,
MEV-10-015-I04,MEV-10-015,10,PROFIT,"Beneficio objetivo demostrable en el candidato, no garantizado por diseño","NP_signed = gross - costes; NP_prudent=NP_signed-reserve. Objetivo=MAX(min_usd,notional*(target+margin_bps/10000)); brecha=MAX(0,objetivo-NP_prudent). No ABS ni floor sobre PnL.",pre-execution,YES,CRITICAL,Optimizar tamaño/ruta/costes; recotizar hasta hallar candidato que cubra objetivo. No alterar datos para eliminar brecha.,Gas; slippage; competencia; revert; state drift,ESPECIFICADO,
MEV-10-015-I05,MEV-10-015,10,ATOMICITY,Repayment/finality obligations satisfied,if atomic: repay principal+fee in same atomic unit; else explicit inventory/finality exposure,simulation,YES,CRITICAL,Corregir deuda/allowance/callback o explicitar plan no atómico por dominio.,Gas; slippage; competencia; revert; state drift,ESPECIFICADO,
MEV-10-015-I06,MEV-10-015,10,EVIDENCE,Trazabilidad de datos y separación de simulación / resultado realizado,Antes: fixtures+simulación+versiones. Después: receipt/fills+ledger. Estado realizado requiere settlement; no exige 20 operaciones anteriores para implementar.,integración + después de settlement,YES,CRITICAL,Adjuntar evidencia correcta de esa etapa; no renombrar simulación como realizado.,Gas; slippage; competencia; revert; state drift,ESPECIFICADO,
MEV-10-016-I01,MEV-10-016,10,MODE,Mode/state semantics preserved,Comprobar clase y atomicidad declaradas: interfaces ejecutables + unidades y temporalidad consistentes. Un predicado literal TRUE no acredita implementación.,discovery + simulation,YES,CRITICAL,Completar predicado específico del detector/clase y su fixture.,Gas; slippage; competencia; revert; state drift,ESPECIFICADO,
MEV-10-016-I02,MEV-10-016,10,ACCOUNTING,All value flows conserved and all costs represented exactly once,Conservar unidades por activo: balances + aportes + borrow = outputs + repay + fees + residuales. No sumar cantidades de tokens distintos sin ledger/valoración.,simulation + reconciliation,YES,CRITICAL,Reconstruir flujos por activo y eliminar dobles conteos.,Gas; slippage; competencia; revert; state drift,ESPECIFICADO,
MEV-10-016-I03,MEV-10-016,10,SNAPSHOT,No invalid mixed-state comparison,all state bound to one snapshot/block unless strategy explicitly models non-atomic timing,discovery + quote,YES,CRITICAL,Actualizar snapshot y reconstruir cotización coherente por dominio.,Gas; slippage; competencia; revert; state drift,ESPECIFICADO,
MEV-10-016-I04,MEV-10-016,10,PROFIT,"Beneficio objetivo demostrable en el candidato, no garantizado por diseño","NP_signed = gross - costes; NP_prudent=NP_signed-reserve. Objetivo=MAX(min_usd,notional*(target+margin_bps/10000)); brecha=MAX(0,objetivo-NP_prudent). No ABS ni floor sobre PnL.",pre-execution,YES,CRITICAL,Optimizar tamaño/ruta/costes; recotizar hasta hallar candidato que cubra objetivo. No alterar datos para eliminar brecha.,Gas; slippage; competencia; revert; state drift,ESPECIFICADO,
MEV-10-016-I05,MEV-10-016,10,ATOMICITY,Repayment/finality obligations satisfied,if atomic: repay principal+fee in same atomic unit; else explicit inventory/finality exposure,simulation,YES,CRITICAL,Corregir deuda/allowance/callback o explicitar plan no atómico por dominio.,Gas; slippage; competencia; revert; state drift,ESPECIFICADO,
MEV-10-016-I06,MEV-10-016,10,EVIDENCE,Trazabilidad de datos y separación de simulación / resultado realizado,Antes: fixtures+simulación+versiones. Después: receipt/fills+ledger. Estado realizado requiere settlement; no exige 20 operaciones anteriores para implementar.,integración + después de settlement,YES,CRITICAL,Adjuntar evidencia correcta de esa etapa; no renombrar simulación como realizado.,Gas; slippage; competencia; revert; state drift,ESPECIFICADO,
MEV-10-017-I01,MEV-10-017,10,MODE,Mode/state semantics preserved,Comprobar clase y atomicidad declaradas: interfaces ejecutables + unidades y temporalidad consistentes. Un predicado literal TRUE no acredita implementación.,discovery + simulation,YES,CRITICAL,Completar predicado específico del detector/clase y su fixture.,Gas; slippage; competencia; revert; state drift,ESPECIFICADO,
MEV-10-017-I02,MEV-10-017,10,ACCOUNTING,All value flows conserved and all costs represented exactly once,Conservar unidades por activo: balances + aportes + borrow = outputs + repay + fees + residuales. No sumar cantidades de tokens distintos sin ledger/valoración.,simulation + reconciliation,YES,CRITICAL,Reconstruir flujos por activo y eliminar dobles conteos.,Gas; slippage; competencia; revert; state drift,ESPECIFICADO,
MEV-10-017-I03,MEV-10-017,10,SNAPSHOT,No invalid mixed-state comparison,all state bound to one snapshot/block unless strategy explicitly models non-atomic timing,discovery + quote,YES,CRITICAL,Actualizar snapshot y reconstruir cotización coherente por dominio.,Gas; slippage; competencia; revert; state drift,ESPECIFICADO,
MEV-10-017-I04,MEV-10-017,10,PROFIT,"Beneficio objetivo demostrable en el candidato, no garantizado por diseño","NP_signed = gross - costes; NP_prudent=NP_signed-reserve. Objetivo=MAX(min_usd,notional*(target+margin_bps/10000)); brecha=MAX(0,objetivo-NP_prudent). No ABS ni floor sobre PnL.",pre-execution,YES,CRITICAL,Optimizar tamaño/ruta/costes; recotizar hasta hallar candidato que cubra objetivo. No alterar datos para eliminar brecha.,Gas; slippage; competencia; revert; state drift,ESPECIFICADO,
MEV-10-017-I05,MEV-10-017,10,ATOMICITY,Repayment/finality obligations satisfied,if atomic: repay principal+fee in same atomic unit; else explicit inventory/finality exposure,simulation,YES,CRITICAL,Corregir deuda/allowance/callback o explicitar plan no atómico por dominio.,Gas; slippage; competencia; revert; state drift,ESPECIFICADO,
MEV-10-017-I06,MEV-10-017,10,EVIDENCE,Trazabilidad de datos y separación de simulación / resultado realizado,Antes: fixtures+simulación+versiones. Después: receipt/fills+ledger. Estado realizado requiere settlement; no exige 20 operaciones anteriores para implementar.,integración + después de settlement,YES,CRITICAL,Adjuntar evidencia correcta de esa etapa; no renombrar simulación como realizado.,Gas; slippage; competencia; revert; state drift,ESPECIFICADO,
MEV-10-018-I01,MEV-10-018,10,MODE,Mode/state semantics preserved,Comprobar clase y atomicidad declaradas: interfaces ejecutables + unidades y temporalidad consistentes. Un predicado literal TRUE no acredita implementación.,discovery + simulation,YES,CRITICAL,Completar predicado específico del detector/clase y su fixture.,Gas; slippage; competencia; revert; state drift,ESPECIFICADO,
MEV-10-018-I02,MEV-10-018,10,ACCOUNTING,All value flows conserved and all costs represented exactly once,Conservar unidades por activo: balances + aportes + borrow = outputs + repay + fees + residuales. No sumar cantidades de tokens distintos sin ledger/valoración.,simulation + reconciliation,YES,CRITICAL,Reconstruir flujos por activo y eliminar dobles conteos.,Gas; slippage; competencia; revert; state drift,ESPECIFICADO,
MEV-10-018-I03,MEV-10-018,10,SNAPSHOT,No invalid mixed-state comparison,all state bound to one snapshot/block unless strategy explicitly models non-atomic timing,discovery + quote,YES,CRITICAL,Actualizar snapshot y reconstruir cotización coherente por dominio.,Gas; slippage; competencia; revert; state drift,ESPECIFICADO,
MEV-10-018-I04,MEV-10-018,10,PROFIT,"Beneficio objetivo demostrable en el candidato, no garantizado por diseño","NP_signed = gross - costes; NP_prudent=NP_signed-reserve. Objetivo=MAX(min_usd,notional*(target+margin_bps/10000)); brecha=MAX(0,objetivo-NP_prudent). No ABS ni floor sobre PnL.",pre-execution,YES,CRITICAL,Optimizar tamaño/ruta/costes; recotizar hasta hallar candidato que cubra objetivo. No alterar datos para eliminar brecha.,Gas; slippage; competencia; revert; state drift,ESPECIFICADO,
MEV-10-018-I05,MEV-10-018,10,ATOMICITY,Repayment/finality obligations satisfied,if atomic: repay principal+fee in same atomic unit; else explicit inventory/finality exposure,simulation,YES,CRITICAL,Corregir deuda/allowance/callback o explicitar plan no atómico por dominio.,Gas; slippage; competencia; revert; state drift,ESPECIFICADO,
MEV-10-018-I06,MEV-10-018,10,EVIDENCE,Trazabilidad de datos y separación de simulación / resultado realizado,Antes: fixtures+simulación+versiones. Después: receipt/fills+ledger. Estado realizado requiere settlement; no exige 20 operaciones anteriores para implementar.,integración + después de settlement,YES,CRITICAL,Adjuntar evidencia correcta de esa etapa; no renombrar simulación como realizado.,Gas; slippage; competencia; revert; state drift,ESPECIFICADO,
MEV-11-001-I01,MEV-11-001,11,MODE,Mode/state semantics preserved,Comprobar clase y atomicidad declaradas: interfaces ejecutables + unidades y temporalidad consistentes. Un predicado literal TRUE no acredita implementación.,discovery + simulation,YES,CRITICAL,Completar predicado específico del detector/clase y su fixture.,Gas; slippage; competencia; revert; state drift,ESPECIFICADO,
MEV-11-001-I02,MEV-11-001,11,ACCOUNTING,All value flows conserved and all costs represented exactly once,Conservar unidades por activo: balances + aportes + borrow = outputs + repay + fees + residuales. No sumar cantidades de tokens distintos sin ledger/valoración.,simulation + reconciliation,YES,CRITICAL,Reconstruir flujos por activo y eliminar dobles conteos.,Gas; slippage; competencia; revert; state drift,ESPECIFICADO,
MEV-11-001-I03,MEV-11-001,11,SNAPSHOT,No invalid mixed-state comparison,all state bound to one snapshot/block unless strategy explicitly models non-atomic timing,discovery + quote,YES,CRITICAL,Actualizar snapshot y reconstruir cotización coherente por dominio.,Gas; slippage; competencia; revert; state drift,ESPECIFICADO,
MEV-11-001-I04,MEV-11-001,11,PROFIT,"Beneficio objetivo demostrable en el candidato, no garantizado por diseño","NP_signed = gross - costes; NP_prudent=NP_signed-reserve. Objetivo=MAX(min_usd,notional*(target+margin_bps/10000)); brecha=MAX(0,objetivo-NP_prudent). No ABS ni floor sobre PnL.",pre-execution,YES,CRITICAL,Optimizar tamaño/ruta/costes; recotizar hasta hallar candidato que cubra objetivo. No alterar datos para eliminar brecha.,Gas; slippage; competencia; revert; state drift,ESPECIFICADO,
MEV-11-001-I05,MEV-11-001,11,ATOMICITY,Repayment/finality obligations satisfied,if atomic: repay principal+fee in same atomic unit; else explicit inventory/finality exposure,simulation,YES,CRITICAL,Corregir deuda/allowance/callback o explicitar plan no atómico por dominio.,Gas; slippage; competencia; revert; state drift,ESPECIFICADO,
MEV-11-001-I06,MEV-11-001,11,EVIDENCE,Trazabilidad de datos y separación de simulación / resultado realizado,Antes: fixtures+simulación+versiones. Después: receipt/fills+ledger. Estado realizado requiere settlement; no exige 20 operaciones anteriores para implementar.,integración + después de settlement,YES,CRITICAL,Adjuntar evidencia correcta de esa etapa; no renombrar simulación como realizado.,Gas; slippage; competencia; revert; state drift,ESPECIFICADO,
MEV-11-002-I01,MEV-11-002,11,MODE,Mode/state semantics preserved,Comprobar clase y atomicidad declaradas: interfaces ejecutables + unidades y temporalidad consistentes. Un predicado literal TRUE no acredita implementación.,discovery + simulation,YES,CRITICAL,Completar predicado específico del detector/clase y su fixture.,Gas; slippage; competencia; revert; state drift,ESPECIFICADO,
MEV-11-002-I02,MEV-11-002,11,ACCOUNTING,All value flows conserved and all costs represented exactly once,Conservar unidades por activo: balances + aportes + borrow = outputs + repay + fees + residuales. No sumar cantidades de tokens distintos sin ledger/valoración.,simulation + reconciliation,YES,CRITICAL,Reconstruir flujos por activo y eliminar dobles conteos.,Gas; slippage; competencia; revert; state drift,ESPECIFICADO,
MEV-11-002-I03,MEV-11-002,11,SNAPSHOT,No invalid mixed-state comparison,all state bound to one snapshot/block unless strategy explicitly models non-atomic timing,discovery + quote,YES,CRITICAL,Actualizar snapshot y reconstruir cotización coherente por dominio.,Gas; slippage; competencia; revert; state drift,ESPECIFICADO,
MEV-11-002-I04,MEV-11-002,11,PROFIT,"Beneficio objetivo demostrable en el candidato, no garantizado por diseño","NP_signed = gross - costes; NP_prudent=NP_signed-reserve. Objetivo=MAX(min_usd,notional*(target+margin_bps/10000)); brecha=MAX(0,objetivo-NP_prudent). No ABS ni floor sobre PnL.",pre-execution,YES,CRITICAL,Optimizar tamaño/ruta/costes; recotizar hasta hallar candidato que cubra objetivo. No alterar datos para eliminar brecha.,Gas; slippage; competencia; revert; state drift,ESPECIFICADO,
MEV-11-002-I05,MEV-11-002,11,ATOMICITY,Repayment/finality obligations satisfied,if atomic: repay principal+fee in same atomic unit; else explicit inventory/finality exposure,simulation,YES,CRITICAL,Corregir deuda/allowance/callback o explicitar plan no atómico por dominio.,Gas; slippage; competencia; revert; state drift,ESPECIFICADO,
MEV-11-002-I06,MEV-11-002,11,EVIDENCE,Trazabilidad de datos y separación de simulación / resultado realizado,Antes: fixtures+simulación+versiones. Después: receipt/fills+ledger. Estado realizado requiere settlement; no exige 20 operaciones anteriores para implementar.,integración + después de settlement,YES,CRITICAL,Adjuntar evidencia correcta de esa etapa; no renombrar simulación como realizado.,Gas; slippage; competencia; revert; state drift,ESPECIFICADO,
MEV-11-003-I01,MEV-11-003,11,MODE,Mode/state semantics preserved,Comprobar clase y atomicidad declaradas: interfaces ejecutables + unidades y temporalidad consistentes. Un predicado literal TRUE no acredita implementación.,discovery + simulation,YES,CRITICAL,Completar predicado específico del detector/clase y su fixture.,Gas; slippage; competencia; revert; state drift,ESPECIFICADO,
MEV-11-003-I02,MEV-11-003,11,ACCOUNTING,All value flows conserved and all costs represented exactly once,Conservar unidades por activo: balances + aportes + borrow = outputs + repay + fees + residuales. No sumar cantidades de tokens distintos sin ledger/valoración.,simulation + reconciliation,YES,CRITICAL,Reconstruir flujos por activo y eliminar dobles conteos.,Gas; slippage; competencia; revert; state drift,ESPECIFICADO,
MEV-11-003-I03,MEV-11-003,11,SNAPSHOT,No invalid mixed-state comparison,all state bound to one snapshot/block unless strategy explicitly models non-atomic timing,discovery + quote,YES,CRITICAL,Actualizar snapshot y reconstruir cotización coherente por dominio.,Gas; slippage; competencia; revert; state drift,ESPECIFICADO,
MEV-11-003-I04,MEV-11-003,11,PROFIT,"Beneficio objetivo demostrable en el candidato, no garantizado por diseño","NP_signed = gross - costes; NP_prudent=NP_signed-reserve. Objetivo=MAX(min_usd,notional*(target+margin_bps/10000)); brecha=MAX(0,objetivo-NP_prudent). No ABS ni floor sobre PnL.",pre-execution,YES,CRITICAL,Optimizar tamaño/ruta/costes; recotizar hasta hallar candidato que cubra objetivo. No alterar datos para eliminar brecha.,Gas; slippage; competencia; revert; state drift,ESPECIFICADO,
MEV-11-003-I05,MEV-11-003,11,ATOMICITY,Repayment/finality obligations satisfied,if atomic: repay principal+fee in same atomic unit; else explicit inventory/finality exposure,simulation,YES,CRITICAL,Corregir deuda/allowance/callback o explicitar plan no atómico por dominio.,Gas; slippage; competencia; revert; state drift,ESPECIFICADO,
MEV-11-003-I06,MEV-11-003,11,EVIDENCE,Trazabilidad de datos y separación de simulación / resultado realizado,Antes: fixtures+simulación+versiones. Después: receipt/fills+ledger. Estado realizado requiere settlement; no exige 20 operaciones anteriores para implementar.,integración + después de settlement,YES,CRITICAL,Adjuntar evidencia correcta de esa etapa; no renombrar simulación como realizado.,Gas; slippage; competencia; revert; state drift,ESPECIFICADO,
MEV-11-004-I01,MEV-11-004,11,MODE,Mode/state semantics preserved,Comprobar clase y atomicidad declaradas: interfaces ejecutables + unidades y temporalidad consistentes. Un predicado literal TRUE no acredita implementación.,discovery + simulation,YES,CRITICAL,Completar predicado específico del detector/clase y su fixture.,Gas; slippage; competencia; revert; state drift,ESPECIFICADO,
MEV-11-004-I02,MEV-11-004,11,ACCOUNTING,All value flows conserved and all costs represented exactly once,Conservar unidades por activo: balances + aportes + borrow = outputs + repay + fees + residuales. No sumar cantidades de tokens distintos sin ledger/valoración.,simulation + reconciliation,YES,CRITICAL,Reconstruir flujos por activo y eliminar dobles conteos.,Gas; slippage; competencia; revert; state drift,ESPECIFICADO,
MEV-11-004-I03,MEV-11-004,11,SNAPSHOT,No invalid mixed-state comparison,all state bound to one snapshot/block unless strategy explicitly models non-atomic timing,discovery + quote,YES,CRITICAL,Actualizar snapshot y reconstruir cotización coherente por dominio.,Gas; slippage; competencia; revert; state drift,ESPECIFICADO,
MEV-11-004-I04,MEV-11-004,11,PROFIT,"Beneficio objetivo demostrable en el candidato, no garantizado por diseño","NP_signed = gross - costes; NP_prudent=NP_signed-reserve. Objetivo=MAX(min_usd,notional*(target+margin_bps/10000)); brecha=MAX(0,objetivo-NP_prudent). No ABS ni floor sobre PnL.",pre-execution,YES,CRITICAL,Optimizar tamaño/ruta/costes; recotizar hasta hallar candidato que cubra objetivo. No alterar datos para eliminar brecha.,Gas; slippage; competencia; revert; state drift,ESPECIFICADO,
MEV-11-004-I05,MEV-11-004,11,ATOMICITY,Repayment/finality obligations satisfied,if atomic: repay principal+fee in same atomic unit; else explicit inventory/finality exposure,simulation,YES,CRITICAL,Corregir deuda/allowance/callback o explicitar plan no atómico por dominio.,Gas; slippage; competencia; revert; state drift,ESPECIFICADO,
MEV-11-004-I06,MEV-11-004,11,EVIDENCE,Trazabilidad de datos y separación de simulación / resultado realizado,Antes: fixtures+simulación+versiones. Después: receipt/fills+ledger. Estado realizado requiere settlement; no exige 20 operaciones anteriores para implementar.,integración + después de settlement,YES,CRITICAL,Adjuntar evidencia correcta de esa etapa; no renombrar simulación como realizado.,Gas; slippage; competencia; revert; state drift,ESPECIFICADO,
MEV-11-005-I01,MEV-11-005,11,MODE,Mode/state semantics preserved,Comprobar clase y atomicidad declaradas: interfaces ejecutables + unidades y temporalidad consistentes. Un predicado literal TRUE no acredita implementación.,discovery + simulation,YES,CRITICAL,Completar predicado específico del detector/clase y su fixture.,Gas; slippage; competencia; revert; state drift,ESPECIFICADO,
MEV-11-005-I02,MEV-11-005,11,ACCOUNTING,All value flows conserved and all costs represented exactly once,Conservar unidades por activo: balances + aportes + borrow = outputs + repay + fees + residuales. No sumar cantidades de tokens distintos sin ledger/valoración.,simulation + reconciliation,YES,CRITICAL,Reconstruir flujos por activo y eliminar dobles conteos.,Gas; slippage; competencia; revert; state drift,ESPECIFICADO,
MEV-11-005-I03,MEV-11-005,11,SNAPSHOT,No invalid mixed-state comparison,all state bound to one snapshot/block unless strategy explicitly models non-atomic timing,discovery + quote,YES,CRITICAL,Actualizar snapshot y reconstruir cotización coherente por dominio.,Gas; slippage; competencia; revert; state drift,ESPECIFICADO,
MEV-11-005-I04,MEV-11-005,11,PROFIT,"Beneficio objetivo demostrable en el candidato, no garantizado por diseño","NP_signed = gross - costes; NP_prudent=NP_signed-reserve. Objetivo=MAX(min_usd,notional*(target+margin_bps/10000)); brecha=MAX(0,objetivo-NP_prudent). No ABS ni floor sobre PnL.",pre-execution,YES,CRITICAL,Optimizar tamaño/ruta/costes; recotizar hasta hallar candidato que cubra objetivo. No alterar datos para eliminar brecha.,Gas; slippage; competencia; revert; state drift,ESPECIFICADO,
MEV-11-005-I05,MEV-11-005,11,ATOMICITY,Repayment/finality obligations satisfied,if atomic: repay principal+fee in same atomic unit; else explicit inventory/finality exposure,simulation,YES,CRITICAL,Corregir deuda/allowance/callback o explicitar plan no atómico por dominio.,Gas; slippage; competencia; revert; state drift,ESPECIFICADO,
MEV-11-005-I06,MEV-11-005,11,EVIDENCE,Trazabilidad de datos y separación de simulación / resultado realizado,Antes: fixtures+simulación+versiones. Después: receipt/fills+ledger. Estado realizado requiere settlement; no exige 20 operaciones anteriores para implementar.,integración + después de settlement,YES,CRITICAL,Adjuntar evidencia correcta de esa etapa; no renombrar simulación como realizado.,Gas; slippage; competencia; revert; state drift,ESPECIFICADO,
MEV-11-006-I01,MEV-11-006,11,MODE,Mode/state semantics preserved,Comprobar clase y atomicidad declaradas: interfaces ejecutables + unidades y temporalidad consistentes. Un predicado literal TRUE no acredita implementación.,discovery + simulation,YES,CRITICAL,Completar predicado específico del detector/clase y su fixture.,Gas; slippage; competencia; revert; state drift,ESPECIFICADO,
MEV-11-006-I02,MEV-11-006,11,ACCOUNTING,All value flows conserved and all costs represented exactly once,Conservar unidades por activo: balances + aportes + borrow = outputs + repay + fees + residuales. No sumar cantidades de tokens distintos sin ledger/valoración.,simulation + reconciliation,YES,CRITICAL,Reconstruir flujos por activo y eliminar dobles conteos.,Gas; slippage; competencia; revert; state drift,ESPECIFICADO,
MEV-11-006-I03,MEV-11-006,11,SNAPSHOT,No invalid mixed-state comparison,all state bound to one snapshot/block unless strategy explicitly models non-atomic timing,discovery + quote,YES,CRITICAL,Actualizar snapshot y reconstruir cotización coherente por dominio.,Gas; slippage; competencia; revert; state drift,ESPECIFICADO,
MEV-11-006-I04,MEV-11-006,11,PROFIT,"Beneficio objetivo demostrable en el candidato, no garantizado por diseño","NP_signed = gross - costes; NP_prudent=NP_signed-reserve. Objetivo=MAX(min_usd,notional*(target+margin_bps/10000)); brecha=MAX(0,objetivo-NP_prudent). No ABS ni floor sobre PnL.",pre-execution,YES,CRITICAL,Optimizar tamaño/ruta/costes; recotizar hasta hallar candidato que cubra objetivo. No alterar datos para eliminar brecha.,Gas; slippage; competencia; revert; state drift,ESPECIFICADO,
MEV-11-006-I05,MEV-11-006,11,ATOMICITY,Repayment/finality obligations satisfied,if atomic: repay principal+fee in same atomic unit; else explicit inventory/finality exposure,simulation,YES,CRITICAL,Corregir deuda/allowance/callback o explicitar plan no atómico por dominio.,Gas; slippage; competencia; revert; state drift,ESPECIFICADO,
MEV-11-006-I06,MEV-11-006,11,EVIDENCE,Trazabilidad de datos y separación de simulación / resultado realizado,Antes: fixtures+simulación+versiones. Después: receipt/fills+ledger. Estado realizado requiere settlement; no exige 20 operaciones anteriores para implementar.,integración + después de settlement,YES,CRITICAL,Adjuntar evidencia correcta de esa etapa; no renombrar simulación como realizado.,Gas; slippage; competencia; revert; state drift,ESPECIFICADO,
MEV-11-007-I01,MEV-11-007,11,MODE,Mode/state semantics preserved,Comprobar clase y atomicidad declaradas: interfaces ejecutables + unidades y temporalidad consistentes. Un predicado literal TRUE no acredita implementación.,discovery + simulation,YES,CRITICAL,Completar predicado específico del detector/clase y su fixture.,Gas; slippage; competencia; revert; state drift,ESPECIFICADO,
MEV-11-007-I02,MEV-11-007,11,ACCOUNTING,All value flows conserved and all costs represented exactly once,Conservar unidades por activo: balances + aportes + borrow = outputs + repay + fees + residuales. No sumar cantidades de tokens distintos sin ledger/valoración.,simulation + reconciliation,YES,CRITICAL,Reconstruir flujos por activo y eliminar dobles conteos.,Gas; slippage; competencia; revert; state drift,ESPECIFICADO,
MEV-11-007-I03,MEV-11-007,11,SNAPSHOT,No invalid mixed-state comparison,all state bound to one snapshot/block unless strategy explicitly models non-atomic timing,discovery + quote,YES,CRITICAL,Actualizar snapshot y reconstruir cotización coherente por dominio.,Gas; slippage; competencia; revert; state drift,ESPECIFICADO,
MEV-11-007-I04,MEV-11-007,11,PROFIT,"Beneficio objetivo demostrable en el candidato, no garantizado por diseño","NP_signed = gross - costes; NP_prudent=NP_signed-reserve. Objetivo=MAX(min_usd,notional*(target+margin_bps/10000)); brecha=MAX(0,objetivo-NP_prudent). No ABS ni floor sobre PnL.",pre-execution,YES,CRITICAL,Optimizar tamaño/ruta/costes; recotizar hasta hallar candidato que cubra objetivo. No alterar datos para eliminar brecha.,Gas; slippage; competencia; revert; state drift,ESPECIFICADO,
MEV-11-007-I05,MEV-11-007,11,ATOMICITY,Repayment/finality obligations satisfied,if atomic: repay principal+fee in same atomic unit; else explicit inventory/finality exposure,simulation,YES,CRITICAL,Corregir deuda/allowance/callback o explicitar plan no atómico por dominio.,Gas; slippage; competencia; revert; state drift,ESPECIFICADO,
MEV-11-007-I06,MEV-11-007,11,EVIDENCE,Trazabilidad de datos y separación de simulación / resultado realizado,Antes: fixtures+simulación+versiones. Después: receipt/fills+ledger. Estado realizado requiere settlement; no exige 20 operaciones anteriores para implementar.,integración + después de settlement,YES,CRITICAL,Adjuntar evidencia correcta de esa etapa; no renombrar simulación como realizado.,Gas; slippage; competencia; revert; state drift,ESPECIFICADO,
MEV-11-008-I01,MEV-11-008,11,MODE,Mode/state semantics preserved,Comprobar clase y atomicidad declaradas: interfaces ejecutables + unidades y temporalidad consistentes. Un predicado literal TRUE no acredita implementación.,discovery + simulation,YES,CRITICAL,Completar predicado específico del detector/clase y su fixture.,Gas; slippage; competencia; revert; state drift,ESPECIFICADO,
MEV-11-008-I02,MEV-11-008,11,ACCOUNTING,All value flows conserved and all costs represented exactly once,Conservar unidades por activo: balances + aportes + borrow = outputs + repay + fees + residuales. No sumar cantidades de tokens distintos sin ledger/valoración.,simulation + reconciliation,YES,CRITICAL,Reconstruir flujos por activo y eliminar dobles conteos.,Gas; slippage; competencia; revert; state drift,ESPECIFICADO,
MEV-11-008-I03,MEV-11-008,11,SNAPSHOT,No invalid mixed-state comparison,all state bound to one snapshot/block unless strategy explicitly models non-atomic timing,discovery + quote,YES,CRITICAL,Actualizar snapshot y reconstruir cotización coherente por dominio.,Gas; slippage; competencia; revert; state drift,ESPECIFICADO,
MEV-11-008-I04,MEV-11-008,11,PROFIT,"Beneficio objetivo demostrable en el candidato, no garantizado por diseño","NP_signed = gross - costes; NP_prudent=NP_signed-reserve. Objetivo=MAX(min_usd,notional*(target+margin_bps/10000)); brecha=MAX(0,objetivo-NP_prudent). No ABS ni floor sobre PnL.",pre-execution,YES,CRITICAL,Optimizar tamaño/ruta/costes; recotizar hasta hallar candidato que cubra objetivo. No alterar datos para eliminar brecha.,Gas; slippage; competencia; revert; state drift,ESPECIFICADO,
MEV-11-008-I05,MEV-11-008,11,ATOMICITY,Repayment/finality obligations satisfied,if atomic: repay principal+fee in same atomic unit; else explicit inventory/finality exposure,simulation,YES,CRITICAL,Corregir deuda/allowance/callback o explicitar plan no atómico por dominio.,Gas; slippage; competencia; revert; state drift,ESPECIFICADO,
MEV-11-008-I06,MEV-11-008,11,EVIDENCE,Trazabilidad de datos y separación de simulación / resultado realizado,Antes: fixtures+simulación+versiones. Después: receipt/fills+ledger. Estado realizado requiere settlement; no exige 20 operaciones anteriores para implementar.,integración + después de settlement,YES,CRITICAL,Adjuntar evidencia correcta de esa etapa; no renombrar simulación como realizado.,Gas; slippage; competencia; revert; state drift,ESPECIFICADO,
MEV-11-009-I01,MEV-11-009,11,MODE,Mode/state semantics preserved,Comprobar clase y atomicidad declaradas: interfaces ejecutables + unidades y temporalidad consistentes. Un predicado literal TRUE no acredita implementación.,discovery + simulation,YES,CRITICAL,Completar predicado específico del detector/clase y su fixture.,Gas; slippage; competencia; revert; state drift,ESPECIFICADO,
MEV-11-009-I02,MEV-11-009,11,ACCOUNTING,All value flows conserved and all costs represented exactly once,Conservar unidades por activo: balances + aportes + borrow = outputs + repay + fees + residuales. No sumar cantidades de tokens distintos sin ledger/valoración.,simulation + reconciliation,YES,CRITICAL,Reconstruir flujos por activo y eliminar dobles conteos.,Gas; slippage; competencia; revert; state drift,ESPECIFICADO,
MEV-11-009-I03,MEV-11-009,11,SNAPSHOT,No invalid mixed-state comparison,all state bound to one snapshot/block unless strategy explicitly models non-atomic timing,discovery + quote,YES,CRITICAL,Actualizar snapshot y reconstruir cotización coherente por dominio.,Gas; slippage; competencia; revert; state drift,ESPECIFICADO,
MEV-11-009-I04,MEV-11-009,11,PROFIT,"Beneficio objetivo demostrable en el candidato, no garantizado por diseño","NP_signed = gross - costes; NP_prudent=NP_signed-reserve. Objetivo=MAX(min_usd,notional*(target+margin_bps/10000)); brecha=MAX(0,objetivo-NP_prudent). No ABS ni floor sobre PnL.",pre-execution,YES,CRITICAL,Optimizar tamaño/ruta/costes; recotizar hasta hallar candidato que cubra objetivo. No alterar datos para eliminar brecha.,Gas; slippage; competencia; revert; state drift,ESPECIFICADO,
MEV-11-009-I05,MEV-11-009,11,ATOMICITY,Repayment/finality obligations satisfied,if atomic: repay principal+fee in same atomic unit; else explicit inventory/finality exposure,simulation,YES,CRITICAL,Corregir deuda/allowance/callback o explicitar plan no atómico por dominio.,Gas; slippage; competencia; revert; state drift,ESPECIFICADO,
MEV-11-009-I06,MEV-11-009,11,EVIDENCE,Trazabilidad de datos y separación de simulación / resultado realizado,Antes: fixtures+simulación+versiones. Después: receipt/fills+ledger. Estado realizado requiere settlement; no exige 20 operaciones anteriores para implementar.,integración + después de settlement,YES,CRITICAL,Adjuntar evidencia correcta de esa etapa; no renombrar simulación como realizado.,Gas; slippage; competencia; revert; state drift,ESPECIFICADO,
MEV-11-010-I01,MEV-11-010,11,MODE,Mode/state semantics preserved,Comprobar clase y atomicidad declaradas: interfaces ejecutables + unidades y temporalidad consistentes. Un predicado literal TRUE no acredita implementación.,discovery + simulation,YES,CRITICAL,Completar predicado específico del detector/clase y su fixture.,Gas; slippage; competencia; revert; state drift,ESPECIFICADO,
MEV-11-010-I02,MEV-11-010,11,ACCOUNTING,All value flows conserved and all costs represented exactly once,Conservar unidades por activo: balances + aportes + borrow = outputs + repay + fees + residuales. No sumar cantidades de tokens distintos sin ledger/valoración.,simulation + reconciliation,YES,CRITICAL,Reconstruir flujos por activo y eliminar dobles conteos.,Gas; slippage; competencia; revert; state drift,ESPECIFICADO,
MEV-11-010-I03,MEV-11-010,11,SNAPSHOT,No invalid mixed-state comparison,all state bound to one snapshot/block unless strategy explicitly models non-atomic timing,discovery + quote,YES,CRITICAL,Actualizar snapshot y reconstruir cotización coherente por dominio.,Gas; slippage; competencia; revert; state drift,ESPECIFICADO,
MEV-11-010-I04,MEV-11-010,11,PROFIT,"Beneficio objetivo demostrable en el candidato, no garantizado por diseño","NP_signed = gross - costes; NP_prudent=NP_signed-reserve. Objetivo=MAX(min_usd,notional*(target+margin_bps/10000)); brecha=MAX(0,objetivo-NP_prudent). No ABS ni floor sobre PnL.",pre-execution,YES,CRITICAL,Optimizar tamaño/ruta/costes; recotizar hasta hallar candidato que cubra objetivo. No alterar datos para eliminar brecha.,Gas; slippage; competencia; revert; state drift,ESPECIFICADO,
MEV-11-010-I05,MEV-11-010,11,ATOMICITY,Repayment/finality obligations satisfied,if atomic: repay principal+fee in same atomic unit; else explicit inventory/finality exposure,simulation,YES,CRITICAL,Corregir deuda/allowance/callback o explicitar plan no atómico por dominio.,Gas; slippage; competencia; revert; state drift,ESPECIFICADO,
MEV-11-010-I06,MEV-11-010,11,EVIDENCE,Trazabilidad de datos y separación de simulación / resultado realizado,Antes: fixtures+simulación+versiones. Después: receipt/fills+ledger. Estado realizado requiere settlement; no exige 20 operaciones anteriores para implementar.,integración + después de settlement,YES,CRITICAL,Adjuntar evidencia correcta de esa etapa; no renombrar simulación como realizado.,Gas; slippage; competencia; revert; state drift,ESPECIFICADO,
MEV-11-011-I01,MEV-11-011,11,MODE,Mode/state semantics preserved,Comprobar clase y atomicidad declaradas: interfaces ejecutables + unidades y temporalidad consistentes. Un predicado literal TRUE no acredita implementación.,discovery + simulation,YES,CRITICAL,Completar predicado específico del detector/clase y su fixture.,Gas; slippage; competencia; revert; state drift,ESPECIFICADO,
MEV-11-011-I02,MEV-11-011,11,ACCOUNTING,All value flows conserved and all costs represented exactly once,Conservar unidades por activo: balances + aportes + borrow = outputs + repay + fees + residuales. No sumar cantidades de tokens distintos sin ledger/valoración.,simulation + reconciliation,YES,CRITICAL,Reconstruir flujos por activo y eliminar dobles conteos.,Gas; slippage; competencia; revert; state drift,ESPECIFICADO,
MEV-11-011-I03,MEV-11-011,11,SNAPSHOT,No invalid mixed-state comparison,all state bound to one snapshot/block unless strategy explicitly models non-atomic timing,discovery + quote,YES,CRITICAL,Actualizar snapshot y reconstruir cotización coherente por dominio.,Gas; slippage; competencia; revert; state drift,ESPECIFICADO,
MEV-11-011-I04,MEV-11-011,11,PROFIT,"Beneficio objetivo demostrable en el candidato, no garantizado por diseño","NP_signed = gross - costes; NP_prudent=NP_signed-reserve. Objetivo=MAX(min_usd,notional*(target+margin_bps/10000)); brecha=MAX(0,objetivo-NP_prudent). No ABS ni floor sobre PnL.",pre-execution,YES,CRITICAL,Optimizar tamaño/ruta/costes; recotizar hasta hallar candidato que cubra objetivo. No alterar datos para eliminar brecha.,Gas; slippage; competencia; revert; state drift,ESPECIFICADO,
MEV-11-011-I05,MEV-11-011,11,ATOMICITY,Repayment/finality obligations satisfied,if atomic: repay principal+fee in same atomic unit; else explicit inventory/finality exposure,simulation,YES,CRITICAL,Corregir deuda/allowance/callback o explicitar plan no atómico por dominio.,Gas; slippage; competencia; revert; state drift,ESPECIFICADO,
MEV-11-011-I06,MEV-11-011,11,EVIDENCE,Trazabilidad de datos y separación de simulación / resultado realizado,Antes: fixtures+simulación+versiones. Después: receipt/fills+ledger. Estado realizado requiere settlement; no exige 20 operaciones anteriores para implementar.,integración + después de settlement,YES,CRITICAL,Adjuntar evidencia correcta de esa etapa; no renombrar simulación como realizado.,Gas; slippage; competencia; revert; state drift,ESPECIFICADO,
MEV-11-012-I01,MEV-11-012,11,MODE,Mode/state semantics preserved,Comprobar clase y atomicidad declaradas: interfaces ejecutables + unidades y temporalidad consistentes. Un predicado literal TRUE no acredita implementación.,discovery + simulation,YES,CRITICAL,Completar predicado específico del detector/clase y su fixture.,Gas; slippage; competencia; revert; state drift,ESPECIFICADO,
MEV-11-012-I02,MEV-11-012,11,ACCOUNTING,All value flows conserved and all costs represented exactly once,Conservar unidades por activo: balances + aportes + borrow = outputs + repay + fees + residuales. No sumar cantidades de tokens distintos sin ledger/valoración.,simulation + reconciliation,YES,CRITICAL,Reconstruir flujos por activo y eliminar dobles conteos.,Gas; slippage; competencia; revert; state drift,ESPECIFICADO,
MEV-11-012-I03,MEV-11-012,11,SNAPSHOT,No invalid mixed-state comparison,all state bound to one snapshot/block unless strategy explicitly models non-atomic timing,discovery + quote,YES,CRITICAL,Actualizar snapshot y reconstruir cotización coherente por dominio.,Gas; slippage; competencia; revert; state drift,ESPECIFICADO,
MEV-11-012-I04,MEV-11-012,11,PROFIT,"Beneficio objetivo demostrable en el candidato, no garantizado por diseño","NP_signed = gross - costes; NP_prudent=NP_signed-reserve. Objetivo=MAX(min_usd,notional*(target+margin_bps/10000)); brecha=MAX(0,objetivo-NP_prudent). No ABS ni floor sobre PnL.",pre-execution,YES,CRITICAL,Optimizar tamaño/ruta/costes; recotizar hasta hallar candidato que cubra objetivo. No alterar datos para eliminar brecha.,Gas; slippage; competencia; revert; state drift,ESPECIFICADO,
MEV-11-012-I05,MEV-11-012,11,ATOMICITY,Repayment/finality obligations satisfied,if atomic: repay principal+fee in same atomic unit; else explicit inventory/finality exposure,simulation,YES,CRITICAL,Corregir deuda/allowance/callback o explicitar plan no atómico por dominio.,Gas; slippage; competencia; revert; state drift,ESPECIFICADO,
MEV-11-012-I06,MEV-11-012,11,EVIDENCE,Trazabilidad de datos y separación de simulación / resultado realizado,Antes: fixtures+simulación+versiones. Después: receipt/fills+ledger. Estado realizado requiere settlement; no exige 20 operaciones anteriores para implementar.,integración + después de settlement,YES,CRITICAL,Adjuntar evidencia correcta de esa etapa; no renombrar simulación como realizado.,Gas; slippage; competencia; revert; state drift,ESPECIFICADO,
