SOFTWARE SPECIFICATION — 264 STRATEGIES,,,,,,,,,,,,,,,,,,,,,
MEV_ID,Group,Strategy,Backend_Module,Detector_ID,Execution_Class,Required_Surface,Input_Contract,Output_Contract,Preconditions,Postconditions,Timeout_Policy,Idempotency_Key,Failure_Codes,Observability,Primary_Ops,Secondary_Ops,Atomicity_Type,Dependencies,Config_Toggle,Design_State,Source_Refs
MEV-01-001,1,DEX–DEX arbitrage,route_graph_engine,R_CLOSED_CYCLE,DETERMINISTIC_EXECUTABLE,DEX_AMM,Full ordered route legs; per-leg protocol adapter; reserves/slot0/ticks/bins; token decimals; pool fees; same-block state; gas; optional flash fee.,"Candidate{strategy_id, snapshot_id, amount, exact_quote, costs, risk, evidence_ids, gate_state}",Config loaded; required adapters healthy; snapshot schema valid; kill-switch false.,Deterministic evidence persisted; no state mutation outside executor; all costs/accounting fields present.,Detector/quote/simulation timeouts defined by group policy; timeout => NO-GO.,strategy_id + chain/domain + snapshot_id + route/order fingerprint,DATA_STALE; SCHEMA_INVALID; QUOTE_FAIL; SIM_REVERT; INVARIANT_FAIL; DEP_UNHEALTHY; ECON_FAIL; AUTH_FAIL,latency_ms; candidate_count; quote_errors; sim_reverts; gate_reason; expected_ev; realized_pnl; recon_delta,op_27 Path Ordering; op_21 Newton-Raphson; op_15 Golden Section; op_16 Kelly,op_01 SVD; op_22 Monte Carlo; op_26 Flash Loan; op_30 GNN Encoder,Transacción única; bundle atómico; capital propio o flash liquidity,none,strategy.01.001.enabled,READY_FOR_CARTRIDGE_MIGRATION,https://arxiv.org/abs/2204.05238; https://arxiv.org/abs/2302.04938; https://arxiv.org/abs/2107.12484
MEV-01-002,1,Cross-pool arbitrage,route_graph_engine,R_CLOSED_CYCLE,DETERMINISTIC_EXECUTABLE,DEX_AMM,Full ordered route legs; per-leg protocol adapter; reserves/slot0/ticks/bins; token decimals; pool fees; same-block state; gas; optional flash fee.,"Candidate{strategy_id, snapshot_id, amount, exact_quote, costs, risk, evidence_ids, gate_state}",Config loaded; required adapters healthy; snapshot schema valid; kill-switch false.,Deterministic evidence persisted; no state mutation outside executor; all costs/accounting fields present.,Detector/quote/simulation timeouts defined by group policy; timeout => NO-GO.,strategy_id + chain/domain + snapshot_id + route/order fingerprint,DATA_STALE; SCHEMA_INVALID; QUOTE_FAIL; SIM_REVERT; INVARIANT_FAIL; DEP_UNHEALTHY; ECON_FAIL; AUTH_FAIL,latency_ms; candidate_count; quote_errors; sim_reverts; gate_reason; expected_ev; realized_pnl; recon_delta,op_27 Path Ordering; op_21 Newton-Raphson; op_15 Golden Section; op_16 Kelly,op_01 SVD; op_22 Monte Carlo; op_26 Flash Loan; op_30 GNN Encoder,Transacción única; bundle atómico; capital propio o flash liquidity,none,strategy.01.002.enabled,READY_FOR_CARTRIDGE_MIGRATION,https://arxiv.org/abs/2204.05238; https://arxiv.org/abs/2302.04938; https://arxiv.org/abs/2107.12484
MEV-01-003,1,Cross-protocol arbitrage,route_graph_engine,R_CLOSED_CYCLE,DETERMINISTIC_EXECUTABLE,DEX_AMM,Full ordered route legs; per-leg protocol adapter; reserves/slot0/ticks/bins; token decimals; pool fees; same-block state; gas; optional flash fee.,"Candidate{strategy_id, snapshot_id, amount, exact_quote, costs, risk, evidence_ids, gate_state}",Config loaded; required adapters healthy; snapshot schema valid; kill-switch false.,Deterministic evidence persisted; no state mutation outside executor; all costs/accounting fields present.,Detector/quote/simulation timeouts defined by group policy; timeout => NO-GO.,strategy_id + chain/domain + snapshot_id + route/order fingerprint,DATA_STALE; SCHEMA_INVALID; QUOTE_FAIL; SIM_REVERT; INVARIANT_FAIL; DEP_UNHEALTHY; ECON_FAIL; AUTH_FAIL,latency_ms; candidate_count; quote_errors; sim_reverts; gate_reason; expected_ev; realized_pnl; recon_delta,op_27 Path Ordering; op_21 Newton-Raphson; op_15 Golden Section; op_16 Kelly,op_01 SVD; op_22 Monte Carlo; op_26 Flash Loan; op_30 GNN Encoder,Transacción única; bundle atómico; capital propio o flash liquidity,none,strategy.01.003.enabled,READY_FOR_CARTRIDGE_MIGRATION,https://arxiv.org/abs/2204.05238; https://arxiv.org/abs/2302.04938; https://arxiv.org/abs/2107.12484
MEV-01-004,1,Cross-version arbitrage,route_graph_engine,R_CLOSED_CYCLE,DETERMINISTIC_EXECUTABLE,DEX_AMM,Full ordered route legs; per-leg protocol adapter; reserves/slot0/ticks/bins; token decimals; pool fees; same-block state; gas; optional flash fee.,"Candidate{strategy_id, snapshot_id, amount, exact_quote, costs, risk, evidence_ids, gate_state}",Config loaded; required adapters healthy; snapshot schema valid; kill-switch false.,Deterministic evidence persisted; no state mutation outside executor; all costs/accounting fields present.,Detector/quote/simulation timeouts defined by group policy; timeout => NO-GO.,strategy_id + chain/domain + snapshot_id + route/order fingerprint,DATA_STALE; SCHEMA_INVALID; QUOTE_FAIL; SIM_REVERT; INVARIANT_FAIL; DEP_UNHEALTHY; ECON_FAIL; AUTH_FAIL,latency_ms; candidate_count; quote_errors; sim_reverts; gate_reason; expected_ev; realized_pnl; recon_delta,op_27 Path Ordering; op_21 Newton-Raphson; op_15 Golden Section; op_16 Kelly,op_01 SVD; op_22 Monte Carlo; op_26 Flash Loan; op_30 GNN Encoder,Transacción única; bundle atómico; capital propio o flash liquidity,none,strategy.01.004.enabled,READY_FOR_CARTRIDGE_MIGRATION,https://arxiv.org/abs/2204.05238; https://arxiv.org/abs/2302.04938; https://arxiv.org/abs/2107.12484
MEV-01-005,1,Cross-fork arbitrage,route_graph_engine,R_CLOSED_CYCLE,DETERMINISTIC_EXECUTABLE,DEX_AMM,Full ordered route legs; per-leg protocol adapter; reserves/slot0/ticks/bins; token decimals; pool fees; same-block state; gas; optional flash fee.,"Candidate{strategy_id, snapshot_id, amount, exact_quote, costs, risk, evidence_ids, gate_state}",Config loaded; required adapters healthy; snapshot schema valid; kill-switch false.,Deterministic evidence persisted; no state mutation outside executor; all costs/accounting fields present.,Detector/quote/simulation timeouts defined by group policy; timeout => NO-GO.,strategy_id + chain/domain + snapshot_id + route/order fingerprint,DATA_STALE; SCHEMA_INVALID; QUOTE_FAIL; SIM_REVERT; INVARIANT_FAIL; DEP_UNHEALTHY; ECON_FAIL; AUTH_FAIL,latency_ms; candidate_count; quote_errors; sim_reverts; gate_reason; expected_ev; realized_pnl; recon_delta,op_27 Path Ordering; op_21 Newton-Raphson; op_15 Golden Section; op_16 Kelly,op_01 SVD; op_22 Monte Carlo; op_26 Flash Loan; op_30 GNN Encoder,Transacción única; bundle atómico; capital propio o flash liquidity,none,strategy.01.005.enabled,READY_FOR_CARTRIDGE_MIGRATION,https://arxiv.org/abs/2204.05238; https://arxiv.org/abs/2302.04938; https://arxiv.org/abs/2107.12484
MEV-01-006,1,Cross-fee-tier arbitrage,route_graph_engine,R_CLOSED_CYCLE,DETERMINISTIC_EXECUTABLE,DEX_AMM,Full ordered route legs; per-leg protocol adapter; reserves/slot0/ticks/bins; token decimals; pool fees; same-block state; gas; optional flash fee.,"Candidate{strategy_id, snapshot_id, amount, exact_quote, costs, risk, evidence_ids, gate_state}",Config loaded; required adapters healthy; snapshot schema valid; kill-switch false.,Deterministic evidence persisted; no state mutation outside executor; all costs/accounting fields present.,Detector/quote/simulation timeouts defined by group policy; timeout => NO-GO.,strategy_id + chain/domain + snapshot_id + route/order fingerprint,DATA_STALE; SCHEMA_INVALID; QUOTE_FAIL; SIM_REVERT; INVARIANT_FAIL; DEP_UNHEALTHY; ECON_FAIL; AUTH_FAIL,latency_ms; candidate_count; quote_errors; sim_reverts; gate_reason; expected_ev; realized_pnl; recon_delta,op_27 Path Ordering; op_21 Newton-Raphson; op_15 Golden Section; op_16 Kelly,op_01 SVD; op_22 Monte Carlo; op_26 Flash Loan; op_30 GNN Encoder,Transacción única; bundle atómico; capital propio o flash liquidity,none,strategy.01.006.enabled,READY_FOR_CARTRIDGE_MIGRATION,https://arxiv.org/abs/2204.05238; https://arxiv.org/abs/2302.04938; https://arxiv.org/abs/2107.12484
MEV-01-007,1,Cross-liquidity-tier arbitrage,route_graph_engine,R_CLOSED_CYCLE,DETERMINISTIC_EXECUTABLE,DEX_AMM,Full ordered route legs; per-leg protocol adapter; reserves/slot0/ticks/bins; token decimals; pool fees; same-block state; gas; optional flash fee.,"Candidate{strategy_id, snapshot_id, amount, exact_quote, costs, risk, evidence_ids, gate_state}",Config loaded; required adapters healthy; snapshot schema valid; kill-switch false.,Deterministic evidence persisted; no state mutation outside executor; all costs/accounting fields present.,Detector/quote/simulation timeouts defined by group policy; timeout => NO-GO.,strategy_id + chain/domain + snapshot_id + route/order fingerprint,DATA_STALE; SCHEMA_INVALID; QUOTE_FAIL; SIM_REVERT; INVARIANT_FAIL; DEP_UNHEALTHY; ECON_FAIL; AUTH_FAIL,latency_ms; candidate_count; quote_errors; sim_reverts; gate_reason; expected_ev; realized_pnl; recon_delta,op_27 Path Ordering; op_21 Newton-Raphson; op_15 Golden Section; op_16 Kelly,op_01 SVD; op_22 Monte Carlo; op_26 Flash Loan; op_30 GNN Encoder,Transacción única; bundle atómico; capital propio o flash liquidity,none,strategy.01.007.enabled,READY_FOR_CARTRIDGE_MIGRATION,https://arxiv.org/abs/2204.05238; https://arxiv.org/abs/2302.04938; https://arxiv.org/abs/2107.12484
MEV-01-008,1,AMM–AMM arbitrage,route_graph_engine,R_CLOSED_CYCLE,DETERMINISTIC_EXECUTABLE,DEX_AMM,Full ordered route legs; per-leg protocol adapter; reserves/slot0/ticks/bins; token decimals; pool fees; same-block state; gas; optional flash fee.,"Candidate{strategy_id, snapshot_id, amount, exact_quote, costs, risk, evidence_ids, gate_state}",Config loaded; required adapters healthy; snapshot schema valid; kill-switch false.,Deterministic evidence persisted; no state mutation outside executor; all costs/accounting fields present.,Detector/quote/simulation timeouts defined by group policy; timeout => NO-GO.,strategy_id + chain/domain + snapshot_id + route/order fingerprint,DATA_STALE; SCHEMA_INVALID; QUOTE_FAIL; SIM_REVERT; INVARIANT_FAIL; DEP_UNHEALTHY; ECON_FAIL; AUTH_FAIL,latency_ms; candidate_count; quote_errors; sim_reverts; gate_reason; expected_ev; realized_pnl; recon_delta,op_27 Path Ordering; op_21 Newton-Raphson; op_15 Golden Section; op_16 Kelly,op_01 SVD; op_22 Monte Carlo; op_26 Flash Loan; op_30 GNN Encoder,Transacción única; bundle atómico; capital propio o flash liquidity,none,strategy.01.008.enabled,READY_FOR_CARTRIDGE_MIGRATION,https://arxiv.org/abs/2204.05238; https://arxiv.org/abs/2302.04938; https://arxiv.org/abs/2107.12484
MEV-01-009,1,AMM–CLOB arbitrage,route_graph_engine,R_ORDERBOOK,EXTERNAL_DATA_REQUIRED,DEX_AMM,Firm bids/asks or RFQs; depth ladder; quote timestamp; venue fees; settlement latency/cost; DEX exact quote where applicable.,"Candidate{strategy_id, snapshot_id, amount, exact_quote, costs, risk, evidence_ids, gate_state}",Config loaded; required adapters healthy; snapshot schema valid; kill-switch false.,Deterministic evidence persisted; no state mutation outside executor; all costs/accounting fields present.,Detector/quote/simulation timeouts defined by group policy; timeout => NO-GO.,strategy_id + chain/domain + snapshot_id + route/order fingerprint,DATA_STALE; SCHEMA_INVALID; QUOTE_FAIL; SIM_REVERT; INVARIANT_FAIL; DEP_UNHEALTHY; ECON_FAIL; AUTH_FAIL,latency_ms; candidate_count; quote_errors; sim_reverts; gate_reason; expected_ev; realized_pnl; recon_delta,op_08 Kalman; op_10 Welford; op_23 Queueing; op_11 Bayes,op_13 Regression; op_22 Monte Carlo; op_16 Kelly,Transacción única; bundle atómico; capital propio o flash liquidity,none,strategy.01.009.enabled,READY_FOR_CARTRIDGE_MIGRATION,https://arxiv.org/abs/2302.04938
MEV-01-010,1,CLOB–CLOB arbitrage,route_graph_engine,R_ORDERBOOK,EXTERNAL_DATA_REQUIRED,DEX_AMM,Firm bids/asks or RFQs; depth ladder; quote timestamp; venue fees; settlement latency/cost; DEX exact quote where applicable.,"Candidate{strategy_id, snapshot_id, amount, exact_quote, costs, risk, evidence_ids, gate_state}",Config loaded; required adapters healthy; snapshot schema valid; kill-switch false.,Deterministic evidence persisted; no state mutation outside executor; all costs/accounting fields present.,Detector/quote/simulation timeouts defined by group policy; timeout => NO-GO.,strategy_id + chain/domain + snapshot_id + route/order fingerprint,DATA_STALE; SCHEMA_INVALID; QUOTE_FAIL; SIM_REVERT; INVARIANT_FAIL; DEP_UNHEALTHY; ECON_FAIL; AUTH_FAIL,latency_ms; candidate_count; quote_errors; sim_reverts; gate_reason; expected_ev; realized_pnl; recon_delta,op_08 Kalman; op_10 Welford; op_23 Queueing; op_11 Bayes,op_13 Regression; op_22 Monte Carlo; op_16 Kelly,Transacción única; bundle atómico; capital propio o flash liquidity,none,strategy.01.010.enabled,READY_FOR_CARTRIDGE_MIGRATION,https://arxiv.org/abs/2302.04938
MEV-01-011,1,AMM–RFQ arbitrage,route_graph_engine,R_ORDERBOOK,EXTERNAL_DATA_REQUIRED,DEX_AMM,Firm bids/asks or RFQs; depth ladder; quote timestamp; venue fees; settlement latency/cost; DEX exact quote where applicable.,"Candidate{strategy_id, snapshot_id, amount, exact_quote, costs, risk, evidence_ids, gate_state}",Config loaded; required adapters healthy; snapshot schema valid; kill-switch false.,Deterministic evidence persisted; no state mutation outside executor; all costs/accounting fields present.,Detector/quote/simulation timeouts defined by group policy; timeout => NO-GO.,strategy_id + chain/domain + snapshot_id + route/order fingerprint,DATA_STALE; SCHEMA_INVALID; QUOTE_FAIL; SIM_REVERT; INVARIANT_FAIL; DEP_UNHEALTHY; ECON_FAIL; AUTH_FAIL,latency_ms; candidate_count; quote_errors; sim_reverts; gate_reason; expected_ev; realized_pnl; recon_delta,op_08 Kalman; op_10 Welford; op_23 Queueing; op_11 Bayes,op_13 Regression; op_22 Monte Carlo; op_16 Kelly,Transacción única; bundle atómico; capital propio o flash liquidity,none,strategy.01.011.enabled,READY_FOR_CARTRIDGE_MIGRATION,https://arxiv.org/abs/2302.04938
MEV-01-012,1,RFQ–RFQ arbitrage,route_graph_engine,R_ORDERBOOK,EXTERNAL_DATA_REQUIRED,DEX_AMM,Firm bids/asks or RFQs; depth ladder; quote timestamp; venue fees; settlement latency/cost; DEX exact quote where applicable.,"Candidate{strategy_id, snapshot_id, amount, exact_quote, costs, risk, evidence_ids, gate_state}",Config loaded; required adapters healthy; snapshot schema valid; kill-switch false.,Deterministic evidence persisted; no state mutation outside executor; all costs/accounting fields present.,Detector/quote/simulation timeouts defined by group policy; timeout => NO-GO.,strategy_id + chain/domain + snapshot_id + route/order fingerprint,DATA_STALE; SCHEMA_INVALID; QUOTE_FAIL; SIM_REVERT; INVARIANT_FAIL; DEP_UNHEALTHY; ECON_FAIL; AUTH_FAIL,latency_ms; candidate_count; quote_errors; sim_reverts; gate_reason; expected_ev; realized_pnl; recon_delta,op_08 Kalman; op_10 Welford; op_23 Queueing; op_11 Bayes,op_13 Regression; op_22 Monte Carlo; op_16 Kelly,Transacción única; bundle atómico; capital propio o flash liquidity,none,strategy.01.012.enabled,READY_FOR_CARTRIDGE_MIGRATION,https://arxiv.org/abs/2302.04938
MEV-01-013,1,Aggregator–DEX arbitrage,route_graph_engine,R_CLOSED_CYCLE,DETERMINISTIC_EXECUTABLE,DEX_AMM,Full ordered route legs; per-leg protocol adapter; reserves/slot0/ticks/bins; token decimals; pool fees; same-block state; gas; optional flash fee.,"Candidate{strategy_id, snapshot_id, amount, exact_quote, costs, risk, evidence_ids, gate_state}",Config loaded; required adapters healthy; snapshot schema valid; kill-switch false.,Deterministic evidence persisted; no state mutation outside executor; all costs/accounting fields present.,Detector/quote/simulation timeouts defined by group policy; timeout => NO-GO.,strategy_id + chain/domain + snapshot_id + route/order fingerprint,DATA_STALE; SCHEMA_INVALID; QUOTE_FAIL; SIM_REVERT; INVARIANT_FAIL; DEP_UNHEALTHY; ECON_FAIL; AUTH_FAIL,latency_ms; candidate_count; quote_errors; sim_reverts; gate_reason; expected_ev; realized_pnl; recon_delta,op_27 Path Ordering; op_21 Newton-Raphson; op_15 Golden Section; op_16 Kelly,op_01 SVD; op_22 Monte Carlo; op_26 Flash Loan; op_30 GNN Encoder,Transacción única; bundle atómico; capital propio o flash liquidity,none,strategy.01.013.enabled,READY_FOR_CARTRIDGE_MIGRATION,https://arxiv.org/abs/2204.05238; https://arxiv.org/abs/2302.04938; https://arxiv.org/abs/2107.12484
MEV-01-014,1,Router–pool arbitrage,route_graph_engine,R_CLOSED_CYCLE,DETERMINISTIC_EXECUTABLE,DEX_AMM,Full ordered route legs; per-leg protocol adapter; reserves/slot0/ticks/bins; token decimals; pool fees; same-block state; gas; optional flash fee.,"Candidate{strategy_id, snapshot_id, amount, exact_quote, costs, risk, evidence_ids, gate_state}",Config loaded; required adapters healthy; snapshot schema valid; kill-switch false.,Deterministic evidence persisted; no state mutation outside executor; all costs/accounting fields present.,Detector/quote/simulation timeouts defined by group policy; timeout => NO-GO.,strategy_id + chain/domain + snapshot_id + route/order fingerprint,DATA_STALE; SCHEMA_INVALID; QUOTE_FAIL; SIM_REVERT; INVARIANT_FAIL; DEP_UNHEALTHY; ECON_FAIL; AUTH_FAIL,latency_ms; candidate_count; quote_errors; sim_reverts; gate_reason; expected_ev; realized_pnl; recon_delta,op_27 Path Ordering; op_21 Newton-Raphson; op_15 Golden Section; op_16 Kelly,op_01 SVD; op_22 Monte Carlo; op_26 Flash Loan; op_30 GNN Encoder,Transacción única; bundle atómico; capital propio o flash liquidity,none,strategy.01.014.enabled,READY_FOR_CARTRIDGE_MIGRATION,https://arxiv.org/abs/2204.05238; https://arxiv.org/abs/2302.04938; https://arxiv.org/abs/2107.12484
MEV-01-015,1,Two-leg arbitrage,route_graph_engine,R_CLOSED_CYCLE,DETERMINISTIC_EXECUTABLE,DEX_AMM,Full ordered route legs; per-leg protocol adapter; reserves/slot0/ticks/bins; token decimals; pool fees; same-block state; gas; optional flash fee.,"Candidate{strategy_id, snapshot_id, amount, exact_quote, costs, risk, evidence_ids, gate_state}",Config loaded; required adapters healthy; snapshot schema valid; kill-switch false.,Deterministic evidence persisted; no state mutation outside executor; all costs/accounting fields present.,Detector/quote/simulation timeouts defined by group policy; timeout => NO-GO.,strategy_id + chain/domain + snapshot_id + route/order fingerprint,DATA_STALE; SCHEMA_INVALID; QUOTE_FAIL; SIM_REVERT; INVARIANT_FAIL; DEP_UNHEALTHY; ECON_FAIL; AUTH_FAIL,latency_ms; candidate_count; quote_errors; sim_reverts; gate_reason; expected_ev; realized_pnl; recon_delta,op_27 Path Ordering; op_21 Newton-Raphson; op_15 Golden Section; op_16 Kelly,op_01 SVD; op_22 Monte Carlo; op_26 Flash Loan; op_30 GNN Encoder,Transacción única; bundle atómico; capital propio o flash liquidity,none,strategy.01.015.enabled,READY_FOR_CARTRIDGE_MIGRATION,https://arxiv.org/abs/2204.05238; https://arxiv.org/abs/2302.04938; https://arxiv.org/abs/2107.12484
MEV-01-016,1,Triangular arbitrage,route_graph_engine,R_CLOSED_CYCLE,DETERMINISTIC_EXECUTABLE,DEX_AMM,Full ordered route legs; per-leg protocol adapter; reserves/slot0/ticks/bins; token decimals; pool fees; same-block state; gas; optional flash fee.,"Candidate{strategy_id, snapshot_id, amount, exact_quote, costs, risk, evidence_ids, gate_state}",Config loaded; required adapters healthy; snapshot schema valid; kill-switch false.,Deterministic evidence persisted; no state mutation outside executor; all costs/accounting fields present.,Detector/quote/simulation timeouts defined by group policy; timeout => NO-GO.,strategy_id + chain/domain + snapshot_id + route/order fingerprint,DATA_STALE; SCHEMA_INVALID; QUOTE_FAIL; SIM_REVERT; INVARIANT_FAIL; DEP_UNHEALTHY; ECON_FAIL; AUTH_FAIL,latency_ms; candidate_count; quote_errors; sim_reverts; gate_reason; expected_ev; realized_pnl; recon_delta,op_27 Path Ordering; op_21 Newton-Raphson; op_15 Golden Section; op_16 Kelly,op_01 SVD; op_22 Monte Carlo; op_26 Flash Loan; op_30 GNN Encoder,Transacción única; bundle atómico; capital propio o flash liquidity,none,strategy.01.016.enabled,READY_FOR_CARTRIDGE_MIGRATION,https://arxiv.org/abs/2204.05238; https://arxiv.org/abs/2302.04938; https://arxiv.org/abs/2107.12484
MEV-01-017,1,Quadrangular arbitrage,route_graph_engine,R_CLOSED_CYCLE,DETERMINISTIC_EXECUTABLE,DEX_AMM,Full ordered route legs; per-leg protocol adapter; reserves/slot0/ticks/bins; token decimals; pool fees; same-block state; gas; optional flash fee.,"Candidate{strategy_id, snapshot_id, amount, exact_quote, costs, risk, evidence_ids, gate_state}",Config loaded; required adapters healthy; snapshot schema valid; kill-switch false.,Deterministic evidence persisted; no state mutation outside executor; all costs/accounting fields present.,Detector/quote/simulation timeouts defined by group policy; timeout => NO-GO.,strategy_id + chain/domain + snapshot_id + route/order fingerprint,DATA_STALE; SCHEMA_INVALID; QUOTE_FAIL; SIM_REVERT; INVARIANT_FAIL; DEP_UNHEALTHY; ECON_FAIL; AUTH_FAIL,latency_ms; candidate_count; quote_errors; sim_reverts; gate_reason; expected_ev; realized_pnl; recon_delta,op_27 Path Ordering; op_21 Newton-Raphson; op_15 Golden Section; op_16 Kelly,op_01 SVD; op_22 Monte Carlo; op_26 Flash Loan; op_30 GNN Encoder,Transacción única; bundle atómico; capital propio o flash liquidity,none,strategy.01.017.enabled,READY_FOR_CARTRIDGE_MIGRATION,https://arxiv.org/abs/2204.05238; https://arxiv.org/abs/2302.04938; https://arxiv.org/abs/2107.12484
MEV-01-018,1,N-leg cyclic arbitrage,route_graph_engine,R_CLOSED_CYCLE,DETERMINISTIC_EXECUTABLE,DEX_AMM,Full ordered route legs; per-leg protocol adapter; reserves/slot0/ticks/bins; token decimals; pool fees; same-block state; gas; optional flash fee.,"Candidate{strategy_id, snapshot_id, amount, exact_quote, costs, risk, evidence_ids, gate_state}",Config loaded; required adapters healthy; snapshot schema valid; kill-switch false.,Deterministic evidence persisted; no state mutation outside executor; all costs/accounting fields present.,Detector/quote/simulation timeouts defined by group policy; timeout => NO-GO.,strategy_id + chain/domain + snapshot_id + route/order fingerprint,DATA_STALE; SCHEMA_INVALID; QUOTE_FAIL; SIM_REVERT; INVARIANT_FAIL; DEP_UNHEALTHY; ECON_FAIL; AUTH_FAIL,latency_ms; candidate_count; quote_errors; sim_reverts; gate_reason; expected_ev; realized_pnl; recon_delta,op_27 Path Ordering; op_21 Newton-Raphson; op_15 Golden Section; op_16 Kelly,op_01 SVD; op_22 Monte Carlo; op_26 Flash Loan; op_30 GNN Encoder,Transacción única; bundle atómico; capital propio o flash liquidity,none,strategy.01.018.enabled,READY_FOR_CARTRIDGE_MIGRATION,https://arxiv.org/abs/2204.05238; https://arxiv.org/abs/2302.04938; https://arxiv.org/abs/2107.12484
MEV-01-019,1,Multi-hop arbitrage,route_graph_engine,R_CLOSED_CYCLE,DETERMINISTIC_EXECUTABLE,DEX_AMM,Full ordered route legs; per-leg protocol adapter; reserves/slot0/ticks/bins; token decimals; pool fees; same-block state; gas; optional flash fee.,"Candidate{strategy_id, snapshot_id, amount, exact_quote, costs, risk, evidence_ids, gate_state}",Config loaded; required adapters healthy; snapshot schema valid; kill-switch false.,Deterministic evidence persisted; no state mutation outside executor; all costs/accounting fields present.,Detector/quote/simulation timeouts defined by group policy; timeout => NO-GO.,strategy_id + chain/domain + snapshot_id + route/order fingerprint,DATA_STALE; SCHEMA_INVALID; QUOTE_FAIL; SIM_REVERT; INVARIANT_FAIL; DEP_UNHEALTHY; ECON_FAIL; AUTH_FAIL,latency_ms; candidate_count; quote_errors; sim_reverts; gate_reason; expected_ev; realized_pnl; recon_delta,op_27 Path Ordering; op_21 Newton-Raphson; op_15 Golden Section; op_16 Kelly,op_01 SVD; op_22 Monte Carlo; op_26 Flash Loan; op_30 GNN Encoder,Transacción única; bundle atómico; capital propio o flash liquidity,none,strategy.01.019.enabled,READY_FOR_CARTRIDGE_MIGRATION,https://arxiv.org/abs/2204.05238; https://arxiv.org/abs/2302.04938; https://arxiv.org/abs/2107.12484
MEV-01-020,1,Multi-DEX cyclic arbitrage,route_graph_engine,R_CLOSED_CYCLE,DETERMINISTIC_EXECUTABLE,DEX_AMM,Full ordered route legs; per-leg protocol adapter; reserves/slot0/ticks/bins; token decimals; pool fees; same-block state; gas; optional flash fee.,"Candidate{strategy_id, snapshot_id, amount, exact_quote, costs, risk, evidence_ids, gate_state}",Config loaded; required adapters healthy; snapshot schema valid; kill-switch false.,Deterministic evidence persisted; no state mutation outside executor; all costs/accounting fields present.,Detector/quote/simulation timeouts defined by group policy; timeout => NO-GO.,strategy_id + chain/domain + snapshot_id + route/order fingerprint,DATA_STALE; SCHEMA_INVALID; QUOTE_FAIL; SIM_REVERT; INVARIANT_FAIL; DEP_UNHEALTHY; ECON_FAIL; AUTH_FAIL,latency_ms; candidate_count; quote_errors; sim_reverts; gate_reason; expected_ev; realized_pnl; recon_delta,op_27 Path Ordering; op_21 Newton-Raphson; op_15 Golden Section; op_16 Kelly,op_01 SVD; op_22 Monte Carlo; op_26 Flash Loan; op_30 GNN Encoder,Transacción única; bundle atómico; capital propio o flash liquidity,none,strategy.01.020.enabled,READY_FOR_CARTRIDGE_MIGRATION,https://arxiv.org/abs/2204.05238; https://arxiv.org/abs/2302.04938; https://arxiv.org/abs/2107.12484
MEV-01-021,1,Intra-DEX cyclic arbitrage,route_graph_engine,R_CLOSED_CYCLE,DETERMINISTIC_EXECUTABLE,DEX_AMM,Full ordered route legs; per-leg protocol adapter; reserves/slot0/ticks/bins; token decimals; pool fees; same-block state; gas; optional flash fee.,"Candidate{strategy_id, snapshot_id, amount, exact_quote, costs, risk, evidence_ids, gate_state}",Config loaded; required adapters healthy; snapshot schema valid; kill-switch false.,Deterministic evidence persisted; no state mutation outside executor; all costs/accounting fields present.,Detector/quote/simulation timeouts defined by group policy; timeout => NO-GO.,strategy_id + chain/domain + snapshot_id + route/order fingerprint,DATA_STALE; SCHEMA_INVALID; QUOTE_FAIL; SIM_REVERT; INVARIANT_FAIL; DEP_UNHEALTHY; ECON_FAIL; AUTH_FAIL,latency_ms; candidate_count; quote_errors; sim_reverts; gate_reason; expected_ev; realized_pnl; recon_delta,op_27 Path Ordering; op_21 Newton-Raphson; op_15 Golden Section; op_16 Kelly,op_01 SVD; op_22 Monte Carlo; op_26 Flash Loan; op_30 GNN Encoder,Transacción única; bundle atómico; capital propio o flash liquidity,none,strategy.01.021.enabled,READY_FOR_CARTRIDGE_MIGRATION,https://arxiv.org/abs/2204.05238; https://arxiv.org/abs/2302.04938; https://arxiv.org/abs/2107.12484
MEV-01-022,1,Non-cyclic inventory arbitrage,route_graph_engine,R_CLOSED_CYCLE,DETERMINISTIC_EXECUTABLE,DEX_AMM,Full ordered route legs; per-leg protocol adapter; reserves/slot0/ticks/bins; token decimals; pool fees; same-block state; gas; optional flash fee.,"Candidate{strategy_id, snapshot_id, amount, exact_quote, costs, risk, evidence_ids, gate_state}",Config loaded; required adapters healthy; snapshot schema valid; kill-switch false.,Deterministic evidence persisted; no state mutation outside executor; all costs/accounting fields present.,Detector/quote/simulation timeouts defined by group policy; timeout => NO-GO.,strategy_id + chain/domain + snapshot_id + route/order fingerprint,DATA_STALE; SCHEMA_INVALID; QUOTE_FAIL; SIM_REVERT; INVARIANT_FAIL; DEP_UNHEALTHY; ECON_FAIL; AUTH_FAIL,latency_ms; candidate_count; quote_errors; sim_reverts; gate_reason; expected_ev; realized_pnl; recon_delta,op_27 Path Ordering; op_21 Newton-Raphson; op_15 Golden Section; op_16 Kelly,op_01 SVD; op_22 Monte Carlo; op_26 Flash Loan; op_30 GNN Encoder,Transacción única; bundle atómico; capital propio o flash liquidity,none,strategy.01.022.enabled,READY_FOR_CARTRIDGE_MIGRATION,https://arxiv.org/abs/2204.05238; https://arxiv.org/abs/2302.04938; https://arxiv.org/abs/2107.12484
MEV-01-023,1,Path inconsistency arbitrage,route_graph_engine,R_DIRECT_INDIRECT,DETERMINISTIC_EXECUTABLE,DEX_AMM,Two competing paths with full legs; exact per-leg quotes; fees; block-consistent pool state; gas delta.,"Candidate{strategy_id, snapshot_id, amount, exact_quote, costs, risk, evidence_ids, gate_state}",Config loaded; required adapters healthy; snapshot schema valid; kill-switch false.,Deterministic evidence persisted; no state mutation outside executor; all costs/accounting fields present.,Detector/quote/simulation timeouts defined by group policy; timeout => NO-GO.,strategy_id + chain/domain + snapshot_id + route/order fingerprint,DATA_STALE; SCHEMA_INVALID; QUOTE_FAIL; SIM_REVERT; INVARIANT_FAIL; DEP_UNHEALTHY; ECON_FAIL; AUTH_FAIL,latency_ms; candidate_count; quote_errors; sim_reverts; gate_reason; expected_ev; realized_pnl; recon_delta,op_27 Path Ordering; op_21 Newton-Raphson; op_15 Golden Section,op_01 SVD; op_20 Gradient Descent; op_22 Monte Carlo,Transacción única; bundle atómico; capital propio o flash liquidity,none,strategy.01.023.enabled,READY_FOR_CARTRIDGE_MIGRATION,https://arxiv.org/abs/2204.05238; https://arxiv.org/abs/2302.04938
MEV-01-024,1,Direct-vs-indirect-route arbitrage,route_graph_engine,R_DIRECT_INDIRECT,DETERMINISTIC_EXECUTABLE,DEX_AMM,Two competing paths with full legs; exact per-leg quotes; fees; block-consistent pool state; gas delta.,"Candidate{strategy_id, snapshot_id, amount, exact_quote, costs, risk, evidence_ids, gate_state}",Config loaded; required adapters healthy; snapshot schema valid; kill-switch false.,Deterministic evidence persisted; no state mutation outside executor; all costs/accounting fields present.,Detector/quote/simulation timeouts defined by group policy; timeout => NO-GO.,strategy_id + chain/domain + snapshot_id + route/order fingerprint,DATA_STALE; SCHEMA_INVALID; QUOTE_FAIL; SIM_REVERT; INVARIANT_FAIL; DEP_UNHEALTHY; ECON_FAIL; AUTH_FAIL,latency_ms; candidate_count; quote_errors; sim_reverts; gate_reason; expected_ev; realized_pnl; recon_delta,op_27 Path Ordering; op_21 Newton-Raphson; op_15 Golden Section,op_01 SVD; op_20 Gradient Descent; op_22 Monte Carlo,Transacción única; bundle atómico; capital propio o flash liquidity,none,strategy.01.024.enabled,READY_FOR_CARTRIDGE_MIGRATION,https://arxiv.org/abs/2204.05238; https://arxiv.org/abs/2302.04938
MEV-01-025,1,Split-route arbitrage,route_graph_engine,R_SPLIT,DETERMINISTIC_EXECUTABLE,DEX_AMM,Parallel executable paths; exact quote functions; gas activation cost per path; shared input amount.,"Candidate{strategy_id, snapshot_id, amount, exact_quote, costs, risk, evidence_ids, gate_state}",Config loaded; required adapters healthy; snapshot schema valid; kill-switch false.,Deterministic evidence persisted; no state mutation outside executor; all costs/accounting fields present.,Detector/quote/simulation timeouts defined by group policy; timeout => NO-GO.,strategy_id + chain/domain + snapshot_id + route/order fingerprint,DATA_STALE; SCHEMA_INVALID; QUOTE_FAIL; SIM_REVERT; INVARIANT_FAIL; DEP_UNHEALTHY; ECON_FAIL; AUTH_FAIL,latency_ms; candidate_count; quote_errors; sim_reverts; gate_reason; expected_ev; realized_pnl; recon_delta,op_19 Simplex; op_20 Gradient Descent; op_15 Golden Section,op_21 Newton-Raphson; op_27 Path Ordering; op_22 Monte Carlo,Transacción única; bundle atómico; capital propio o flash liquidity,none,strategy.01.025.enabled,READY_FOR_CARTRIDGE_MIGRATION,https://arxiv.org/abs/2204.05238; https://arxiv.org/abs/2603.02844; https://arxiv.org/abs/2302.04938
MEV-01-026,1,Parallel-route arbitrage,route_graph_engine,R_SPLIT,DETERMINISTIC_EXECUTABLE,DEX_AMM,Parallel executable paths; exact quote functions; gas activation cost per path; shared input amount.,"Candidate{strategy_id, snapshot_id, amount, exact_quote, costs, risk, evidence_ids, gate_state}",Config loaded; required adapters healthy; snapshot schema valid; kill-switch false.,Deterministic evidence persisted; no state mutation outside executor; all costs/accounting fields present.,Detector/quote/simulation timeouts defined by group policy; timeout => NO-GO.,strategy_id + chain/domain + snapshot_id + route/order fingerprint,DATA_STALE; SCHEMA_INVALID; QUOTE_FAIL; SIM_REVERT; INVARIANT_FAIL; DEP_UNHEALTHY; ECON_FAIL; AUTH_FAIL,latency_ms; candidate_count; quote_errors; sim_reverts; gate_reason; expected_ev; realized_pnl; recon_delta,op_19 Simplex; op_20 Gradient Descent; op_15 Golden Section,op_21 Newton-Raphson; op_27 Path Ordering; op_22 Monte Carlo,Transacción única; bundle atómico; capital propio o flash liquidity,none,strategy.01.026.enabled,READY_FOR_CARTRIDGE_MIGRATION,https://arxiv.org/abs/2204.05238; https://arxiv.org/abs/2603.02844; https://arxiv.org/abs/2302.04938
MEV-01-027,1,Basket arbitrage,route_graph_engine,R_BASKET_NAV,DETERMINISTIC_IF_REDEEMABLE,DEX_AMM,Basket composition/weights; mint/redeem contract state; exact component quotes; fees; redemption constraints.,"Candidate{strategy_id, snapshot_id, amount, exact_quote, costs, risk, evidence_ids, gate_state}",Config loaded; required adapters healthy; snapshot schema valid; kill-switch false.,Deterministic evidence persisted; no state mutation outside executor; all costs/accounting fields present.,Detector/quote/simulation timeouts defined by group policy; timeout => NO-GO.,strategy_id + chain/domain + snapshot_id + route/order fingerprint,DATA_STALE; SCHEMA_INVALID; QUOTE_FAIL; SIM_REVERT; INVARIANT_FAIL; DEP_UNHEALTHY; ECON_FAIL; AUTH_FAIL,latency_ms; candidate_count; quote_errors; sim_reverts; gate_reason; expected_ev; realized_pnl; recon_delta,op_13 Regression; op_19 Simplex; op_21 Newton-Raphson,op_08 Kalman; op_11 Bayes; op_16 Kelly; op_22 Monte Carlo,Transacción única; bundle atómico; capital propio o flash liquidity,none,strategy.01.027.enabled,READY_FOR_CARTRIDGE_MIGRATION,https://arxiv.org/abs/2107.12484
MEV-01-028,1,Index arbitrage,route_graph_engine,R_BASKET_NAV,DETERMINISTIC_IF_REDEEMABLE,DEX_AMM,Basket composition/weights; mint/redeem contract state; exact component quotes; fees; redemption constraints.,"Candidate{strategy_id, snapshot_id, amount, exact_quote, costs, risk, evidence_ids, gate_state}",Config loaded; required adapters healthy; snapshot schema valid; kill-switch false.,Deterministic evidence persisted; no state mutation outside executor; all costs/accounting fields present.,Detector/quote/simulation timeouts defined by group policy; timeout => NO-GO.,strategy_id + chain/domain + snapshot_id + route/order fingerprint,DATA_STALE; SCHEMA_INVALID; QUOTE_FAIL; SIM_REVERT; INVARIANT_FAIL; DEP_UNHEALTHY; ECON_FAIL; AUTH_FAIL,latency_ms; candidate_count; quote_errors; sim_reverts; gate_reason; expected_ev; realized_pnl; recon_delta,op_13 Regression; op_19 Simplex; op_21 Newton-Raphson,op_08 Kalman; op_11 Bayes; op_16 Kelly; op_22 Monte Carlo,Transacción única; bundle atómico; capital propio o flash liquidity,none,strategy.01.028.enabled,READY_FOR_CARTRIDGE_MIGRATION,https://arxiv.org/abs/2107.12484
MEV-01-029,1,Ring arbitrage,route_graph_engine,R_CLOSED_CYCLE,DETERMINISTIC_EXECUTABLE,DEX_AMM,Full ordered route legs; per-leg protocol adapter; reserves/slot0/ticks/bins; token decimals; pool fees; same-block state; gas; optional flash fee.,"Candidate{strategy_id, snapshot_id, amount, exact_quote, costs, risk, evidence_ids, gate_state}",Config loaded; required adapters healthy; snapshot schema valid; kill-switch false.,Deterministic evidence persisted; no state mutation outside executor; all costs/accounting fields present.,Detector/quote/simulation timeouts defined by group policy; timeout => NO-GO.,strategy_id + chain/domain + snapshot_id + route/order fingerprint,DATA_STALE; SCHEMA_INVALID; QUOTE_FAIL; SIM_REVERT; INVARIANT_FAIL; DEP_UNHEALTHY; ECON_FAIL; AUTH_FAIL,latency_ms; candidate_count; quote_errors; sim_reverts; gate_reason; expected_ev; realized_pnl; recon_delta,op_27 Path Ordering; op_21 Newton-Raphson; op_15 Golden Section; op_16 Kelly,op_01 SVD; op_22 Monte Carlo; op_26 Flash Loan; op_30 GNN Encoder,Transacción única; bundle atómico; capital propio o flash liquidity,none,strategy.01.029.enabled,READY_FOR_CARTRIDGE_MIGRATION,https://arxiv.org/abs/2204.05238; https://arxiv.org/abs/2302.04938; https://arxiv.org/abs/2107.12484
MEV-01-030,1,Coincidence-of-Wants arbitrage,route_graph_engine,R_COW,DETERMINISTIC_SETTLEMENT,DEX_AMM,Orders/intents; limit prices; balances; valid-to; external liquidity quotes; settlement constraints.,"Candidate{strategy_id, snapshot_id, amount, exact_quote, costs, risk, evidence_ids, gate_state}",Config loaded; required adapters healthy; snapshot schema valid; kill-switch false.,Deterministic evidence persisted; no state mutation outside executor; all costs/accounting fields present.,Detector/quote/simulation timeouts defined by group policy; timeout => NO-GO.,strategy_id + chain/domain + snapshot_id + route/order fingerprint,DATA_STALE; SCHEMA_INVALID; QUOTE_FAIL; SIM_REVERT; INVARIANT_FAIL; DEP_UNHEALTHY; ECON_FAIL; AUTH_FAIL,latency_ms; candidate_count; quote_errors; sim_reverts; gate_reason; expected_ev; realized_pnl; recon_delta,op_19 Simplex; op_29 Shapley; op_24 Nash; op_27 Path Ordering,op_20 Gradient Descent; op_22 Monte Carlo; op_23 Queueing,Transacción única; bundle atómico; capital propio o flash liquidity,none,strategy.01.030.enabled,READY_FOR_CARTRIDGE_MIGRATION,https://docs.cow.fi/
MEV-01-031,1,Exact-in/exact-out arbitrage,route_graph_engine,R_CLOSED_CYCLE,DETERMINISTIC_EXECUTABLE,DEX_AMM,Full ordered route legs; per-leg protocol adapter; reserves/slot0/ticks/bins; token decimals; pool fees; same-block state; gas; optional flash fee.,"Candidate{strategy_id, snapshot_id, amount, exact_quote, costs, risk, evidence_ids, gate_state}",Config loaded; required adapters healthy; snapshot schema valid; kill-switch false.,Deterministic evidence persisted; no state mutation outside executor; all costs/accounting fields present.,Detector/quote/simulation timeouts defined by group policy; timeout => NO-GO.,strategy_id + chain/domain + snapshot_id + route/order fingerprint,DATA_STALE; SCHEMA_INVALID; QUOTE_FAIL; SIM_REVERT; INVARIANT_FAIL; DEP_UNHEALTHY; ECON_FAIL; AUTH_FAIL,latency_ms; candidate_count; quote_errors; sim_reverts; gate_reason; expected_ev; realized_pnl; recon_delta,op_27 Path Ordering; op_21 Newton-Raphson; op_15 Golden Section; op_16 Kelly,op_01 SVD; op_22 Monte Carlo; op_26 Flash Loan; op_30 GNN Encoder,Transacción única; bundle atómico; capital propio o flash liquidity,none,strategy.01.031.enabled,READY_FOR_CARTRIDGE_MIGRATION,https://arxiv.org/abs/2204.05238; https://arxiv.org/abs/2302.04938; https://arxiv.org/abs/2107.12484
MEV-01-032,1,Fee-adjusted arbitrage,route_graph_engine,R_CLOSED_CYCLE,DETERMINISTIC_EXECUTABLE,DEX_AMM,Full ordered route legs; per-leg protocol adapter; reserves/slot0/ticks/bins; token decimals; pool fees; same-block state; gas; optional flash fee.,"Candidate{strategy_id, snapshot_id, amount, exact_quote, costs, risk, evidence_ids, gate_state}",Config loaded; required adapters healthy; snapshot schema valid; kill-switch false.,Deterministic evidence persisted; no state mutation outside executor; all costs/accounting fields present.,Detector/quote/simulation timeouts defined by group policy; timeout => NO-GO.,strategy_id + chain/domain + snapshot_id + route/order fingerprint,DATA_STALE; SCHEMA_INVALID; QUOTE_FAIL; SIM_REVERT; INVARIANT_FAIL; DEP_UNHEALTHY; ECON_FAIL; AUTH_FAIL,latency_ms; candidate_count; quote_errors; sim_reverts; gate_reason; expected_ev; realized_pnl; recon_delta,op_27 Path Ordering; op_21 Newton-Raphson; op_15 Golden Section; op_16 Kelly,op_01 SVD; op_22 Monte Carlo; op_26 Flash Loan; op_30 GNN Encoder,Transacción única; bundle atómico; capital propio o flash liquidity,none,strategy.01.032.enabled,READY_FOR_CARTRIDGE_MIGRATION,https://arxiv.org/abs/2204.05238; https://arxiv.org/abs/2302.04938; https://arxiv.org/abs/2107.12484
MEV-01-033,1,Gas-adjusted arbitrage,route_graph_engine,R_CLOSED_CYCLE,DETERMINISTIC_EXECUTABLE,DEX_AMM,Full ordered route legs; per-leg protocol adapter; reserves/slot0/ticks/bins; token decimals; pool fees; same-block state; gas; optional flash fee.,"Candidate{strategy_id, snapshot_id, amount, exact_quote, costs, risk, evidence_ids, gate_state}",Config loaded; required adapters healthy; snapshot schema valid; kill-switch false.,Deterministic evidence persisted; no state mutation outside executor; all costs/accounting fields present.,Detector/quote/simulation timeouts defined by group policy; timeout => NO-GO.,strategy_id + chain/domain + snapshot_id + route/order fingerprint,DATA_STALE; SCHEMA_INVALID; QUOTE_FAIL; SIM_REVERT; INVARIANT_FAIL; DEP_UNHEALTHY; ECON_FAIL; AUTH_FAIL,latency_ms; candidate_count; quote_errors; sim_reverts; gate_reason; expected_ev; realized_pnl; recon_delta,op_27 Path Ordering; op_21 Newton-Raphson; op_15 Golden Section; op_16 Kelly,op_01 SVD; op_22 Monte Carlo; op_26 Flash Loan; op_30 GNN Encoder,Transacción única; bundle atómico; capital propio o flash liquidity,none,strategy.01.033.enabled,READY_FOR_CARTRIDGE_MIGRATION,https://arxiv.org/abs/2204.05238; https://arxiv.org/abs/2302.04938; https://arxiv.org/abs/2107.12484
MEV-01-034,1,Rebate arbitrage,route_graph_engine,R_CLOSED_CYCLE,DETERMINISTIC_EXECUTABLE,DEX_AMM,Full ordered route legs; per-leg protocol adapter; reserves/slot0/ticks/bins; token decimals; pool fees; same-block state; gas; optional flash fee.,"Candidate{strategy_id, snapshot_id, amount, exact_quote, costs, risk, evidence_ids, gate_state}",Config loaded; required adapters healthy; snapshot schema valid; kill-switch false.,Deterministic evidence persisted; no state mutation outside executor; all costs/accounting fields present.,Detector/quote/simulation timeouts defined by group policy; timeout => NO-GO.,strategy_id + chain/domain + snapshot_id + route/order fingerprint,DATA_STALE; SCHEMA_INVALID; QUOTE_FAIL; SIM_REVERT; INVARIANT_FAIL; DEP_UNHEALTHY; ECON_FAIL; AUTH_FAIL,latency_ms; candidate_count; quote_errors; sim_reverts; gate_reason; expected_ev; realized_pnl; recon_delta,op_27 Path Ordering; op_21 Newton-Raphson; op_15 Golden Section; op_16 Kelly,op_01 SVD; op_22 Monte Carlo; op_26 Flash Loan; op_30 GNN Encoder,Transacción única; bundle atómico; capital propio o flash liquidity,none,strategy.01.034.enabled,READY_FOR_CARTRIDGE_MIGRATION,https://arxiv.org/abs/2204.05238; https://arxiv.org/abs/2302.04938; https://arxiv.org/abs/2107.12484
MEV-01-035,1,Dynamic-fee arbitrage,route_graph_engine,R_CLOSED_CYCLE,DETERMINISTIC_EXECUTABLE,DEX_AMM,Full ordered route legs; per-leg protocol adapter; reserves/slot0/ticks/bins; token decimals; pool fees; same-block state; gas; optional flash fee.,"Candidate{strategy_id, snapshot_id, amount, exact_quote, costs, risk, evidence_ids, gate_state}",Config loaded; required adapters healthy; snapshot schema valid; kill-switch false.,Deterministic evidence persisted; no state mutation outside executor; all costs/accounting fields present.,Detector/quote/simulation timeouts defined by group policy; timeout => NO-GO.,strategy_id + chain/domain + snapshot_id + route/order fingerprint,DATA_STALE; SCHEMA_INVALID; QUOTE_FAIL; SIM_REVERT; INVARIANT_FAIL; DEP_UNHEALTHY; ECON_FAIL; AUTH_FAIL,latency_ms; candidate_count; quote_errors; sim_reverts; gate_reason; expected_ev; realized_pnl; recon_delta,op_27 Path Ordering; op_21 Newton-Raphson; op_15 Golden Section; op_16 Kelly,op_01 SVD; op_22 Monte Carlo; op_26 Flash Loan; op_30 GNN Encoder,Transacción única; bundle atómico; capital propio o flash liquidity,none,strategy.01.035.enabled,READY_FOR_CARTRIDGE_MIGRATION,https://arxiv.org/abs/2204.05238; https://arxiv.org/abs/2302.04938; https://arxiv.org/abs/2107.12484
MEV-01-036,1,Hook arbitrage,route_graph_engine,R_CLOSED_CYCLE,DETERMINISTIC_EXECUTABLE,DEX_AMM,Full ordered route legs; per-leg protocol adapter; reserves/slot0/ticks/bins; token decimals; pool fees; same-block state; gas; optional flash fee.,"Candidate{strategy_id, snapshot_id, amount, exact_quote, costs, risk, evidence_ids, gate_state}",Config loaded; required adapters healthy; snapshot schema valid; kill-switch false.,Deterministic evidence persisted; no state mutation outside executor; all costs/accounting fields present.,Detector/quote/simulation timeouts defined by group policy; timeout => NO-GO.,strategy_id + chain/domain + snapshot_id + route/order fingerprint,DATA_STALE; SCHEMA_INVALID; QUOTE_FAIL; SIM_REVERT; INVARIANT_FAIL; DEP_UNHEALTHY; ECON_FAIL; AUTH_FAIL,latency_ms; candidate_count; quote_errors; sim_reverts; gate_reason; expected_ev; realized_pnl; recon_delta,op_27 Path Ordering; op_21 Newton-Raphson; op_15 Golden Section; op_16 Kelly,op_01 SVD; op_22 Monte Carlo; op_26 Flash Loan; op_30 GNN Encoder,Transacción única; bundle atómico; capital propio o flash liquidity,none,strategy.01.036.enabled,READY_FOR_CARTRIDGE_MIGRATION,https://arxiv.org/abs/2204.05238; https://arxiv.org/abs/2302.04938; https://arxiv.org/abs/2107.12484
MEV-02-001,2,Constant-product arbitrage,amm_curve_engine,CF_CPMM,DETERMINISTIC_EXECUTABLE,DEX_AMM,Reserves; token ordering/decimals; pool fee; exact route legs; gas.,"Candidate{strategy_id, snapshot_id, amount, exact_quote, costs, risk, evidence_ids, gate_state}",Config loaded; required adapters healthy; snapshot schema valid; kill-switch false.,Deterministic evidence persisted; no state mutation outside executor; all costs/accounting fields present.,Detector/quote/simulation timeouts defined by group policy; timeout => NO-GO.,strategy_id + chain/domain + snapshot_id + route/order fingerprint,DATA_STALE; SCHEMA_INVALID; QUOTE_FAIL; SIM_REVERT; INVARIANT_FAIL; DEP_UNHEALTHY; ECON_FAIL; AUTH_FAIL,latency_ms; candidate_count; quote_errors; sim_reverts; gate_reason; expected_ev; realized_pnl; recon_delta,op_21 Newton-Raphson; op_15 Golden Section; op_27 Path Ordering,op_16 Kelly; op_22 Monte Carlo; op_26 Flash Loan,Transacción única contra una o varias curvas; flash swap/loan opcional,none,strategy.02.001.enabled,READY_FOR_CARTRIDGE_MIGRATION,https://arxiv.org/abs/2107.12484; https://arxiv.org/abs/2204.05238
MEV-02-002,2,Constant-sum arbitrage,amm_curve_engine,CF_CONSTANT_SUM,DETERMINISTIC_EXECUTABLE,DEX_AMM,Reserves; invariant bounds; fees; exact competing route.,"Candidate{strategy_id, snapshot_id, amount, exact_quote, costs, risk, evidence_ids, gate_state}",Config loaded; required adapters healthy; snapshot schema valid; kill-switch false.,Deterministic evidence persisted; no state mutation outside executor; all costs/accounting fields present.,Detector/quote/simulation timeouts defined by group policy; timeout => NO-GO.,strategy_id + chain/domain + snapshot_id + route/order fingerprint,DATA_STALE; SCHEMA_INVALID; QUOTE_FAIL; SIM_REVERT; INVARIANT_FAIL; DEP_UNHEALTHY; ECON_FAIL; AUTH_FAIL,latency_ms; candidate_count; quote_errors; sim_reverts; gate_reason; expected_ev; realized_pnl; recon_delta,op_19 Simplex; op_21 Newton-Raphson; op_15 Golden Section,op_22 Monte Carlo,Transacción única contra una o varias curvas; flash swap/loan opcional,none,strategy.02.002.enabled,READY_FOR_CARTRIDGE_MIGRATION,https://docs.curve.finance/assets/pdf/whitepaper_stableswap.pdf
MEV-02-003,2,StableSwap arbitrage,amm_curve_engine,CF_STABLESWAP,DETERMINISTIC_EXECUTABLE,DEX_AMM,All pool balances; amplification A; fees/admin fees; token rates/decimals; exact invariant version.,"Candidate{strategy_id, snapshot_id, amount, exact_quote, costs, risk, evidence_ids, gate_state}",Config loaded; required adapters healthy; snapshot schema valid; kill-switch false.,Deterministic evidence persisted; no state mutation outside executor; all costs/accounting fields present.,Detector/quote/simulation timeouts defined by group policy; timeout => NO-GO.,strategy_id + chain/domain + snapshot_id + route/order fingerprint,DATA_STALE; SCHEMA_INVALID; QUOTE_FAIL; SIM_REVERT; INVARIANT_FAIL; DEP_UNHEALTHY; ECON_FAIL; AUTH_FAIL,latency_ms; candidate_count; quote_errors; sim_reverts; gate_reason; expected_ev; realized_pnl; recon_delta,op_21 Newton-Raphson; op_15 Golden Section; op_27 Path Ordering,op_16 Kelly; op_22 Monte Carlo,Transacción única contra una o varias curvas; flash swap/loan opcional,none,strategy.02.003.enabled,READY_FOR_CARTRIDGE_MIGRATION,https://docs.curve.finance/assets/pdf/whitepaper_stableswap.pdf
MEV-02-004,2,Weighted-pool arbitrage,amm_curve_engine,CF_WEIGHTED,DETERMINISTIC_EXECUTABLE,DEX_AMM,Balances; normalized weights; swap fee; token scaling factors; exact pool type/version.,"Candidate{strategy_id, snapshot_id, amount, exact_quote, costs, risk, evidence_ids, gate_state}",Config loaded; required adapters healthy; snapshot schema valid; kill-switch false.,Deterministic evidence persisted; no state mutation outside executor; all costs/accounting fields present.,Detector/quote/simulation timeouts defined by group policy; timeout => NO-GO.,strategy_id + chain/domain + snapshot_id + route/order fingerprint,DATA_STALE; SCHEMA_INVALID; QUOTE_FAIL; SIM_REVERT; INVARIANT_FAIL; DEP_UNHEALTHY; ECON_FAIL; AUTH_FAIL,latency_ms; candidate_count; quote_errors; sim_reverts; gate_reason; expected_ev; realized_pnl; recon_delta,op_21 Newton-Raphson; op_15 Golden Section; op_19 Simplex,op_16 Kelly; op_22 Monte Carlo,Transacción única contra una o varias curvas; flash swap/loan opcional,none,strategy.02.004.enabled,READY_FOR_CARTRIDGE_MIGRATION,https://docs.balancer.fi/whitepaper.pdf
MEV-02-005,2,Concentrated-liquidity arbitrage,amm_curve_engine,CF_CLAMM,DETERMINISTIC_EXECUTABLE,DEX_AMM,sqrtPriceX96; active liquidity; initialized ticks/tick bitmap; fee tier; decimals; QuoterV2 or exact local tick traversal.,"Candidate{strategy_id, snapshot_id, amount, exact_quote, costs, risk, evidence_ids, gate_state}",Config loaded; required adapters healthy; snapshot schema valid; kill-switch false.,Deterministic evidence persisted; no state mutation outside executor; all costs/accounting fields present.,Detector/quote/simulation timeouts defined by group policy; timeout => NO-GO.,strategy_id + chain/domain + snapshot_id + route/order fingerprint,DATA_STALE; SCHEMA_INVALID; QUOTE_FAIL; SIM_REVERT; INVARIANT_FAIL; DEP_UNHEALTHY; ECON_FAIL; AUTH_FAIL,latency_ms; candidate_count; quote_errors; sim_reverts; gate_reason; expected_ev; realized_pnl; recon_delta,op_21 Newton-Raphson; op_15 Golden Section; op_27 Path Ordering,op_10 Welford; op_16 Kelly; op_22 Monte Carlo; op_30 GNN Encoder,Transacción única contra una o varias curvas; flash swap/loan opcional,none,strategy.02.005.enabled,READY_FOR_CARTRIDGE_MIGRATION,https://developers.uniswap.org/docs/get-started/concepts/liquidity-providers/concentrated-liquidity; https://arxiv.org/abs/2302.04938
MEV-02-006,2,Liquidity-bin arbitrage,amm_curve_engine,CF_LB,DETERMINISTIC_EXECUTABLE,DEX_AMM,Active bin; bin step; per-bin reserves/liquidity; variable fee state; exact bin traversal.,"Candidate{strategy_id, snapshot_id, amount, exact_quote, costs, risk, evidence_ids, gate_state}",Config loaded; required adapters healthy; snapshot schema valid; kill-switch false.,Deterministic evidence persisted; no state mutation outside executor; all costs/accounting fields present.,Detector/quote/simulation timeouts defined by group policy; timeout => NO-GO.,strategy_id + chain/domain + snapshot_id + route/order fingerprint,DATA_STALE; SCHEMA_INVALID; QUOTE_FAIL; SIM_REVERT; INVARIANT_FAIL; DEP_UNHEALTHY; ECON_FAIL; AUTH_FAIL,latency_ms; candidate_count; quote_errors; sim_reverts; gate_reason; expected_ev; realized_pnl; recon_delta,op_27 Path Ordering; op_21 Newton-Raphson; op_15 Golden Section,op_10 Welford; op_22 Monte Carlo,Transacción única contra una o varias curvas; flash swap/loan opcional,none,strategy.02.006.enabled,READY_FOR_CARTRIDGE_MIGRATION,https://docs.lfj.gg/concepts/bin-liquidity
MEV-02-007,2,Proactive Market Maker arbitrage,amm_curve_engine,CF_PMM,DETERMINISTIC_WITH_ORACLE,DEX_AMM,PMM state/inventory; oracle/reference price; k/curve parameters; fees; exact protocol version.,"Candidate{strategy_id, snapshot_id, amount, exact_quote, costs, risk, evidence_ids, gate_state}",Config loaded; required adapters healthy; snapshot schema valid; kill-switch false.,Deterministic evidence persisted; no state mutation outside executor; all costs/accounting fields present.,Detector/quote/simulation timeouts defined by group policy; timeout => NO-GO.,strategy_id + chain/domain + snapshot_id + route/order fingerprint,DATA_STALE; SCHEMA_INVALID; QUOTE_FAIL; SIM_REVERT; INVARIANT_FAIL; DEP_UNHEALTHY; ECON_FAIL; AUTH_FAIL,latency_ms; candidate_count; quote_errors; sim_reverts; gate_reason; expected_ev; realized_pnl; recon_delta,op_21 Newton-Raphson; op_15 Golden Section; op_08 Kalman,op_13 Regression; op_22 Monte Carlo,Transacción única contra una o varias curvas; flash swap/loan opcional,none,strategy.02.007.enabled,READY_FOR_CARTRIDGE_MIGRATION,https://docs.dodoex.io/en/product/pmm-algorithm
MEV-02-008,2,Dynamic-liquidity arbitrage,amm_curve_engine,CF_DYNAMIC,DETERMINISTIC_IF_ADAPTER,DEX_AMM,Protocol-specific dynamic parameters; state snapshot; exact adapter; fees; oracle where protocol requires.,"Candidate{strategy_id, snapshot_id, amount, exact_quote, costs, risk, evidence_ids, gate_state}",Config loaded; required adapters healthy; snapshot schema valid; kill-switch false.,Deterministic evidence persisted; no state mutation outside executor; all costs/accounting fields present.,Detector/quote/simulation timeouts defined by group policy; timeout => NO-GO.,strategy_id + chain/domain + snapshot_id + route/order fingerprint,DATA_STALE; SCHEMA_INVALID; QUOTE_FAIL; SIM_REVERT; INVARIANT_FAIL; DEP_UNHEALTHY; ECON_FAIL; AUTH_FAIL,latency_ms; candidate_count; quote_errors; sim_reverts; gate_reason; expected_ev; realized_pnl; recon_delta,op_08 Kalman; op_10 Welford; op_21 Newton-Raphson; op_15 Golden Section,op_13 Regression; op_22 Monte Carlo,Transacción única contra una o varias curvas; flash swap/loan opcional,none,strategy.02.008.enabled,READY_FOR_CARTRIDGE_MIGRATION,https://arxiv.org/abs/2107.12484
MEV-02-009,2,Dynamic-weight arbitrage,amm_curve_engine,CF_DYNAMIC,DETERMINISTIC_IF_ADAPTER,DEX_AMM,Protocol-specific dynamic parameters; state snapshot; exact adapter; fees; oracle where protocol requires.,"Candidate{strategy_id, snapshot_id, amount, exact_quote, costs, risk, evidence_ids, gate_state}",Config loaded; required adapters healthy; snapshot schema valid; kill-switch false.,Deterministic evidence persisted; no state mutation outside executor; all costs/accounting fields present.,Detector/quote/simulation timeouts defined by group policy; timeout => NO-GO.,strategy_id + chain/domain + snapshot_id + route/order fingerprint,DATA_STALE; SCHEMA_INVALID; QUOTE_FAIL; SIM_REVERT; INVARIANT_FAIL; DEP_UNHEALTHY; ECON_FAIL; AUTH_FAIL,latency_ms; candidate_count; quote_errors; sim_reverts; gate_reason; expected_ev; realized_pnl; recon_delta,op_08 Kalman; op_10 Welford; op_21 Newton-Raphson; op_15 Golden Section,op_13 Regression; op_22 Monte Carlo,Transacción única contra una o varias curvas; flash swap/loan opcional,none,strategy.02.009.enabled,READY_FOR_CARTRIDGE_MIGRATION,https://arxiv.org/abs/2107.12484
MEV-02-010,2,Bonding-curve arbitrage,amm_curve_engine,CF_BOND,DETERMINISTIC_EXECUTABLE,DEX_AMM,Current supply/state; bonding curve parameters; mint/redeem fees; external executable quote.,"Candidate{strategy_id, snapshot_id, amount, exact_quote, costs, risk, evidence_ids, gate_state}",Config loaded; required adapters healthy; snapshot schema valid; kill-switch false.,Deterministic evidence persisted; no state mutation outside executor; all costs/accounting fields present.,Detector/quote/simulation timeouts defined by group policy; timeout => NO-GO.,strategy_id + chain/domain + snapshot_id + route/order fingerprint,DATA_STALE; SCHEMA_INVALID; QUOTE_FAIL; SIM_REVERT; INVARIANT_FAIL; DEP_UNHEALTHY; ECON_FAIL; AUTH_FAIL,latency_ms; candidate_count; quote_errors; sim_reverts; gate_reason; expected_ev; realized_pnl; recon_delta,op_21 Newton-Raphson; op_15 Golden Section; op_20 Gradient Descent,op_13 Regression; op_22 Monte Carlo,Transacción única contra una o varias curvas; flash swap/loan opcional,none,strategy.02.010.enabled,READY_FOR_CARTRIDGE_MIGRATION,https://arxiv.org/abs/2107.12484
MEV-02-011,2,Oracle-priced AMM arbitrage,amm_curve_engine,CF_DYNAMIC,DETERMINISTIC_IF_ADAPTER,DEX_AMM,Protocol-specific dynamic parameters; state snapshot; exact adapter; fees; oracle where protocol requires.,"Candidate{strategy_id, snapshot_id, amount, exact_quote, costs, risk, evidence_ids, gate_state}",Config loaded; required adapters healthy; snapshot schema valid; kill-switch false.,Deterministic evidence persisted; no state mutation outside executor; all costs/accounting fields present.,Detector/quote/simulation timeouts defined by group policy; timeout => NO-GO.,strategy_id + chain/domain + snapshot_id + route/order fingerprint,DATA_STALE; SCHEMA_INVALID; QUOTE_FAIL; SIM_REVERT; INVARIANT_FAIL; DEP_UNHEALTHY; ECON_FAIL; AUTH_FAIL,latency_ms; candidate_count; quote_errors; sim_reverts; gate_reason; expected_ev; realized_pnl; recon_delta,op_08 Kalman; op_10 Welford; op_21 Newton-Raphson; op_15 Golden Section,op_13 Regression; op_22 Monte Carlo,Transacción única contra una o varias curvas; flash swap/loan opcional,oracle,strategy.02.011.enabled,READY_FOR_CARTRIDGE_MIGRATION,https://arxiv.org/abs/2107.12484
MEV-02-012,2,Virtual-AMM arbitrage,amm_curve_engine,CF_VAMM,DETERMINISTIC_WITH_DERIVATIVE_STATE,DEX_AMM,Virtual reserves; mark/index/oracle; funding; position constraints; fees.,"Candidate{strategy_id, snapshot_id, amount, exact_quote, costs, risk, evidence_ids, gate_state}",Config loaded; required adapters healthy; snapshot schema valid; kill-switch false.,Deterministic evidence persisted; no state mutation outside executor; all costs/accounting fields present.,Detector/quote/simulation timeouts defined by group policy; timeout => NO-GO.,strategy_id + chain/domain + snapshot_id + route/order fingerprint,DATA_STALE; SCHEMA_INVALID; QUOTE_FAIL; SIM_REVERT; INVARIANT_FAIL; DEP_UNHEALTHY; ECON_FAIL; AUTH_FAIL,latency_ms; candidate_count; quote_errors; sim_reverts; gate_reason; expected_ev; realized_pnl; recon_delta,op_13 Regression; op_08 Kalman; op_21 Newton-Raphson,op_10 Welford; op_22 Monte Carlo,Transacción única contra una o varias curvas; flash swap/loan opcional,none,strategy.02.012.enabled,READY_FOR_CARTRIDGE_MIGRATION,https://arxiv.org/abs/2204.05238
MEV-02-013,2,Hybrid AMM/CLOB arbitrage,amm_curve_engine,CF_DYNAMIC,DETERMINISTIC_IF_ADAPTER,DEX_AMM,Protocol-specific dynamic parameters; state snapshot; exact adapter; fees; oracle where protocol requires.,"Candidate{strategy_id, snapshot_id, amount, exact_quote, costs, risk, evidence_ids, gate_state}",Config loaded; required adapters healthy; snapshot schema valid; kill-switch false.,Deterministic evidence persisted; no state mutation outside executor; all costs/accounting fields present.,Detector/quote/simulation timeouts defined by group policy; timeout => NO-GO.,strategy_id + chain/domain + snapshot_id + route/order fingerprint,DATA_STALE; SCHEMA_INVALID; QUOTE_FAIL; SIM_REVERT; INVARIANT_FAIL; DEP_UNHEALTHY; ECON_FAIL; AUTH_FAIL,latency_ms; candidate_count; quote_errors; sim_reverts; gate_reason; expected_ev; realized_pnl; recon_delta,op_08 Kalman; op_10 Welford; op_21 Newton-Raphson; op_15 Golden Section,op_13 Regression; op_22 Monte Carlo,Transacción única contra una o varias curvas; flash swap/loan opcional,none,strategy.02.013.enabled,READY_FOR_CARTRIDGE_MIGRATION,https://arxiv.org/abs/2107.12484
MEV-02-014,2,TWAMM arbitrage,amm_curve_engine,CF_TWAMM,DETERMINISTIC_POST_STATE,DEX_AMM,Long-term order state; last virtual execution time; reserves; block timestamp; fees.,"Candidate{strategy_id, snapshot_id, amount, exact_quote, costs, risk, evidence_ids, gate_state}",Config loaded; required adapters healthy; snapshot schema valid; kill-switch false.,Deterministic evidence persisted; no state mutation outside executor; all costs/accounting fields present.,Detector/quote/simulation timeouts defined by group policy; timeout => NO-GO.,strategy_id + chain/domain + snapshot_id + route/order fingerprint,DATA_STALE; SCHEMA_INVALID; QUOTE_FAIL; SIM_REVERT; INVARIANT_FAIL; DEP_UNHEALTHY; ECON_FAIL; AUTH_FAIL,latency_ms; candidate_count; quote_errors; sim_reverts; gate_reason; expected_ev; realized_pnl; recon_delta,op_05 PDMP / jump process; op_21 Newton-Raphson; op_27 Path Ordering,op_08 Kalman; op_22 Monte Carlo,Transacción única contra una o varias curvas; flash swap/loan opcional,none,strategy.02.014.enabled,READY_FOR_CARTRIDGE_MIGRATION,https://arxiv.org/abs/2204.05238
MEV-02-015,2,Batch-AMM arbitrage,amm_curve_engine,CF_BATCH,DETERMINISTIC_SETTLEMENT,DEX_AMM,Batch orders; pool state; clearing constraints; fee model; auction deadline.,"Candidate{strategy_id, snapshot_id, amount, exact_quote, costs, risk, evidence_ids, gate_state}",Config loaded; required adapters healthy; snapshot schema valid; kill-switch false.,Deterministic evidence persisted; no state mutation outside executor; all costs/accounting fields present.,Detector/quote/simulation timeouts defined by group policy; timeout => NO-GO.,strategy_id + chain/domain + snapshot_id + route/order fingerprint,DATA_STALE; SCHEMA_INVALID; QUOTE_FAIL; SIM_REVERT; INVARIANT_FAIL; DEP_UNHEALTHY; ECON_FAIL; AUTH_FAIL,latency_ms; candidate_count; quote_errors; sim_reverts; gate_reason; expected_ev; realized_pnl; recon_delta,op_19 Simplex; op_24 Nash; op_29 Shapley,op_20 Gradient Descent; op_22 Monte Carlo; op_23 Queueing,Transacción única contra una o varias curvas; flash swap/loan opcional,none,strategy.02.015.enabled,READY_FOR_CARTRIDGE_MIGRATION,https://docs.cow.fi/
MEV-02-016,2,Auction-managed AMM arbitrage,amm_curve_engine,CF_BATCH,DETERMINISTIC_SETTLEMENT,DEX_AMM,Batch orders; pool state; clearing constraints; fee model; auction deadline.,"Candidate{strategy_id, snapshot_id, amount, exact_quote, costs, risk, evidence_ids, gate_state}",Config loaded; required adapters healthy; snapshot schema valid; kill-switch false.,Deterministic evidence persisted; no state mutation outside executor; all costs/accounting fields present.,Detector/quote/simulation timeouts defined by group policy; timeout => NO-GO.,strategy_id + chain/domain + snapshot_id + route/order fingerprint,DATA_STALE; SCHEMA_INVALID; QUOTE_FAIL; SIM_REVERT; INVARIANT_FAIL; DEP_UNHEALTHY; ECON_FAIL; AUTH_FAIL,latency_ms; candidate_count; quote_errors; sim_reverts; gate_reason; expected_ev; realized_pnl; recon_delta,op_19 Simplex; op_24 Nash; op_29 Shapley,op_20 Gradient Descent; op_22 Monte Carlo; op_23 Queueing,Transacción única contra una o varias curvas; flash swap/loan opcional,none,strategy.02.016.enabled,READY_FOR_CARTRIDGE_MIGRATION,https://docs.cow.fi/
MEV-02-017,2,Cross-invariant arbitrage,amm_curve_engine,CF_CROSSINV,DETERMINISTIC_EXECUTABLE,DEX_AMM,Per-leg protocol adapter/state; exact route; same-block snapshot; gas.,"Candidate{strategy_id, snapshot_id, amount, exact_quote, costs, risk, evidence_ids, gate_state}",Config loaded; required adapters healthy; snapshot schema valid; kill-switch false.,Deterministic evidence persisted; no state mutation outside executor; all costs/accounting fields present.,Detector/quote/simulation timeouts defined by group policy; timeout => NO-GO.,strategy_id + chain/domain + snapshot_id + route/order fingerprint,DATA_STALE; SCHEMA_INVALID; QUOTE_FAIL; SIM_REVERT; INVARIANT_FAIL; DEP_UNHEALTHY; ECON_FAIL; AUTH_FAIL,latency_ms; candidate_count; quote_errors; sim_reverts; gate_reason; expected_ev; realized_pnl; recon_delta,op_27 Path Ordering; op_21 Newton-Raphson; op_15 Golden Section,op_19 Simplex; op_22 Monte Carlo; op_30 GNN Encoder,Transacción única contra una o varias curvas; flash swap/loan opcional,none,strategy.02.017.enabled,READY_FOR_CARTRIDGE_MIGRATION,https://arxiv.org/abs/2302.04938; https://arxiv.org/abs/2107.12484
MEV-03-001,3,Swap backrun arbitrage,state_event_engine,E_POST,DETERMINISTIC_POST_STATE,DEX_STATE,Event/receipt/log; pre/post state or deterministic transition; affected pools/routes; exact quote adapters; gas.,"Candidate{strategy_id, snapshot_id, amount, exact_quote, costs, risk, evidence_ids, gate_state}",Config loaded; required adapters healthy; snapshot schema valid; kill-switch false.,Deterministic evidence persisted; no state mutation outside executor; all costs/accounting fields present.,Detector/quote/simulation timeouts defined by group policy; timeout => NO-GO.,strategy_id + chain/domain + snapshot_id + route/order fingerprint,DATA_STALE; SCHEMA_INVALID; QUOTE_FAIL; SIM_REVERT; INVARIANT_FAIL; DEP_UNHEALTHY; ECON_FAIL; AUTH_FAIL,latency_ms; candidate_count; quote_errors; sim_reverts; gate_reason; expected_ev; realized_pnl; recon_delta,op_05 PDMP / jump process; op_25 Bundle Recon; op_27 Path Ordering; op_21 Newton-Raphson,op_08 Kalman; op_10 Welford; op_11 Bayes; op_22 Monte Carlo,Backrun/bundle ordenado; transacción única cuando el evento ya está confirmado,none,strategy.03.001.enabled,READY_FOR_CARTRIDGE_MIGRATION,https://arxiv.org/abs/2204.05238
MEV-03-002,3,Multi-swap backrun,state_event_engine,E_POST,DETERMINISTIC_POST_STATE,DEX_STATE,Event/receipt/log; pre/post state or deterministic transition; affected pools/routes; exact quote adapters; gas.,"Candidate{strategy_id, snapshot_id, amount, exact_quote, costs, risk, evidence_ids, gate_state}",Config loaded; required adapters healthy; snapshot schema valid; kill-switch false.,Deterministic evidence persisted; no state mutation outside executor; all costs/accounting fields present.,Detector/quote/simulation timeouts defined by group policy; timeout => NO-GO.,strategy_id + chain/domain + snapshot_id + route/order fingerprint,DATA_STALE; SCHEMA_INVALID; QUOTE_FAIL; SIM_REVERT; INVARIANT_FAIL; DEP_UNHEALTHY; ECON_FAIL; AUTH_FAIL,latency_ms; candidate_count; quote_errors; sim_reverts; gate_reason; expected_ev; realized_pnl; recon_delta,op_05 PDMP / jump process; op_25 Bundle Recon; op_27 Path Ordering; op_21 Newton-Raphson,op_08 Kalman; op_10 Welford; op_11 Bayes; op_22 Monte Carlo,Backrun/bundle ordenado; transacción única cuando el evento ya está confirmado,none,strategy.03.002.enabled,READY_FOR_CARTRIDGE_MIGRATION,https://arxiv.org/abs/2204.05238
MEV-03-003,3,Cross-pool ripple arbitrage,state_event_engine,E_POST,DETERMINISTIC_POST_STATE,DEX_STATE,Event/receipt/log; pre/post state or deterministic transition; affected pools/routes; exact quote adapters; gas.,"Candidate{strategy_id, snapshot_id, amount, exact_quote, costs, risk, evidence_ids, gate_state}",Config loaded; required adapters healthy; snapshot schema valid; kill-switch false.,Deterministic evidence persisted; no state mutation outside executor; all costs/accounting fields present.,Detector/quote/simulation timeouts defined by group policy; timeout => NO-GO.,strategy_id + chain/domain + snapshot_id + route/order fingerprint,DATA_STALE; SCHEMA_INVALID; QUOTE_FAIL; SIM_REVERT; INVARIANT_FAIL; DEP_UNHEALTHY; ECON_FAIL; AUTH_FAIL,latency_ms; candidate_count; quote_errors; sim_reverts; gate_reason; expected_ev; realized_pnl; recon_delta,op_05 PDMP / jump process; op_25 Bundle Recon; op_27 Path Ordering; op_21 Newton-Raphson,op_08 Kalman; op_10 Welford; op_11 Bayes; op_22 Monte Carlo,Backrun/bundle ordenado; transacción única cuando el evento ya está confirmado,none,strategy.03.003.enabled,READY_FOR_CARTRIDGE_MIGRATION,https://arxiv.org/abs/2204.05238
MEV-03-004,3,Top-of-block arbitrage,state_event_engine,E_POST,DETERMINISTIC_POST_STATE,DEX_STATE,Event/receipt/log; pre/post state or deterministic transition; affected pools/routes; exact quote adapters; gas.,"Candidate{strategy_id, snapshot_id, amount, exact_quote, costs, risk, evidence_ids, gate_state}",Config loaded; required adapters healthy; snapshot schema valid; kill-switch false.,Deterministic evidence persisted; no state mutation outside executor; all costs/accounting fields present.,Detector/quote/simulation timeouts defined by group policy; timeout => NO-GO.,strategy_id + chain/domain + snapshot_id + route/order fingerprint,DATA_STALE; SCHEMA_INVALID; QUOTE_FAIL; SIM_REVERT; INVARIANT_FAIL; DEP_UNHEALTHY; ECON_FAIL; AUTH_FAIL,latency_ms; candidate_count; quote_errors; sim_reverts; gate_reason; expected_ev; realized_pnl; recon_delta,op_05 PDMP / jump process; op_25 Bundle Recon; op_27 Path Ordering; op_21 Newton-Raphson,op_08 Kalman; op_10 Welford; op_11 Bayes; op_22 Monte Carlo,Backrun/bundle ordenado; transacción única cuando el evento ya está confirmado,none,strategy.03.004.enabled,READY_FOR_CARTRIDGE_MIGRATION,https://arxiv.org/abs/2204.05238
MEV-03-005,3,End-of-block arbitrage,state_event_engine,E_POST,DETERMINISTIC_POST_STATE,DEX_STATE,Event/receipt/log; pre/post state or deterministic transition; affected pools/routes; exact quote adapters; gas.,"Candidate{strategy_id, snapshot_id, amount, exact_quote, costs, risk, evidence_ids, gate_state}",Config loaded; required adapters healthy; snapshot schema valid; kill-switch false.,Deterministic evidence persisted; no state mutation outside executor; all costs/accounting fields present.,Detector/quote/simulation timeouts defined by group policy; timeout => NO-GO.,strategy_id + chain/domain + snapshot_id + route/order fingerprint,DATA_STALE; SCHEMA_INVALID; QUOTE_FAIL; SIM_REVERT; INVARIANT_FAIL; DEP_UNHEALTHY; ECON_FAIL; AUTH_FAIL,latency_ms; candidate_count; quote_errors; sim_reverts; gate_reason; expected_ev; realized_pnl; recon_delta,op_05 PDMP / jump process; op_25 Bundle Recon; op_27 Path Ordering; op_21 Newton-Raphson,op_08 Kalman; op_10 Welford; op_11 Bayes; op_22 Monte Carlo,Backrun/bundle ordenado; transacción única cuando el evento ya está confirmado,none,strategy.03.005.enabled,READY_FOR_CARTRIDGE_MIGRATION,https://arxiv.org/abs/2204.05238
MEV-03-006,3,Inter-block arbitrage,state_event_engine,E_POST,DETERMINISTIC_POST_STATE,DEX_STATE,Event/receipt/log; pre/post state or deterministic transition; affected pools/routes; exact quote adapters; gas.,"Candidate{strategy_id, snapshot_id, amount, exact_quote, costs, risk, evidence_ids, gate_state}",Config loaded; required adapters healthy; snapshot schema valid; kill-switch false.,Deterministic evidence persisted; no state mutation outside executor; all costs/accounting fields present.,Detector/quote/simulation timeouts defined by group policy; timeout => NO-GO.,strategy_id + chain/domain + snapshot_id + route/order fingerprint,DATA_STALE; SCHEMA_INVALID; QUOTE_FAIL; SIM_REVERT; INVARIANT_FAIL; DEP_UNHEALTHY; ECON_FAIL; AUTH_FAIL,latency_ms; candidate_count; quote_errors; sim_reverts; gate_reason; expected_ev; realized_pnl; recon_delta,op_05 PDMP / jump process; op_25 Bundle Recon; op_27 Path Ordering; op_21 Newton-Raphson,op_08 Kalman; op_10 Welford; op_11 Bayes; op_22 Monte Carlo,Backrun/bundle ordenado; transacción única cuando el evento ya está confirmado,none,strategy.03.006.enabled,READY_FOR_CARTRIDGE_MIGRATION,https://arxiv.org/abs/2204.05238
MEV-03-007,3,Stale-price arbitrage,state_event_engine,E_LATENCY,LATENCY_SENSITIVE,DEX_STATE,Independent timestamps; fast/slow quotes; volatility estimate; execution latency; firm liquidity.,"Candidate{strategy_id, snapshot_id, amount, exact_quote, costs, risk, evidence_ids, gate_state}",Config loaded; required adapters healthy; snapshot schema valid; kill-switch false.,Deterministic evidence persisted; no state mutation outside executor; all costs/accounting fields present.,Detector/quote/simulation timeouts defined by group policy; timeout => NO-GO.,strategy_id + chain/domain + snapshot_id + route/order fingerprint,DATA_STALE; SCHEMA_INVALID; QUOTE_FAIL; SIM_REVERT; INVARIANT_FAIL; DEP_UNHEALTHY; ECON_FAIL; AUTH_FAIL,latency_ms; candidate_count; quote_errors; sim_reverts; gate_reason; expected_ev; realized_pnl; recon_delta,op_08 Kalman; op_10 Welford; op_23 Queueing; op_11 Bayes,op_13 Regression; op_22 Monte Carlo; op_16 Kelly,Backrun/bundle ordenado; transacción única cuando el evento ya está confirmado,none,strategy.03.007.enabled,READY_FOR_CARTRIDGE_MIGRATION,https://arxiv.org/abs/2302.04938
MEV-03-008,3,Latency arbitrage,state_event_engine,E_LATENCY,LATENCY_SENSITIVE,DEX_STATE,Independent timestamps; fast/slow quotes; volatility estimate; execution latency; firm liquidity.,"Candidate{strategy_id, snapshot_id, amount, exact_quote, costs, risk, evidence_ids, gate_state}",Config loaded; required adapters healthy; snapshot schema valid; kill-switch false.,Deterministic evidence persisted; no state mutation outside executor; all costs/accounting fields present.,Detector/quote/simulation timeouts defined by group policy; timeout => NO-GO.,strategy_id + chain/domain + snapshot_id + route/order fingerprint,DATA_STALE; SCHEMA_INVALID; QUOTE_FAIL; SIM_REVERT; INVARIANT_FAIL; DEP_UNHEALTHY; ECON_FAIL; AUTH_FAIL,latency_ms; candidate_count; quote_errors; sim_reverts; gate_reason; expected_ev; realized_pnl; recon_delta,op_08 Kalman; op_10 Welford; op_23 Queueing; op_11 Bayes,op_13 Regression; op_22 Monte Carlo; op_16 Kelly,Backrun/bundle ordenado; transacción única cuando el evento ya está confirmado,none,strategy.03.008.enabled,READY_FOR_CARTRIDGE_MIGRATION,https://arxiv.org/abs/2302.04938
MEV-03-009,3,Oracle-update arbitrage,state_event_engine,E_ORACLE,DETERMINISTIC_POST_ORACLE,DEX_STATE,Oracle round/update; protocol state; affected positions/pools; post-update quotes; oracle freshness.,"Candidate{strategy_id, snapshot_id, amount, exact_quote, costs, risk, evidence_ids, gate_state}",Config loaded; required adapters healthy; snapshot schema valid; kill-switch false.,Deterministic evidence persisted; no state mutation outside executor; all costs/accounting fields present.,Detector/quote/simulation timeouts defined by group policy; timeout => NO-GO.,strategy_id + chain/domain + snapshot_id + route/order fingerprint,DATA_STALE; SCHEMA_INVALID; QUOTE_FAIL; SIM_REVERT; INVARIANT_FAIL; DEP_UNHEALTHY; ECON_FAIL; AUTH_FAIL,latency_ms; candidate_count; quote_errors; sim_reverts; gate_reason; expected_ev; realized_pnl; recon_delta,op_08 Kalman; op_11 Bayes; op_21 Newton-Raphson; op_25 Bundle Recon,op_05 PDMP / jump process; op_10 Welford; op_22 Monte Carlo,Backrun/bundle ordenado; transacción única cuando el evento ya está confirmado,oracle,strategy.03.009.enabled,READY_FOR_CARTRIDGE_MIGRATION,https://aave.com/help/borrowing/liquidations
MEV-03-010,3,OEV — Oracle Extractable Value,state_event_engine,E_ORACLE,DETERMINISTIC_POST_ORACLE,DEX_STATE,Oracle round/update; protocol state; affected positions/pools; post-update quotes; oracle freshness.,"Candidate{strategy_id, snapshot_id, amount, exact_quote, costs, risk, evidence_ids, gate_state}",Config loaded; required adapters healthy; snapshot schema valid; kill-switch false.,Deterministic evidence persisted; no state mutation outside executor; all costs/accounting fields present.,Detector/quote/simulation timeouts defined by group policy; timeout => NO-GO.,strategy_id + chain/domain + snapshot_id + route/order fingerprint,DATA_STALE; SCHEMA_INVALID; QUOTE_FAIL; SIM_REVERT; INVARIANT_FAIL; DEP_UNHEALTHY; ECON_FAIL; AUTH_FAIL,latency_ms; candidate_count; quote_errors; sim_reverts; gate_reason; expected_ev; realized_pnl; recon_delta,op_08 Kalman; op_11 Bayes; op_21 Newton-Raphson; op_25 Bundle Recon,op_05 PDMP / jump process; op_10 Welford; op_22 Monte Carlo,Backrun/bundle ordenado; transacción única cuando el evento ya está confirmado,oracle,strategy.03.010.enabled,READY_FOR_CARTRIDGE_MIGRATION,https://aave.com/help/borrowing/liquidations
MEV-03-011,3,Rebase arbitrage,state_event_engine,E_STATE,DETERMINISTIC_POST_STATE,DEX_STATE,Protocol event/state variables; before/after block state; affected claims/pools; redemption/execution path.,"Candidate{strategy_id, snapshot_id, amount, exact_quote, costs, risk, evidence_ids, gate_state}",Config loaded; required adapters healthy; snapshot schema valid; kill-switch false.,Deterministic evidence persisted; no state mutation outside executor; all costs/accounting fields present.,Detector/quote/simulation timeouts defined by group policy; timeout => NO-GO.,strategy_id + chain/domain + snapshot_id + route/order fingerprint,DATA_STALE; SCHEMA_INVALID; QUOTE_FAIL; SIM_REVERT; INVARIANT_FAIL; DEP_UNHEALTHY; ECON_FAIL; AUTH_FAIL,latency_ms; candidate_count; quote_errors; sim_reverts; gate_reason; expected_ev; realized_pnl; recon_delta,op_05 PDMP / jump process; op_08 Kalman; op_21 Newton-Raphson,op_11 Bayes; op_13 Regression; op_22 Monte Carlo,Backrun/bundle ordenado; transacción única cuando el evento ya está confirmado,none,strategy.03.011.enabled,READY_FOR_CARTRIDGE_MIGRATION,https://arxiv.org/abs/2107.12484
MEV-03-012,3,Interest-index update arbitrage,state_event_engine,E_STATE,DETERMINISTIC_POST_STATE,DEX_STATE,Protocol event/state variables; before/after block state; affected claims/pools; redemption/execution path.,"Candidate{strategy_id, snapshot_id, amount, exact_quote, costs, risk, evidence_ids, gate_state}",Config loaded; required adapters healthy; snapshot schema valid; kill-switch false.,Deterministic evidence persisted; no state mutation outside executor; all costs/accounting fields present.,Detector/quote/simulation timeouts defined by group policy; timeout => NO-GO.,strategy_id + chain/domain + snapshot_id + route/order fingerprint,DATA_STALE; SCHEMA_INVALID; QUOTE_FAIL; SIM_REVERT; INVARIANT_FAIL; DEP_UNHEALTHY; ECON_FAIL; AUTH_FAIL,latency_ms; candidate_count; quote_errors; sim_reverts; gate_reason; expected_ev; realized_pnl; recon_delta,op_05 PDMP / jump process; op_08 Kalman; op_21 Newton-Raphson,op_11 Bayes; op_13 Regression; op_22 Monte Carlo,Backrun/bundle ordenado; transacción única cuando el evento ya está confirmado,none,strategy.03.012.enabled,READY_FOR_CARTRIDGE_MIGRATION,https://arxiv.org/abs/2107.12484
MEV-03-013,3,Funding-update arbitrage,state_event_engine,E_STATE,DETERMINISTIC_POST_STATE,DEX_STATE,Protocol event/state variables; before/after block state; affected claims/pools; redemption/execution path.,"Candidate{strategy_id, snapshot_id, amount, exact_quote, costs, risk, evidence_ids, gate_state}",Config loaded; required adapters healthy; snapshot schema valid; kill-switch false.,Deterministic evidence persisted; no state mutation outside executor; all costs/accounting fields present.,Detector/quote/simulation timeouts defined by group policy; timeout => NO-GO.,strategy_id + chain/domain + snapshot_id + route/order fingerprint,DATA_STALE; SCHEMA_INVALID; QUOTE_FAIL; SIM_REVERT; INVARIANT_FAIL; DEP_UNHEALTHY; ECON_FAIL; AUTH_FAIL,latency_ms; candidate_count; quote_errors; sim_reverts; gate_reason; expected_ev; realized_pnl; recon_delta,op_05 PDMP / jump process; op_08 Kalman; op_21 Newton-Raphson,op_11 Bayes; op_13 Regression; op_22 Monte Carlo,Backrun/bundle ordenado; transacción única cuando el evento ya está confirmado,none,strategy.03.013.enabled,READY_FOR_CARTRIDGE_MIGRATION,https://arxiv.org/abs/2107.12484
MEV-03-014,3,Epoch-rollover arbitrage,state_event_engine,E_STATE,DETERMINISTIC_POST_STATE,DEX_STATE,Protocol event/state variables; before/after block state; affected claims/pools; redemption/execution path.,"Candidate{strategy_id, snapshot_id, amount, exact_quote, costs, risk, evidence_ids, gate_state}",Config loaded; required adapters healthy; snapshot schema valid; kill-switch false.,Deterministic evidence persisted; no state mutation outside executor; all costs/accounting fields present.,Detector/quote/simulation timeouts defined by group policy; timeout => NO-GO.,strategy_id + chain/domain + snapshot_id + route/order fingerprint,DATA_STALE; SCHEMA_INVALID; QUOTE_FAIL; SIM_REVERT; INVARIANT_FAIL; DEP_UNHEALTHY; ECON_FAIL; AUTH_FAIL,latency_ms; candidate_count; quote_errors; sim_reverts; gate_reason; expected_ev; realized_pnl; recon_delta,op_05 PDMP / jump process; op_08 Kalman; op_21 Newton-Raphson,op_11 Bayes; op_13 Regression; op_22 Monte Carlo,Backrun/bundle ordenado; transacción única cuando el evento ya está confirmado,none,strategy.03.014.enabled,READY_FOR_CARTRIDGE_MIGRATION,https://arxiv.org/abs/2107.12484
MEV-03-015,3,Settlement arbitrage,state_event_engine,E_STATE,DETERMINISTIC_POST_STATE,DEX_STATE,Protocol event/state variables; before/after block state; affected claims/pools; redemption/execution path.,"Candidate{strategy_id, snapshot_id, amount, exact_quote, costs, risk, evidence_ids, gate_state}",Config loaded; required adapters healthy; snapshot schema valid; kill-switch false.,Deterministic evidence persisted; no state mutation outside executor; all costs/accounting fields present.,Detector/quote/simulation timeouts defined by group policy; timeout => NO-GO.,strategy_id + chain/domain + snapshot_id + route/order fingerprint,DATA_STALE; SCHEMA_INVALID; QUOTE_FAIL; SIM_REVERT; INVARIANT_FAIL; DEP_UNHEALTHY; ECON_FAIL; AUTH_FAIL,latency_ms; candidate_count; quote_errors; sim_reverts; gate_reason; expected_ev; realized_pnl; recon_delta,op_05 PDMP / jump process; op_08 Kalman; op_21 Newton-Raphson,op_11 Bayes; op_13 Regression; op_22 Monte Carlo,Backrun/bundle ordenado; transacción única cuando el evento ya está confirmado,none,strategy.03.015.enabled,READY_FOR_CARTRIDGE_MIGRATION,https://arxiv.org/abs/2107.12484
MEV-03-016,3,Mint/burn state arbitrage,state_event_engine,E_STATE,DETERMINISTIC_POST_STATE,DEX_STATE,Protocol event/state variables; before/after block state; affected claims/pools; redemption/execution path.,"Candidate{strategy_id, snapshot_id, amount, exact_quote, costs, risk, evidence_ids, gate_state}",Config loaded; required adapters healthy; snapshot schema valid; kill-switch false.,Deterministic evidence persisted; no state mutation outside executor; all costs/accounting fields present.,Detector/quote/simulation timeouts defined by group policy; timeout => NO-GO.,strategy_id + chain/domain + snapshot_id + route/order fingerprint,DATA_STALE; SCHEMA_INVALID; QUOTE_FAIL; SIM_REVERT; INVARIANT_FAIL; DEP_UNHEALTHY; ECON_FAIL; AUTH_FAIL,latency_ms; candidate_count; quote_errors; sim_reverts; gate_reason; expected_ev; realized_pnl; recon_delta,op_05 PDMP / jump process; op_08 Kalman; op_21 Newton-Raphson,op_11 Bayes; op_13 Regression; op_22 Monte Carlo,Backrun/bundle ordenado; transacción única cuando el evento ya está confirmado,none,strategy.03.016.enabled,READY_FOR_CARTRIDGE_MIGRATION,https://arxiv.org/abs/2107.12484
MEV-03-017,3,Redemption-state arbitrage,state_event_engine,E_STATE,DETERMINISTIC_POST_STATE,DEX_STATE,Protocol event/state variables; before/after block state; affected claims/pools; redemption/execution path.,"Candidate{strategy_id, snapshot_id, amount, exact_quote, costs, risk, evidence_ids, gate_state}",Config loaded; required adapters healthy; snapshot schema valid; kill-switch false.,Deterministic evidence persisted; no state mutation outside executor; all costs/accounting fields present.,Detector/quote/simulation timeouts defined by group policy; timeout => NO-GO.,strategy_id + chain/domain + snapshot_id + route/order fingerprint,DATA_STALE; SCHEMA_INVALID; QUOTE_FAIL; SIM_REVERT; INVARIANT_FAIL; DEP_UNHEALTHY; ECON_FAIL; AUTH_FAIL,latency_ms; candidate_count; quote_errors; sim_reverts; gate_reason; expected_ev; realized_pnl; recon_delta,op_05 PDMP / jump process; op_08 Kalman; op_21 Newton-Raphson,op_11 Bayes; op_13 Regression; op_22 Monte Carlo,Backrun/bundle ordenado; transacción única cuando el evento ya está confirmado,none,strategy.03.017.enabled,READY_FOR_CARTRIDGE_MIGRATION,https://arxiv.org/abs/2107.12484
MEV-03-018,3,Liquidity-add arbitrage,state_event_engine,E_STATE,DETERMINISTIC_POST_STATE,DEX_STATE,Protocol event/state variables; before/after block state; affected claims/pools; redemption/execution path.,"Candidate{strategy_id, snapshot_id, amount, exact_quote, costs, risk, evidence_ids, gate_state}",Config loaded; required adapters healthy; snapshot schema valid; kill-switch false.,Deterministic evidence persisted; no state mutation outside executor; all costs/accounting fields present.,Detector/quote/simulation timeouts defined by group policy; timeout => NO-GO.,strategy_id + chain/domain + snapshot_id + route/order fingerprint,DATA_STALE; SCHEMA_INVALID; QUOTE_FAIL; SIM_REVERT; INVARIANT_FAIL; DEP_UNHEALTHY; ECON_FAIL; AUTH_FAIL,latency_ms; candidate_count; quote_errors; sim_reverts; gate_reason; expected_ev; realized_pnl; recon_delta,op_05 PDMP / jump process; op_08 Kalman; op_21 Newton-Raphson,op_11 Bayes; op_13 Regression; op_22 Monte Carlo,Backrun/bundle ordenado; transacción única cuando el evento ya está confirmado,none,strategy.03.018.enabled,READY_FOR_CARTRIDGE_MIGRATION,https://arxiv.org/abs/2107.12484
MEV-03-019,3,Liquidity-removal arbitrage,state_event_engine,E_STATE,DETERMINISTIC_POST_STATE,DEX_STATE,Protocol event/state variables; before/after block state; affected claims/pools; redemption/execution path.,"Candidate{strategy_id, snapshot_id, amount, exact_quote, costs, risk, evidence_ids, gate_state}",Config loaded; required adapters healthy; snapshot schema valid; kill-switch false.,Deterministic evidence persisted; no state mutation outside executor; all costs/accounting fields present.,Detector/quote/simulation timeouts defined by group policy; timeout => NO-GO.,strategy_id + chain/domain + snapshot_id + route/order fingerprint,DATA_STALE; SCHEMA_INVALID; QUOTE_FAIL; SIM_REVERT; INVARIANT_FAIL; DEP_UNHEALTHY; ECON_FAIL; AUTH_FAIL,latency_ms; candidate_count; quote_errors; sim_reverts; gate_reason; expected_ev; realized_pnl; recon_delta,op_05 PDMP / jump process; op_08 Kalman; op_21 Newton-Raphson,op_11 Bayes; op_13 Regression; op_22 Monte Carlo,Backrun/bundle ordenado; transacción única cuando el evento ya está confirmado,none,strategy.03.019.enabled,READY_FOR_CARTRIDGE_MIGRATION,https://arxiv.org/abs/2107.12484
MEV-03-020,3,Pool-initialization arbitrage,state_event_engine,E_STATE,DETERMINISTIC_POST_STATE,DEX_STATE,Protocol event/state variables; before/after block state; affected claims/pools; redemption/execution path.,"Candidate{strategy_id, snapshot_id, amount, exact_quote, costs, risk, evidence_ids, gate_state}",Config loaded; required adapters healthy; snapshot schema valid; kill-switch false.,Deterministic evidence persisted; no state mutation outside executor; all costs/accounting fields present.,Detector/quote/simulation timeouts defined by group policy; timeout => NO-GO.,strategy_id + chain/domain + snapshot_id + route/order fingerprint,DATA_STALE; SCHEMA_INVALID; QUOTE_FAIL; SIM_REVERT; INVARIANT_FAIL; DEP_UNHEALTHY; ECON_FAIL; AUTH_FAIL,latency_ms; candidate_count; quote_errors; sim_reverts; gate_reason; expected_ev; realized_pnl; recon_delta,op_05 PDMP / jump process; op_08 Kalman; op_21 Newton-Raphson,op_11 Bayes; op_13 Regression; op_22 Monte Carlo,Backrun/bundle ordenado; transacción única cuando el evento ya está confirmado,none,strategy.03.020.enabled,READY_FOR_CARTRIDGE_MIGRATION,https://arxiv.org/abs/2107.12484
MEV-03-021,3,Migration arbitrage,state_event_engine,E_STATE,DETERMINISTIC_POST_STATE,DEX_STATE,Protocol event/state variables; before/after block state; affected claims/pools; redemption/execution path.,"Candidate{strategy_id, snapshot_id, amount, exact_quote, costs, risk, evidence_ids, gate_state}",Config loaded; required adapters healthy; snapshot schema valid; kill-switch false.,Deterministic evidence persisted; no state mutation outside executor; all costs/accounting fields present.,Detector/quote/simulation timeouts defined by group policy; timeout => NO-GO.,strategy_id + chain/domain + snapshot_id + route/order fingerprint,DATA_STALE; SCHEMA_INVALID; QUOTE_FAIL; SIM_REVERT; INVARIANT_FAIL; DEP_UNHEALTHY; ECON_FAIL; AUTH_FAIL,latency_ms; candidate_count; quote_errors; sim_reverts; gate_reason; expected_ev; realized_pnl; recon_delta,op_05 PDMP / jump process; op_08 Kalman; op_21 Newton-Raphson,op_11 Bayes; op_13 Regression; op_22 Monte Carlo,Backrun/bundle ordenado; transacción única cuando el evento ya está confirmado,none,strategy.03.021.enabled,READY_FOR_CARTRIDGE_MIGRATION,https://arxiv.org/abs/2107.12484
MEV-03-022,3,Fee-switch arbitrage,state_event_engine,E_STATE,DETERMINISTIC_POST_STATE,DEX_STATE,Protocol event/state variables; before/after block state; affected claims/pools; redemption/execution path.,"Candidate{strategy_id, snapshot_id, amount, exact_quote, costs, risk, evidence_ids, gate_state}",Config loaded; required adapters healthy; snapshot schema valid; kill-switch false.,Deterministic evidence persisted; no state mutation outside executor; all costs/accounting fields present.,Detector/quote/simulation timeouts defined by group policy; timeout => NO-GO.,strategy_id + chain/domain + snapshot_id + route/order fingerprint,DATA_STALE; SCHEMA_INVALID; QUOTE_FAIL; SIM_REVERT; INVARIANT_FAIL; DEP_UNHEALTHY; ECON_FAIL; AUTH_FAIL,latency_ms; candidate_count; quote_errors; sim_reverts; gate_reason; expected_ev; realized_pnl; recon_delta,op_05 PDMP / jump process; op_08 Kalman; op_21 Newton-Raphson,op_11 Bayes; op_13 Regression; op_22 Monte Carlo,Backrun/bundle ordenado; transacción única cuando el evento ya está confirmado,none,strategy.03.022.enabled,READY_FOR_CARTRIDGE_MIGRATION,https://arxiv.org/abs/2107.12484
MEV-03-023,3,Parameter-update arbitrage,state_event_engine,E_STATE,DETERMINISTIC_POST_STATE,DEX_STATE,Protocol event/state variables; before/after block state; affected claims/pools; redemption/execution path.,"Candidate{strategy_id, snapshot_id, amount, exact_quote, costs, risk, evidence_ids, gate_state}",Config loaded; required adapters healthy; snapshot schema valid; kill-switch false.,Deterministic evidence persisted; no state mutation outside executor; all costs/accounting fields present.,Detector/quote/simulation timeouts defined by group policy; timeout => NO-GO.,strategy_id + chain/domain + snapshot_id + route/order fingerprint,DATA_STALE; SCHEMA_INVALID; QUOTE_FAIL; SIM_REVERT; INVARIANT_FAIL; DEP_UNHEALTHY; ECON_FAIL; AUTH_FAIL,latency_ms; candidate_count; quote_errors; sim_reverts; gate_reason; expected_ev; realized_pnl; recon_delta,op_05 PDMP / jump process; op_08 Kalman; op_21 Newton-Raphson,op_11 Bayes; op_13 Regression; op_22 Monte Carlo,Backrun/bundle ordenado; transacción única cuando el evento ya está confirmado,none,strategy.03.023.enabled,READY_FOR_CARTRIDGE_MIGRATION,https://arxiv.org/abs/2107.12484
MEV-03-024,3,Governance-execution arbitrage,state_event_engine,E_STATE,DETERMINISTIC_POST_STATE,DEX_STATE,Protocol event/state variables; before/after block state; affected claims/pools; redemption/execution path.,"Candidate{strategy_id, snapshot_id, amount, exact_quote, costs, risk, evidence_ids, gate_state}",Config loaded; required adapters healthy; snapshot schema valid; kill-switch false.,Deterministic evidence persisted; no state mutation outside executor; all costs/accounting fields present.,Detector/quote/simulation timeouts defined by group policy; timeout => NO-GO.,strategy_id + chain/domain + snapshot_id + route/order fingerprint,DATA_STALE; SCHEMA_INVALID; QUOTE_FAIL; SIM_REVERT; INVARIANT_FAIL; DEP_UNHEALTHY; ECON_FAIL; AUTH_FAIL,latency_ms; candidate_count; quote_errors; sim_reverts; gate_reason; expected_ev; realized_pnl; recon_delta,op_05 PDMP / jump process; op_08 Kalman; op_21 Newton-Raphson,op_11 Bayes; op_13 Regression; op_22 Monte Carlo,Backrun/bundle ordenado; transacción única cuando el evento ya está confirmado,none,strategy.03.024.enabled,READY_FOR_CARTRIDGE_MIGRATION,https://arxiv.org/abs/2107.12484
MEV-03-025,3,Keeper-triggered arbitrage,state_event_engine,E_AUCTION,DETERMINISTIC_AUCTION,DEX_STATE,Auction price/curve; remaining lot; deadline; collateral/external value; unwind liquidity.,"Candidate{strategy_id, snapshot_id, amount, exact_quote, costs, risk, evidence_ids, gate_state}",Config loaded; required adapters healthy; snapshot schema valid; kill-switch false.,Deterministic evidence persisted; no state mutation outside executor; all costs/accounting fields present.,Detector/quote/simulation timeouts defined by group policy; timeout => NO-GO.,strategy_id + chain/domain + snapshot_id + route/order fingerprint,DATA_STALE; SCHEMA_INVALID; QUOTE_FAIL; SIM_REVERT; INVARIANT_FAIL; DEP_UNHEALTHY; ECON_FAIL; AUTH_FAIL,latency_ms; candidate_count; quote_errors; sim_reverts; gate_reason; expected_ev; realized_pnl; recon_delta,op_19 Simplex; op_21 Newton-Raphson; op_23 Queueing; op_24 Nash,op_08 Kalman; op_22 Monte Carlo,Backrun/bundle ordenado; transacción única cuando el evento ya está confirmado,none,strategy.03.025.enabled,READY_FOR_CARTRIDGE_MIGRATION,https://docs.cow.fi/
MEV-03-026,3,Auction-clearing arbitrage,state_event_engine,E_AUCTION,DETERMINISTIC_AUCTION,DEX_STATE,Auction price/curve; remaining lot; deadline; collateral/external value; unwind liquidity.,"Candidate{strategy_id, snapshot_id, amount, exact_quote, costs, risk, evidence_ids, gate_state}",Config loaded; required adapters healthy; snapshot schema valid; kill-switch false.,Deterministic evidence persisted; no state mutation outside executor; all costs/accounting fields present.,Detector/quote/simulation timeouts defined by group policy; timeout => NO-GO.,strategy_id + chain/domain + snapshot_id + route/order fingerprint,DATA_STALE; SCHEMA_INVALID; QUOTE_FAIL; SIM_REVERT; INVARIANT_FAIL; DEP_UNHEALTHY; ECON_FAIL; AUTH_FAIL,latency_ms; candidate_count; quote_errors; sim_reverts; gate_reason; expected_ev; realized_pnl; recon_delta,op_19 Simplex; op_21 Newton-Raphson; op_23 Queueing; op_24 Nash,op_08 Kalman; op_22 Monte Carlo,Backrun/bundle ordenado; transacción única cuando el evento ya está confirmado,none,strategy.03.026.enabled,READY_FOR_CARTRIDGE_MIGRATION,https://docs.cow.fi/
MEV-03-027,3,Block-time arbitrage,state_event_engine,E_LATENCY,LATENCY_SENSITIVE,DEX_STATE,Independent timestamps; fast/slow quotes; volatility estimate; execution latency; firm liquidity.,"Candidate{strategy_id, snapshot_id, amount, exact_quote, costs, risk, evidence_ids, gate_state}",Config loaded; required adapters healthy; snapshot schema valid; kill-switch false.,Deterministic evidence persisted; no state mutation outside executor; all costs/accounting fields present.,Detector/quote/simulation timeouts defined by group policy; timeout => NO-GO.,strategy_id + chain/domain + snapshot_id + route/order fingerprint,DATA_STALE; SCHEMA_INVALID; QUOTE_FAIL; SIM_REVERT; INVARIANT_FAIL; DEP_UNHEALTHY; ECON_FAIL; AUTH_FAIL,latency_ms; candidate_count; quote_errors; sim_reverts; gate_reason; expected_ev; realized_pnl; recon_delta,op_08 Kalman; op_10 Welford; op_23 Queueing; op_11 Bayes,op_13 Regression; op_22 Monte Carlo; op_16 Kelly,Backrun/bundle ordenado; transacción única cuando el evento ya está confirmado,none,strategy.03.027.enabled,READY_FOR_CARTRIDGE_MIGRATION,https://arxiv.org/abs/2302.04938
MEV-03-028,3,Sequencer-latency arbitrage,state_event_engine,E_LATENCY,LATENCY_SENSITIVE,DEX_STATE,Independent timestamps; fast/slow quotes; volatility estimate; execution latency; firm liquidity.,"Candidate{strategy_id, snapshot_id, amount, exact_quote, costs, risk, evidence_ids, gate_state}",Config loaded; required adapters healthy; snapshot schema valid; kill-switch false.,Deterministic evidence persisted; no state mutation outside executor; all costs/accounting fields present.,Detector/quote/simulation timeouts defined by group policy; timeout => NO-GO.,strategy_id + chain/domain + snapshot_id + route/order fingerprint,DATA_STALE; SCHEMA_INVALID; QUOTE_FAIL; SIM_REVERT; INVARIANT_FAIL; DEP_UNHEALTHY; ECON_FAIL; AUTH_FAIL,latency_ms; candidate_count; quote_errors; sim_reverts; gate_reason; expected_ev; realized_pnl; recon_delta,op_08 Kalman; op_10 Welford; op_23 Queueing; op_11 Bayes,op_13 Regression; op_22 Monte Carlo; op_16 Kelly,Backrun/bundle ordenado; transacción única cuando el evento ya está confirmado,none,strategy.03.028.enabled,READY_FOR_CARTRIDGE_MIGRATION,https://arxiv.org/abs/2302.04938
MEV-03-029,3,Spam arbitrage,state_event_engine,OBSERVE,OBSERVE_ONLY,DEX_STATE,"Telemetry/evidence only; no fabricated private flow, reorg certainty, future resolution or unavailable external data.","Candidate{strategy_id, snapshot_id, amount, exact_quote, costs, risk, evidence_ids, gate_state}",Config loaded; required adapters healthy; snapshot schema valid; kill-switch false.,Deterministic evidence persisted; no state mutation outside executor; all costs/accounting fields present.,Detector/quote/simulation timeouts defined by group policy; timeout => NO-GO.,strategy_id + chain/domain + snapshot_id + route/order fingerprint,DATA_STALE; SCHEMA_INVALID; QUOTE_FAIL; SIM_REVERT; INVARIANT_FAIL; DEP_UNHEALTHY; ECON_FAIL; AUTH_FAIL,latency_ms; candidate_count; quote_errors; sim_reverts; gate_reason; expected_ev; realized_pnl; recon_delta,op_10 Welford; op_11 Bayes,op_22 Monte Carlo,Backrun/bundle ordenado; transacción única cuando el evento ya está confirmado,none,strategy.03.029.enabled,OBSERVE_ONLY_BY_DESIGN,https://arxiv.org/abs/2204.05238
MEV-03-030,3,Reorg/time-bandit arbitrage,state_event_engine,OBSERVE,OBSERVE_ONLY,DEX_STATE,"Telemetry/evidence only; no fabricated private flow, reorg certainty, future resolution or unavailable external data.","Candidate{strategy_id, snapshot_id, amount, exact_quote, costs, risk, evidence_ids, gate_state}",Config loaded; required adapters healthy; snapshot schema valid; kill-switch false.,Deterministic evidence persisted; no state mutation outside executor; all costs/accounting fields present.,Detector/quote/simulation timeouts defined by group policy; timeout => NO-GO.,strategy_id + chain/domain + snapshot_id + route/order fingerprint,DATA_STALE; SCHEMA_INVALID; QUOTE_FAIL; SIM_REVERT; INVARIANT_FAIL; DEP_UNHEALTHY; ECON_FAIL; AUTH_FAIL,latency_ms; candidate_count; quote_errors; sim_reverts; gate_reason; expected_ev; realized_pnl; recon_delta,op_10 Welford; op_11 Bayes,op_22 Monte Carlo,Backrun/bundle ordenado; transacción única cuando el evento ya está confirmado,none,strategy.03.030.enabled,OBSERVE_ONLY_BY_DESIGN,https://arxiv.org/abs/2204.05238
MEV-03-031,3,Fork-state arbitrage,state_event_engine,E_STATE,DETERMINISTIC_POST_STATE,DEX_STATE,Protocol event/state variables; before/after block state; affected claims/pools; redemption/execution path.,"Candidate{strategy_id, snapshot_id, amount, exact_quote, costs, risk, evidence_ids, gate_state}",Config loaded; required adapters healthy; snapshot schema valid; kill-switch false.,Deterministic evidence persisted; no state mutation outside executor; all costs/accounting fields present.,Detector/quote/simulation timeouts defined by group policy; timeout => NO-GO.,strategy_id + chain/domain + snapshot_id + route/order fingerprint,DATA_STALE; SCHEMA_INVALID; QUOTE_FAIL; SIM_REVERT; INVARIANT_FAIL; DEP_UNHEALTHY; ECON_FAIL; AUTH_FAIL,latency_ms; candidate_count; quote_errors; sim_reverts; gate_reason; expected_ev; realized_pnl; recon_delta,op_05 PDMP / jump process; op_08 Kalman; op_21 Newton-Raphson,op_11 Bayes; op_13 Regression; op_22 Monte Carlo,Backrun/bundle ordenado; transacción única cuando el evento ya está confirmado,none,strategy.03.031.enabled,READY_FOR_CARTRIDGE_MIGRATION,https://arxiv.org/abs/2107.12484
MEV-04-001,4,Stablecoin peg arbitrage,parity_redemption_engine,P_PEG,DETERMINISTIC_IF_REDEEMABLE,PARITY_REDEMPTION,Mint/redeem functions/rates; market quotes; fees/caps; oracle if protocol uses one.,"Candidate{strategy_id, snapshot_id, amount, exact_quote, costs, risk, evidence_ids, gate_state}",Config loaded; required adapters healthy; snapshot schema valid; kill-switch false.,Deterministic evidence persisted; no state mutation outside executor; all costs/accounting fields present.,Detector/quote/simulation timeouts defined by group policy; timeout => NO-GO.,strategy_id + chain/domain + snapshot_id + route/order fingerprint,DATA_STALE; SCHEMA_INVALID; QUOTE_FAIL; SIM_REVERT; INVARIANT_FAIL; DEP_UNHEALTHY; ECON_FAIL; AUTH_FAIL,latency_ms; candidate_count; quote_errors; sim_reverts; gate_reason; expected_ev; realized_pnl; recon_delta,op_08 Kalman; op_21 Newton-Raphson; op_15 Golden Section,op_13 Regression; op_11 Bayes; op_22 Monte Carlo,Transacción única; bundle atómico; capital propio o flash liquidity,none,strategy.04.001.enabled,READY_FOR_CARTRIDGE_MIGRATION,https://arxiv.org/abs/2107.12484
MEV-04-002,4,Cross-stablecoin arbitrage,parity_redemption_engine,P_PEG,DETERMINISTIC_IF_REDEEMABLE,PARITY_REDEMPTION,Mint/redeem functions/rates; market quotes; fees/caps; oracle if protocol uses one.,"Candidate{strategy_id, snapshot_id, amount, exact_quote, costs, risk, evidence_ids, gate_state}",Config loaded; required adapters healthy; snapshot schema valid; kill-switch false.,Deterministic evidence persisted; no state mutation outside executor; all costs/accounting fields present.,Detector/quote/simulation timeouts defined by group policy; timeout => NO-GO.,strategy_id + chain/domain + snapshot_id + route/order fingerprint,DATA_STALE; SCHEMA_INVALID; QUOTE_FAIL; SIM_REVERT; INVARIANT_FAIL; DEP_UNHEALTHY; ECON_FAIL; AUTH_FAIL,latency_ms; candidate_count; quote_errors; sim_reverts; gate_reason; expected_ev; realized_pnl; recon_delta,op_08 Kalman; op_21 Newton-Raphson; op_15 Golden Section,op_13 Regression; op_11 Bayes; op_22 Monte Carlo,Transacción única; bundle atómico; capital propio o flash liquidity,none,strategy.04.002.enabled,READY_FOR_CARTRIDGE_MIGRATION,https://arxiv.org/abs/2107.12484
MEV-04-003,4,Algorithmic-stablecoin arbitrage,parity_redemption_engine,P_PEG,DETERMINISTIC_IF_REDEEMABLE,PARITY_REDEMPTION,Mint/redeem functions/rates; market quotes; fees/caps; oracle if protocol uses one.,"Candidate{strategy_id, snapshot_id, amount, exact_quote, costs, risk, evidence_ids, gate_state}",Config loaded; required adapters healthy; snapshot schema valid; kill-switch false.,Deterministic evidence persisted; no state mutation outside executor; all costs/accounting fields present.,Detector/quote/simulation timeouts defined by group policy; timeout => NO-GO.,strategy_id + chain/domain + snapshot_id + route/order fingerprint,DATA_STALE; SCHEMA_INVALID; QUOTE_FAIL; SIM_REVERT; INVARIANT_FAIL; DEP_UNHEALTHY; ECON_FAIL; AUTH_FAIL,latency_ms; candidate_count; quote_errors; sim_reverts; gate_reason; expected_ev; realized_pnl; recon_delta,op_08 Kalman; op_21 Newton-Raphson; op_15 Golden Section,op_13 Regression; op_11 Bayes; op_22 Monte Carlo,Transacción única; bundle atómico; capital propio o flash liquidity,none,strategy.04.003.enabled,READY_FOR_CARTRIDGE_MIGRATION,https://arxiv.org/abs/2107.12484
MEV-04-004,4,Collateralized-stablecoin arbitrage,parity_redemption_engine,P_PEG,DETERMINISTIC_IF_REDEEMABLE,PARITY_REDEMPTION,Mint/redeem functions/rates; market quotes; fees/caps; oracle if protocol uses one.,"Candidate{strategy_id, snapshot_id, amount, exact_quote, costs, risk, evidence_ids, gate_state}",Config loaded; required adapters healthy; snapshot schema valid; kill-switch false.,Deterministic evidence persisted; no state mutation outside executor; all costs/accounting fields present.,Detector/quote/simulation timeouts defined by group policy; timeout => NO-GO.,strategy_id + chain/domain + snapshot_id + route/order fingerprint,DATA_STALE; SCHEMA_INVALID; QUOTE_FAIL; SIM_REVERT; INVARIANT_FAIL; DEP_UNHEALTHY; ECON_FAIL; AUTH_FAIL,latency_ms; candidate_count; quote_errors; sim_reverts; gate_reason; expected_ev; realized_pnl; recon_delta,op_08 Kalman; op_21 Newton-Raphson; op_15 Golden Section,op_13 Regression; op_11 Bayes; op_22 Monte Carlo,Transacción única; bundle atómico; capital propio o flash liquidity,none,strategy.04.004.enabled,READY_FOR_CARTRIDGE_MIGRATION,https://arxiv.org/abs/2107.12484
MEV-04-005,4,Mint–redeem stablecoin arbitrage,parity_redemption_engine,P_PEG,DETERMINISTIC_IF_REDEEMABLE,PARITY_REDEMPTION,Mint/redeem functions/rates; market quotes; fees/caps; oracle if protocol uses one.,"Candidate{strategy_id, snapshot_id, amount, exact_quote, costs, risk, evidence_ids, gate_state}",Config loaded; required adapters healthy; snapshot schema valid; kill-switch false.,Deterministic evidence persisted; no state mutation outside executor; all costs/accounting fields present.,Detector/quote/simulation timeouts defined by group policy; timeout => NO-GO.,strategy_id + chain/domain + snapshot_id + route/order fingerprint,DATA_STALE; SCHEMA_INVALID; QUOTE_FAIL; SIM_REVERT; INVARIANT_FAIL; DEP_UNHEALTHY; ECON_FAIL; AUTH_FAIL,latency_ms; candidate_count; quote_errors; sim_reverts; gate_reason; expected_ev; realized_pnl; recon_delta,op_08 Kalman; op_21 Newton-Raphson; op_15 Golden Section,op_13 Regression; op_11 Bayes; op_22 Monte Carlo,Transacción única; bundle atómico; capital propio o flash liquidity,none,strategy.04.005.enabled,READY_FOR_CARTRIDGE_MIGRATION,https://arxiv.org/abs/2107.12484
MEV-04-006,4,Native–wrapped arbitrage,parity_redemption_engine,P_WRAP,DETERMINISTIC_IF_CONVERTIBLE,PARITY_REDEMPTION,wrap/unwrap conversion; exchange rate; fees; underlying and wrapper firm quotes; bridge state if bridged.,"Candidate{strategy_id, snapshot_id, amount, exact_quote, costs, risk, evidence_ids, gate_state}",Config loaded; required adapters healthy; snapshot schema valid; kill-switch false.,Deterministic evidence persisted; no state mutation outside executor; all costs/accounting fields present.,Detector/quote/simulation timeouts defined by group policy; timeout => NO-GO.,strategy_id + chain/domain + snapshot_id + route/order fingerprint,DATA_STALE; SCHEMA_INVALID; QUOTE_FAIL; SIM_REVERT; INVARIANT_FAIL; DEP_UNHEALTHY; ECON_FAIL; AUTH_FAIL,latency_ms; candidate_count; quote_errors; sim_reverts; gate_reason; expected_ev; realized_pnl; recon_delta,op_21 Newton-Raphson; op_08 Kalman; op_13 Regression,op_15 Golden Section; op_22 Monte Carlo,Transacción única; bundle atómico; capital propio o flash liquidity,none,strategy.04.006.enabled,READY_FOR_CARTRIDGE_MIGRATION,https://eips.ethereum.org/EIPS/eip-4626
MEV-04-007,4,Canonical–bridged token arbitrage,parity_redemption_engine,P_WRAP,DETERMINISTIC_IF_CONVERTIBLE,PARITY_REDEMPTION,wrap/unwrap conversion; exchange rate; fees; underlying and wrapper firm quotes; bridge state if bridged.,"Candidate{strategy_id, snapshot_id, amount, exact_quote, costs, risk, evidence_ids, gate_state}",Config loaded; required adapters healthy; snapshot schema valid; kill-switch false.,Deterministic evidence persisted; no state mutation outside executor; all costs/accounting fields present.,Detector/quote/simulation timeouts defined by group policy; timeout => NO-GO.,strategy_id + chain/domain + snapshot_id + route/order fingerprint,DATA_STALE; SCHEMA_INVALID; QUOTE_FAIL; SIM_REVERT; INVARIANT_FAIL; DEP_UNHEALTHY; ECON_FAIL; AUTH_FAIL,latency_ms; candidate_count; quote_errors; sim_reverts; gate_reason; expected_ev; realized_pnl; recon_delta,op_21 Newton-Raphson; op_08 Kalman; op_13 Regression,op_15 Golden Section; op_22 Monte Carlo,Transacción única; bundle atómico; capital propio o flash liquidity,bridge,strategy.04.007.enabled,READY_FOR_CARTRIDGE_MIGRATION,https://eips.ethereum.org/EIPS/eip-4626
MEV-04-008,4,Cross-wrapper arbitrage,parity_redemption_engine,P_WRAP,DETERMINISTIC_IF_CONVERTIBLE,PARITY_REDEMPTION,wrap/unwrap conversion; exchange rate; fees; underlying and wrapper firm quotes; bridge state if bridged.,"Candidate{strategy_id, snapshot_id, amount, exact_quote, costs, risk, evidence_ids, gate_state}",Config loaded; required adapters healthy; snapshot schema valid; kill-switch false.,Deterministic evidence persisted; no state mutation outside executor; all costs/accounting fields present.,Detector/quote/simulation timeouts defined by group policy; timeout => NO-GO.,strategy_id + chain/domain + snapshot_id + route/order fingerprint,DATA_STALE; SCHEMA_INVALID; QUOTE_FAIL; SIM_REVERT; INVARIANT_FAIL; DEP_UNHEALTHY; ECON_FAIL; AUTH_FAIL,latency_ms; candidate_count; quote_errors; sim_reverts; gate_reason; expected_ev; realized_pnl; recon_delta,op_21 Newton-Raphson; op_08 Kalman; op_13 Regression,op_15 Golden Section; op_22 Monte Carlo,Transacción única; bundle atómico; capital propio o flash liquidity,none,strategy.04.008.enabled,READY_FOR_CARTRIDGE_MIGRATION,https://eips.ethereum.org/EIPS/eip-4626
MEV-04-009,4,Synthetic–underlying arbitrage,parity_redemption_engine,P_WRAP,DETERMINISTIC_IF_CONVERTIBLE,PARITY_REDEMPTION,wrap/unwrap conversion; exchange rate; fees; underlying and wrapper firm quotes; bridge state if bridged.,"Candidate{strategy_id, snapshot_id, amount, exact_quote, costs, risk, evidence_ids, gate_state}",Config loaded; required adapters healthy; snapshot schema valid; kill-switch false.,Deterministic evidence persisted; no state mutation outside executor; all costs/accounting fields present.,Detector/quote/simulation timeouts defined by group policy; timeout => NO-GO.,strategy_id + chain/domain + snapshot_id + route/order fingerprint,DATA_STALE; SCHEMA_INVALID; QUOTE_FAIL; SIM_REVERT; INVARIANT_FAIL; DEP_UNHEALTHY; ECON_FAIL; AUTH_FAIL,latency_ms; candidate_count; quote_errors; sim_reverts; gate_reason; expected_ev; realized_pnl; recon_delta,op_21 Newton-Raphson; op_08 Kalman; op_13 Regression,op_15 Golden Section; op_22 Monte Carlo,Transacción única; bundle atómico; capital propio o flash liquidity,none,strategy.04.009.enabled,READY_FOR_CARTRIDGE_MIGRATION,https://eips.ethereum.org/EIPS/eip-4626
MEV-04-010,4,Receipt-token arbitrage,parity_redemption_engine,P_4626,DETERMINISTIC_IF_REDEEMABLE,PARITY_REDEMPTION,convertToAssets/Shares; previewDeposit/Redeem; maxDeposit/Redeem; vault totalAssets; share/asset market quotes.,"Candidate{strategy_id, snapshot_id, amount, exact_quote, costs, risk, evidence_ids, gate_state}",Config loaded; required adapters healthy; snapshot schema valid; kill-switch false.,Deterministic evidence persisted; no state mutation outside executor; all costs/accounting fields present.,Detector/quote/simulation timeouts defined by group policy; timeout => NO-GO.,strategy_id + chain/domain + snapshot_id + route/order fingerprint,DATA_STALE; SCHEMA_INVALID; QUOTE_FAIL; SIM_REVERT; INVARIANT_FAIL; DEP_UNHEALTHY; ECON_FAIL; AUTH_FAIL,latency_ms; candidate_count; quote_errors; sim_reverts; gate_reason; expected_ev; realized_pnl; recon_delta,op_21 Newton-Raphson; op_13 Regression; op_08 Kalman,op_15 Golden Section; op_22 Monte Carlo,Transacción única; bundle atómico; capital propio o flash liquidity,none,strategy.04.010.enabled,READY_FOR_CARTRIDGE_MIGRATION,https://eips.ethereum.org/EIPS/eip-4626
MEV-04-011,4,ERC-4626 share-price arbitrage,parity_redemption_engine,P_4626,DETERMINISTIC_IF_REDEEMABLE,PARITY_REDEMPTION,convertToAssets/Shares; previewDeposit/Redeem; maxDeposit/Redeem; vault totalAssets; share/asset market quotes.,"Candidate{strategy_id, snapshot_id, amount, exact_quote, costs, risk, evidence_ids, gate_state}",Config loaded; required adapters healthy; snapshot schema valid; kill-switch false.,Deterministic evidence persisted; no state mutation outside executor; all costs/accounting fields present.,Detector/quote/simulation timeouts defined by group policy; timeout => NO-GO.,strategy_id + chain/domain + snapshot_id + route/order fingerprint,DATA_STALE; SCHEMA_INVALID; QUOTE_FAIL; SIM_REVERT; INVARIANT_FAIL; DEP_UNHEALTHY; ECON_FAIL; AUTH_FAIL,latency_ms; candidate_count; quote_errors; sim_reverts; gate_reason; expected_ev; realized_pnl; recon_delta,op_21 Newton-Raphson; op_13 Regression; op_08 Kalman,op_15 Golden Section; op_22 Monte Carlo,Transacción única; bundle atómico; capital propio o flash liquidity,none,strategy.04.011.enabled,READY_FOR_CARTRIDGE_MIGRATION,https://eips.ethereum.org/EIPS/eip-4626
MEV-04-012,4,Vault share–underlying arbitrage,parity_redemption_engine,P_4626,DETERMINISTIC_IF_REDEEMABLE,PARITY_REDEMPTION,convertToAssets/Shares; previewDeposit/Redeem; maxDeposit/Redeem; vault totalAssets; share/asset market quotes.,"Candidate{strategy_id, snapshot_id, amount, exact_quote, costs, risk, evidence_ids, gate_state}",Config loaded; required adapters healthy; snapshot schema valid; kill-switch false.,Deterministic evidence persisted; no state mutation outside executor; all costs/accounting fields present.,Detector/quote/simulation timeouts defined by group policy; timeout => NO-GO.,strategy_id + chain/domain + snapshot_id + route/order fingerprint,DATA_STALE; SCHEMA_INVALID; QUOTE_FAIL; SIM_REVERT; INVARIANT_FAIL; DEP_UNHEALTHY; ECON_FAIL; AUTH_FAIL,latency_ms; candidate_count; quote_errors; sim_reverts; gate_reason; expected_ev; realized_pnl; recon_delta,op_21 Newton-Raphson; op_13 Regression; op_08 Kalman,op_15 Golden Section; op_22 Monte Carlo,Transacción única; bundle atómico; capital propio o flash liquidity,none,strategy.04.012.enabled,READY_FOR_CARTRIDGE_MIGRATION,https://eips.ethereum.org/EIPS/eip-4626
MEV-04-013,4,LP-token NAV arbitrage,parity_redemption_engine,P_NAV,DETERMINISTIC_IF_REDEEMABLE,PARITY_REDEMPTION,Component weights/holdings; redemption/mint rules; firm component quotes; fees.,"Candidate{strategy_id, snapshot_id, amount, exact_quote, costs, risk, evidence_ids, gate_state}",Config loaded; required adapters healthy; snapshot schema valid; kill-switch false.,Deterministic evidence persisted; no state mutation outside executor; all costs/accounting fields present.,Detector/quote/simulation timeouts defined by group policy; timeout => NO-GO.,strategy_id + chain/domain + snapshot_id + route/order fingerprint,DATA_STALE; SCHEMA_INVALID; QUOTE_FAIL; SIM_REVERT; INVARIANT_FAIL; DEP_UNHEALTHY; ECON_FAIL; AUTH_FAIL,latency_ms; candidate_count; quote_errors; sim_reverts; gate_reason; expected_ev; realized_pnl; recon_delta,op_13 Regression; op_19 Simplex; op_21 Newton-Raphson,op_08 Kalman; op_11 Bayes; op_22 Monte Carlo,Transacción única; bundle atómico; capital propio o flash liquidity,none,strategy.04.013.enabled,READY_FOR_CARTRIDGE_MIGRATION,https://arxiv.org/abs/2107.12484
MEV-04-014,4,Index token–basket arbitrage,parity_redemption_engine,P_NAV,DETERMINISTIC_IF_REDEEMABLE,PARITY_REDEMPTION,Component weights/holdings; redemption/mint rules; firm component quotes; fees.,"Candidate{strategy_id, snapshot_id, amount, exact_quote, costs, risk, evidence_ids, gate_state}",Config loaded; required adapters healthy; snapshot schema valid; kill-switch false.,Deterministic evidence persisted; no state mutation outside executor; all costs/accounting fields present.,Detector/quote/simulation timeouts defined by group policy; timeout => NO-GO.,strategy_id + chain/domain + snapshot_id + route/order fingerprint,DATA_STALE; SCHEMA_INVALID; QUOTE_FAIL; SIM_REVERT; INVARIANT_FAIL; DEP_UNHEALTHY; ECON_FAIL; AUTH_FAIL,latency_ms; candidate_count; quote_errors; sim_reverts; gate_reason; expected_ev; realized_pnl; recon_delta,op_13 Regression; op_19 Simplex; op_21 Newton-Raphson,op_08 Kalman; op_11 Bayes; op_22 Monte Carlo,Transacción única; bundle atómico; capital propio o flash liquidity,none,strategy.04.014.enabled,READY_FOR_CARTRIDGE_MIGRATION,https://arxiv.org/abs/2107.12484
MEV-04-015,4,ETF-like token arbitrage,parity_redemption_engine,P_NAV,DETERMINISTIC_IF_REDEEMABLE,PARITY_REDEMPTION,Component weights/holdings; redemption/mint rules; firm component quotes; fees.,"Candidate{strategy_id, snapshot_id, amount, exact_quote, costs, risk, evidence_ids, gate_state}",Config loaded; required adapters healthy; snapshot schema valid; kill-switch false.,Deterministic evidence persisted; no state mutation outside executor; all costs/accounting fields present.,Detector/quote/simulation timeouts defined by group policy; timeout => NO-GO.,strategy_id + chain/domain + snapshot_id + route/order fingerprint,DATA_STALE; SCHEMA_INVALID; QUOTE_FAIL; SIM_REVERT; INVARIANT_FAIL; DEP_UNHEALTHY; ECON_FAIL; AUTH_FAIL,latency_ms; candidate_count; quote_errors; sim_reverts; gate_reason; expected_ev; realized_pnl; recon_delta,op_13 Regression; op_19 Simplex; op_21 Newton-Raphson,op_08 Kalman; op_11 Bayes; op_22 Monte Carlo,Transacción única; bundle atómico; capital propio o flash liquidity,none,strategy.04.015.enabled,READY_FOR_CARTRIDGE_MIGRATION,https://arxiv.org/abs/2107.12484
MEV-04-016,4,RWA–NAV arbitrage,parity_redemption_engine,P_NAV,DETERMINISTIC_IF_REDEEMABLE,PARITY_REDEMPTION,Component weights/holdings; redemption/mint rules; firm component quotes; fees.,"Candidate{strategy_id, snapshot_id, amount, exact_quote, costs, risk, evidence_ids, gate_state}",Config loaded; required adapters healthy; snapshot schema valid; kill-switch false.,Deterministic evidence persisted; no state mutation outside executor; all costs/accounting fields present.,Detector/quote/simulation timeouts defined by group policy; timeout => NO-GO.,strategy_id + chain/domain + snapshot_id + route/order fingerprint,DATA_STALE; SCHEMA_INVALID; QUOTE_FAIL; SIM_REVERT; INVARIANT_FAIL; DEP_UNHEALTHY; ECON_FAIL; AUTH_FAIL,latency_ms; candidate_count; quote_errors; sim_reverts; gate_reason; expected_ev; realized_pnl; recon_delta,op_13 Regression; op_19 Simplex; op_21 Newton-Raphson,op_08 Kalman; op_11 Bayes; op_22 Monte Carlo,Transacción única; bundle atómico; capital propio o flash liquidity,none,strategy.04.016.enabled,READY_FOR_CARTRIDGE_MIGRATION,https://arxiv.org/abs/2107.12484
MEV-04-017,4,Rebasing-token arbitrage,parity_redemption_engine,P_PEG,DETERMINISTIC_IF_REDEEMABLE,PARITY_REDEMPTION,Mint/redeem functions/rates; market quotes; fees/caps; oracle if protocol uses one.,"Candidate{strategy_id, snapshot_id, amount, exact_quote, costs, risk, evidence_ids, gate_state}",Config loaded; required adapters healthy; snapshot schema valid; kill-switch false.,Deterministic evidence persisted; no state mutation outside executor; all costs/accounting fields present.,Detector/quote/simulation timeouts defined by group policy; timeout => NO-GO.,strategy_id + chain/domain + snapshot_id + route/order fingerprint,DATA_STALE; SCHEMA_INVALID; QUOTE_FAIL; SIM_REVERT; INVARIANT_FAIL; DEP_UNHEALTHY; ECON_FAIL; AUTH_FAIL,latency_ms; candidate_count; quote_errors; sim_reverts; gate_reason; expected_ev; realized_pnl; recon_delta,op_08 Kalman; op_21 Newton-Raphson; op_15 Golden Section,op_13 Regression; op_11 Bayes; op_22 Monte Carlo,Transacción única; bundle atómico; capital propio o flash liquidity,none,strategy.04.017.enabled,READY_FOR_CARTRIDGE_MIGRATION,https://arxiv.org/abs/2107.12484
MEV-04-018,4,Fee-on-transfer token arbitrage,parity_redemption_engine,P_PEG,DETERMINISTIC_IF_REDEEMABLE,PARITY_REDEMPTION,Mint/redeem functions/rates; market quotes; fees/caps; oracle if protocol uses one.,"Candidate{strategy_id, snapshot_id, amount, exact_quote, costs, risk, evidence_ids, gate_state}",Config loaded; required adapters healthy; snapshot schema valid; kill-switch false.,Deterministic evidence persisted; no state mutation outside executor; all costs/accounting fields present.,Detector/quote/simulation timeouts defined by group policy; timeout => NO-GO.,strategy_id + chain/domain + snapshot_id + route/order fingerprint,DATA_STALE; SCHEMA_INVALID; QUOTE_FAIL; SIM_REVERT; INVARIANT_FAIL; DEP_UNHEALTHY; ECON_FAIL; AUTH_FAIL,latency_ms; candidate_count; quote_errors; sim_reverts; gate_reason; expected_ev; realized_pnl; recon_delta,op_08 Kalman; op_21 Newton-Raphson; op_15 Golden Section,op_13 Regression; op_11 Bayes; op_22 Monte Carlo,Transacción única; bundle atómico; capital propio o flash liquidity,none,strategy.04.018.enabled,READY_FOR_CARTRIDGE_MIGRATION,https://arxiv.org/abs/2107.12484
MEV-04-019,4,Liquid-staking-token arbitrage,parity_redemption_engine,P_LST,SETTLEMENT_DELAY_SENSITIVE,PARITY_REDEMPTION,Protocol exchange/redemption rate; withdrawal queue/delay; underlying price; firm LST quotes.,"Candidate{strategy_id, snapshot_id, amount, exact_quote, costs, risk, evidence_ids, gate_state}",Config loaded; required adapters healthy; snapshot schema valid; kill-switch false.,Deterministic evidence persisted; no state mutation outside executor; all costs/accounting fields present.,Detector/quote/simulation timeouts defined by group policy; timeout => NO-GO.,strategy_id + chain/domain + snapshot_id + route/order fingerprint,DATA_STALE; SCHEMA_INVALID; QUOTE_FAIL; SIM_REVERT; INVARIANT_FAIL; DEP_UNHEALTHY; ECON_FAIL; AUTH_FAIL,latency_ms; candidate_count; quote_errors; sim_reverts; gate_reason; expected_ev; realized_pnl; recon_delta,op_13 Regression; op_08 Kalman; op_21 Newton-Raphson,op_23 Queueing; op_11 Bayes; op_22 Monte Carlo,Transacción única; bundle atómico; capital propio o flash liquidity,none,strategy.04.019.enabled,READY_FOR_CARTRIDGE_MIGRATION,https://eips.ethereum.org/EIPS/eip-4626
MEV-04-020,4,LST redemption arbitrage,parity_redemption_engine,P_LST,SETTLEMENT_DELAY_SENSITIVE,PARITY_REDEMPTION,Protocol exchange/redemption rate; withdrawal queue/delay; underlying price; firm LST quotes.,"Candidate{strategy_id, snapshot_id, amount, exact_quote, costs, risk, evidence_ids, gate_state}",Config loaded; required adapters healthy; snapshot schema valid; kill-switch false.,Deterministic evidence persisted; no state mutation outside executor; all costs/accounting fields present.,Detector/quote/simulation timeouts defined by group policy; timeout => NO-GO.,strategy_id + chain/domain + snapshot_id + route/order fingerprint,DATA_STALE; SCHEMA_INVALID; QUOTE_FAIL; SIM_REVERT; INVARIANT_FAIL; DEP_UNHEALTHY; ECON_FAIL; AUTH_FAIL,latency_ms; candidate_count; quote_errors; sim_reverts; gate_reason; expected_ev; realized_pnl; recon_delta,op_13 Regression; op_08 Kalman; op_21 Newton-Raphson,op_23 Queueing; op_11 Bayes; op_22 Monte Carlo,Transacción única; bundle atómico; capital propio o flash liquidity,none,strategy.04.020.enabled,READY_FOR_CARTRIDGE_MIGRATION,https://eips.ethereum.org/EIPS/eip-4626
MEV-04-021,4,Liquid-restaking-token arbitrage,parity_redemption_engine,P_LST,SETTLEMENT_DELAY_SENSITIVE,PARITY_REDEMPTION,Protocol exchange/redemption rate; withdrawal queue/delay; underlying price; firm LST quotes.,"Candidate{strategy_id, snapshot_id, amount, exact_quote, costs, risk, evidence_ids, gate_state}",Config loaded; required adapters healthy; snapshot schema valid; kill-switch false.,Deterministic evidence persisted; no state mutation outside executor; all costs/accounting fields present.,Detector/quote/simulation timeouts defined by group policy; timeout => NO-GO.,strategy_id + chain/domain + snapshot_id + route/order fingerprint,DATA_STALE; SCHEMA_INVALID; QUOTE_FAIL; SIM_REVERT; INVARIANT_FAIL; DEP_UNHEALTHY; ECON_FAIL; AUTH_FAIL,latency_ms; candidate_count; quote_errors; sim_reverts; gate_reason; expected_ev; realized_pnl; recon_delta,op_13 Regression; op_08 Kalman; op_21 Newton-Raphson,op_23 Queueing; op_11 Bayes; op_22 Monte Carlo,Transacción única; bundle atómico; capital propio o flash liquidity,none,strategy.04.021.enabled,READY_FOR_CARTRIDGE_MIGRATION,https://eips.ethereum.org/EIPS/eip-4626
MEV-04-022,4,Cross-LST arbitrage,parity_redemption_engine,P_LST,SETTLEMENT_DELAY_SENSITIVE,PARITY_REDEMPTION,Protocol exchange/redemption rate; withdrawal queue/delay; underlying price; firm LST quotes.,"Candidate{strategy_id, snapshot_id, amount, exact_quote, costs, risk, evidence_ids, gate_state}",Config loaded; required adapters healthy; snapshot schema valid; kill-switch false.,Deterministic evidence persisted; no state mutation outside executor; all costs/accounting fields present.,Detector/quote/simulation timeouts defined by group policy; timeout => NO-GO.,strategy_id + chain/domain + snapshot_id + route/order fingerprint,DATA_STALE; SCHEMA_INVALID; QUOTE_FAIL; SIM_REVERT; INVARIANT_FAIL; DEP_UNHEALTHY; ECON_FAIL; AUTH_FAIL,latency_ms; candidate_count; quote_errors; sim_reverts; gate_reason; expected_ev; realized_pnl; recon_delta,op_13 Regression; op_08 Kalman; op_21 Newton-Raphson,op_23 Queueing; op_11 Bayes; op_22 Monte Carlo,Transacción única; bundle atómico; capital propio o flash liquidity,none,strategy.04.022.enabled,READY_FOR_CARTRIDGE_MIGRATION,https://eips.ethereum.org/EIPS/eip-4626
MEV-04-023,4,Governance-wrapper arbitrage,parity_redemption_engine,P_WRAP,DETERMINISTIC_IF_CONVERTIBLE,PARITY_REDEMPTION,wrap/unwrap conversion; exchange rate; fees; underlying and wrapper firm quotes; bridge state if bridged.,"Candidate{strategy_id, snapshot_id, amount, exact_quote, costs, risk, evidence_ids, gate_state}",Config loaded; required adapters healthy; snapshot schema valid; kill-switch false.,Deterministic evidence persisted; no state mutation outside executor; all costs/accounting fields present.,Detector/quote/simulation timeouts defined by group policy; timeout => NO-GO.,strategy_id + chain/domain + snapshot_id + route/order fingerprint,DATA_STALE; SCHEMA_INVALID; QUOTE_FAIL; SIM_REVERT; INVARIANT_FAIL; DEP_UNHEALTHY; ECON_FAIL; AUTH_FAIL,latency_ms; candidate_count; quote_errors; sim_reverts; gate_reason; expected_ev; realized_pnl; recon_delta,op_21 Newton-Raphson; op_08 Kalman; op_13 Regression,op_15 Golden Section; op_22 Monte Carlo,Transacción única; bundle atómico; capital propio o flash liquidity,none,strategy.04.023.enabled,READY_FOR_CARTRIDGE_MIGRATION,https://eips.ethereum.org/EIPS/eip-4626
MEV-04-024,4,Vote-escrow derivative arbitrage,parity_redemption_engine,P_YIELD,DETERMINISTIC_IF_SETTLEABLE,PARITY_REDEMPTION,Maturities; redemption values; market prices; yield indices/APY; fees; settlement path.,"Candidate{strategy_id, snapshot_id, amount, exact_quote, costs, risk, evidence_ids, gate_state}",Config loaded; required adapters healthy; snapshot schema valid; kill-switch false.,Deterministic evidence persisted; no state mutation outside executor; all costs/accounting fields present.,Detector/quote/simulation timeouts defined by group policy; timeout => NO-GO.,strategy_id + chain/domain + snapshot_id + route/order fingerprint,DATA_STALE; SCHEMA_INVALID; QUOTE_FAIL; SIM_REVERT; INVARIANT_FAIL; DEP_UNHEALTHY; ECON_FAIL; AUTH_FAIL,latency_ms; candidate_count; quote_errors; sim_reverts; gate_reason; expected_ev; realized_pnl; recon_delta,op_13 Regression; op_08 Kalman; op_21 Newton-Raphson,op_15 Golden Section; op_22 Monte Carlo; op_16 Kelly,Transacción única; bundle atómico; capital propio o flash liquidity,none,strategy.04.024.enabled,READY_FOR_CARTRIDGE_MIGRATION,https://docs.pendle.finance/pendle-v2/ProtocolMechanics/PendleMarketAPYCalculation
MEV-04-025,4,Tokenized-position arbitrage,parity_redemption_engine,P_NAV,DETERMINISTIC_IF_REDEEMABLE,PARITY_REDEMPTION,Component weights/holdings; redemption/mint rules; firm component quotes; fees.,"Candidate{strategy_id, snapshot_id, amount, exact_quote, costs, risk, evidence_ids, gate_state}",Config loaded; required adapters healthy; snapshot schema valid; kill-switch false.,Deterministic evidence persisted; no state mutation outside executor; all costs/accounting fields present.,Detector/quote/simulation timeouts defined by group policy; timeout => NO-GO.,strategy_id + chain/domain + snapshot_id + route/order fingerprint,DATA_STALE; SCHEMA_INVALID; QUOTE_FAIL; SIM_REVERT; INVARIANT_FAIL; DEP_UNHEALTHY; ECON_FAIL; AUTH_FAIL,latency_ms; candidate_count; quote_errors; sim_reverts; gate_reason; expected_ev; realized_pnl; recon_delta,op_13 Regression; op_19 Simplex; op_21 Newton-Raphson,op_08 Kalman; op_11 Bayes; op_22 Monte Carlo,Transacción única; bundle atómico; capital propio o flash liquidity,none,strategy.04.025.enabled,READY_FOR_CARTRIDGE_MIGRATION,https://arxiv.org/abs/2107.12484
MEV-04-026,4,Principal-token arbitrage,parity_redemption_engine,P_PTYT,DETERMINISTIC_IF_REDEEMABLE,PARITY_REDEMPTION,PT/YT/SY exchange rates; expiry; mint/redeem path; firm PT/YT quotes; underlying APY.,"Candidate{strategy_id, snapshot_id, amount, exact_quote, costs, risk, evidence_ids, gate_state}",Config loaded; required adapters healthy; snapshot schema valid; kill-switch false.,Deterministic evidence persisted; no state mutation outside executor; all costs/accounting fields present.,Detector/quote/simulation timeouts defined by group policy; timeout => NO-GO.,strategy_id + chain/domain + snapshot_id + route/order fingerprint,DATA_STALE; SCHEMA_INVALID; QUOTE_FAIL; SIM_REVERT; INVARIANT_FAIL; DEP_UNHEALTHY; ECON_FAIL; AUTH_FAIL,latency_ms; candidate_count; quote_errors; sim_reverts; gate_reason; expected_ev; realized_pnl; recon_delta,op_13 Regression; op_21 Newton-Raphson; op_15 Golden Section,op_08 Kalman; op_16 Kelly; op_22 Monte Carlo,Transacción única; bundle atómico; capital propio o flash liquidity,none,strategy.04.026.enabled,READY_FOR_CARTRIDGE_MIGRATION,https://docs.pendle.finance/pendle-academy/cheatsheet-for-the-impatient/pt-yt-lp-cheatsheet; https://docs.pendle.finance/pendle-v2/ProtocolMechanics/Glossary
MEV-04-027,4,Yield-token arbitrage,parity_redemption_engine,P_PTYT,DETERMINISTIC_IF_REDEEMABLE,PARITY_REDEMPTION,PT/YT/SY exchange rates; expiry; mint/redeem path; firm PT/YT quotes; underlying APY.,"Candidate{strategy_id, snapshot_id, amount, exact_quote, costs, risk, evidence_ids, gate_state}",Config loaded; required adapters healthy; snapshot schema valid; kill-switch false.,Deterministic evidence persisted; no state mutation outside executor; all costs/accounting fields present.,Detector/quote/simulation timeouts defined by group policy; timeout => NO-GO.,strategy_id + chain/domain + snapshot_id + route/order fingerprint,DATA_STALE; SCHEMA_INVALID; QUOTE_FAIL; SIM_REVERT; INVARIANT_FAIL; DEP_UNHEALTHY; ECON_FAIL; AUTH_FAIL,latency_ms; candidate_count; quote_errors; sim_reverts; gate_reason; expected_ev; realized_pnl; recon_delta,op_13 Regression; op_21 Newton-Raphson; op_15 Golden Section,op_08 Kalman; op_16 Kelly; op_22 Monte Carlo,Transacción única; bundle atómico; capital propio o flash liquidity,none,strategy.04.027.enabled,READY_FOR_CARTRIDGE_MIGRATION,https://docs.pendle.finance/pendle-academy/cheatsheet-for-the-impatient/pt-yt-lp-cheatsheet; https://docs.pendle.finance/pendle-v2/ProtocolMechanics/Glossary
MEV-04-028,4,PT–YT parity arbitrage,parity_redemption_engine,P_PTYT,DETERMINISTIC_IF_REDEEMABLE,PARITY_REDEMPTION,PT/YT/SY exchange rates; expiry; mint/redeem path; firm PT/YT quotes; underlying APY.,"Candidate{strategy_id, snapshot_id, amount, exact_quote, costs, risk, evidence_ids, gate_state}",Config loaded; required adapters healthy; snapshot schema valid; kill-switch false.,Deterministic evidence persisted; no state mutation outside executor; all costs/accounting fields present.,Detector/quote/simulation timeouts defined by group policy; timeout => NO-GO.,strategy_id + chain/domain + snapshot_id + route/order fingerprint,DATA_STALE; SCHEMA_INVALID; QUOTE_FAIL; SIM_REVERT; INVARIANT_FAIL; DEP_UNHEALTHY; ECON_FAIL; AUTH_FAIL,latency_ms; candidate_count; quote_errors; sim_reverts; gate_reason; expected_ev; realized_pnl; recon_delta,op_13 Regression; op_21 Newton-Raphson; op_15 Golden Section,op_08 Kalman; op_16 Kelly; op_22 Monte Carlo,Transacción única; bundle atómico; capital propio o flash liquidity,none,strategy.04.028.enabled,READY_FOR_CARTRIDGE_MIGRATION,https://docs.pendle.finance/pendle-academy/cheatsheet-for-the-impatient/pt-yt-lp-cheatsheet; https://docs.pendle.finance/pendle-v2/ProtocolMechanics/Glossary
MEV-04-029,4,Cross-maturity yield arbitrage,parity_redemption_engine,P_YIELD,DETERMINISTIC_IF_SETTLEABLE,PARITY_REDEMPTION,Maturities; redemption values; market prices; yield indices/APY; fees; settlement path.,"Candidate{strategy_id, snapshot_id, amount, exact_quote, costs, risk, evidence_ids, gate_state}",Config loaded; required adapters healthy; snapshot schema valid; kill-switch false.,Deterministic evidence persisted; no state mutation outside executor; all costs/accounting fields present.,Detector/quote/simulation timeouts defined by group policy; timeout => NO-GO.,strategy_id + chain/domain + snapshot_id + route/order fingerprint,DATA_STALE; SCHEMA_INVALID; QUOTE_FAIL; SIM_REVERT; INVARIANT_FAIL; DEP_UNHEALTHY; ECON_FAIL; AUTH_FAIL,latency_ms; candidate_count; quote_errors; sim_reverts; gate_reason; expected_ev; realized_pnl; recon_delta,op_13 Regression; op_08 Kalman; op_21 Newton-Raphson,op_15 Golden Section; op_22 Monte Carlo; op_16 Kelly,Transacción única; bundle atómico; capital propio o flash liquidity,none,strategy.04.029.enabled,READY_FOR_CARTRIDGE_MIGRATION,https://docs.pendle.finance/pendle-v2/ProtocolMechanics/PendleMarketAPYCalculation
MEV-04-030,4,Fixed-yield/floating-yield arbitrage,parity_redemption_engine,P_YIELD,DETERMINISTIC_IF_SETTLEABLE,PARITY_REDEMPTION,Maturities; redemption values; market prices; yield indices/APY; fees; settlement path.,"Candidate{strategy_id, snapshot_id, amount, exact_quote, costs, risk, evidence_ids, gate_state}",Config loaded; required adapters healthy; snapshot schema valid; kill-switch false.,Deterministic evidence persisted; no state mutation outside executor; all costs/accounting fields present.,Detector/quote/simulation timeouts defined by group policy; timeout => NO-GO.,strategy_id + chain/domain + snapshot_id + route/order fingerprint,DATA_STALE; SCHEMA_INVALID; QUOTE_FAIL; SIM_REVERT; INVARIANT_FAIL; DEP_UNHEALTHY; ECON_FAIL; AUTH_FAIL,latency_ms; candidate_count; quote_errors; sim_reverts; gate_reason; expected_ev; realized_pnl; recon_delta,op_13 Regression; op_08 Kalman; op_21 Newton-Raphson,op_15 Golden Section; op_22 Monte Carlo; op_16 Kelly,Transacción única; bundle atómico; capital propio o flash liquidity,none,strategy.04.030.enabled,READY_FOR_CARTRIDGE_MIGRATION,https://docs.pendle.finance/pendle-v2/ProtocolMechanics/PendleMarketAPYCalculation
MEV-04-031,4,Points/pre-token arbitrage,parity_redemption_engine,OBSERVE,OBSERVE_ONLY,PARITY_REDEMPTION,"Telemetry/evidence only; no fabricated private flow, reorg certainty, future resolution or unavailable external data.","Candidate{strategy_id, snapshot_id, amount, exact_quote, costs, risk, evidence_ids, gate_state}",Config loaded; required adapters healthy; snapshot schema valid; kill-switch false.,Deterministic evidence persisted; no state mutation outside executor; all costs/accounting fields present.,Detector/quote/simulation timeouts defined by group policy; timeout => NO-GO.,strategy_id + chain/domain + snapshot_id + route/order fingerprint,DATA_STALE; SCHEMA_INVALID; QUOTE_FAIL; SIM_REVERT; INVARIANT_FAIL; DEP_UNHEALTHY; ECON_FAIL; AUTH_FAIL,latency_ms; candidate_count; quote_errors; sim_reverts; gate_reason; expected_ev; realized_pnl; recon_delta,op_10 Welford; op_11 Bayes,op_22 Monte Carlo,Transacción única; bundle atómico; capital propio o flash liquidity,none,strategy.04.031.enabled,OBSERVE_ONLY_BY_DESIGN,https://arxiv.org/abs/2204.05238
MEV-05-001,5,CEX–DEX spot arbitrage,cex_external_engine,C_CEXDEX,EXTERNAL_DATA_REQUIRED,CEX_DEX,CEX L2/orderbook or firm quotes; DEX exact route quote; fees; inventory; latency; transfer/hedge model.,"Candidate{strategy_id, snapshot_id, amount, exact_quote, costs, risk, evidence_ids, gate_state}",Config loaded; required adapters healthy; snapshot schema valid; kill-switch false.,Deterministic evidence persisted; no state mutation outside executor; all costs/accounting fields present.,Detector/quote/simulation timeouts defined by group policy; timeout => NO-GO.,strategy_id + chain/domain + snapshot_id + route/order fingerprint,DATA_STALE; SCHEMA_INVALID; QUOTE_FAIL; SIM_REVERT; INVARIANT_FAIL; DEP_UNHEALTHY; ECON_FAIL; AUTH_FAIL,latency_ms; candidate_count; quote_errors; sim_reverts; gate_reason; expected_ev; realized_pnl; recon_delta,op_08 Kalman; op_10 Welford; op_23 Queueing; op_21 Newton-Raphson,op_11 Bayes; op_13 Regression; op_16 Kelly; op_22 Monte Carlo,No existe atomicidad común entre CEX/custodio y blockchain,external,strategy.05.001.enabled,READY_FOR_CARTRIDGE_MIGRATION,https://arxiv.org/abs/2302.04938
MEV-05-002,5,DEX–CEX spot arbitrage,cex_external_engine,C_CEXDEX,EXTERNAL_DATA_REQUIRED,CEX_DEX,CEX L2/orderbook or firm quotes; DEX exact route quote; fees; inventory; latency; transfer/hedge model.,"Candidate{strategy_id, snapshot_id, amount, exact_quote, costs, risk, evidence_ids, gate_state}",Config loaded; required adapters healthy; snapshot schema valid; kill-switch false.,Deterministic evidence persisted; no state mutation outside executor; all costs/accounting fields present.,Detector/quote/simulation timeouts defined by group policy; timeout => NO-GO.,strategy_id + chain/domain + snapshot_id + route/order fingerprint,DATA_STALE; SCHEMA_INVALID; QUOTE_FAIL; SIM_REVERT; INVARIANT_FAIL; DEP_UNHEALTHY; ECON_FAIL; AUTH_FAIL,latency_ms; candidate_count; quote_errors; sim_reverts; gate_reason; expected_ev; realized_pnl; recon_delta,op_08 Kalman; op_10 Welford; op_23 Queueing; op_21 Newton-Raphson,op_11 Bayes; op_13 Regression; op_16 Kelly; op_22 Monte Carlo,No existe atomicidad común entre CEX/custodio y blockchain,external,strategy.05.002.enabled,READY_FOR_CARTRIDGE_MIGRATION,https://arxiv.org/abs/2302.04938
MEV-05-003,5,CEX–DEX triangular arbitrage,cex_external_engine,C_CEXDEX,EXTERNAL_DATA_REQUIRED,CEX_DEX,CEX L2/orderbook or firm quotes; DEX exact route quote; fees; inventory; latency; transfer/hedge model.,"Candidate{strategy_id, snapshot_id, amount, exact_quote, costs, risk, evidence_ids, gate_state}",Config loaded; required adapters healthy; snapshot schema valid; kill-switch false.,Deterministic evidence persisted; no state mutation outside executor; all costs/accounting fields present.,Detector/quote/simulation timeouts defined by group policy; timeout => NO-GO.,strategy_id + chain/domain + snapshot_id + route/order fingerprint,DATA_STALE; SCHEMA_INVALID; QUOTE_FAIL; SIM_REVERT; INVARIANT_FAIL; DEP_UNHEALTHY; ECON_FAIL; AUTH_FAIL,latency_ms; candidate_count; quote_errors; sim_reverts; gate_reason; expected_ev; realized_pnl; recon_delta,op_08 Kalman; op_10 Welford; op_23 Queueing; op_21 Newton-Raphson,op_11 Bayes; op_13 Regression; op_16 Kelly; op_22 Monte Carlo,No existe atomicidad común entre CEX/custodio y blockchain,external,strategy.05.003.enabled,READY_FOR_CARTRIDGE_MIGRATION,https://arxiv.org/abs/2302.04938
MEV-05-004,5,CEX–multi-DEX arbitrage,cex_external_engine,C_CEXDEX,EXTERNAL_DATA_REQUIRED,CEX_DEX,CEX L2/orderbook or firm quotes; DEX exact route quote; fees; inventory; latency; transfer/hedge model.,"Candidate{strategy_id, snapshot_id, amount, exact_quote, costs, risk, evidence_ids, gate_state}",Config loaded; required adapters healthy; snapshot schema valid; kill-switch false.,Deterministic evidence persisted; no state mutation outside executor; all costs/accounting fields present.,Detector/quote/simulation timeouts defined by group policy; timeout => NO-GO.,strategy_id + chain/domain + snapshot_id + route/order fingerprint,DATA_STALE; SCHEMA_INVALID; QUOTE_FAIL; SIM_REVERT; INVARIANT_FAIL; DEP_UNHEALTHY; ECON_FAIL; AUTH_FAIL,latency_ms; candidate_count; quote_errors; sim_reverts; gate_reason; expected_ev; realized_pnl; recon_delta,op_08 Kalman; op_10 Welford; op_23 Queueing; op_21 Newton-Raphson,op_11 Bayes; op_13 Regression; op_16 Kelly; op_22 Monte Carlo,No existe atomicidad común entre CEX/custodio y blockchain,external,strategy.05.004.enabled,READY_FOR_CARTRIDGE_MIGRATION,https://arxiv.org/abs/2302.04938
MEV-05-005,5,Multi-CEX–DEX arbitrage,cex_external_engine,C_CEXDEX,EXTERNAL_DATA_REQUIRED,CEX_DEX,CEX L2/orderbook or firm quotes; DEX exact route quote; fees; inventory; latency; transfer/hedge model.,"Candidate{strategy_id, snapshot_id, amount, exact_quote, costs, risk, evidence_ids, gate_state}",Config loaded; required adapters healthy; snapshot schema valid; kill-switch false.,Deterministic evidence persisted; no state mutation outside executor; all costs/accounting fields present.,Detector/quote/simulation timeouts defined by group policy; timeout => NO-GO.,strategy_id + chain/domain + snapshot_id + route/order fingerprint,DATA_STALE; SCHEMA_INVALID; QUOTE_FAIL; SIM_REVERT; INVARIANT_FAIL; DEP_UNHEALTHY; ECON_FAIL; AUTH_FAIL,latency_ms; candidate_count; quote_errors; sim_reverts; gate_reason; expected_ev; realized_pnl; recon_delta,op_08 Kalman; op_10 Welford; op_23 Queueing; op_21 Newton-Raphson,op_11 Bayes; op_13 Regression; op_16 Kelly; op_22 Monte Carlo,No existe atomicidad común entre CEX/custodio y blockchain,external,strategy.05.005.enabled,READY_FOR_CARTRIDGE_MIGRATION,https://arxiv.org/abs/2302.04938
MEV-05-006,5,CEX order-book–AMM arbitrage,cex_external_engine,C_CEXDEX,EXTERNAL_DATA_REQUIRED,CEX_DEX,CEX L2/orderbook or firm quotes; DEX exact route quote; fees; inventory; latency; transfer/hedge model.,"Candidate{strategy_id, snapshot_id, amount, exact_quote, costs, risk, evidence_ids, gate_state}",Config loaded; required adapters healthy; snapshot schema valid; kill-switch false.,Deterministic evidence persisted; no state mutation outside executor; all costs/accounting fields present.,Detector/quote/simulation timeouts defined by group policy; timeout => NO-GO.,strategy_id + chain/domain + snapshot_id + route/order fingerprint,DATA_STALE; SCHEMA_INVALID; QUOTE_FAIL; SIM_REVERT; INVARIANT_FAIL; DEP_UNHEALTHY; ECON_FAIL; AUTH_FAIL,latency_ms; candidate_count; quote_errors; sim_reverts; gate_reason; expected_ev; realized_pnl; recon_delta,op_08 Kalman; op_10 Welford; op_23 Queueing; op_21 Newton-Raphson,op_11 Bayes; op_13 Regression; op_16 Kelly; op_22 Monte Carlo,No existe atomicidad común entre CEX/custodio y blockchain,external,strategy.05.006.enabled,READY_FOR_CARTRIDGE_MIGRATION,https://arxiv.org/abs/2302.04938
MEV-05-007,5,CEX futures–DEX spot arbitrage,cex_external_engine,C_CEXDERIV,EXTERNAL_DATA_REQUIRED,CEX_DEX,CEX derivative book; mark/index/funding; DEX exact spot quote; margin/inventory; fees.,"Candidate{strategy_id, snapshot_id, amount, exact_quote, costs, risk, evidence_ids, gate_state}",Config loaded; required adapters healthy; snapshot schema valid; kill-switch false.,Deterministic evidence persisted; no state mutation outside executor; all costs/accounting fields present.,Detector/quote/simulation timeouts defined by group policy; timeout => NO-GO.,strategy_id + chain/domain + snapshot_id + route/order fingerprint,DATA_STALE; SCHEMA_INVALID; QUOTE_FAIL; SIM_REVERT; INVARIANT_FAIL; DEP_UNHEALTHY; ECON_FAIL; AUTH_FAIL,latency_ms; candidate_count; quote_errors; sim_reverts; gate_reason; expected_ev; realized_pnl; recon_delta,op_13 Regression; op_08 Kalman; op_23 Queueing; op_21 Newton-Raphson,op_10 Welford; op_11 Bayes; op_22 Monte Carlo; op_16 Kelly,No existe atomicidad común entre CEX/custodio y blockchain,external,strategy.05.007.enabled,READY_FOR_CARTRIDGE_MIGRATION,https://www.cfainstitute.org/insights/professional-learning/refresher-readings/2026/option-replication-using-put-call-parity
MEV-05-008,5,CEX perpetual–DEX spot arbitrage,cex_external_engine,C_CEXDERIV,EXTERNAL_DATA_REQUIRED,CEX_DEX,CEX derivative book; mark/index/funding; DEX exact spot quote; margin/inventory; fees.,"Candidate{strategy_id, snapshot_id, amount, exact_quote, costs, risk, evidence_ids, gate_state}",Config loaded; required adapters healthy; snapshot schema valid; kill-switch false.,Deterministic evidence persisted; no state mutation outside executor; all costs/accounting fields present.,Detector/quote/simulation timeouts defined by group policy; timeout => NO-GO.,strategy_id + chain/domain + snapshot_id + route/order fingerprint,DATA_STALE; SCHEMA_INVALID; QUOTE_FAIL; SIM_REVERT; INVARIANT_FAIL; DEP_UNHEALTHY; ECON_FAIL; AUTH_FAIL,latency_ms; candidate_count; quote_errors; sim_reverts; gate_reason; expected_ev; realized_pnl; recon_delta,op_13 Regression; op_08 Kalman; op_23 Queueing; op_21 Newton-Raphson,op_10 Welford; op_11 Bayes; op_22 Monte Carlo; op_16 Kelly,No existe atomicidad común entre CEX/custodio y blockchain,external,strategy.05.008.enabled,READY_FOR_CARTRIDGE_MIGRATION,https://www.cfainstitute.org/insights/professional-learning/refresher-readings/2026/option-replication-using-put-call-parity
MEV-05-009,5,CEX price-lead latency arbitrage,cex_external_engine,E_LATENCY,LATENCY_SENSITIVE,CEX_DEX,Independent timestamps; fast/slow quotes; volatility estimate; execution latency; firm liquidity.,"Candidate{strategy_id, snapshot_id, amount, exact_quote, costs, risk, evidence_ids, gate_state}",Config loaded; required adapters healthy; snapshot schema valid; kill-switch false.,Deterministic evidence persisted; no state mutation outside executor; all costs/accounting fields present.,Detector/quote/simulation timeouts defined by group policy; timeout => NO-GO.,strategy_id + chain/domain + snapshot_id + route/order fingerprint,DATA_STALE; SCHEMA_INVALID; QUOTE_FAIL; SIM_REVERT; INVARIANT_FAIL; DEP_UNHEALTHY; ECON_FAIL; AUTH_FAIL,latency_ms; candidate_count; quote_errors; sim_reverts; gate_reason; expected_ev; realized_pnl; recon_delta,op_08 Kalman; op_10 Welford; op_23 Queueing; op_11 Bayes,op_13 Regression; op_22 Monte Carlo; op_16 Kelly,No existe atomicidad común entre CEX/custodio y blockchain,external,strategy.05.009.enabled,READY_FOR_CARTRIDGE_MIGRATION,https://arxiv.org/abs/2302.04938
MEV-05-010,5,DEX price-lead arbitrage,cex_external_engine,E_LATENCY,LATENCY_SENSITIVE,CEX_DEX,Independent timestamps; fast/slow quotes; volatility estimate; execution latency; firm liquidity.,"Candidate{strategy_id, snapshot_id, amount, exact_quote, costs, risk, evidence_ids, gate_state}",Config loaded; required adapters healthy; snapshot schema valid; kill-switch false.,Deterministic evidence persisted; no state mutation outside executor; all costs/accounting fields present.,Detector/quote/simulation timeouts defined by group policy; timeout => NO-GO.,strategy_id + chain/domain + snapshot_id + route/order fingerprint,DATA_STALE; SCHEMA_INVALID; QUOTE_FAIL; SIM_REVERT; INVARIANT_FAIL; DEP_UNHEALTHY; ECON_FAIL; AUTH_FAIL,latency_ms; candidate_count; quote_errors; sim_reverts; gate_reason; expected_ev; realized_pnl; recon_delta,op_08 Kalman; op_10 Welford; op_23 Queueing; op_11 Bayes,op_13 Regression; op_22 Monte Carlo; op_16 Kelly,No existe atomicidad común entre CEX/custodio y blockchain,external,strategy.05.010.enabled,READY_FOR_CARTRIDGE_MIGRATION,https://arxiv.org/abs/2302.04938
MEV-05-011,5,OTC–DEX arbitrage,cex_external_engine,C_CEXDEX,EXTERNAL_DATA_REQUIRED,CEX_DEX,CEX L2/orderbook or firm quotes; DEX exact route quote; fees; inventory; latency; transfer/hedge model.,"Candidate{strategy_id, snapshot_id, amount, exact_quote, costs, risk, evidence_ids, gate_state}",Config loaded; required adapters healthy; snapshot schema valid; kill-switch false.,Deterministic evidence persisted; no state mutation outside executor; all costs/accounting fields present.,Detector/quote/simulation timeouts defined by group policy; timeout => NO-GO.,strategy_id + chain/domain + snapshot_id + route/order fingerprint,DATA_STALE; SCHEMA_INVALID; QUOTE_FAIL; SIM_REVERT; INVARIANT_FAIL; DEP_UNHEALTHY; ECON_FAIL; AUTH_FAIL,latency_ms; candidate_count; quote_errors; sim_reverts; gate_reason; expected_ev; realized_pnl; recon_delta,op_08 Kalman; op_10 Welford; op_23 Queueing; op_21 Newton-Raphson,op_11 Bayes; op_13 Regression; op_16 Kelly; op_22 Monte Carlo,No existe atomicidad común entre CEX/custodio y blockchain,external,strategy.05.011.enabled,READY_FOR_CARTRIDGE_MIGRATION,https://arxiv.org/abs/2302.04938
MEV-05-012,5,Market-maker inventory–DEX arbitrage,cex_external_engine,C_CEXDEX,EXTERNAL_DATA_REQUIRED,CEX_DEX,CEX L2/orderbook or firm quotes; DEX exact route quote; fees; inventory; latency; transfer/hedge model.,"Candidate{strategy_id, snapshot_id, amount, exact_quote, costs, risk, evidence_ids, gate_state}",Config loaded; required adapters healthy; snapshot schema valid; kill-switch false.,Deterministic evidence persisted; no state mutation outside executor; all costs/accounting fields present.,Detector/quote/simulation timeouts defined by group policy; timeout => NO-GO.,strategy_id + chain/domain + snapshot_id + route/order fingerprint,DATA_STALE; SCHEMA_INVALID; QUOTE_FAIL; SIM_REVERT; INVARIANT_FAIL; DEP_UNHEALTHY; ECON_FAIL; AUTH_FAIL,latency_ms; candidate_count; quote_errors; sim_reverts; gate_reason; expected_ev; realized_pnl; recon_delta,op_08 Kalman; op_10 Welford; op_23 Queueing; op_21 Newton-Raphson,op_11 Bayes; op_13 Regression; op_16 Kelly; op_22 Monte Carlo,No existe atomicidad común entre CEX/custodio y blockchain,external,strategy.05.012.enabled,READY_FOR_CARTRIDGE_MIGRATION,https://arxiv.org/abs/2302.04938
MEV-05-013,5,Cross-custodian arbitrage,cex_external_engine,C_CEXDEX,EXTERNAL_DATA_REQUIRED,CEX_DEX,CEX L2/orderbook or firm quotes; DEX exact route quote; fees; inventory; latency; transfer/hedge model.,"Candidate{strategy_id, snapshot_id, amount, exact_quote, costs, risk, evidence_ids, gate_state}",Config loaded; required adapters healthy; snapshot schema valid; kill-switch false.,Deterministic evidence persisted; no state mutation outside executor; all costs/accounting fields present.,Detector/quote/simulation timeouts defined by group policy; timeout => NO-GO.,strategy_id + chain/domain + snapshot_id + route/order fingerprint,DATA_STALE; SCHEMA_INVALID; QUOTE_FAIL; SIM_REVERT; INVARIANT_FAIL; DEP_UNHEALTHY; ECON_FAIL; AUTH_FAIL,latency_ms; candidate_count; quote_errors; sim_reverts; gate_reason; expected_ev; realized_pnl; recon_delta,op_08 Kalman; op_10 Welford; op_23 Queueing; op_21 Newton-Raphson,op_11 Bayes; op_13 Regression; op_16 Kelly; op_22 Monte Carlo,No existe atomicidad común entre CEX/custodio y blockchain,external,strategy.05.013.enabled,READY_FOR_CARTRIDGE_MIGRATION,https://arxiv.org/abs/2302.04938
MEV-05-014,5,Fiat–stablecoin–DEX arbitrage,cex_external_engine,C_CEXDEX,EXTERNAL_DATA_REQUIRED,CEX_DEX,CEX L2/orderbook or firm quotes; DEX exact route quote; fees; inventory; latency; transfer/hedge model.,"Candidate{strategy_id, snapshot_id, amount, exact_quote, costs, risk, evidence_ids, gate_state}",Config loaded; required adapters healthy; snapshot schema valid; kill-switch false.,Deterministic evidence persisted; no state mutation outside executor; all costs/accounting fields present.,Detector/quote/simulation timeouts defined by group policy; timeout => NO-GO.,strategy_id + chain/domain + snapshot_id + route/order fingerprint,DATA_STALE; SCHEMA_INVALID; QUOTE_FAIL; SIM_REVERT; INVARIANT_FAIL; DEP_UNHEALTHY; ECON_FAIL; AUTH_FAIL,latency_ms; candidate_count; quote_errors; sim_reverts; gate_reason; expected_ev; realized_pnl; recon_delta,op_08 Kalman; op_10 Welford; op_23 Queueing; op_21 Newton-Raphson,op_11 Bayes; op_13 Regression; op_16 Kelly; op_22 Monte Carlo,No existe atomicidad común entre CEX/custodio y blockchain,external,strategy.05.014.enabled,READY_FOR_CARTRIDGE_MIGRATION,https://arxiv.org/abs/2302.04938
MEV-06-001,6,L1–L1 arbitrage,cross_domain_engine,X_PREPOS,NONATOMIC_INVENTORY_REQUIRED,CROSS_CHAIN,Per-chain firm quotes; inventory balances; finality/latency; gas; settlement status; accounting FX.,"Candidate{strategy_id, snapshot_id, amount, exact_quote, costs, risk, evidence_ids, gate_state}",Config loaded; required adapters healthy; snapshot schema valid; kill-switch false.,Deterministic evidence persisted; no state mutation outside executor; all costs/accounting fields present.,Detector/quote/simulation timeouts defined by group policy; timeout => NO-GO.,strategy_id + chain/domain + snapshot_id + route/order fingerprint,DATA_STALE; SCHEMA_INVALID; QUOTE_FAIL; SIM_REVERT; INVARIANT_FAIL; DEP_UNHEALTHY; ECON_FAIL; AUTH_FAIL,latency_ms; candidate_count; quote_errors; sim_reverts; gate_reason; expected_ev; realized_pnl; recon_delta,op_06 Markov Chain; op_07 HMM; op_23 Queueing; op_16 Kelly,op_08 Kalman; op_11 Bayes; op_22 Monte Carlo; op_27 Path Ordering,Solo con primitive de atomicidad cross-domain/shared sequencing explícita,bridge,strategy.06.001.enabled,READY_FOR_CARTRIDGE_MIGRATION,https://arxiv.org/abs/2204.05238
MEV-06-002,6,L1–L2 arbitrage,cross_domain_engine,X_PREPOS,NONATOMIC_INVENTORY_REQUIRED,CROSS_CHAIN,Per-chain firm quotes; inventory balances; finality/latency; gas; settlement status; accounting FX.,"Candidate{strategy_id, snapshot_id, amount, exact_quote, costs, risk, evidence_ids, gate_state}",Config loaded; required adapters healthy; snapshot schema valid; kill-switch false.,Deterministic evidence persisted; no state mutation outside executor; all costs/accounting fields present.,Detector/quote/simulation timeouts defined by group policy; timeout => NO-GO.,strategy_id + chain/domain + snapshot_id + route/order fingerprint,DATA_STALE; SCHEMA_INVALID; QUOTE_FAIL; SIM_REVERT; INVARIANT_FAIL; DEP_UNHEALTHY; ECON_FAIL; AUTH_FAIL,latency_ms; candidate_count; quote_errors; sim_reverts; gate_reason; expected_ev; realized_pnl; recon_delta,op_06 Markov Chain; op_07 HMM; op_23 Queueing; op_16 Kelly,op_08 Kalman; op_11 Bayes; op_22 Monte Carlo; op_27 Path Ordering,Solo con primitive de atomicidad cross-domain/shared sequencing explícita,bridge,strategy.06.002.enabled,READY_FOR_CARTRIDGE_MIGRATION,https://arxiv.org/abs/2204.05238
MEV-06-003,6,L2–L1 arbitrage,cross_domain_engine,X_PREPOS,NONATOMIC_INVENTORY_REQUIRED,CROSS_CHAIN,Per-chain firm quotes; inventory balances; finality/latency; gas; settlement status; accounting FX.,"Candidate{strategy_id, snapshot_id, amount, exact_quote, costs, risk, evidence_ids, gate_state}",Config loaded; required adapters healthy; snapshot schema valid; kill-switch false.,Deterministic evidence persisted; no state mutation outside executor; all costs/accounting fields present.,Detector/quote/simulation timeouts defined by group policy; timeout => NO-GO.,strategy_id + chain/domain + snapshot_id + route/order fingerprint,DATA_STALE; SCHEMA_INVALID; QUOTE_FAIL; SIM_REVERT; INVARIANT_FAIL; DEP_UNHEALTHY; ECON_FAIL; AUTH_FAIL,latency_ms; candidate_count; quote_errors; sim_reverts; gate_reason; expected_ev; realized_pnl; recon_delta,op_06 Markov Chain; op_07 HMM; op_23 Queueing; op_16 Kelly,op_08 Kalman; op_11 Bayes; op_22 Monte Carlo; op_27 Path Ordering,Solo con primitive de atomicidad cross-domain/shared sequencing explícita,bridge,strategy.06.003.enabled,READY_FOR_CARTRIDGE_MIGRATION,https://arxiv.org/abs/2204.05238
MEV-06-004,6,L2–L2 cross-rollup arbitrage,cross_domain_engine,X_PREPOS,NONATOMIC_INVENTORY_REQUIRED,CROSS_CHAIN,Per-chain firm quotes; inventory balances; finality/latency; gas; settlement status; accounting FX.,"Candidate{strategy_id, snapshot_id, amount, exact_quote, costs, risk, evidence_ids, gate_state}",Config loaded; required adapters healthy; snapshot schema valid; kill-switch false.,Deterministic evidence persisted; no state mutation outside executor; all costs/accounting fields present.,Detector/quote/simulation timeouts defined by group policy; timeout => NO-GO.,strategy_id + chain/domain + snapshot_id + route/order fingerprint,DATA_STALE; SCHEMA_INVALID; QUOTE_FAIL; SIM_REVERT; INVARIANT_FAIL; DEP_UNHEALTHY; ECON_FAIL; AUTH_FAIL,latency_ms; candidate_count; quote_errors; sim_reverts; gate_reason; expected_ev; realized_pnl; recon_delta,op_06 Markov Chain; op_07 HMM; op_23 Queueing; op_16 Kelly,op_08 Kalman; op_11 Bayes; op_22 Monte Carlo; op_27 Path Ordering,Solo con primitive de atomicidad cross-domain/shared sequencing explícita,bridge,strategy.06.004.enabled,READY_FOR_CARTRIDGE_MIGRATION,https://arxiv.org/abs/2204.05238
MEV-06-005,6,Rollup–sidechain arbitrage,cross_domain_engine,X_PREPOS,NONATOMIC_INVENTORY_REQUIRED,CROSS_CHAIN,Per-chain firm quotes; inventory balances; finality/latency; gas; settlement status; accounting FX.,"Candidate{strategy_id, snapshot_id, amount, exact_quote, costs, risk, evidence_ids, gate_state}",Config loaded; required adapters healthy; snapshot schema valid; kill-switch false.,Deterministic evidence persisted; no state mutation outside executor; all costs/accounting fields present.,Detector/quote/simulation timeouts defined by group policy; timeout => NO-GO.,strategy_id + chain/domain + snapshot_id + route/order fingerprint,DATA_STALE; SCHEMA_INVALID; QUOTE_FAIL; SIM_REVERT; INVARIANT_FAIL; DEP_UNHEALTHY; ECON_FAIL; AUTH_FAIL,latency_ms; candidate_count; quote_errors; sim_reverts; gate_reason; expected_ev; realized_pnl; recon_delta,op_06 Markov Chain; op_07 HMM; op_23 Queueing; op_16 Kelly,op_08 Kalman; op_11 Bayes; op_22 Monte Carlo; op_27 Path Ordering,Solo con primitive de atomicidad cross-domain/shared sequencing explícita,bridge,strategy.06.005.enabled,READY_FOR_CARTRIDGE_MIGRATION,https://arxiv.org/abs/2204.05238
MEV-06-006,6,Sidechain–sidechain arbitrage,cross_domain_engine,X_PREPOS,NONATOMIC_INVENTORY_REQUIRED,CROSS_CHAIN,Per-chain firm quotes; inventory balances; finality/latency; gas; settlement status; accounting FX.,"Candidate{strategy_id, snapshot_id, amount, exact_quote, costs, risk, evidence_ids, gate_state}",Config loaded; required adapters healthy; snapshot schema valid; kill-switch false.,Deterministic evidence persisted; no state mutation outside executor; all costs/accounting fields present.,Detector/quote/simulation timeouts defined by group policy; timeout => NO-GO.,strategy_id + chain/domain + snapshot_id + route/order fingerprint,DATA_STALE; SCHEMA_INVALID; QUOTE_FAIL; SIM_REVERT; INVARIANT_FAIL; DEP_UNHEALTHY; ECON_FAIL; AUTH_FAIL,latency_ms; candidate_count; quote_errors; sim_reverts; gate_reason; expected_ev; realized_pnl; recon_delta,op_06 Markov Chain; op_07 HMM; op_23 Queueing; op_16 Kelly,op_08 Kalman; op_11 Bayes; op_22 Monte Carlo; op_27 Path Ordering,Solo con primitive de atomicidad cross-domain/shared sequencing explícita,bridge,strategy.06.006.enabled,READY_FOR_CARTRIDGE_MIGRATION,https://arxiv.org/abs/2204.05238
MEV-06-007,6,Appchain arbitrage,cross_domain_engine,X_PREPOS,NONATOMIC_INVENTORY_REQUIRED,CROSS_CHAIN,Per-chain firm quotes; inventory balances; finality/latency; gas; settlement status; accounting FX.,"Candidate{strategy_id, snapshot_id, amount, exact_quote, costs, risk, evidence_ids, gate_state}",Config loaded; required adapters healthy; snapshot schema valid; kill-switch false.,Deterministic evidence persisted; no state mutation outside executor; all costs/accounting fields present.,Detector/quote/simulation timeouts defined by group policy; timeout => NO-GO.,strategy_id + chain/domain + snapshot_id + route/order fingerprint,DATA_STALE; SCHEMA_INVALID; QUOTE_FAIL; SIM_REVERT; INVARIANT_FAIL; DEP_UNHEALTHY; ECON_FAIL; AUTH_FAIL,latency_ms; candidate_count; quote_errors; sim_reverts; gate_reason; expected_ev; realized_pnl; recon_delta,op_06 Markov Chain; op_07 HMM; op_23 Queueing; op_16 Kelly,op_08 Kalman; op_11 Bayes; op_22 Monte Carlo; op_27 Path Ordering,Solo con primitive de atomicidad cross-domain/shared sequencing explícita,bridge,strategy.06.007.enabled,READY_FOR_CARTRIDGE_MIGRATION,https://arxiv.org/abs/2204.05238
MEV-06-008,6,Cross-VM arbitrage,cross_domain_engine,X_BRIDGE,NONATOMIC_BRIDGE_REQUIRED,CROSS_CHAIN,Bridge quote/fee; message/finality state; source/destination liquidity; delay distribution; inventory/capital.,"Candidate{strategy_id, snapshot_id, amount, exact_quote, costs, risk, evidence_ids, gate_state}",Config loaded; required adapters healthy; snapshot schema valid; kill-switch false.,Deterministic evidence persisted; no state mutation outside executor; all costs/accounting fields present.,Detector/quote/simulation timeouts defined by group policy; timeout => NO-GO.,strategy_id + chain/domain + snapshot_id + route/order fingerprint,DATA_STALE; SCHEMA_INVALID; QUOTE_FAIL; SIM_REVERT; INVARIANT_FAIL; DEP_UNHEALTHY; ECON_FAIL; AUTH_FAIL,latency_ms; candidate_count; quote_errors; sim_reverts; gate_reason; expected_ev; realized_pnl; recon_delta,op_06 Markov Chain; op_07 HMM; op_23 Queueing; op_22 Monte Carlo,op_11 Bayes; op_16 Kelly; op_13 Regression,Solo con primitive de atomicidad cross-domain/shared sequencing explícita,bridge,strategy.06.008.enabled,READY_FOR_CARTRIDGE_MIGRATION,https://arxiv.org/abs/2204.05238
MEV-06-009,6,Cross-consensus arbitrage,cross_domain_engine,X_BRIDGE,NONATOMIC_BRIDGE_REQUIRED,CROSS_CHAIN,Bridge quote/fee; message/finality state; source/destination liquidity; delay distribution; inventory/capital.,"Candidate{strategy_id, snapshot_id, amount, exact_quote, costs, risk, evidence_ids, gate_state}",Config loaded; required adapters healthy; snapshot schema valid; kill-switch false.,Deterministic evidence persisted; no state mutation outside executor; all costs/accounting fields present.,Detector/quote/simulation timeouts defined by group policy; timeout => NO-GO.,strategy_id + chain/domain + snapshot_id + route/order fingerprint,DATA_STALE; SCHEMA_INVALID; QUOTE_FAIL; SIM_REVERT; INVARIANT_FAIL; DEP_UNHEALTHY; ECON_FAIL; AUTH_FAIL,latency_ms; candidate_count; quote_errors; sim_reverts; gate_reason; expected_ev; realized_pnl; recon_delta,op_06 Markov Chain; op_07 HMM; op_23 Queueing; op_22 Monte Carlo,op_11 Bayes; op_16 Kelly; op_13 Regression,Solo con primitive de atomicidad cross-domain/shared sequencing explícita,bridge,strategy.06.009.enabled,READY_FOR_CARTRIDGE_MIGRATION,https://arxiv.org/abs/2204.05238
MEV-06-010,6,Cross-domain DEX–DEX arbitrage,cross_domain_engine,X_PREPOS,NONATOMIC_INVENTORY_REQUIRED,CROSS_CHAIN,Per-chain firm quotes; inventory balances; finality/latency; gas; settlement status; accounting FX.,"Candidate{strategy_id, snapshot_id, amount, exact_quote, costs, risk, evidence_ids, gate_state}",Config loaded; required adapters healthy; snapshot schema valid; kill-switch false.,Deterministic evidence persisted; no state mutation outside executor; all costs/accounting fields present.,Detector/quote/simulation timeouts defined by group policy; timeout => NO-GO.,strategy_id + chain/domain + snapshot_id + route/order fingerprint,DATA_STALE; SCHEMA_INVALID; QUOTE_FAIL; SIM_REVERT; INVARIANT_FAIL; DEP_UNHEALTHY; ECON_FAIL; AUTH_FAIL,latency_ms; candidate_count; quote_errors; sim_reverts; gate_reason; expected_ev; realized_pnl; recon_delta,op_06 Markov Chain; op_07 HMM; op_23 Queueing; op_16 Kelly,op_08 Kalman; op_11 Bayes; op_22 Monte Carlo; op_27 Path Ordering,Solo con primitive de atomicidad cross-domain/shared sequencing explícita,bridge,strategy.06.010.enabled,READY_FOR_CARTRIDGE_MIGRATION,https://arxiv.org/abs/2204.05238
MEV-06-011,6,Cross-domain triangular arbitrage,cross_domain_engine,X_PREPOS,NONATOMIC_INVENTORY_REQUIRED,CROSS_CHAIN,Per-chain firm quotes; inventory balances; finality/latency; gas; settlement status; accounting FX.,"Candidate{strategy_id, snapshot_id, amount, exact_quote, costs, risk, evidence_ids, gate_state}",Config loaded; required adapters healthy; snapshot schema valid; kill-switch false.,Deterministic evidence persisted; no state mutation outside executor; all costs/accounting fields present.,Detector/quote/simulation timeouts defined by group policy; timeout => NO-GO.,strategy_id + chain/domain + snapshot_id + route/order fingerprint,DATA_STALE; SCHEMA_INVALID; QUOTE_FAIL; SIM_REVERT; INVARIANT_FAIL; DEP_UNHEALTHY; ECON_FAIL; AUTH_FAIL,latency_ms; candidate_count; quote_errors; sim_reverts; gate_reason; expected_ev; realized_pnl; recon_delta,op_06 Markov Chain; op_07 HMM; op_23 Queueing; op_16 Kelly,op_08 Kalman; op_11 Bayes; op_22 Monte Carlo; op_27 Path Ordering,Solo con primitive de atomicidad cross-domain/shared sequencing explícita,bridge,strategy.06.011.enabled,READY_FOR_CARTRIDGE_MIGRATION,https://arxiv.org/abs/2204.05238
MEV-06-012,6,Cross-chain cyclic arbitrage,cross_domain_engine,X_BRIDGE,NONATOMIC_BRIDGE_REQUIRED,CROSS_CHAIN,Bridge quote/fee; message/finality state; source/destination liquidity; delay distribution; inventory/capital.,"Candidate{strategy_id, snapshot_id, amount, exact_quote, costs, risk, evidence_ids, gate_state}",Config loaded; required adapters healthy; snapshot schema valid; kill-switch false.,Deterministic evidence persisted; no state mutation outside executor; all costs/accounting fields present.,Detector/quote/simulation timeouts defined by group policy; timeout => NO-GO.,strategy_id + chain/domain + snapshot_id + route/order fingerprint,DATA_STALE; SCHEMA_INVALID; QUOTE_FAIL; SIM_REVERT; INVARIANT_FAIL; DEP_UNHEALTHY; ECON_FAIL; AUTH_FAIL,latency_ms; candidate_count; quote_errors; sim_reverts; gate_reason; expected_ev; realized_pnl; recon_delta,op_06 Markov Chain; op_07 HMM; op_23 Queueing; op_22 Monte Carlo,op_11 Bayes; op_16 Kelly; op_13 Regression,Solo con primitive de atomicidad cross-domain/shared sequencing explícita,bridge,strategy.06.012.enabled,READY_FOR_CARTRIDGE_MIGRATION,https://arxiv.org/abs/2204.05238
MEV-06-013,6,Multi-chain N-leg arbitrage,cross_domain_engine,X_BRIDGE,NONATOMIC_BRIDGE_REQUIRED,CROSS_CHAIN,Bridge quote/fee; message/finality state; source/destination liquidity; delay distribution; inventory/capital.,"Candidate{strategy_id, snapshot_id, amount, exact_quote, costs, risk, evidence_ids, gate_state}",Config loaded; required adapters healthy; snapshot schema valid; kill-switch false.,Deterministic evidence persisted; no state mutation outside executor; all costs/accounting fields present.,Detector/quote/simulation timeouts defined by group policy; timeout => NO-GO.,strategy_id + chain/domain + snapshot_id + route/order fingerprint,DATA_STALE; SCHEMA_INVALID; QUOTE_FAIL; SIM_REVERT; INVARIANT_FAIL; DEP_UNHEALTHY; ECON_FAIL; AUTH_FAIL,latency_ms; candidate_count; quote_errors; sim_reverts; gate_reason; expected_ev; realized_pnl; recon_delta,op_06 Markov Chain; op_07 HMM; op_23 Queueing; op_22 Monte Carlo,op_11 Bayes; op_16 Kelly; op_13 Regression,Solo con primitive de atomicidad cross-domain/shared sequencing explícita,bridge,strategy.06.013.enabled,READY_FOR_CARTRIDGE_MIGRATION,https://arxiv.org/abs/2204.05238
MEV-06-014,6,Canonical bridge arbitrage,cross_domain_engine,X_BRIDGE,NONATOMIC_BRIDGE_REQUIRED,CROSS_CHAIN,Bridge quote/fee; message/finality state; source/destination liquidity; delay distribution; inventory/capital.,"Candidate{strategy_id, snapshot_id, amount, exact_quote, costs, risk, evidence_ids, gate_state}",Config loaded; required adapters healthy; snapshot schema valid; kill-switch false.,Deterministic evidence persisted; no state mutation outside executor; all costs/accounting fields present.,Detector/quote/simulation timeouts defined by group policy; timeout => NO-GO.,strategy_id + chain/domain + snapshot_id + route/order fingerprint,DATA_STALE; SCHEMA_INVALID; QUOTE_FAIL; SIM_REVERT; INVARIANT_FAIL; DEP_UNHEALTHY; ECON_FAIL; AUTH_FAIL,latency_ms; candidate_count; quote_errors; sim_reverts; gate_reason; expected_ev; realized_pnl; recon_delta,op_06 Markov Chain; op_07 HMM; op_23 Queueing; op_22 Monte Carlo,op_11 Bayes; op_16 Kelly; op_13 Regression,Solo con primitive de atomicidad cross-domain/shared sequencing explícita,bridge,strategy.06.014.enabled,READY_FOR_CARTRIDGE_MIGRATION,https://arxiv.org/abs/2204.05238
MEV-06-015,6,Fast-bridge arbitrage,cross_domain_engine,X_BRIDGE,NONATOMIC_BRIDGE_REQUIRED,CROSS_CHAIN,Bridge quote/fee; message/finality state; source/destination liquidity; delay distribution; inventory/capital.,"Candidate{strategy_id, snapshot_id, amount, exact_quote, costs, risk, evidence_ids, gate_state}",Config loaded; required adapters healthy; snapshot schema valid; kill-switch false.,Deterministic evidence persisted; no state mutation outside executor; all costs/accounting fields present.,Detector/quote/simulation timeouts defined by group policy; timeout => NO-GO.,strategy_id + chain/domain + snapshot_id + route/order fingerprint,DATA_STALE; SCHEMA_INVALID; QUOTE_FAIL; SIM_REVERT; INVARIANT_FAIL; DEP_UNHEALTHY; ECON_FAIL; AUTH_FAIL,latency_ms; candidate_count; quote_errors; sim_reverts; gate_reason; expected_ev; realized_pnl; recon_delta,op_06 Markov Chain; op_07 HMM; op_23 Queueing; op_22 Monte Carlo,op_11 Bayes; op_16 Kelly; op_13 Regression,Solo con primitive de atomicidad cross-domain/shared sequencing explícita,bridge,strategy.06.015.enabled,READY_FOR_CARTRIDGE_MIGRATION,https://arxiv.org/abs/2204.05238
MEV-06-016,6,Bridge-rate arbitrage,cross_domain_engine,X_BRIDGE,NONATOMIC_BRIDGE_REQUIRED,CROSS_CHAIN,Bridge quote/fee; message/finality state; source/destination liquidity; delay distribution; inventory/capital.,"Candidate{strategy_id, snapshot_id, amount, exact_quote, costs, risk, evidence_ids, gate_state}",Config loaded; required adapters healthy; snapshot schema valid; kill-switch false.,Deterministic evidence persisted; no state mutation outside executor; all costs/accounting fields present.,Detector/quote/simulation timeouts defined by group policy; timeout => NO-GO.,strategy_id + chain/domain + snapshot_id + route/order fingerprint,DATA_STALE; SCHEMA_INVALID; QUOTE_FAIL; SIM_REVERT; INVARIANT_FAIL; DEP_UNHEALTHY; ECON_FAIL; AUTH_FAIL,latency_ms; candidate_count; quote_errors; sim_reverts; gate_reason; expected_ev; realized_pnl; recon_delta,op_06 Markov Chain; op_07 HMM; op_23 Queueing; op_22 Monte Carlo,op_11 Bayes; op_16 Kelly; op_13 Regression,Solo con primitive de atomicidad cross-domain/shared sequencing explícita,bridge,strategy.06.016.enabled,READY_FOR_CARTRIDGE_MIGRATION,https://arxiv.org/abs/2204.05238
MEV-06-017,6,Bridge-liquidity arbitrage,cross_domain_engine,X_BRIDGE,NONATOMIC_BRIDGE_REQUIRED,CROSS_CHAIN,Bridge quote/fee; message/finality state; source/destination liquidity; delay distribution; inventory/capital.,"Candidate{strategy_id, snapshot_id, amount, exact_quote, costs, risk, evidence_ids, gate_state}",Config loaded; required adapters healthy; snapshot schema valid; kill-switch false.,Deterministic evidence persisted; no state mutation outside executor; all costs/accounting fields present.,Detector/quote/simulation timeouts defined by group policy; timeout => NO-GO.,strategy_id + chain/domain + snapshot_id + route/order fingerprint,DATA_STALE; SCHEMA_INVALID; QUOTE_FAIL; SIM_REVERT; INVARIANT_FAIL; DEP_UNHEALTHY; ECON_FAIL; AUTH_FAIL,latency_ms; candidate_count; quote_errors; sim_reverts; gate_reason; expected_ev; realized_pnl; recon_delta,op_06 Markov Chain; op_07 HMM; op_23 Queueing; op_22 Monte Carlo,op_11 Bayes; op_16 Kelly; op_13 Regression,Solo con primitive de atomicidad cross-domain/shared sequencing explícita,bridge,strategy.06.017.enabled,READY_FOR_CARTRIDGE_MIGRATION,https://arxiv.org/abs/2204.05238
MEV-06-018,6,Bridge-rebalancing arbitrage,cross_domain_engine,X_BRIDGE,NONATOMIC_BRIDGE_REQUIRED,CROSS_CHAIN,Bridge quote/fee; message/finality state; source/destination liquidity; delay distribution; inventory/capital.,"Candidate{strategy_id, snapshot_id, amount, exact_quote, costs, risk, evidence_ids, gate_state}",Config loaded; required adapters healthy; snapshot schema valid; kill-switch false.,Deterministic evidence persisted; no state mutation outside executor; all costs/accounting fields present.,Detector/quote/simulation timeouts defined by group policy; timeout => NO-GO.,strategy_id + chain/domain + snapshot_id + route/order fingerprint,DATA_STALE; SCHEMA_INVALID; QUOTE_FAIL; SIM_REVERT; INVARIANT_FAIL; DEP_UNHEALTHY; ECON_FAIL; AUTH_FAIL,latency_ms; candidate_count; quote_errors; sim_reverts; gate_reason; expected_ev; realized_pnl; recon_delta,op_06 Markov Chain; op_07 HMM; op_23 Queueing; op_22 Monte Carlo,op_11 Bayes; op_16 Kelly; op_13 Regression,Solo con primitive de atomicidad cross-domain/shared sequencing explícita,bridge,strategy.06.018.enabled,READY_FOR_CARTRIDGE_MIGRATION,https://arxiv.org/abs/2204.05238
MEV-06-019,6,Canonical-vs-fast-bridge arbitrage,cross_domain_engine,X_BRIDGE,NONATOMIC_BRIDGE_REQUIRED,CROSS_CHAIN,Bridge quote/fee; message/finality state; source/destination liquidity; delay distribution; inventory/capital.,"Candidate{strategy_id, snapshot_id, amount, exact_quote, costs, risk, evidence_ids, gate_state}",Config loaded; required adapters healthy; snapshot schema valid; kill-switch false.,Deterministic evidence persisted; no state mutation outside executor; all costs/accounting fields present.,Detector/quote/simulation timeouts defined by group policy; timeout => NO-GO.,strategy_id + chain/domain + snapshot_id + route/order fingerprint,DATA_STALE; SCHEMA_INVALID; QUOTE_FAIL; SIM_REVERT; INVARIANT_FAIL; DEP_UNHEALTHY; ECON_FAIL; AUTH_FAIL,latency_ms; candidate_count; quote_errors; sim_reverts; gate_reason; expected_ev; realized_pnl; recon_delta,op_06 Markov Chain; op_07 HMM; op_23 Queueing; op_22 Monte Carlo,op_11 Bayes; op_16 Kelly; op_13 Regression,Solo con primitive de atomicidad cross-domain/shared sequencing explícita,bridge,strategy.06.019.enabled,READY_FOR_CARTRIDGE_MIGRATION,https://arxiv.org/abs/2204.05238
MEV-06-020,6,Wrapped-representation arbitrage,cross_domain_engine,X_BRIDGE,NONATOMIC_BRIDGE_REQUIRED,CROSS_CHAIN,Bridge quote/fee; message/finality state; source/destination liquidity; delay distribution; inventory/capital.,"Candidate{strategy_id, snapshot_id, amount, exact_quote, costs, risk, evidence_ids, gate_state}",Config loaded; required adapters healthy; snapshot schema valid; kill-switch false.,Deterministic evidence persisted; no state mutation outside executor; all costs/accounting fields present.,Detector/quote/simulation timeouts defined by group policy; timeout => NO-GO.,strategy_id + chain/domain + snapshot_id + route/order fingerprint,DATA_STALE; SCHEMA_INVALID; QUOTE_FAIL; SIM_REVERT; INVARIANT_FAIL; DEP_UNHEALTHY; ECON_FAIL; AUTH_FAIL,latency_ms; candidate_count; quote_errors; sim_reverts; gate_reason; expected_ev; realized_pnl; recon_delta,op_06 Markov Chain; op_07 HMM; op_23 Queueing; op_22 Monte Carlo,op_11 Bayes; op_16 Kelly; op_13 Regression,Solo con primitive de atomicidad cross-domain/shared sequencing explícita,bridge,strategy.06.020.enabled,READY_FOR_CARTRIDGE_MIGRATION,https://arxiv.org/abs/2204.05238
MEV-06-021,6,Message-latency arbitrage,cross_domain_engine,X_BRIDGE,NONATOMIC_BRIDGE_REQUIRED,CROSS_CHAIN,Bridge quote/fee; message/finality state; source/destination liquidity; delay distribution; inventory/capital.,"Candidate{strategy_id, snapshot_id, amount, exact_quote, costs, risk, evidence_ids, gate_state}",Config loaded; required adapters healthy; snapshot schema valid; kill-switch false.,Deterministic evidence persisted; no state mutation outside executor; all costs/accounting fields present.,Detector/quote/simulation timeouts defined by group policy; timeout => NO-GO.,strategy_id + chain/domain + snapshot_id + route/order fingerprint,DATA_STALE; SCHEMA_INVALID; QUOTE_FAIL; SIM_REVERT; INVARIANT_FAIL; DEP_UNHEALTHY; ECON_FAIL; AUTH_FAIL,latency_ms; candidate_count; quote_errors; sim_reverts; gate_reason; expected_ev; realized_pnl; recon_delta,op_06 Markov Chain; op_07 HMM; op_23 Queueing; op_22 Monte Carlo,op_11 Bayes; op_16 Kelly; op_13 Regression,Solo con primitive de atomicidad cross-domain/shared sequencing explícita,bridge,strategy.06.021.enabled,READY_FOR_CARTRIDGE_MIGRATION,https://arxiv.org/abs/2204.05238
MEV-06-022,6,Finality-delay arbitrage,cross_domain_engine,X_BRIDGE,NONATOMIC_BRIDGE_REQUIRED,CROSS_CHAIN,Bridge quote/fee; message/finality state; source/destination liquidity; delay distribution; inventory/capital.,"Candidate{strategy_id, snapshot_id, amount, exact_quote, costs, risk, evidence_ids, gate_state}",Config loaded; required adapters healthy; snapshot schema valid; kill-switch false.,Deterministic evidence persisted; no state mutation outside executor; all costs/accounting fields present.,Detector/quote/simulation timeouts defined by group policy; timeout => NO-GO.,strategy_id + chain/domain + snapshot_id + route/order fingerprint,DATA_STALE; SCHEMA_INVALID; QUOTE_FAIL; SIM_REVERT; INVARIANT_FAIL; DEP_UNHEALTHY; ECON_FAIL; AUTH_FAIL,latency_ms; candidate_count; quote_errors; sim_reverts; gate_reason; expected_ev; realized_pnl; recon_delta,op_06 Markov Chain; op_07 HMM; op_23 Queueing; op_22 Monte Carlo,op_11 Bayes; op_16 Kelly; op_13 Regression,Solo con primitive de atomicidad cross-domain/shared sequencing explícita,bridge,strategy.06.022.enabled,READY_FOR_CARTRIDGE_MIGRATION,https://arxiv.org/abs/2204.05238
MEV-06-023,6,Pre-positioned inventory arbitrage,cross_domain_engine,X_PREPOS,NONATOMIC_INVENTORY_REQUIRED,CROSS_CHAIN,Per-chain firm quotes; inventory balances; finality/latency; gas; settlement status; accounting FX.,"Candidate{strategy_id, snapshot_id, amount, exact_quote, costs, risk, evidence_ids, gate_state}",Config loaded; required adapters healthy; snapshot schema valid; kill-switch false.,Deterministic evidence persisted; no state mutation outside executor; all costs/accounting fields present.,Detector/quote/simulation timeouts defined by group policy; timeout => NO-GO.,strategy_id + chain/domain + snapshot_id + route/order fingerprint,DATA_STALE; SCHEMA_INVALID; QUOTE_FAIL; SIM_REVERT; INVARIANT_FAIL; DEP_UNHEALTHY; ECON_FAIL; AUTH_FAIL,latency_ms; candidate_count; quote_errors; sim_reverts; gate_reason; expected_ev; realized_pnl; recon_delta,op_06 Markov Chain; op_07 HMM; op_23 Queueing; op_16 Kelly,op_08 Kalman; op_11 Bayes; op_22 Monte Carlo; op_27 Path Ordering,Solo con primitive de atomicidad cross-domain/shared sequencing explícita,bridge,strategy.06.023.enabled,READY_FOR_CARTRIDGE_MIGRATION,https://arxiv.org/abs/2204.05238
MEV-06-024,6,Bridge-in-the-loop arbitrage,cross_domain_engine,X_BRIDGE,NONATOMIC_BRIDGE_REQUIRED,CROSS_CHAIN,Bridge quote/fee; message/finality state; source/destination liquidity; delay distribution; inventory/capital.,"Candidate{strategy_id, snapshot_id, amount, exact_quote, costs, risk, evidence_ids, gate_state}",Config loaded; required adapters healthy; snapshot schema valid; kill-switch false.,Deterministic evidence persisted; no state mutation outside executor; all costs/accounting fields present.,Detector/quote/simulation timeouts defined by group policy; timeout => NO-GO.,strategy_id + chain/domain + snapshot_id + route/order fingerprint,DATA_STALE; SCHEMA_INVALID; QUOTE_FAIL; SIM_REVERT; INVARIANT_FAIL; DEP_UNHEALTHY; ECON_FAIL; AUTH_FAIL,latency_ms; candidate_count; quote_errors; sim_reverts; gate_reason; expected_ev; realized_pnl; recon_delta,op_06 Markov Chain; op_07 HMM; op_23 Queueing; op_22 Monte Carlo,op_11 Bayes; op_16 Kelly; op_13 Regression,Solo con primitive de atomicidad cross-domain/shared sequencing explícita,bridge,strategy.06.024.enabled,READY_FOR_CARTRIDGE_MIGRATION,https://arxiv.org/abs/2204.05238
MEV-06-025,6,Cross-chain intent arbitrage,cross_domain_engine,X_BRIDGE,NONATOMIC_BRIDGE_REQUIRED,CROSS_CHAIN,Bridge quote/fee; message/finality state; source/destination liquidity; delay distribution; inventory/capital.,"Candidate{strategy_id, snapshot_id, amount, exact_quote, costs, risk, evidence_ids, gate_state}",Config loaded; required adapters healthy; snapshot schema valid; kill-switch false.,Deterministic evidence persisted; no state mutation outside executor; all costs/accounting fields present.,Detector/quote/simulation timeouts defined by group policy; timeout => NO-GO.,strategy_id + chain/domain + snapshot_id + route/order fingerprint,DATA_STALE; SCHEMA_INVALID; QUOTE_FAIL; SIM_REVERT; INVARIANT_FAIL; DEP_UNHEALTHY; ECON_FAIL; AUTH_FAIL,latency_ms; candidate_count; quote_errors; sim_reverts; gate_reason; expected_ev; realized_pnl; recon_delta,op_06 Markov Chain; op_07 HMM; op_23 Queueing; op_22 Monte Carlo,op_11 Bayes; op_16 Kelly; op_13 Regression,Solo con primitive de atomicidad cross-domain/shared sequencing explícita,bridge,strategy.06.025.enabled,READY_FOR_CARTRIDGE_MIGRATION,https://arxiv.org/abs/2204.05238
MEV-06-026,6,Cross-chain solver arbitrage,cross_domain_engine,X_BRIDGE,NONATOMIC_BRIDGE_REQUIRED,CROSS_CHAIN,Bridge quote/fee; message/finality state; source/destination liquidity; delay distribution; inventory/capital.,"Candidate{strategy_id, snapshot_id, amount, exact_quote, costs, risk, evidence_ids, gate_state}",Config loaded; required adapters healthy; snapshot schema valid; kill-switch false.,Deterministic evidence persisted; no state mutation outside executor; all costs/accounting fields present.,Detector/quote/simulation timeouts defined by group policy; timeout => NO-GO.,strategy_id + chain/domain + snapshot_id + route/order fingerprint,DATA_STALE; SCHEMA_INVALID; QUOTE_FAIL; SIM_REVERT; INVARIANT_FAIL; DEP_UNHEALTHY; ECON_FAIL; AUTH_FAIL,latency_ms; candidate_count; quote_errors; sim_reverts; gate_reason; expected_ev; realized_pnl; recon_delta,op_06 Markov Chain; op_07 HMM; op_23 Queueing; op_22 Monte Carlo,op_11 Bayes; op_16 Kelly; op_13 Regression,Solo con primitive de atomicidad cross-domain/shared sequencing explícita,bridge,strategy.06.026.enabled,READY_FOR_CARTRIDGE_MIGRATION,https://arxiv.org/abs/2204.05238
MEV-06-027,6,Shared-sequencer arbitrage,cross_domain_engine,X_PREPOS,NONATOMIC_INVENTORY_REQUIRED,CROSS_CHAIN,Per-chain firm quotes; inventory balances; finality/latency; gas; settlement status; accounting FX.,"Candidate{strategy_id, snapshot_id, amount, exact_quote, costs, risk, evidence_ids, gate_state}",Config loaded; required adapters healthy; snapshot schema valid; kill-switch false.,Deterministic evidence persisted; no state mutation outside executor; all costs/accounting fields present.,Detector/quote/simulation timeouts defined by group policy; timeout => NO-GO.,strategy_id + chain/domain + snapshot_id + route/order fingerprint,DATA_STALE; SCHEMA_INVALID; QUOTE_FAIL; SIM_REVERT; INVARIANT_FAIL; DEP_UNHEALTHY; ECON_FAIL; AUTH_FAIL,latency_ms; candidate_count; quote_errors; sim_reverts; gate_reason; expected_ev; realized_pnl; recon_delta,op_06 Markov Chain; op_07 HMM; op_23 Queueing; op_16 Kelly,op_08 Kalman; op_11 Bayes; op_22 Monte Carlo; op_27 Path Ordering,Solo con primitive de atomicidad cross-domain/shared sequencing explícita,bridge,strategy.06.027.enabled,READY_FOR_CARTRIDGE_MIGRATION,https://arxiv.org/abs/2204.05238
MEV-06-028,6,Sequencer–builder cross-domain arbitrage,cross_domain_engine,X_PREPOS,NONATOMIC_INVENTORY_REQUIRED,CROSS_CHAIN,Per-chain firm quotes; inventory balances; finality/latency; gas; settlement status; accounting FX.,"Candidate{strategy_id, snapshot_id, amount, exact_quote, costs, risk, evidence_ids, gate_state}",Config loaded; required adapters healthy; snapshot schema valid; kill-switch false.,Deterministic evidence persisted; no state mutation outside executor; all costs/accounting fields present.,Detector/quote/simulation timeouts defined by group policy; timeout => NO-GO.,strategy_id + chain/domain + snapshot_id + route/order fingerprint,DATA_STALE; SCHEMA_INVALID; QUOTE_FAIL; SIM_REVERT; INVARIANT_FAIL; DEP_UNHEALTHY; ECON_FAIL; AUTH_FAIL,latency_ms; candidate_count; quote_errors; sim_reverts; gate_reason; expected_ev; realized_pnl; recon_delta,op_06 Markov Chain; op_07 HMM; op_23 Queueing; op_16 Kelly,op_08 Kalman; op_11 Bayes; op_22 Monte Carlo; op_27 Path Ordering,Solo con primitive de atomicidad cross-domain/shared sequencing explícita,bridge,strategy.06.028.enabled,READY_FOR_CARTRIDGE_MIGRATION,https://arxiv.org/abs/2204.05238
MEV-06-029,6,Cross-domain oracle arbitrage,cross_domain_engine,X_ORACLE,EXTERNAL_SETTLEMENT_REQUIRED,CROSS_CHAIN,Cross-domain oracle/state timestamps; finality; firm routes; bridge/inventory settlement model.,"Candidate{strategy_id, snapshot_id, amount, exact_quote, costs, risk, evidence_ids, gate_state}",Config loaded; required adapters healthy; snapshot schema valid; kill-switch false.,Deterministic evidence persisted; no state mutation outside executor; all costs/accounting fields present.,Detector/quote/simulation timeouts defined by group policy; timeout => NO-GO.,strategy_id + chain/domain + snapshot_id + route/order fingerprint,DATA_STALE; SCHEMA_INVALID; QUOTE_FAIL; SIM_REVERT; INVARIANT_FAIL; DEP_UNHEALTHY; ECON_FAIL; AUTH_FAIL,latency_ms; candidate_count; quote_errors; sim_reverts; gate_reason; expected_ev; realized_pnl; recon_delta,op_08 Kalman; op_06 Markov Chain; op_23 Queueing; op_11 Bayes,op_07 HMM; op_13 Regression; op_22 Monte Carlo,Solo con primitive de atomicidad cross-domain/shared sequencing explícita,oracle; bridge,strategy.06.029.enabled,READY_FOR_CARTRIDGE_MIGRATION,https://arxiv.org/abs/2204.05238
MEV-06-030,6,Cross-chain liquidation arbitrage,cross_domain_engine,X_ORACLE,EXTERNAL_SETTLEMENT_REQUIRED,CROSS_CHAIN,Cross-domain oracle/state timestamps; finality; firm routes; bridge/inventory settlement model.,"Candidate{strategy_id, snapshot_id, amount, exact_quote, costs, risk, evidence_ids, gate_state}",Config loaded; required adapters healthy; snapshot schema valid; kill-switch false.,Deterministic evidence persisted; no state mutation outside executor; all costs/accounting fields present.,Detector/quote/simulation timeouts defined by group policy; timeout => NO-GO.,strategy_id + chain/domain + snapshot_id + route/order fingerprint,DATA_STALE; SCHEMA_INVALID; QUOTE_FAIL; SIM_REVERT; INVARIANT_FAIL; DEP_UNHEALTHY; ECON_FAIL; AUTH_FAIL,latency_ms; candidate_count; quote_errors; sim_reverts; gate_reason; expected_ev; realized_pnl; recon_delta,op_08 Kalman; op_06 Markov Chain; op_23 Queueing; op_11 Bayes,op_07 HMM; op_13 Regression; op_22 Monte Carlo,Solo con primitive de atomicidad cross-domain/shared sequencing explícita,bridge,strategy.06.030.enabled,READY_FOR_CARTRIDGE_MIGRATION,https://arxiv.org/abs/2204.05238
MEV-07-001,7,Spot–perpetual arbitrage,derivatives_engine,D_BASIS,DERIVATIVE_DATA_REQUIRED,DERIVATIVES,Spot and derivative firm books; mark/index; rates/carry; funding; expiry; fees; margin.,"Candidate{strategy_id, snapshot_id, amount, exact_quote, costs, risk, evidence_ids, gate_state}",Config loaded; required adapters healthy; snapshot schema valid; kill-switch false.,Deterministic evidence persisted; no state mutation outside executor; all costs/accounting fields present.,Detector/quote/simulation timeouts defined by group policy; timeout => NO-GO.,strategy_id + chain/domain + snapshot_id + route/order fingerprint,DATA_STALE; SCHEMA_INVALID; QUOTE_FAIL; SIM_REVERT; INVARIANT_FAIL; DEP_UNHEALTHY; ECON_FAIL; AUTH_FAIL,latency_ms; candidate_count; quote_errors; sim_reverts; gate_reason; expected_ev; realized_pnl; recon_delta,op_13 Regression; op_08 Kalman; op_21 Newton-Raphson,op_10 Welford; op_16 Kelly; op_22 Monte Carlo; op_23 Queueing,Settlement multi-protocolo en una transacción si todas las patas comparten dominio,none,strategy.07.001.enabled,READY_FOR_CARTRIDGE_MIGRATION,https://www.cfainstitute.org/insights/professional-learning/refresher-readings/2026/option-replication-using-put-call-parity
MEV-07-002,7,Perpetual–perpetual arbitrage,derivatives_engine,D_BASIS,DERIVATIVE_DATA_REQUIRED,DERIVATIVES,Spot and derivative firm books; mark/index; rates/carry; funding; expiry; fees; margin.,"Candidate{strategy_id, snapshot_id, amount, exact_quote, costs, risk, evidence_ids, gate_state}",Config loaded; required adapters healthy; snapshot schema valid; kill-switch false.,Deterministic evidence persisted; no state mutation outside executor; all costs/accounting fields present.,Detector/quote/simulation timeouts defined by group policy; timeout => NO-GO.,strategy_id + chain/domain + snapshot_id + route/order fingerprint,DATA_STALE; SCHEMA_INVALID; QUOTE_FAIL; SIM_REVERT; INVARIANT_FAIL; DEP_UNHEALTHY; ECON_FAIL; AUTH_FAIL,latency_ms; candidate_count; quote_errors; sim_reverts; gate_reason; expected_ev; realized_pnl; recon_delta,op_13 Regression; op_08 Kalman; op_21 Newton-Raphson,op_10 Welford; op_16 Kelly; op_22 Monte Carlo; op_23 Queueing,Settlement multi-protocolo en una transacción si todas las patas comparten dominio,none,strategy.07.002.enabled,READY_FOR_CARTRIDGE_MIGRATION,https://www.cfainstitute.org/insights/professional-learning/refresher-readings/2026/option-replication-using-put-call-parity
MEV-07-003,7,Spot–future arbitrage,derivatives_engine,D_BASIS,DERIVATIVE_DATA_REQUIRED,DERIVATIVES,Spot and derivative firm books; mark/index; rates/carry; funding; expiry; fees; margin.,"Candidate{strategy_id, snapshot_id, amount, exact_quote, costs, risk, evidence_ids, gate_state}",Config loaded; required adapters healthy; snapshot schema valid; kill-switch false.,Deterministic evidence persisted; no state mutation outside executor; all costs/accounting fields present.,Detector/quote/simulation timeouts defined by group policy; timeout => NO-GO.,strategy_id + chain/domain + snapshot_id + route/order fingerprint,DATA_STALE; SCHEMA_INVALID; QUOTE_FAIL; SIM_REVERT; INVARIANT_FAIL; DEP_UNHEALTHY; ECON_FAIL; AUTH_FAIL,latency_ms; candidate_count; quote_errors; sim_reverts; gate_reason; expected_ev; realized_pnl; recon_delta,op_13 Regression; op_08 Kalman; op_21 Newton-Raphson,op_10 Welford; op_16 Kelly; op_22 Monte Carlo; op_23 Queueing,Settlement multi-protocolo en una transacción si todas las patas comparten dominio,none,strategy.07.003.enabled,READY_FOR_CARTRIDGE_MIGRATION,https://www.cfainstitute.org/insights/professional-learning/refresher-readings/2026/option-replication-using-put-call-parity
MEV-07-004,7,Future–future arbitrage,derivatives_engine,D_BASIS,DERIVATIVE_DATA_REQUIRED,DERIVATIVES,Spot and derivative firm books; mark/index; rates/carry; funding; expiry; fees; margin.,"Candidate{strategy_id, snapshot_id, amount, exact_quote, costs, risk, evidence_ids, gate_state}",Config loaded; required adapters healthy; snapshot schema valid; kill-switch false.,Deterministic evidence persisted; no state mutation outside executor; all costs/accounting fields present.,Detector/quote/simulation timeouts defined by group policy; timeout => NO-GO.,strategy_id + chain/domain + snapshot_id + route/order fingerprint,DATA_STALE; SCHEMA_INVALID; QUOTE_FAIL; SIM_REVERT; INVARIANT_FAIL; DEP_UNHEALTHY; ECON_FAIL; AUTH_FAIL,latency_ms; candidate_count; quote_errors; sim_reverts; gate_reason; expected_ev; realized_pnl; recon_delta,op_13 Regression; op_08 Kalman; op_21 Newton-Raphson,op_10 Welford; op_16 Kelly; op_22 Monte Carlo; op_23 Queueing,Settlement multi-protocolo en una transacción si todas las patas comparten dominio,none,strategy.07.004.enabled,READY_FOR_CARTRIDGE_MIGRATION,https://www.cfainstitute.org/insights/professional-learning/refresher-readings/2026/option-replication-using-put-call-parity
MEV-07-005,7,Cash-and-carry arbitrage,derivatives_engine,D_BASIS,DERIVATIVE_DATA_REQUIRED,DERIVATIVES,Spot and derivative firm books; mark/index; rates/carry; funding; expiry; fees; margin.,"Candidate{strategy_id, snapshot_id, amount, exact_quote, costs, risk, evidence_ids, gate_state}",Config loaded; required adapters healthy; snapshot schema valid; kill-switch false.,Deterministic evidence persisted; no state mutation outside executor; all costs/accounting fields present.,Detector/quote/simulation timeouts defined by group policy; timeout => NO-GO.,strategy_id + chain/domain + snapshot_id + route/order fingerprint,DATA_STALE; SCHEMA_INVALID; QUOTE_FAIL; SIM_REVERT; INVARIANT_FAIL; DEP_UNHEALTHY; ECON_FAIL; AUTH_FAIL,latency_ms; candidate_count; quote_errors; sim_reverts; gate_reason; expected_ev; realized_pnl; recon_delta,op_13 Regression; op_08 Kalman; op_21 Newton-Raphson,op_10 Welford; op_16 Kelly; op_22 Monte Carlo; op_23 Queueing,Settlement multi-protocolo en una transacción si todas las patas comparten dominio,none,strategy.07.005.enabled,READY_FOR_CARTRIDGE_MIGRATION,https://www.cfainstitute.org/insights/professional-learning/refresher-readings/2026/option-replication-using-put-call-parity
MEV-07-006,7,Reverse cash-and-carry arbitrage,derivatives_engine,D_BASIS,DERIVATIVE_DATA_REQUIRED,DERIVATIVES,Spot and derivative firm books; mark/index; rates/carry; funding; expiry; fees; margin.,"Candidate{strategy_id, snapshot_id, amount, exact_quote, costs, risk, evidence_ids, gate_state}",Config loaded; required adapters healthy; snapshot schema valid; kill-switch false.,Deterministic evidence persisted; no state mutation outside executor; all costs/accounting fields present.,Detector/quote/simulation timeouts defined by group policy; timeout => NO-GO.,strategy_id + chain/domain + snapshot_id + route/order fingerprint,DATA_STALE; SCHEMA_INVALID; QUOTE_FAIL; SIM_REVERT; INVARIANT_FAIL; DEP_UNHEALTHY; ECON_FAIL; AUTH_FAIL,latency_ms; candidate_count; quote_errors; sim_reverts; gate_reason; expected_ev; realized_pnl; recon_delta,op_13 Regression; op_08 Kalman; op_21 Newton-Raphson,op_10 Welford; op_16 Kelly; op_22 Monte Carlo; op_23 Queueing,Settlement multi-protocolo en una transacción si todas las patas comparten dominio,none,strategy.07.006.enabled,READY_FOR_CARTRIDGE_MIGRATION,https://www.cfainstitute.org/insights/professional-learning/refresher-readings/2026/option-replication-using-put-call-parity
MEV-07-007,7,Basis arbitrage,derivatives_engine,D_BASIS,DERIVATIVE_DATA_REQUIRED,DERIVATIVES,Spot and derivative firm books; mark/index; rates/carry; funding; expiry; fees; margin.,"Candidate{strategy_id, snapshot_id, amount, exact_quote, costs, risk, evidence_ids, gate_state}",Config loaded; required adapters healthy; snapshot schema valid; kill-switch false.,Deterministic evidence persisted; no state mutation outside executor; all costs/accounting fields present.,Detector/quote/simulation timeouts defined by group policy; timeout => NO-GO.,strategy_id + chain/domain + snapshot_id + route/order fingerprint,DATA_STALE; SCHEMA_INVALID; QUOTE_FAIL; SIM_REVERT; INVARIANT_FAIL; DEP_UNHEALTHY; ECON_FAIL; AUTH_FAIL,latency_ms; candidate_count; quote_errors; sim_reverts; gate_reason; expected_ev; realized_pnl; recon_delta,op_13 Regression; op_08 Kalman; op_21 Newton-Raphson,op_10 Welford; op_16 Kelly; op_22 Monte Carlo; op_23 Queueing,Settlement multi-protocolo en una transacción si todas las patas comparten dominio,none,strategy.07.007.enabled,READY_FOR_CARTRIDGE_MIGRATION,https://www.cfainstitute.org/insights/professional-learning/refresher-readings/2026/option-replication-using-put-call-parity
MEV-07-008,7,Funding-rate arbitrage,derivatives_engine,D_FUNDING,DERIVATIVE_DATA_REQUIRED,DERIVATIVES,Funding schedule/rate; perp and spot books; borrow rate; margin; horizon.,"Candidate{strategy_id, snapshot_id, amount, exact_quote, costs, risk, evidence_ids, gate_state}",Config loaded; required adapters healthy; snapshot schema valid; kill-switch false.,Deterministic evidence persisted; no state mutation outside executor; all costs/accounting fields present.,Detector/quote/simulation timeouts defined by group policy; timeout => NO-GO.,strategy_id + chain/domain + snapshot_id + route/order fingerprint,DATA_STALE; SCHEMA_INVALID; QUOTE_FAIL; SIM_REVERT; INVARIANT_FAIL; DEP_UNHEALTHY; ECON_FAIL; AUTH_FAIL,latency_ms; candidate_count; quote_errors; sim_reverts; gate_reason; expected_ev; realized_pnl; recon_delta,op_13 Regression; op_08 Kalman; op_10 Welford,op_11 Bayes; op_16 Kelly; op_22 Monte Carlo; op_23 Queueing,Settlement multi-protocolo en una transacción si todas las patas comparten dominio,none,strategy.07.008.enabled,READY_FOR_CARTRIDGE_MIGRATION,https://www.cfainstitute.org/insights/professional-learning/refresher-readings/2026/option-replication-using-put-call-parity
MEV-07-009,7,Cross-exchange funding arbitrage,derivatives_engine,D_FUNDING,DERIVATIVE_DATA_REQUIRED,DERIVATIVES,Funding schedule/rate; perp and spot books; borrow rate; margin; horizon.,"Candidate{strategy_id, snapshot_id, amount, exact_quote, costs, risk, evidence_ids, gate_state}",Config loaded; required adapters healthy; snapshot schema valid; kill-switch false.,Deterministic evidence persisted; no state mutation outside executor; all costs/accounting fields present.,Detector/quote/simulation timeouts defined by group policy; timeout => NO-GO.,strategy_id + chain/domain + snapshot_id + route/order fingerprint,DATA_STALE; SCHEMA_INVALID; QUOTE_FAIL; SIM_REVERT; INVARIANT_FAIL; DEP_UNHEALTHY; ECON_FAIL; AUTH_FAIL,latency_ms; candidate_count; quote_errors; sim_reverts; gate_reason; expected_ev; realized_pnl; recon_delta,op_13 Regression; op_08 Kalman; op_10 Welford,op_11 Bayes; op_16 Kelly; op_22 Monte Carlo; op_23 Queueing,Settlement multi-protocolo en una transacción si todas las patas comparten dominio,none,strategy.07.009.enabled,READY_FOR_CARTRIDGE_MIGRATION,https://www.cfainstitute.org/insights/professional-learning/refresher-readings/2026/option-replication-using-put-call-parity
MEV-07-010,7,Calendar-spread arbitrage,derivatives_engine,D_BASIS,DERIVATIVE_DATA_REQUIRED,DERIVATIVES,Spot and derivative firm books; mark/index; rates/carry; funding; expiry; fees; margin.,"Candidate{strategy_id, snapshot_id, amount, exact_quote, costs, risk, evidence_ids, gate_state}",Config loaded; required adapters healthy; snapshot schema valid; kill-switch false.,Deterministic evidence persisted; no state mutation outside executor; all costs/accounting fields present.,Detector/quote/simulation timeouts defined by group policy; timeout => NO-GO.,strategy_id + chain/domain + snapshot_id + route/order fingerprint,DATA_STALE; SCHEMA_INVALID; QUOTE_FAIL; SIM_REVERT; INVARIANT_FAIL; DEP_UNHEALTHY; ECON_FAIL; AUTH_FAIL,latency_ms; candidate_count; quote_errors; sim_reverts; gate_reason; expected_ev; realized_pnl; recon_delta,op_13 Regression; op_08 Kalman; op_21 Newton-Raphson,op_10 Welford; op_16 Kelly; op_22 Monte Carlo; op_23 Queueing,Settlement multi-protocolo en una transacción si todas las patas comparten dominio,none,strategy.07.010.enabled,READY_FOR_CARTRIDGE_MIGRATION,https://www.cfainstitute.org/insights/professional-learning/refresher-readings/2026/option-replication-using-put-call-parity
MEV-07-011,7,Cross-maturity futures arbitrage,derivatives_engine,D_BASIS,DERIVATIVE_DATA_REQUIRED,DERIVATIVES,Spot and derivative firm books; mark/index; rates/carry; funding; expiry; fees; margin.,"Candidate{strategy_id, snapshot_id, amount, exact_quote, costs, risk, evidence_ids, gate_state}",Config loaded; required adapters healthy; snapshot schema valid; kill-switch false.,Deterministic evidence persisted; no state mutation outside executor; all costs/accounting fields present.,Detector/quote/simulation timeouts defined by group policy; timeout => NO-GO.,strategy_id + chain/domain + snapshot_id + route/order fingerprint,DATA_STALE; SCHEMA_INVALID; QUOTE_FAIL; SIM_REVERT; INVARIANT_FAIL; DEP_UNHEALTHY; ECON_FAIL; AUTH_FAIL,latency_ms; candidate_count; quote_errors; sim_reverts; gate_reason; expected_ev; realized_pnl; recon_delta,op_13 Regression; op_08 Kalman; op_21 Newton-Raphson,op_10 Welford; op_16 Kelly; op_22 Monte Carlo; op_23 Queueing,Settlement multi-protocolo en una transacción si todas las patas comparten dominio,none,strategy.07.011.enabled,READY_FOR_CARTRIDGE_MIGRATION,https://www.cfainstitute.org/insights/professional-learning/refresher-readings/2026/option-replication-using-put-call-parity
MEV-07-012,7,Index-price arbitrage,derivatives_engine,D_BASIS,DERIVATIVE_DATA_REQUIRED,DERIVATIVES,Spot and derivative firm books; mark/index; rates/carry; funding; expiry; fees; margin.,"Candidate{strategy_id, snapshot_id, amount, exact_quote, costs, risk, evidence_ids, gate_state}",Config loaded; required adapters healthy; snapshot schema valid; kill-switch false.,Deterministic evidence persisted; no state mutation outside executor; all costs/accounting fields present.,Detector/quote/simulation timeouts defined by group policy; timeout => NO-GO.,strategy_id + chain/domain + snapshot_id + route/order fingerprint,DATA_STALE; SCHEMA_INVALID; QUOTE_FAIL; SIM_REVERT; INVARIANT_FAIL; DEP_UNHEALTHY; ECON_FAIL; AUTH_FAIL,latency_ms; candidate_count; quote_errors; sim_reverts; gate_reason; expected_ev; realized_pnl; recon_delta,op_13 Regression; op_08 Kalman; op_21 Newton-Raphson,op_10 Welford; op_16 Kelly; op_22 Monte Carlo; op_23 Queueing,Settlement multi-protocolo en una transacción si todas las patas comparten dominio,oracle,strategy.07.012.enabled,READY_FOR_CARTRIDGE_MIGRATION,https://www.cfainstitute.org/insights/professional-learning/refresher-readings/2026/option-replication-using-put-call-parity
MEV-07-013,7,Mark-price arbitrage,derivatives_engine,D_BASIS,DERIVATIVE_DATA_REQUIRED,DERIVATIVES,Spot and derivative firm books; mark/index; rates/carry; funding; expiry; fees; margin.,"Candidate{strategy_id, snapshot_id, amount, exact_quote, costs, risk, evidence_ids, gate_state}",Config loaded; required adapters healthy; snapshot schema valid; kill-switch false.,Deterministic evidence persisted; no state mutation outside executor; all costs/accounting fields present.,Detector/quote/simulation timeouts defined by group policy; timeout => NO-GO.,strategy_id + chain/domain + snapshot_id + route/order fingerprint,DATA_STALE; SCHEMA_INVALID; QUOTE_FAIL; SIM_REVERT; INVARIANT_FAIL; DEP_UNHEALTHY; ECON_FAIL; AUTH_FAIL,latency_ms; candidate_count; quote_errors; sim_reverts; gate_reason; expected_ev; realized_pnl; recon_delta,op_13 Regression; op_08 Kalman; op_21 Newton-Raphson,op_10 Welford; op_16 Kelly; op_22 Monte Carlo; op_23 Queueing,Settlement multi-protocolo en una transacción si todas las patas comparten dominio,oracle,strategy.07.013.enabled,READY_FOR_CARTRIDGE_MIGRATION,https://www.cfainstitute.org/insights/professional-learning/refresher-readings/2026/option-replication-using-put-call-parity
MEV-07-014,7,Oracle–perpetual arbitrage,derivatives_engine,D_BASIS,DERIVATIVE_DATA_REQUIRED,DERIVATIVES,Spot and derivative firm books; mark/index; rates/carry; funding; expiry; fees; margin.,"Candidate{strategy_id, snapshot_id, amount, exact_quote, costs, risk, evidence_ids, gate_state}",Config loaded; required adapters healthy; snapshot schema valid; kill-switch false.,Deterministic evidence persisted; no state mutation outside executor; all costs/accounting fields present.,Detector/quote/simulation timeouts defined by group policy; timeout => NO-GO.,strategy_id + chain/domain + snapshot_id + route/order fingerprint,DATA_STALE; SCHEMA_INVALID; QUOTE_FAIL; SIM_REVERT; INVARIANT_FAIL; DEP_UNHEALTHY; ECON_FAIL; AUTH_FAIL,latency_ms; candidate_count; quote_errors; sim_reverts; gate_reason; expected_ev; realized_pnl; recon_delta,op_13 Regression; op_08 Kalman; op_21 Newton-Raphson,op_10 Welford; op_16 Kelly; op_22 Monte Carlo; op_23 Queueing,Settlement multi-protocolo en una transacción si todas las patas comparten dominio,oracle,strategy.07.014.enabled,READY_FOR_CARTRIDGE_MIGRATION,https://www.cfainstitute.org/insights/professional-learning/refresher-readings/2026/option-replication-using-put-call-parity
MEV-07-015,7,vAMM–spot arbitrage,derivatives_engine,D_BASIS,DERIVATIVE_DATA_REQUIRED,DERIVATIVES,Spot and derivative firm books; mark/index; rates/carry; funding; expiry; fees; margin.,"Candidate{strategy_id, snapshot_id, amount, exact_quote, costs, risk, evidence_ids, gate_state}",Config loaded; required adapters healthy; snapshot schema valid; kill-switch false.,Deterministic evidence persisted; no state mutation outside executor; all costs/accounting fields present.,Detector/quote/simulation timeouts defined by group policy; timeout => NO-GO.,strategy_id + chain/domain + snapshot_id + route/order fingerprint,DATA_STALE; SCHEMA_INVALID; QUOTE_FAIL; SIM_REVERT; INVARIANT_FAIL; DEP_UNHEALTHY; ECON_FAIL; AUTH_FAIL,latency_ms; candidate_count; quote_errors; sim_reverts; gate_reason; expected_ev; realized_pnl; recon_delta,op_13 Regression; op_08 Kalman; op_21 Newton-Raphson,op_10 Welford; op_16 Kelly; op_22 Monte Carlo; op_23 Queueing,Settlement multi-protocolo en una transacción si todas las patas comparten dominio,none,strategy.07.015.enabled,READY_FOR_CARTRIDGE_MIGRATION,https://www.cfainstitute.org/insights/professional-learning/refresher-readings/2026/option-replication-using-put-call-parity
MEV-07-016,7,Options put–call parity arbitrage,derivatives_engine,D_OPTIONS_PARITY,DERIVATIVE_DATA_REQUIRED,DERIVATIVES,Option bid/ask by strike/expiry; spot/forward; rate/dividend/carry; contract multiplier; fees.,"Candidate{strategy_id, snapshot_id, amount, exact_quote, costs, risk, evidence_ids, gate_state}",Config loaded; required adapters healthy; snapshot schema valid; kill-switch false.,Deterministic evidence persisted; no state mutation outside executor; all costs/accounting fields present.,Detector/quote/simulation timeouts defined by group policy; timeout => NO-GO.,strategy_id + chain/domain + snapshot_id + route/order fingerprint,DATA_STALE; SCHEMA_INVALID; QUOTE_FAIL; SIM_REVERT; INVARIANT_FAIL; DEP_UNHEALTHY; ECON_FAIL; AUTH_FAIL,latency_ms; candidate_count; quote_errors; sim_reverts; gate_reason; expected_ev; realized_pnl; recon_delta,op_13 Regression; op_21 Newton-Raphson; op_19 Simplex,op_08 Kalman; op_11 Bayes; op_22 Monte Carlo,Settlement multi-protocolo en una transacción si todas las patas comparten dominio,none,strategy.07.016.enabled,READY_FOR_CARTRIDGE_MIGRATION,https://www.cfainstitute.org/insights/professional-learning/refresher-readings/2026/option-replication-using-put-call-parity
MEV-07-017,7,Conversion arbitrage,derivatives_engine,D_OPTIONS_PARITY,DERIVATIVE_DATA_REQUIRED,DERIVATIVES,Option bid/ask by strike/expiry; spot/forward; rate/dividend/carry; contract multiplier; fees.,"Candidate{strategy_id, snapshot_id, amount, exact_quote, costs, risk, evidence_ids, gate_state}",Config loaded; required adapters healthy; snapshot schema valid; kill-switch false.,Deterministic evidence persisted; no state mutation outside executor; all costs/accounting fields present.,Detector/quote/simulation timeouts defined by group policy; timeout => NO-GO.,strategy_id + chain/domain + snapshot_id + route/order fingerprint,DATA_STALE; SCHEMA_INVALID; QUOTE_FAIL; SIM_REVERT; INVARIANT_FAIL; DEP_UNHEALTHY; ECON_FAIL; AUTH_FAIL,latency_ms; candidate_count; quote_errors; sim_reverts; gate_reason; expected_ev; realized_pnl; recon_delta,op_13 Regression; op_21 Newton-Raphson; op_19 Simplex,op_08 Kalman; op_11 Bayes; op_22 Monte Carlo,Settlement multi-protocolo en una transacción si todas las patas comparten dominio,none,strategy.07.017.enabled,READY_FOR_CARTRIDGE_MIGRATION,https://www.cfainstitute.org/insights/professional-learning/refresher-readings/2026/option-replication-using-put-call-parity
MEV-07-018,7,Reversal arbitrage,derivatives_engine,D_OPTIONS_PARITY,DERIVATIVE_DATA_REQUIRED,DERIVATIVES,Option bid/ask by strike/expiry; spot/forward; rate/dividend/carry; contract multiplier; fees.,"Candidate{strategy_id, snapshot_id, amount, exact_quote, costs, risk, evidence_ids, gate_state}",Config loaded; required adapters healthy; snapshot schema valid; kill-switch false.,Deterministic evidence persisted; no state mutation outside executor; all costs/accounting fields present.,Detector/quote/simulation timeouts defined by group policy; timeout => NO-GO.,strategy_id + chain/domain + snapshot_id + route/order fingerprint,DATA_STALE; SCHEMA_INVALID; QUOTE_FAIL; SIM_REVERT; INVARIANT_FAIL; DEP_UNHEALTHY; ECON_FAIL; AUTH_FAIL,latency_ms; candidate_count; quote_errors; sim_reverts; gate_reason; expected_ev; realized_pnl; recon_delta,op_13 Regression; op_21 Newton-Raphson; op_19 Simplex,op_08 Kalman; op_11 Bayes; op_22 Monte Carlo,Settlement multi-protocolo en una transacción si todas las patas comparten dominio,none,strategy.07.018.enabled,READY_FOR_CARTRIDGE_MIGRATION,https://www.cfainstitute.org/insights/professional-learning/refresher-readings/2026/option-replication-using-put-call-parity
MEV-07-019,7,Box-spread arbitrage,derivatives_engine,D_OPTIONS_PARITY,DERIVATIVE_DATA_REQUIRED,DERIVATIVES,Option bid/ask by strike/expiry; spot/forward; rate/dividend/carry; contract multiplier; fees.,"Candidate{strategy_id, snapshot_id, amount, exact_quote, costs, risk, evidence_ids, gate_state}",Config loaded; required adapters healthy; snapshot schema valid; kill-switch false.,Deterministic evidence persisted; no state mutation outside executor; all costs/accounting fields present.,Detector/quote/simulation timeouts defined by group policy; timeout => NO-GO.,strategy_id + chain/domain + snapshot_id + route/order fingerprint,DATA_STALE; SCHEMA_INVALID; QUOTE_FAIL; SIM_REVERT; INVARIANT_FAIL; DEP_UNHEALTHY; ECON_FAIL; AUTH_FAIL,latency_ms; candidate_count; quote_errors; sim_reverts; gate_reason; expected_ev; realized_pnl; recon_delta,op_13 Regression; op_21 Newton-Raphson; op_19 Simplex,op_08 Kalman; op_11 Bayes; op_22 Monte Carlo,Settlement multi-protocolo en una transacción si todas las patas comparten dominio,none,strategy.07.019.enabled,READY_FOR_CARTRIDGE_MIGRATION,https://www.cfainstitute.org/insights/professional-learning/refresher-readings/2026/option-replication-using-put-call-parity
MEV-07-020,7,Cross-strike arbitrage,derivatives_engine,D_OPTIONS_SURFACE,DERIVATIVE_DATA_REQUIRED,DERIVATIVES,Full option surface bid/ask; strikes; expiries; spot/forward; rates; depth.,"Candidate{strategy_id, snapshot_id, amount, exact_quote, costs, risk, evidence_ids, gate_state}",Config loaded; required adapters healthy; snapshot schema valid; kill-switch false.,Deterministic evidence persisted; no state mutation outside executor; all costs/accounting fields present.,Detector/quote/simulation timeouts defined by group policy; timeout => NO-GO.,strategy_id + chain/domain + snapshot_id + route/order fingerprint,DATA_STALE; SCHEMA_INVALID; QUOTE_FAIL; SIM_REVERT; INVARIANT_FAIL; DEP_UNHEALTHY; ECON_FAIL; AUTH_FAIL,latency_ms; candidate_count; quote_errors; sim_reverts; gate_reason; expected_ev; realized_pnl; recon_delta,op_13 Regression; op_08 Kalman; op_19 Simplex,op_11 Bayes; op_14 KL divergence; op_22 Monte Carlo,Settlement multi-protocolo en una transacción si todas las patas comparten dominio,none,strategy.07.020.enabled,READY_FOR_CARTRIDGE_MIGRATION,https://www.cfainstitute.org/insights/professional-learning/refresher-readings/2026/pricing-valuation-options
MEV-07-021,7,Cross-expiry options arbitrage,derivatives_engine,D_OPTIONS_SURFACE,DERIVATIVE_DATA_REQUIRED,DERIVATIVES,Full option surface bid/ask; strikes; expiries; spot/forward; rates; depth.,"Candidate{strategy_id, snapshot_id, amount, exact_quote, costs, risk, evidence_ids, gate_state}",Config loaded; required adapters healthy; snapshot schema valid; kill-switch false.,Deterministic evidence persisted; no state mutation outside executor; all costs/accounting fields present.,Detector/quote/simulation timeouts defined by group policy; timeout => NO-GO.,strategy_id + chain/domain + snapshot_id + route/order fingerprint,DATA_STALE; SCHEMA_INVALID; QUOTE_FAIL; SIM_REVERT; INVARIANT_FAIL; DEP_UNHEALTHY; ECON_FAIL; AUTH_FAIL,latency_ms; candidate_count; quote_errors; sim_reverts; gate_reason; expected_ev; realized_pnl; recon_delta,op_13 Regression; op_08 Kalman; op_19 Simplex,op_11 Bayes; op_14 KL divergence; op_22 Monte Carlo,Settlement multi-protocolo en una transacción si todas las patas comparten dominio,oracle,strategy.07.021.enabled,READY_FOR_CARTRIDGE_MIGRATION,https://www.cfainstitute.org/insights/professional-learning/refresher-readings/2026/pricing-valuation-options
MEV-07-022,7,Options AMM–order-book arbitrage,derivatives_engine,D_OPTIONS_SURFACE,DERIVATIVE_DATA_REQUIRED,DERIVATIVES,Full option surface bid/ask; strikes; expiries; spot/forward; rates; depth.,"Candidate{strategy_id, snapshot_id, amount, exact_quote, costs, risk, evidence_ids, gate_state}",Config loaded; required adapters healthy; snapshot schema valid; kill-switch false.,Deterministic evidence persisted; no state mutation outside executor; all costs/accounting fields present.,Detector/quote/simulation timeouts defined by group policy; timeout => NO-GO.,strategy_id + chain/domain + snapshot_id + route/order fingerprint,DATA_STALE; SCHEMA_INVALID; QUOTE_FAIL; SIM_REVERT; INVARIANT_FAIL; DEP_UNHEALTHY; ECON_FAIL; AUTH_FAIL,latency_ms; candidate_count; quote_errors; sim_reverts; gate_reason; expected_ev; realized_pnl; recon_delta,op_13 Regression; op_08 Kalman; op_19 Simplex,op_11 Bayes; op_14 KL divergence; op_22 Monte Carlo,Settlement multi-protocolo en una transacción si todas las patas comparten dominio,none,strategy.07.022.enabled,READY_FOR_CARTRIDGE_MIGRATION,https://www.cfainstitute.org/insights/professional-learning/refresher-readings/2026/pricing-valuation-options
MEV-07-023,7,Cross-venue implied-volatility arbitrage,derivatives_engine,D_OPTIONS_SURFACE,DERIVATIVE_DATA_REQUIRED,DERIVATIVES,Full option surface bid/ask; strikes; expiries; spot/forward; rates; depth.,"Candidate{strategy_id, snapshot_id, amount, exact_quote, costs, risk, evidence_ids, gate_state}",Config loaded; required adapters healthy; snapshot schema valid; kill-switch false.,Deterministic evidence persisted; no state mutation outside executor; all costs/accounting fields present.,Detector/quote/simulation timeouts defined by group policy; timeout => NO-GO.,strategy_id + chain/domain + snapshot_id + route/order fingerprint,DATA_STALE; SCHEMA_INVALID; QUOTE_FAIL; SIM_REVERT; INVARIANT_FAIL; DEP_UNHEALTHY; ECON_FAIL; AUTH_FAIL,latency_ms; candidate_count; quote_errors; sim_reverts; gate_reason; expected_ev; realized_pnl; recon_delta,op_13 Regression; op_08 Kalman; op_19 Simplex,op_11 Bayes; op_14 KL divergence; op_22 Monte Carlo,Settlement multi-protocolo en una transacción si todas las patas comparten dominio,none,strategy.07.023.enabled,READY_FOR_CARTRIDGE_MIGRATION,https://www.cfainstitute.org/insights/professional-learning/refresher-readings/2026/pricing-valuation-options
MEV-07-024,7,Volatility-surface inconsistency arbitrage,derivatives_engine,D_OPTIONS_SURFACE,DERIVATIVE_DATA_REQUIRED,DERIVATIVES,Full option surface bid/ask; strikes; expiries; spot/forward; rates; depth.,"Candidate{strategy_id, snapshot_id, amount, exact_quote, costs, risk, evidence_ids, gate_state}",Config loaded; required adapters healthy; snapshot schema valid; kill-switch false.,Deterministic evidence persisted; no state mutation outside executor; all costs/accounting fields present.,Detector/quote/simulation timeouts defined by group policy; timeout => NO-GO.,strategy_id + chain/domain + snapshot_id + route/order fingerprint,DATA_STALE; SCHEMA_INVALID; QUOTE_FAIL; SIM_REVERT; INVARIANT_FAIL; DEP_UNHEALTHY; ECON_FAIL; AUTH_FAIL,latency_ms; candidate_count; quote_errors; sim_reverts; gate_reason; expected_ev; realized_pnl; recon_delta,op_13 Regression; op_08 Kalman; op_19 Simplex,op_11 Bayes; op_14 KL divergence; op_22 Monte Carlo,Settlement multi-protocolo en una transacción si todas las patas comparten dominio,none,strategy.07.024.enabled,READY_FOR_CARTRIDGE_MIGRATION,https://www.cfainstitute.org/insights/professional-learning/refresher-readings/2026/pricing-valuation-options
MEV-07-025,7,Delta-hedged options arbitrage,derivatives_engine,D_OPTIONS_SURFACE,DERIVATIVE_DATA_REQUIRED,DERIVATIVES,Full option surface bid/ask; strikes; expiries; spot/forward; rates; depth.,"Candidate{strategy_id, snapshot_id, amount, exact_quote, costs, risk, evidence_ids, gate_state}",Config loaded; required adapters healthy; snapshot schema valid; kill-switch false.,Deterministic evidence persisted; no state mutation outside executor; all costs/accounting fields present.,Detector/quote/simulation timeouts defined by group policy; timeout => NO-GO.,strategy_id + chain/domain + snapshot_id + route/order fingerprint,DATA_STALE; SCHEMA_INVALID; QUOTE_FAIL; SIM_REVERT; INVARIANT_FAIL; DEP_UNHEALTHY; ECON_FAIL; AUTH_FAIL,latency_ms; candidate_count; quote_errors; sim_reverts; gate_reason; expected_ev; realized_pnl; recon_delta,op_13 Regression; op_08 Kalman; op_19 Simplex,op_11 Bayes; op_14 KL divergence; op_22 Monte Carlo,Settlement multi-protocolo en una transacción si todas las patas comparten dominio,none,strategy.07.025.enabled,READY_FOR_CARTRIDGE_MIGRATION,https://www.cfainstitute.org/insights/professional-learning/refresher-readings/2026/pricing-valuation-options
MEV-07-026,7,Settlement-price arbitrage,derivatives_engine,D_SETTLE,DERIVATIVE_DATA_REQUIRED,DERIVATIVES,Contract payoff; mark/index/settlement oracle; expiry; position/margin state; executable hedge.,"Candidate{strategy_id, snapshot_id, amount, exact_quote, costs, risk, evidence_ids, gate_state}",Config loaded; required adapters healthy; snapshot schema valid; kill-switch false.,Deterministic evidence persisted; no state mutation outside executor; all costs/accounting fields present.,Detector/quote/simulation timeouts defined by group policy; timeout => NO-GO.,strategy_id + chain/domain + snapshot_id + route/order fingerprint,DATA_STALE; SCHEMA_INVALID; QUOTE_FAIL; SIM_REVERT; INVARIANT_FAIL; DEP_UNHEALTHY; ECON_FAIL; AUTH_FAIL,latency_ms; candidate_count; quote_errors; sim_reverts; gate_reason; expected_ev; realized_pnl; recon_delta,op_08 Kalman; op_21 Newton-Raphson; op_23 Queueing,op_11 Bayes; op_13 Regression; op_22 Monte Carlo,Settlement multi-protocolo en una transacción si todas las patas comparten dominio,oracle,strategy.07.026.enabled,READY_FOR_CARTRIDGE_MIGRATION,https://www.cfainstitute.org/insights/professional-learning/refresher-readings/2026/valuing-derivative-one-period-binomial-model
MEV-07-027,7,Expiry arbitrage,derivatives_engine,D_SETTLE,DERIVATIVE_DATA_REQUIRED,DERIVATIVES,Contract payoff; mark/index/settlement oracle; expiry; position/margin state; executable hedge.,"Candidate{strategy_id, snapshot_id, amount, exact_quote, costs, risk, evidence_ids, gate_state}",Config loaded; required adapters healthy; snapshot schema valid; kill-switch false.,Deterministic evidence persisted; no state mutation outside executor; all costs/accounting fields present.,Detector/quote/simulation timeouts defined by group policy; timeout => NO-GO.,strategy_id + chain/domain + snapshot_id + route/order fingerprint,DATA_STALE; SCHEMA_INVALID; QUOTE_FAIL; SIM_REVERT; INVARIANT_FAIL; DEP_UNHEALTHY; ECON_FAIL; AUTH_FAIL,latency_ms; candidate_count; quote_errors; sim_reverts; gate_reason; expected_ev; realized_pnl; recon_delta,op_08 Kalman; op_21 Newton-Raphson; op_23 Queueing,op_11 Bayes; op_13 Regression; op_22 Monte Carlo,Settlement multi-protocolo en una transacción si todas las patas comparten dominio,oracle,strategy.07.027.enabled,READY_FOR_CARTRIDGE_MIGRATION,https://www.cfainstitute.org/insights/professional-learning/refresher-readings/2026/valuing-derivative-one-period-binomial-model
MEV-07-028,7,Derivative-liquidation arbitrage,derivatives_engine,D_SETTLE,DERIVATIVE_DATA_REQUIRED,DERIVATIVES,Contract payoff; mark/index/settlement oracle; expiry; position/margin state; executable hedge.,"Candidate{strategy_id, snapshot_id, amount, exact_quote, costs, risk, evidence_ids, gate_state}",Config loaded; required adapters healthy; snapshot schema valid; kill-switch false.,Deterministic evidence persisted; no state mutation outside executor; all costs/accounting fields present.,Detector/quote/simulation timeouts defined by group policy; timeout => NO-GO.,strategy_id + chain/domain + snapshot_id + route/order fingerprint,DATA_STALE; SCHEMA_INVALID; QUOTE_FAIL; SIM_REVERT; INVARIANT_FAIL; DEP_UNHEALTHY; ECON_FAIL; AUTH_FAIL,latency_ms; candidate_count; quote_errors; sim_reverts; gate_reason; expected_ev; realized_pnl; recon_delta,op_08 Kalman; op_21 Newton-Raphson; op_23 Queueing,op_11 Bayes; op_13 Regression; op_22 Monte Carlo,Settlement multi-protocolo en una transacción si todas las patas comparten dominio,none,strategy.07.028.enabled,READY_FOR_CARTRIDGE_MIGRATION,https://www.cfainstitute.org/insights/professional-learning/refresher-readings/2026/valuing-derivative-one-period-binomial-model
MEV-07-029,7,Structured-product parity arbitrage,derivatives_engine,D_SETTLE,DERIVATIVE_DATA_REQUIRED,DERIVATIVES,Contract payoff; mark/index/settlement oracle; expiry; position/margin state; executable hedge.,"Candidate{strategy_id, snapshot_id, amount, exact_quote, costs, risk, evidence_ids, gate_state}",Config loaded; required adapters healthy; snapshot schema valid; kill-switch false.,Deterministic evidence persisted; no state mutation outside executor; all costs/accounting fields present.,Detector/quote/simulation timeouts defined by group policy; timeout => NO-GO.,strategy_id + chain/domain + snapshot_id + route/order fingerprint,DATA_STALE; SCHEMA_INVALID; QUOTE_FAIL; SIM_REVERT; INVARIANT_FAIL; DEP_UNHEALTHY; ECON_FAIL; AUTH_FAIL,latency_ms; candidate_count; quote_errors; sim_reverts; gate_reason; expected_ev; realized_pnl; recon_delta,op_08 Kalman; op_21 Newton-Raphson; op_23 Queueing,op_11 Bayes; op_13 Regression; op_22 Monte Carlo,Settlement multi-protocolo en una transacción si todas las patas comparten dominio,none,strategy.07.029.enabled,READY_FOR_CARTRIDGE_MIGRATION,https://www.cfainstitute.org/insights/professional-learning/refresher-readings/2026/valuing-derivative-one-period-binomial-model
MEV-07-030,7,Leverage-token rebalancing arbitrage,derivatives_engine,D_SETTLE,DERIVATIVE_DATA_REQUIRED,DERIVATIVES,Contract payoff; mark/index/settlement oracle; expiry; position/margin state; executable hedge.,"Candidate{strategy_id, snapshot_id, amount, exact_quote, costs, risk, evidence_ids, gate_state}",Config loaded; required adapters healthy; snapshot schema valid; kill-switch false.,Deterministic evidence persisted; no state mutation outside executor; all costs/accounting fields present.,Detector/quote/simulation timeouts defined by group policy; timeout => NO-GO.,strategy_id + chain/domain + snapshot_id + route/order fingerprint,DATA_STALE; SCHEMA_INVALID; QUOTE_FAIL; SIM_REVERT; INVARIANT_FAIL; DEP_UNHEALTHY; ECON_FAIL; AUTH_FAIL,latency_ms; candidate_count; quote_errors; sim_reverts; gate_reason; expected_ev; realized_pnl; recon_delta,op_08 Kalman; op_21 Newton-Raphson; op_23 Queueing,op_11 Bayes; op_13 Regression; op_22 Monte Carlo,Settlement multi-protocolo en una transacción si todas las patas comparten dominio,none,strategy.07.030.enabled,READY_FOR_CARTRIDGE_MIGRATION,https://www.cfainstitute.org/insights/professional-learning/refresher-readings/2026/valuing-derivative-one-period-binomial-model
MEV-08-001,8,Borrow-rate arbitrage,credit_liquidation_engine,L_RATE,DETERMINISTIC_IF_POSITIONS,LENDING,Supply/borrow indices and rates; utilization; collateral/margin requirements; fees; market hedge.,"Candidate{strategy_id, snapshot_id, amount, exact_quote, costs, risk, evidence_ids, gate_state}",Config loaded; required adapters healthy; snapshot schema valid; kill-switch false.,Deterministic evidence persisted; no state mutation outside executor; all costs/accounting fields present.,Detector/quote/simulation timeouts defined by group policy; timeout => NO-GO.,strategy_id + chain/domain + snapshot_id + route/order fingerprint,DATA_STALE; SCHEMA_INVALID; QUOTE_FAIL; SIM_REVERT; INVARIANT_FAIL; DEP_UNHEALTHY; ECON_FAIL; AUTH_FAIL,latency_ms; candidate_count; quote_errors; sim_reverts; gate_reason; expected_ev; realized_pnl; recon_delta,op_13 Regression; op_08 Kalman; op_21 Newton-Raphson,op_10 Welford; op_11 Bayes; op_16 Kelly; op_22 Monte Carlo,Refinanciación atómica si protocolos y activos comparten dominio,none,strategy.08.001.enabled,READY_FOR_CARTRIDGE_MIGRATION,https://aave.com/help/borrowing/liquidations
MEV-08-002,8,Supply-rate arbitrage,credit_liquidation_engine,L_RATE,DETERMINISTIC_IF_POSITIONS,LENDING,Supply/borrow indices and rates; utilization; collateral/margin requirements; fees; market hedge.,"Candidate{strategy_id, snapshot_id, amount, exact_quote, costs, risk, evidence_ids, gate_state}",Config loaded; required adapters healthy; snapshot schema valid; kill-switch false.,Deterministic evidence persisted; no state mutation outside executor; all costs/accounting fields present.,Detector/quote/simulation timeouts defined by group policy; timeout => NO-GO.,strategy_id + chain/domain + snapshot_id + route/order fingerprint,DATA_STALE; SCHEMA_INVALID; QUOTE_FAIL; SIM_REVERT; INVARIANT_FAIL; DEP_UNHEALTHY; ECON_FAIL; AUTH_FAIL,latency_ms; candidate_count; quote_errors; sim_reverts; gate_reason; expected_ev; realized_pnl; recon_delta,op_13 Regression; op_08 Kalman; op_21 Newton-Raphson,op_10 Welford; op_11 Bayes; op_16 Kelly; op_22 Monte Carlo,Refinanciación atómica si protocolos y activos comparten dominio,none,strategy.08.002.enabled,READY_FOR_CARTRIDGE_MIGRATION,https://aave.com/help/borrowing/liquidations
MEV-08-003,8,Cross-lending-protocol arbitrage,credit_liquidation_engine,L_RATE,DETERMINISTIC_IF_POSITIONS,LENDING,Supply/borrow indices and rates; utilization; collateral/margin requirements; fees; market hedge.,"Candidate{strategy_id, snapshot_id, amount, exact_quote, costs, risk, evidence_ids, gate_state}",Config loaded; required adapters healthy; snapshot schema valid; kill-switch false.,Deterministic evidence persisted; no state mutation outside executor; all costs/accounting fields present.,Detector/quote/simulation timeouts defined by group policy; timeout => NO-GO.,strategy_id + chain/domain + snapshot_id + route/order fingerprint,DATA_STALE; SCHEMA_INVALID; QUOTE_FAIL; SIM_REVERT; INVARIANT_FAIL; DEP_UNHEALTHY; ECON_FAIL; AUTH_FAIL,latency_ms; candidate_count; quote_errors; sim_reverts; gate_reason; expected_ev; realized_pnl; recon_delta,op_13 Regression; op_08 Kalman; op_21 Newton-Raphson,op_10 Welford; op_11 Bayes; op_16 Kelly; op_22 Monte Carlo,Transacción única; bundle atómico; capital propio o flash liquidity,none,strategy.08.003.enabled,READY_FOR_CARTRIDGE_MIGRATION,https://aave.com/help/borrowing/liquidations
MEV-08-004,8,Fixed-rate/floating-rate arbitrage,credit_liquidation_engine,L_RATE,DETERMINISTIC_IF_POSITIONS,LENDING,Supply/borrow indices and rates; utilization; collateral/margin requirements; fees; market hedge.,"Candidate{strategy_id, snapshot_id, amount, exact_quote, costs, risk, evidence_ids, gate_state}",Config loaded; required adapters healthy; snapshot schema valid; kill-switch false.,Deterministic evidence persisted; no state mutation outside executor; all costs/accounting fields present.,Detector/quote/simulation timeouts defined by group policy; timeout => NO-GO.,strategy_id + chain/domain + snapshot_id + route/order fingerprint,DATA_STALE; SCHEMA_INVALID; QUOTE_FAIL; SIM_REVERT; INVARIANT_FAIL; DEP_UNHEALTHY; ECON_FAIL; AUTH_FAIL,latency_ms; candidate_count; quote_errors; sim_reverts; gate_reason; expected_ev; realized_pnl; recon_delta,op_13 Regression; op_08 Kalman; op_21 Newton-Raphson,op_10 Welford; op_11 Bayes; op_16 Kelly; op_22 Monte Carlo,Refinanciación atómica si protocolos y activos comparten dominio,none,strategy.08.004.enabled,READY_FOR_CARTRIDGE_MIGRATION,https://aave.com/help/borrowing/liquidations
MEV-08-005,8,Refinancing arbitrage,credit_liquidation_engine,L_RATE,DETERMINISTIC_IF_POSITIONS,LENDING,Supply/borrow indices and rates; utilization; collateral/margin requirements; fees; market hedge.,"Candidate{strategy_id, snapshot_id, amount, exact_quote, costs, risk, evidence_ids, gate_state}",Config loaded; required adapters healthy; snapshot schema valid; kill-switch false.,Deterministic evidence persisted; no state mutation outside executor; all costs/accounting fields present.,Detector/quote/simulation timeouts defined by group policy; timeout => NO-GO.,strategy_id + chain/domain + snapshot_id + route/order fingerprint,DATA_STALE; SCHEMA_INVALID; QUOTE_FAIL; SIM_REVERT; INVARIANT_FAIL; DEP_UNHEALTHY; ECON_FAIL; AUTH_FAIL,latency_ms; candidate_count; quote_errors; sim_reverts; gate_reason; expected_ev; realized_pnl; recon_delta,op_13 Regression; op_08 Kalman; op_21 Newton-Raphson,op_10 Welford; op_11 Bayes; op_16 Kelly; op_22 Monte Carlo,Refinanciación atómica si protocolos y activos comparten dominio,none,strategy.08.005.enabled,READY_FOR_CARTRIDGE_MIGRATION,https://aave.com/help/borrowing/liquidations
MEV-08-006,8,Collateral-price arbitrage,credit_liquidation_engine,L_COLLATERAL,DETERMINISTIC_IF_REDEEMABLE,LENDING,Collateral/debt token exchange rates; protocol oracle; repayment/redemption functions; market quotes.,"Candidate{strategy_id, snapshot_id, amount, exact_quote, costs, risk, evidence_ids, gate_state}",Config loaded; required adapters healthy; snapshot schema valid; kill-switch false.,Deterministic evidence persisted; no state mutation outside executor; all costs/accounting fields present.,Detector/quote/simulation timeouts defined by group policy; timeout => NO-GO.,strategy_id + chain/domain + snapshot_id + route/order fingerprint,DATA_STALE; SCHEMA_INVALID; QUOTE_FAIL; SIM_REVERT; INVARIANT_FAIL; DEP_UNHEALTHY; ECON_FAIL; AUTH_FAIL,latency_ms; candidate_count; quote_errors; sim_reverts; gate_reason; expected_ev; realized_pnl; recon_delta,op_13 Regression; op_08 Kalman; op_21 Newton-Raphson,op_11 Bayes; op_22 Monte Carlo,Transacción única; bundle atómico; capital propio o flash liquidity,none,strategy.08.006.enabled,READY_FOR_CARTRIDGE_MIGRATION,https://aave.com/help/borrowing/liquidations
MEV-08-007,8,Collateral-wrapper arbitrage,credit_liquidation_engine,L_COLLATERAL,DETERMINISTIC_IF_REDEEMABLE,LENDING,Collateral/debt token exchange rates; protocol oracle; repayment/redemption functions; market quotes.,"Candidate{strategy_id, snapshot_id, amount, exact_quote, costs, risk, evidence_ids, gate_state}",Config loaded; required adapters healthy; snapshot schema valid; kill-switch false.,Deterministic evidence persisted; no state mutation outside executor; all costs/accounting fields present.,Detector/quote/simulation timeouts defined by group policy; timeout => NO-GO.,strategy_id + chain/domain + snapshot_id + route/order fingerprint,DATA_STALE; SCHEMA_INVALID; QUOTE_FAIL; SIM_REVERT; INVARIANT_FAIL; DEP_UNHEALTHY; ECON_FAIL; AUTH_FAIL,latency_ms; candidate_count; quote_errors; sim_reverts; gate_reason; expected_ev; realized_pnl; recon_delta,op_13 Regression; op_08 Kalman; op_21 Newton-Raphson,op_11 Bayes; op_22 Monte Carlo,Transacción única; bundle atómico; capital propio o flash liquidity,none,strategy.08.007.enabled,READY_FOR_CARTRIDGE_MIGRATION,https://aave.com/help/borrowing/liquidations
MEV-08-008,8,Debt-token arbitrage,credit_liquidation_engine,L_COLLATERAL,DETERMINISTIC_IF_REDEEMABLE,LENDING,Collateral/debt token exchange rates; protocol oracle; repayment/redemption functions; market quotes.,"Candidate{strategy_id, snapshot_id, amount, exact_quote, costs, risk, evidence_ids, gate_state}",Config loaded; required adapters healthy; snapshot schema valid; kill-switch false.,Deterministic evidence persisted; no state mutation outside executor; all costs/accounting fields present.,Detector/quote/simulation timeouts defined by group policy; timeout => NO-GO.,strategy_id + chain/domain + snapshot_id + route/order fingerprint,DATA_STALE; SCHEMA_INVALID; QUOTE_FAIL; SIM_REVERT; INVARIANT_FAIL; DEP_UNHEALTHY; ECON_FAIL; AUTH_FAIL,latency_ms; candidate_count; quote_errors; sim_reverts; gate_reason; expected_ev; realized_pnl; recon_delta,op_13 Regression; op_08 Kalman; op_21 Newton-Raphson,op_11 Bayes; op_22 Monte Carlo,Transacción única; bundle atómico; capital propio o flash liquidity,none,strategy.08.008.enabled,READY_FOR_CARTRIDGE_MIGRATION,https://aave.com/help/borrowing/liquidations
MEV-08-009,8,Flash-loan rate arbitrage,credit_liquidation_engine,L_RATE,DETERMINISTIC_IF_POSITIONS,LENDING,Supply/borrow indices and rates; utilization; collateral/margin requirements; fees; market hedge.,"Candidate{strategy_id, snapshot_id, amount, exact_quote, costs, risk, evidence_ids, gate_state}",Config loaded; required adapters healthy; snapshot schema valid; kill-switch false.,Deterministic evidence persisted; no state mutation outside executor; all costs/accounting fields present.,Detector/quote/simulation timeouts defined by group policy; timeout => NO-GO.,strategy_id + chain/domain + snapshot_id + route/order fingerprint,DATA_STALE; SCHEMA_INVALID; QUOTE_FAIL; SIM_REVERT; INVARIANT_FAIL; DEP_UNHEALTHY; ECON_FAIL; AUTH_FAIL,latency_ms; candidate_count; quote_errors; sim_reverts; gate_reason; expected_ev; realized_pnl; recon_delta,op_13 Regression; op_08 Kalman; op_21 Newton-Raphson,op_10 Welford; op_11 Bayes; op_16 Kelly; op_22 Monte Carlo,Transacción única; bundle atómico; capital propio o flash liquidity,none,strategy.08.009.enabled,READY_FOR_CARTRIDGE_MIGRATION,https://aave.com/help/borrowing/liquidations
MEV-08-010,8,Credit-delegation arbitrage,credit_liquidation_engine,L_RATE,DETERMINISTIC_IF_POSITIONS,LENDING,Supply/borrow indices and rates; utilization; collateral/margin requirements; fees; market hedge.,"Candidate{strategy_id, snapshot_id, amount, exact_quote, costs, risk, evidence_ids, gate_state}",Config loaded; required adapters healthy; snapshot schema valid; kill-switch false.,Deterministic evidence persisted; no state mutation outside executor; all costs/accounting fields present.,Detector/quote/simulation timeouts defined by group policy; timeout => NO-GO.,strategy_id + chain/domain + snapshot_id + route/order fingerprint,DATA_STALE; SCHEMA_INVALID; QUOTE_FAIL; SIM_REVERT; INVARIANT_FAIL; DEP_UNHEALTHY; ECON_FAIL; AUTH_FAIL,latency_ms; candidate_count; quote_errors; sim_reverts; gate_reason; expected_ev; realized_pnl; recon_delta,op_13 Regression; op_08 Kalman; op_21 Newton-Raphson,op_10 Welford; op_11 Bayes; op_16 Kelly; op_22 Monte Carlo,Refinanciación atómica si protocolos y activos comparten dominio,none,strategy.08.010.enabled,READY_FOR_CARTRIDGE_MIGRATION,https://aave.com/help/borrowing/liquidations
MEV-08-011,8,Leverage-loop arbitrage,credit_liquidation_engine,L_LOOP,DETERMINISTIC_POSITION_STRATEGY,LENDING,LTV/liquidation threshold; supply/borrow rates; collateral factor; loop fees; gas.,"Candidate{strategy_id, snapshot_id, amount, exact_quote, costs, risk, evidence_ids, gate_state}",Config loaded; required adapters healthy; snapshot schema valid; kill-switch false.,Deterministic evidence persisted; no state mutation outside executor; all costs/accounting fields present.,Detector/quote/simulation timeouts defined by group policy; timeout => NO-GO.,strategy_id + chain/domain + snapshot_id + route/order fingerprint,DATA_STALE; SCHEMA_INVALID; QUOTE_FAIL; SIM_REVERT; INVARIANT_FAIL; DEP_UNHEALTHY; ECON_FAIL; AUTH_FAIL,latency_ms; candidate_count; quote_errors; sim_reverts; gate_reason; expected_ev; realized_pnl; recon_delta,op_17 Pontryagin; op_20 Gradient Descent; op_21 Newton-Raphson,op_13 Regression; op_16 Kelly; op_22 Monte Carlo,Transacción única; bundle atómico; capital propio o flash liquidity,none,strategy.08.011.enabled,READY_FOR_CARTRIDGE_MIGRATION,https://aave.com/help/borrowing/liquidations
MEV-08-012,8,Liquidation discount arbitrage,credit_liquidation_engine,L_LIQ,DETERMINISTIC_LIQUIDATION,LENDING,Account collateral/debt; liquidation thresholds/bonuses; oracle prices; close factor; firm unwind route; gas/flash fee.,"Candidate{strategy_id, snapshot_id, amount, exact_quote, costs, risk, evidence_ids, gate_state}",Config loaded; required adapters healthy; snapshot schema valid; kill-switch false.,Deterministic evidence persisted; no state mutation outside executor; all costs/accounting fields present.,Detector/quote/simulation timeouts defined by group policy; timeout => NO-GO.,strategy_id + chain/domain + snapshot_id + route/order fingerprint,DATA_STALE; SCHEMA_INVALID; QUOTE_FAIL; SIM_REVERT; INVARIANT_FAIL; DEP_UNHEALTHY; ECON_FAIL; AUTH_FAIL,latency_ms; candidate_count; quote_errors; sim_reverts; gate_reason; expected_ev; realized_pnl; recon_delta,op_21 Newton-Raphson; op_08 Kalman; op_26 Flash Loan; op_16 Kelly,op_11 Bayes; op_13 Regression; op_22 Monte Carlo; op_23 Queueing,Transacción única; bundle atómico; capital propio o flash liquidity,none,strategy.08.012.enabled,READY_FOR_CARTRIDGE_MIGRATION,https://aave.com/help/borrowing/liquidations
MEV-08-013,8,Partial-liquidation arbitrage,credit_liquidation_engine,L_LIQ,DETERMINISTIC_LIQUIDATION,LENDING,Account collateral/debt; liquidation thresholds/bonuses; oracle prices; close factor; firm unwind route; gas/flash fee.,"Candidate{strategy_id, snapshot_id, amount, exact_quote, costs, risk, evidence_ids, gate_state}",Config loaded; required adapters healthy; snapshot schema valid; kill-switch false.,Deterministic evidence persisted; no state mutation outside executor; all costs/accounting fields present.,Detector/quote/simulation timeouts defined by group policy; timeout => NO-GO.,strategy_id + chain/domain + snapshot_id + route/order fingerprint,DATA_STALE; SCHEMA_INVALID; QUOTE_FAIL; SIM_REVERT; INVARIANT_FAIL; DEP_UNHEALTHY; ECON_FAIL; AUTH_FAIL,latency_ms; candidate_count; quote_errors; sim_reverts; gate_reason; expected_ev; realized_pnl; recon_delta,op_21 Newton-Raphson; op_08 Kalman; op_26 Flash Loan; op_16 Kelly,op_11 Bayes; op_13 Regression; op_22 Monte Carlo; op_23 Queueing,Transacción única; bundle atómico; capital propio o flash liquidity,none,strategy.08.013.enabled,READY_FOR_CARTRIDGE_MIGRATION,https://aave.com/help/borrowing/liquidations
MEV-08-014,8,Full-liquidation arbitrage,credit_liquidation_engine,L_LIQ,DETERMINISTIC_LIQUIDATION,LENDING,Account collateral/debt; liquidation thresholds/bonuses; oracle prices; close factor; firm unwind route; gas/flash fee.,"Candidate{strategy_id, snapshot_id, amount, exact_quote, costs, risk, evidence_ids, gate_state}",Config loaded; required adapters healthy; snapshot schema valid; kill-switch false.,Deterministic evidence persisted; no state mutation outside executor; all costs/accounting fields present.,Detector/quote/simulation timeouts defined by group policy; timeout => NO-GO.,strategy_id + chain/domain + snapshot_id + route/order fingerprint,DATA_STALE; SCHEMA_INVALID; QUOTE_FAIL; SIM_REVERT; INVARIANT_FAIL; DEP_UNHEALTHY; ECON_FAIL; AUTH_FAIL,latency_ms; candidate_count; quote_errors; sim_reverts; gate_reason; expected_ev; realized_pnl; recon_delta,op_21 Newton-Raphson; op_08 Kalman; op_26 Flash Loan; op_16 Kelly,op_11 Bayes; op_13 Regression; op_22 Monte Carlo; op_23 Queueing,Transacción única; bundle atómico; capital propio o flash liquidity,none,strategy.08.014.enabled,READY_FOR_CARTRIDGE_MIGRATION,https://aave.com/help/borrowing/liquidations
MEV-08-015,8,Cross-protocol liquidation arbitrage,credit_liquidation_engine,L_LIQ,DETERMINISTIC_LIQUIDATION,LENDING,Account collateral/debt; liquidation thresholds/bonuses; oracle prices; close factor; firm unwind route; gas/flash fee.,"Candidate{strategy_id, snapshot_id, amount, exact_quote, costs, risk, evidence_ids, gate_state}",Config loaded; required adapters healthy; snapshot schema valid; kill-switch false.,Deterministic evidence persisted; no state mutation outside executor; all costs/accounting fields present.,Detector/quote/simulation timeouts defined by group policy; timeout => NO-GO.,strategy_id + chain/domain + snapshot_id + route/order fingerprint,DATA_STALE; SCHEMA_INVALID; QUOTE_FAIL; SIM_REVERT; INVARIANT_FAIL; DEP_UNHEALTHY; ECON_FAIL; AUTH_FAIL,latency_ms; candidate_count; quote_errors; sim_reverts; gate_reason; expected_ev; realized_pnl; recon_delta,op_21 Newton-Raphson; op_08 Kalman; op_26 Flash Loan; op_16 Kelly,op_11 Bayes; op_13 Regression; op_22 Monte Carlo; op_23 Queueing,Transacción única; bundle atómico; capital propio o flash liquidity,none,strategy.08.015.enabled,READY_FOR_CARTRIDGE_MIGRATION,https://aave.com/help/borrowing/liquidations
MEV-08-016,8,Cross-chain liquidation arbitrage,credit_liquidation_engine,L_LIQ,DETERMINISTIC_LIQUIDATION,LENDING,Account collateral/debt; liquidation thresholds/bonuses; oracle prices; close factor; firm unwind route; gas/flash fee.,"Candidate{strategy_id, snapshot_id, amount, exact_quote, costs, risk, evidence_ids, gate_state}",Config loaded; required adapters healthy; snapshot schema valid; kill-switch false.,Deterministic evidence persisted; no state mutation outside executor; all costs/accounting fields present.,Detector/quote/simulation timeouts defined by group policy; timeout => NO-GO.,strategy_id + chain/domain + snapshot_id + route/order fingerprint,DATA_STALE; SCHEMA_INVALID; QUOTE_FAIL; SIM_REVERT; INVARIANT_FAIL; DEP_UNHEALTHY; ECON_FAIL; AUTH_FAIL,latency_ms; candidate_count; quote_errors; sim_reverts; gate_reason; expected_ev; realized_pnl; recon_delta,op_21 Newton-Raphson; op_08 Kalman; op_26 Flash Loan; op_16 Kelly,op_11 Bayes; op_13 Regression; op_22 Monte Carlo; op_23 Queueing,Transacción única; bundle atómico; capital propio o flash liquidity,bridge,strategy.08.016.enabled,READY_FOR_CARTRIDGE_MIGRATION,https://aave.com/help/borrowing/liquidations
MEV-08-017,8,Oracle-update liquidation backrun,credit_liquidation_engine,L_LIQ,DETERMINISTIC_LIQUIDATION,LENDING,Account collateral/debt; liquidation thresholds/bonuses; oracle prices; close factor; firm unwind route; gas/flash fee.,"Candidate{strategy_id, snapshot_id, amount, exact_quote, costs, risk, evidence_ids, gate_state}",Config loaded; required adapters healthy; snapshot schema valid; kill-switch false.,Deterministic evidence persisted; no state mutation outside executor; all costs/accounting fields present.,Detector/quote/simulation timeouts defined by group policy; timeout => NO-GO.,strategy_id + chain/domain + snapshot_id + route/order fingerprint,DATA_STALE; SCHEMA_INVALID; QUOTE_FAIL; SIM_REVERT; INVARIANT_FAIL; DEP_UNHEALTHY; ECON_FAIL; AUTH_FAIL,latency_ms; candidate_count; quote_errors; sim_reverts; gate_reason; expected_ev; realized_pnl; recon_delta,op_21 Newton-Raphson; op_08 Kalman; op_26 Flash Loan; op_16 Kelly,op_11 Bayes; op_13 Regression; op_22 Monte Carlo; op_23 Queueing,Transacción única; bundle atómico; capital propio o flash liquidity,oracle,strategy.08.017.enabled,READY_FOR_CARTRIDGE_MIGRATION,https://aave.com/help/borrowing/liquidations
MEV-08-018,8,Liquidation-auction arbitrage,credit_liquidation_engine,L_AUCTION,DETERMINISTIC_AUCTION,LENDING,Auction lot/price curve; collateral; protocol debt; deadline; market liquidity.,"Candidate{strategy_id, snapshot_id, amount, exact_quote, costs, risk, evidence_ids, gate_state}",Config loaded; required adapters healthy; snapshot schema valid; kill-switch false.,Deterministic evidence persisted; no state mutation outside executor; all costs/accounting fields present.,Detector/quote/simulation timeouts defined by group policy; timeout => NO-GO.,strategy_id + chain/domain + snapshot_id + route/order fingerprint,DATA_STALE; SCHEMA_INVALID; QUOTE_FAIL; SIM_REVERT; INVARIANT_FAIL; DEP_UNHEALTHY; ECON_FAIL; AUTH_FAIL,latency_ms; candidate_count; quote_errors; sim_reverts; gate_reason; expected_ev; realized_pnl; recon_delta,op_19 Simplex; op_21 Newton-Raphson; op_23 Queueing,op_08 Kalman; op_11 Bayes; op_22 Monte Carlo,Transacción única; bundle atómico; capital propio o flash liquidity,none,strategy.08.018.enabled,READY_FOR_CARTRIDGE_MIGRATION,https://aave.com/help/borrowing/liquidations
MEV-08-019,8,Dutch-auction liquidation arbitrage,credit_liquidation_engine,L_AUCTION,DETERMINISTIC_AUCTION,LENDING,Auction lot/price curve; collateral; protocol debt; deadline; market liquidity.,"Candidate{strategy_id, snapshot_id, amount, exact_quote, costs, risk, evidence_ids, gate_state}",Config loaded; required adapters healthy; snapshot schema valid; kill-switch false.,Deterministic evidence persisted; no state mutation outside executor; all costs/accounting fields present.,Detector/quote/simulation timeouts defined by group policy; timeout => NO-GO.,strategy_id + chain/domain + snapshot_id + route/order fingerprint,DATA_STALE; SCHEMA_INVALID; QUOTE_FAIL; SIM_REVERT; INVARIANT_FAIL; DEP_UNHEALTHY; ECON_FAIL; AUTH_FAIL,latency_ms; candidate_count; quote_errors; sim_reverts; gate_reason; expected_ev; realized_pnl; recon_delta,op_19 Simplex; op_21 Newton-Raphson; op_23 Queueing,op_08 Kalman; op_11 Bayes; op_22 Monte Carlo,Transacción única; bundle atómico; capital propio o flash liquidity,none,strategy.08.019.enabled,READY_FOR_CARTRIDGE_MIGRATION,https://aave.com/help/borrowing/liquidations
MEV-08-020,8,Bad-debt auction arbitrage,credit_liquidation_engine,L_AUCTION,DETERMINISTIC_AUCTION,LENDING,Auction lot/price curve; collateral; protocol debt; deadline; market liquidity.,"Candidate{strategy_id, snapshot_id, amount, exact_quote, costs, risk, evidence_ids, gate_state}",Config loaded; required adapters healthy; snapshot schema valid; kill-switch false.,Deterministic evidence persisted; no state mutation outside executor; all costs/accounting fields present.,Detector/quote/simulation timeouts defined by group policy; timeout => NO-GO.,strategy_id + chain/domain + snapshot_id + route/order fingerprint,DATA_STALE; SCHEMA_INVALID; QUOTE_FAIL; SIM_REVERT; INVARIANT_FAIL; DEP_UNHEALTHY; ECON_FAIL; AUTH_FAIL,latency_ms; candidate_count; quote_errors; sim_reverts; gate_reason; expected_ev; realized_pnl; recon_delta,op_19 Simplex; op_21 Newton-Raphson; op_23 Queueing,op_08 Kalman; op_11 Bayes; op_22 Monte Carlo,Transacción única; bundle atómico; capital propio o flash liquidity,none,strategy.08.020.enabled,READY_FOR_CARTRIDGE_MIGRATION,https://aave.com/help/borrowing/liquidations
MEV-08-021,8,Recapitalization auction arbitrage,credit_liquidation_engine,L_AUCTION,DETERMINISTIC_AUCTION,LENDING,Auction lot/price curve; collateral; protocol debt; deadline; market liquidity.,"Candidate{strategy_id, snapshot_id, amount, exact_quote, costs, risk, evidence_ids, gate_state}",Config loaded; required adapters healthy; snapshot schema valid; kill-switch false.,Deterministic evidence persisted; no state mutation outside executor; all costs/accounting fields present.,Detector/quote/simulation timeouts defined by group policy; timeout => NO-GO.,strategy_id + chain/domain + snapshot_id + route/order fingerprint,DATA_STALE; SCHEMA_INVALID; QUOTE_FAIL; SIM_REVERT; INVARIANT_FAIL; DEP_UNHEALTHY; ECON_FAIL; AUTH_FAIL,latency_ms; candidate_count; quote_errors; sim_reverts; gate_reason; expected_ev; realized_pnl; recon_delta,op_19 Simplex; op_21 Newton-Raphson; op_23 Queueing,op_08 Kalman; op_11 Bayes; op_22 Monte Carlo,Transacción única; bundle atómico; capital propio o flash liquidity,none,strategy.08.021.enabled,READY_FOR_CARTRIDGE_MIGRATION,https://aave.com/help/borrowing/liquidations
MEV-08-022,8,Collateral redemption arbitrage,credit_liquidation_engine,L_COLLATERAL,DETERMINISTIC_IF_REDEEMABLE,LENDING,Collateral/debt token exchange rates; protocol oracle; repayment/redemption functions; market quotes.,"Candidate{strategy_id, snapshot_id, amount, exact_quote, costs, risk, evidence_ids, gate_state}",Config loaded; required adapters healthy; snapshot schema valid; kill-switch false.,Deterministic evidence persisted; no state mutation outside executor; all costs/accounting fields present.,Detector/quote/simulation timeouts defined by group policy; timeout => NO-GO.,strategy_id + chain/domain + snapshot_id + route/order fingerprint,DATA_STALE; SCHEMA_INVALID; QUOTE_FAIL; SIM_REVERT; INVARIANT_FAIL; DEP_UNHEALTHY; ECON_FAIL; AUTH_FAIL,latency_ms; candidate_count; quote_errors; sim_reverts; gate_reason; expected_ev; realized_pnl; recon_delta,op_13 Regression; op_08 Kalman; op_21 Newton-Raphson,op_11 Bayes; op_22 Monte Carlo,Transacción única; bundle atómico; capital propio o flash liquidity,none,strategy.08.022.enabled,READY_FOR_CARTRIDGE_MIGRATION,https://aave.com/help/borrowing/liquidations
MEV-08-023,8,Debt-repayment arbitrage,credit_liquidation_engine,L_COLLATERAL,DETERMINISTIC_IF_REDEEMABLE,LENDING,Collateral/debt token exchange rates; protocol oracle; repayment/redemption functions; market quotes.,"Candidate{strategy_id, snapshot_id, amount, exact_quote, costs, risk, evidence_ids, gate_state}",Config loaded; required adapters healthy; snapshot schema valid; kill-switch false.,Deterministic evidence persisted; no state mutation outside executor; all costs/accounting fields present.,Detector/quote/simulation timeouts defined by group policy; timeout => NO-GO.,strategy_id + chain/domain + snapshot_id + route/order fingerprint,DATA_STALE; SCHEMA_INVALID; QUOTE_FAIL; SIM_REVERT; INVARIANT_FAIL; DEP_UNHEALTHY; ECON_FAIL; AUTH_FAIL,latency_ms; candidate_count; quote_errors; sim_reverts; gate_reason; expected_ev; realized_pnl; recon_delta,op_13 Regression; op_08 Kalman; op_21 Newton-Raphson,op_11 Bayes; op_22 Monte Carlo,Transacción única; bundle atómico; capital propio o flash liquidity,none,strategy.08.023.enabled,READY_FOR_CARTRIDGE_MIGRATION,https://aave.com/help/borrowing/liquidations
MEV-08-024,8,Underwater-position takeover arbitrage,credit_liquidation_engine,L_LIQ,DETERMINISTIC_LIQUIDATION,LENDING,Account collateral/debt; liquidation thresholds/bonuses; oracle prices; close factor; firm unwind route; gas/flash fee.,"Candidate{strategy_id, snapshot_id, amount, exact_quote, costs, risk, evidence_ids, gate_state}",Config loaded; required adapters healthy; snapshot schema valid; kill-switch false.,Deterministic evidence persisted; no state mutation outside executor; all costs/accounting fields present.,Detector/quote/simulation timeouts defined by group policy; timeout => NO-GO.,strategy_id + chain/domain + snapshot_id + route/order fingerprint,DATA_STALE; SCHEMA_INVALID; QUOTE_FAIL; SIM_REVERT; INVARIANT_FAIL; DEP_UNHEALTHY; ECON_FAIL; AUTH_FAIL,latency_ms; candidate_count; quote_errors; sim_reverts; gate_reason; expected_ev; realized_pnl; recon_delta,op_21 Newton-Raphson; op_08 Kalman; op_26 Flash Loan; op_16 Kelly,op_11 Bayes; op_13 Regression; op_22 Monte Carlo; op_23 Queueing,Transacción única; bundle atómico; capital propio o flash liquidity,none,strategy.08.024.enabled,READY_FOR_CARTRIDGE_MIGRATION,https://aave.com/help/borrowing/liquidations
MEV-08-025,8,Interest-accrual timing arbitrage,credit_liquidation_engine,L_RATE,DETERMINISTIC_IF_POSITIONS,LENDING,Supply/borrow indices and rates; utilization; collateral/margin requirements; fees; market hedge.,"Candidate{strategy_id, snapshot_id, amount, exact_quote, costs, risk, evidence_ids, gate_state}",Config loaded; required adapters healthy; snapshot schema valid; kill-switch false.,Deterministic evidence persisted; no state mutation outside executor; all costs/accounting fields present.,Detector/quote/simulation timeouts defined by group policy; timeout => NO-GO.,strategy_id + chain/domain + snapshot_id + route/order fingerprint,DATA_STALE; SCHEMA_INVALID; QUOTE_FAIL; SIM_REVERT; INVARIANT_FAIL; DEP_UNHEALTHY; ECON_FAIL; AUTH_FAIL,latency_ms; candidate_count; quote_errors; sim_reverts; gate_reason; expected_ev; realized_pnl; recon_delta,op_13 Regression; op_08 Kalman; op_21 Newton-Raphson,op_10 Welford; op_11 Bayes; op_16 Kelly; op_22 Monte Carlo,Refinanciación atómica si protocolos y activos comparten dominio,none,strategy.08.025.enabled,READY_FOR_CARTRIDGE_MIGRATION,https://aave.com/help/borrowing/liquidations
MEV-09-001,9,Solver arbitrage,intents_solver_engine,I_ROUTE,DETERMINISTIC_SETTLEMENT,INTENT_AUCTION,Intent/order constraints; balances/approvals; external liquidity; gas; valid-to; settlement contract.,"Candidate{strategy_id, snapshot_id, amount, exact_quote, costs, risk, evidence_ids, gate_state}",Config loaded; required adapters healthy; snapshot schema valid; kill-switch false.,Deterministic evidence persisted; no state mutation outside executor; all costs/accounting fields present.,Detector/quote/simulation timeouts defined by group policy; timeout => NO-GO.,strategy_id + chain/domain + snapshot_id + route/order fingerprint,DATA_STALE; SCHEMA_INVALID; QUOTE_FAIL; SIM_REVERT; INVARIANT_FAIL; DEP_UNHEALTHY; ECON_FAIL; AUTH_FAIL,latency_ms; candidate_count; quote_errors; sim_reverts; gate_reason; expected_ev; realized_pnl; recon_delta,op_19 Simplex; op_27 Path Ordering; op_29 Shapley,op_20 Gradient Descent; op_22 Monte Carlo; op_24 Nash; op_23 Queueing,Settlement/bundle atómico del solver; netting y liquidez externa,none,strategy.09.001.enabled,READY_FOR_CARTRIDGE_MIGRATION,https://docs.cow.fi/
MEV-09-002,9,Intent-to-AMM arbitrage,intents_solver_engine,I_ROUTE,DETERMINISTIC_SETTLEMENT,INTENT_AUCTION,Intent/order constraints; balances/approvals; external liquidity; gas; valid-to; settlement contract.,"Candidate{strategy_id, snapshot_id, amount, exact_quote, costs, risk, evidence_ids, gate_state}",Config loaded; required adapters healthy; snapshot schema valid; kill-switch false.,Deterministic evidence persisted; no state mutation outside executor; all costs/accounting fields present.,Detector/quote/simulation timeouts defined by group policy; timeout => NO-GO.,strategy_id + chain/domain + snapshot_id + route/order fingerprint,DATA_STALE; SCHEMA_INVALID; QUOTE_FAIL; SIM_REVERT; INVARIANT_FAIL; DEP_UNHEALTHY; ECON_FAIL; AUTH_FAIL,latency_ms; candidate_count; quote_errors; sim_reverts; gate_reason; expected_ev; realized_pnl; recon_delta,op_19 Simplex; op_27 Path Ordering; op_29 Shapley,op_20 Gradient Descent; op_22 Monte Carlo; op_24 Nash; op_23 Queueing,Settlement/bundle atómico del solver; netting y liquidez externa,none,strategy.09.002.enabled,READY_FOR_CARTRIDGE_MIGRATION,https://docs.cow.fi/
MEV-09-003,9,Intent-to-CLOB arbitrage,intents_solver_engine,I_ROUTE,DETERMINISTIC_SETTLEMENT,INTENT_AUCTION,Intent/order constraints; balances/approvals; external liquidity; gas; valid-to; settlement contract.,"Candidate{strategy_id, snapshot_id, amount, exact_quote, costs, risk, evidence_ids, gate_state}",Config loaded; required adapters healthy; snapshot schema valid; kill-switch false.,Deterministic evidence persisted; no state mutation outside executor; all costs/accounting fields present.,Detector/quote/simulation timeouts defined by group policy; timeout => NO-GO.,strategy_id + chain/domain + snapshot_id + route/order fingerprint,DATA_STALE; SCHEMA_INVALID; QUOTE_FAIL; SIM_REVERT; INVARIANT_FAIL; DEP_UNHEALTHY; ECON_FAIL; AUTH_FAIL,latency_ms; candidate_count; quote_errors; sim_reverts; gate_reason; expected_ev; realized_pnl; recon_delta,op_19 Simplex; op_27 Path Ordering; op_29 Shapley,op_20 Gradient Descent; op_22 Monte Carlo; op_24 Nash; op_23 Queueing,Settlement/bundle atómico del solver; netting y liquidez externa,none,strategy.09.003.enabled,READY_FOR_CARTRIDGE_MIGRATION,https://docs.cow.fi/
MEV-09-004,9,Intent-to-RFQ arbitrage,intents_solver_engine,I_ROUTE,DETERMINISTIC_SETTLEMENT,INTENT_AUCTION,Intent/order constraints; balances/approvals; external liquidity; gas; valid-to; settlement contract.,"Candidate{strategy_id, snapshot_id, amount, exact_quote, costs, risk, evidence_ids, gate_state}",Config loaded; required adapters healthy; snapshot schema valid; kill-switch false.,Deterministic evidence persisted; no state mutation outside executor; all costs/accounting fields present.,Detector/quote/simulation timeouts defined by group policy; timeout => NO-GO.,strategy_id + chain/domain + snapshot_id + route/order fingerprint,DATA_STALE; SCHEMA_INVALID; QUOTE_FAIL; SIM_REVERT; INVARIANT_FAIL; DEP_UNHEALTHY; ECON_FAIL; AUTH_FAIL,latency_ms; candidate_count; quote_errors; sim_reverts; gate_reason; expected_ev; realized_pnl; recon_delta,op_19 Simplex; op_27 Path Ordering; op_29 Shapley,op_20 Gradient Descent; op_22 Monte Carlo; op_24 Nash; op_23 Queueing,Settlement/bundle atómico del solver; netting y liquidez externa,none,strategy.09.004.enabled,READY_FOR_CARTRIDGE_MIGRATION,https://docs.cow.fi/
MEV-09-005,9,Cross-intent netting arbitrage,intents_solver_engine,I_BATCH,DETERMINISTIC_SETTLEMENT,INTENT_AUCTION,Batch intents; limit prices; token graph; external quotes; settlement constraints.,"Candidate{strategy_id, snapshot_id, amount, exact_quote, costs, risk, evidence_ids, gate_state}",Config loaded; required adapters healthy; snapshot schema valid; kill-switch false.,Deterministic evidence persisted; no state mutation outside executor; all costs/accounting fields present.,Detector/quote/simulation timeouts defined by group policy; timeout => NO-GO.,strategy_id + chain/domain + snapshot_id + route/order fingerprint,DATA_STALE; SCHEMA_INVALID; QUOTE_FAIL; SIM_REVERT; INVARIANT_FAIL; DEP_UNHEALTHY; ECON_FAIL; AUTH_FAIL,latency_ms; candidate_count; quote_errors; sim_reverts; gate_reason; expected_ev; realized_pnl; recon_delta,op_19 Simplex; op_29 Shapley; op_24 Nash,op_20 Gradient Descent; op_27 Path Ordering; op_22 Monte Carlo,Settlement/bundle atómico del solver; netting y liquidez externa,none,strategy.09.005.enabled,READY_FOR_CARTRIDGE_MIGRATION,https://docs.cow.fi/
MEV-09-006,9,Coincidence-of-Wants settlement,intents_solver_engine,I_BATCH,DETERMINISTIC_SETTLEMENT,INTENT_AUCTION,Batch intents; limit prices; token graph; external quotes; settlement constraints.,"Candidate{strategy_id, snapshot_id, amount, exact_quote, costs, risk, evidence_ids, gate_state}",Config loaded; required adapters healthy; snapshot schema valid; kill-switch false.,Deterministic evidence persisted; no state mutation outside executor; all costs/accounting fields present.,Detector/quote/simulation timeouts defined by group policy; timeout => NO-GO.,strategy_id + chain/domain + snapshot_id + route/order fingerprint,DATA_STALE; SCHEMA_INVALID; QUOTE_FAIL; SIM_REVERT; INVARIANT_FAIL; DEP_UNHEALTHY; ECON_FAIL; AUTH_FAIL,latency_ms; candidate_count; quote_errors; sim_reverts; gate_reason; expected_ev; realized_pnl; recon_delta,op_19 Simplex; op_29 Shapley; op_24 Nash,op_20 Gradient Descent; op_27 Path Ordering; op_22 Monte Carlo,Settlement/bundle atómico del solver; netting y liquidez externa,none,strategy.09.006.enabled,READY_FOR_CARTRIDGE_MIGRATION,https://docs.cow.fi/
MEV-09-007,9,Batch-auction arbitrage,intents_solver_engine,I_BATCH,DETERMINISTIC_SETTLEMENT,INTENT_AUCTION,Batch intents; limit prices; token graph; external quotes; settlement constraints.,"Candidate{strategy_id, snapshot_id, amount, exact_quote, costs, risk, evidence_ids, gate_state}",Config loaded; required adapters healthy; snapshot schema valid; kill-switch false.,Deterministic evidence persisted; no state mutation outside executor; all costs/accounting fields present.,Detector/quote/simulation timeouts defined by group policy; timeout => NO-GO.,strategy_id + chain/domain + snapshot_id + route/order fingerprint,DATA_STALE; SCHEMA_INVALID; QUOTE_FAIL; SIM_REVERT; INVARIANT_FAIL; DEP_UNHEALTHY; ECON_FAIL; AUTH_FAIL,latency_ms; candidate_count; quote_errors; sim_reverts; gate_reason; expected_ev; realized_pnl; recon_delta,op_19 Simplex; op_29 Shapley; op_24 Nash,op_20 Gradient Descent; op_27 Path Ordering; op_22 Monte Carlo,Settlement/bundle atómico del solver; netting y liquidez externa,none,strategy.09.007.enabled,READY_FOR_CARTRIDGE_MIGRATION,https://docs.cow.fi/
MEV-09-008,9,Combinatorial-auction arbitrage,intents_solver_engine,I_BATCH,DETERMINISTIC_SETTLEMENT,INTENT_AUCTION,Batch intents; limit prices; token graph; external quotes; settlement constraints.,"Candidate{strategy_id, snapshot_id, amount, exact_quote, costs, risk, evidence_ids, gate_state}",Config loaded; required adapters healthy; snapshot schema valid; kill-switch false.,Deterministic evidence persisted; no state mutation outside executor; all costs/accounting fields present.,Detector/quote/simulation timeouts defined by group policy; timeout => NO-GO.,strategy_id + chain/domain + snapshot_id + route/order fingerprint,DATA_STALE; SCHEMA_INVALID; QUOTE_FAIL; SIM_REVERT; INVARIANT_FAIL; DEP_UNHEALTHY; ECON_FAIL; AUTH_FAIL,latency_ms; candidate_count; quote_errors; sim_reverts; gate_reason; expected_ev; realized_pnl; recon_delta,op_19 Simplex; op_29 Shapley; op_24 Nash,op_20 Gradient Descent; op_27 Path Ordering; op_22 Monte Carlo,Settlement/bundle atómico del solver; netting y liquidez externa,none,strategy.09.008.enabled,READY_FOR_CARTRIDGE_MIGRATION,https://docs.cow.fi/
MEV-09-009,9,Dutch-auction decay arbitrage,intents_solver_engine,I_DUTCH,DETERMINISTIC_AUCTION,INTENT_AUCTION,Auction start/end price/time; current timestamp; firm external quote; competition/latency.,"Candidate{strategy_id, snapshot_id, amount, exact_quote, costs, risk, evidence_ids, gate_state}",Config loaded; required adapters healthy; snapshot schema valid; kill-switch false.,Deterministic evidence persisted; no state mutation outside executor; all costs/accounting fields present.,Detector/quote/simulation timeouts defined by group policy; timeout => NO-GO.,strategy_id + chain/domain + snapshot_id + route/order fingerprint,DATA_STALE; SCHEMA_INVALID; QUOTE_FAIL; SIM_REVERT; INVARIANT_FAIL; DEP_UNHEALTHY; ECON_FAIL; AUTH_FAIL,latency_ms; candidate_count; quote_errors; sim_reverts; gate_reason; expected_ev; realized_pnl; recon_delta,op_23 Queueing; op_21 Newton-Raphson; op_24 Nash,op_08 Kalman; op_11 Bayes; op_22 Monte Carlo,Settlement/bundle atómico del solver; netting y liquidez externa,none,strategy.09.009.enabled,READY_FOR_CARTRIDGE_MIGRATION,https://docs.cow.fi/
MEV-09-010,9,Exclusive-order-flow arbitrage,intents_solver_engine,I_ORDERFLOW,AUTHORIZED_FLOW_ONLY,INTENT_AUCTION,Explicitly authorized/private order feed; bundle contents; settlement rules; route quotes.,"Candidate{strategy_id, snapshot_id, amount, exact_quote, costs, risk, evidence_ids, gate_state}",Config loaded; required adapters healthy; snapshot schema valid; kill-switch false.,Deterministic evidence persisted; no state mutation outside executor; all costs/accounting fields present.,Detector/quote/simulation timeouts defined by group policy; timeout => NO-GO.,strategy_id + chain/domain + snapshot_id + route/order fingerprint,DATA_STALE; SCHEMA_INVALID; QUOTE_FAIL; SIM_REVERT; INVARIANT_FAIL; DEP_UNHEALTHY; ECON_FAIL; AUTH_FAIL,latency_ms; candidate_count; quote_errors; sim_reverts; gate_reason; expected_ev; realized_pnl; recon_delta,op_25 Bundle Recon; op_27 Path Ordering; op_24 Nash,op_11 Bayes; op_22 Monte Carlo; op_23 Queueing,Settlement/bundle atómico del solver; netting y liquidez externa,none,strategy.09.010.enabled,READY_FOR_CARTRIDGE_MIGRATION,https://docs.cow.fi/
MEV-09-011,9,Order-flow-auction arbitrage,intents_solver_engine,I_ORDERFLOW,AUTHORIZED_FLOW_ONLY,INTENT_AUCTION,Explicitly authorized/private order feed; bundle contents; settlement rules; route quotes.,"Candidate{strategy_id, snapshot_id, amount, exact_quote, costs, risk, evidence_ids, gate_state}",Config loaded; required adapters healthy; snapshot schema valid; kill-switch false.,Deterministic evidence persisted; no state mutation outside executor; all costs/accounting fields present.,Detector/quote/simulation timeouts defined by group policy; timeout => NO-GO.,strategy_id + chain/domain + snapshot_id + route/order fingerprint,DATA_STALE; SCHEMA_INVALID; QUOTE_FAIL; SIM_REVERT; INVARIANT_FAIL; DEP_UNHEALTHY; ECON_FAIL; AUTH_FAIL,latency_ms; candidate_count; quote_errors; sim_reverts; gate_reason; expected_ev; realized_pnl; recon_delta,op_25 Bundle Recon; op_27 Path Ordering; op_24 Nash,op_11 Bayes; op_22 Monte Carlo; op_23 Queueing,Settlement/bundle atómico del solver; netting y liquidez externa,none,strategy.09.011.enabled,READY_FOR_CARTRIDGE_MIGRATION,https://docs.cow.fi/
MEV-09-012,9,Surplus-capture arbitrage,intents_solver_engine,I_ROUTE,DETERMINISTIC_SETTLEMENT,INTENT_AUCTION,Intent/order constraints; balances/approvals; external liquidity; gas; valid-to; settlement contract.,"Candidate{strategy_id, snapshot_id, amount, exact_quote, costs, risk, evidence_ids, gate_state}",Config loaded; required adapters healthy; snapshot schema valid; kill-switch false.,Deterministic evidence persisted; no state mutation outside executor; all costs/accounting fields present.,Detector/quote/simulation timeouts defined by group policy; timeout => NO-GO.,strategy_id + chain/domain + snapshot_id + route/order fingerprint,DATA_STALE; SCHEMA_INVALID; QUOTE_FAIL; SIM_REVERT; INVARIANT_FAIL; DEP_UNHEALTHY; ECON_FAIL; AUTH_FAIL,latency_ms; candidate_count; quote_errors; sim_reverts; gate_reason; expected_ev; realized_pnl; recon_delta,op_19 Simplex; op_27 Path Ordering; op_29 Shapley,op_20 Gradient Descent; op_22 Monte Carlo; op_24 Nash; op_23 Queueing,Settlement/bundle atómico del solver; netting y liquidez externa,none,strategy.09.012.enabled,READY_FOR_CARTRIDGE_MIGRATION,https://docs.cow.fi/
MEV-09-013,9,Price-improvement arbitrage,intents_solver_engine,I_ROUTE,DETERMINISTIC_SETTLEMENT,INTENT_AUCTION,Intent/order constraints; balances/approvals; external liquidity; gas; valid-to; settlement contract.,"Candidate{strategy_id, snapshot_id, amount, exact_quote, costs, risk, evidence_ids, gate_state}",Config loaded; required adapters healthy; snapshot schema valid; kill-switch false.,Deterministic evidence persisted; no state mutation outside executor; all costs/accounting fields present.,Detector/quote/simulation timeouts defined by group policy; timeout => NO-GO.,strategy_id + chain/domain + snapshot_id + route/order fingerprint,DATA_STALE; SCHEMA_INVALID; QUOTE_FAIL; SIM_REVERT; INVARIANT_FAIL; DEP_UNHEALTHY; ECON_FAIL; AUTH_FAIL,latency_ms; candidate_count; quote_errors; sim_reverts; gate_reason; expected_ev; realized_pnl; recon_delta,op_19 Simplex; op_27 Path Ordering; op_29 Shapley,op_20 Gradient Descent; op_22 Monte Carlo; op_24 Nash; op_23 Queueing,Settlement/bundle atómico del solver; netting y liquidez externa,none,strategy.09.013.enabled,READY_FOR_CARTRIDGE_MIGRATION,https://docs.cow.fi/
MEV-09-014,9,Internalization arbitrage,intents_solver_engine,I_ROUTE,DETERMINISTIC_SETTLEMENT,INTENT_AUCTION,Intent/order constraints; balances/approvals; external liquidity; gas; valid-to; settlement contract.,"Candidate{strategy_id, snapshot_id, amount, exact_quote, costs, risk, evidence_ids, gate_state}",Config loaded; required adapters healthy; snapshot schema valid; kill-switch false.,Deterministic evidence persisted; no state mutation outside executor; all costs/accounting fields present.,Detector/quote/simulation timeouts defined by group policy; timeout => NO-GO.,strategy_id + chain/domain + snapshot_id + route/order fingerprint,DATA_STALE; SCHEMA_INVALID; QUOTE_FAIL; SIM_REVERT; INVARIANT_FAIL; DEP_UNHEALTHY; ECON_FAIL; AUTH_FAIL,latency_ms; candidate_count; quote_errors; sim_reverts; gate_reason; expected_ev; realized_pnl; recon_delta,op_19 Simplex; op_27 Path Ordering; op_29 Shapley,op_20 Gradient Descent; op_22 Monte Carlo; op_24 Nash; op_23 Queueing,Settlement/bundle atómico del solver; netting y liquidez externa,none,strategy.09.014.enabled,READY_FOR_CARTRIDGE_MIGRATION,https://docs.cow.fi/
MEV-09-015,9,Solver-routing arbitrage,intents_solver_engine,I_ROUTE,DETERMINISTIC_SETTLEMENT,INTENT_AUCTION,Intent/order constraints; balances/approvals; external liquidity; gas; valid-to; settlement contract.,"Candidate{strategy_id, snapshot_id, amount, exact_quote, costs, risk, evidence_ids, gate_state}",Config loaded; required adapters healthy; snapshot schema valid; kill-switch false.,Deterministic evidence persisted; no state mutation outside executor; all costs/accounting fields present.,Detector/quote/simulation timeouts defined by group policy; timeout => NO-GO.,strategy_id + chain/domain + snapshot_id + route/order fingerprint,DATA_STALE; SCHEMA_INVALID; QUOTE_FAIL; SIM_REVERT; INVARIANT_FAIL; DEP_UNHEALTHY; ECON_FAIL; AUTH_FAIL,latency_ms; candidate_count; quote_errors; sim_reverts; gate_reason; expected_ev; realized_pnl; recon_delta,op_19 Simplex; op_27 Path Ordering; op_29 Shapley,op_20 Gradient Descent; op_22 Monte Carlo; op_24 Nash; op_23 Queueing,Settlement/bundle atómico del solver; netting y liquidez externa,none,strategy.09.015.enabled,READY_FOR_CARTRIDGE_MIGRATION,https://docs.cow.fi/
MEV-09-016,9,Solver–solver latency arbitrage,intents_solver_engine,I_ROUTE,DETERMINISTIC_SETTLEMENT,INTENT_AUCTION,Intent/order constraints; balances/approvals; external liquidity; gas; valid-to; settlement contract.,"Candidate{strategy_id, snapshot_id, amount, exact_quote, costs, risk, evidence_ids, gate_state}",Config loaded; required adapters healthy; snapshot schema valid; kill-switch false.,Deterministic evidence persisted; no state mutation outside executor; all costs/accounting fields present.,Detector/quote/simulation timeouts defined by group policy; timeout => NO-GO.,strategy_id + chain/domain + snapshot_id + route/order fingerprint,DATA_STALE; SCHEMA_INVALID; QUOTE_FAIL; SIM_REVERT; INVARIANT_FAIL; DEP_UNHEALTHY; ECON_FAIL; AUTH_FAIL,latency_ms; candidate_count; quote_errors; sim_reverts; gate_reason; expected_ev; realized_pnl; recon_delta,op_19 Simplex; op_27 Path Ordering; op_29 Shapley,op_20 Gradient Descent; op_22 Monte Carlo; op_24 Nash; op_23 Queueing,Settlement/bundle atómico del solver; netting y liquidez externa,none,strategy.09.016.enabled,READY_FOR_CARTRIDGE_MIGRATION,https://docs.cow.fi/
MEV-09-017,9,Private-order-flow backrun,intents_solver_engine,I_ORDERFLOW,AUTHORIZED_FLOW_ONLY,INTENT_AUCTION,Explicitly authorized/private order feed; bundle contents; settlement rules; route quotes.,"Candidate{strategy_id, snapshot_id, amount, exact_quote, costs, risk, evidence_ids, gate_state}",Config loaded; required adapters healthy; snapshot schema valid; kill-switch false.,Deterministic evidence persisted; no state mutation outside executor; all costs/accounting fields present.,Detector/quote/simulation timeouts defined by group policy; timeout => NO-GO.,strategy_id + chain/domain + snapshot_id + route/order fingerprint,DATA_STALE; SCHEMA_INVALID; QUOTE_FAIL; SIM_REVERT; INVARIANT_FAIL; DEP_UNHEALTHY; ECON_FAIL; AUTH_FAIL,latency_ms; candidate_count; quote_errors; sim_reverts; gate_reason; expected_ev; realized_pnl; recon_delta,op_25 Bundle Recon; op_27 Path Ordering; op_24 Nash,op_11 Bayes; op_22 Monte Carlo; op_23 Queueing,Settlement/bundle atómico del solver; netting y liquidez externa,none,strategy.09.017.enabled,READY_FOR_CARTRIDGE_MIGRATION,https://docs.cow.fi/
MEV-09-018,9,MEV-Share backrun arbitrage,intents_solver_engine,I_ORDERFLOW,AUTHORIZED_FLOW_ONLY,INTENT_AUCTION,Explicitly authorized/private order feed; bundle contents; settlement rules; route quotes.,"Candidate{strategy_id, snapshot_id, amount, exact_quote, costs, risk, evidence_ids, gate_state}",Config loaded; required adapters healthy; snapshot schema valid; kill-switch false.,Deterministic evidence persisted; no state mutation outside executor; all costs/accounting fields present.,Detector/quote/simulation timeouts defined by group policy; timeout => NO-GO.,strategy_id + chain/domain + snapshot_id + route/order fingerprint,DATA_STALE; SCHEMA_INVALID; QUOTE_FAIL; SIM_REVERT; INVARIANT_FAIL; DEP_UNHEALTHY; ECON_FAIL; AUTH_FAIL,latency_ms; candidate_count; quote_errors; sim_reverts; gate_reason; expected_ev; realized_pnl; recon_delta,op_25 Bundle Recon; op_27 Path Ordering; op_24 Nash,op_11 Bayes; op_22 Monte Carlo; op_23 Queueing,Settlement/bundle atómico del solver; netting y liquidez externa,none,strategy.09.018.enabled,READY_FOR_CARTRIDGE_MIGRATION,https://docs.cow.fi/
MEV-09-019,9,Builder-integrated arbitrage,intents_solver_engine,OBSERVE,OBSERVE_ONLY,INTENT_AUCTION,"Telemetry/evidence only; no fabricated private flow, reorg certainty, future resolution or unavailable external data.","Candidate{strategy_id, snapshot_id, amount, exact_quote, costs, risk, evidence_ids, gate_state}",Config loaded; required adapters healthy; snapshot schema valid; kill-switch false.,Deterministic evidence persisted; no state mutation outside executor; all costs/accounting fields present.,Detector/quote/simulation timeouts defined by group policy; timeout => NO-GO.,strategy_id + chain/domain + snapshot_id + route/order fingerprint,DATA_STALE; SCHEMA_INVALID; QUOTE_FAIL; SIM_REVERT; INVARIANT_FAIL; DEP_UNHEALTHY; ECON_FAIL; AUTH_FAIL,latency_ms; candidate_count; quote_errors; sim_reverts; gate_reason; expected_ev; realized_pnl; recon_delta,op_10 Welford; op_11 Bayes,op_22 Monte Carlo,Settlement/bundle atómico del solver; netting y liquidez externa,none,strategy.09.019.enabled,OBSERVE_ONLY_BY_DESIGN,https://arxiv.org/abs/2204.05238
MEV-09-020,9,Searcher–builder vertically integrated arbitrage,intents_solver_engine,OBSERVE,OBSERVE_ONLY,INTENT_AUCTION,"Telemetry/evidence only; no fabricated private flow, reorg certainty, future resolution or unavailable external data.","Candidate{strategy_id, snapshot_id, amount, exact_quote, costs, risk, evidence_ids, gate_state}",Config loaded; required adapters healthy; snapshot schema valid; kill-switch false.,Deterministic evidence persisted; no state mutation outside executor; all costs/accounting fields present.,Detector/quote/simulation timeouts defined by group policy; timeout => NO-GO.,strategy_id + chain/domain + snapshot_id + route/order fingerprint,DATA_STALE; SCHEMA_INVALID; QUOTE_FAIL; SIM_REVERT; INVARIANT_FAIL; DEP_UNHEALTHY; ECON_FAIL; AUTH_FAIL,latency_ms; candidate_count; quote_errors; sim_reverts; gate_reason; expected_ev; realized_pnl; recon_delta,op_10 Welford; op_11 Bayes,op_22 Monte Carlo,Settlement/bundle atómico del solver; netting y liquidez externa,none,strategy.09.020.enabled,OBSERVE_ONLY_BY_DESIGN,https://arxiv.org/abs/2204.05238
MEV-10-001,10,Cross-marketplace NFT arbitrage,nft_engine,N_IDENTICAL,DETERMINISTIC_IF_FIRM_BID,NFT,TokenId identity; executable listing/ask and bid; royalties; marketplace fees; ownership/approval state.,"Candidate{strategy_id, snapshot_id, amount, exact_quote, costs, risk, evidence_ids, gate_state}",Config loaded; required adapters healthy; snapshot schema valid; kill-switch false.,Deterministic evidence persisted; no state mutation outside executor; all costs/accounting fields present.,Detector/quote/simulation timeouts defined by group policy; timeout => NO-GO.,strategy_id + chain/domain + snapshot_id + route/order fingerprint,DATA_STALE; SCHEMA_INVALID; QUOTE_FAIL; SIM_REVERT; INVARIANT_FAIL; DEP_UNHEALTHY; ECON_FAIL; AUTH_FAIL,latency_ms; candidate_count; quote_errors; sim_reverts; gate_reason; expected_ev; realized_pnl; recon_delta,op_08 Kalman; op_10 Welford; op_21 Newton-Raphson,op_11 Bayes; op_22 Monte Carlo; op_23 Queueing,Compra+venta/redención en una transacción si mercados y estándar lo permiten,none,strategy.10.001.enabled,READY_FOR_CARTRIDGE_MIGRATION,https://arxiv.org/abs/2204.05238
MEV-10-002,10,Floor-price arbitrage,nft_engine,N_FLOOR,SIGNAL_UNLESS_FIRM_EXIT,NFT,Listings; trait metadata; firm bids; sale history; royalty/fees; redemption if applicable.,"Candidate{strategy_id, snapshot_id, amount, exact_quote, costs, risk, evidence_ids, gate_state}",Config loaded; required adapters healthy; snapshot schema valid; kill-switch false.,Deterministic evidence persisted; no state mutation outside executor; all costs/accounting fields present.,Detector/quote/simulation timeouts defined by group policy; timeout => NO-GO.,strategy_id + chain/domain + snapshot_id + route/order fingerprint,DATA_STALE; SCHEMA_INVALID; QUOTE_FAIL; SIM_REVERT; INVARIANT_FAIL; DEP_UNHEALTHY; ECON_FAIL; AUTH_FAIL,latency_ms; candidate_count; quote_errors; sim_reverts; gate_reason; expected_ev; realized_pnl; recon_delta,op_08 Kalman; op_10 Welford; op_11 Bayes,op_13 Regression; op_22 Monte Carlo,Compra+venta/redención en una transacción si mercados y estándar lo permiten,none,strategy.10.002.enabled,READY_FOR_CARTRIDGE_MIGRATION,https://arxiv.org/abs/2204.05238
MEV-10-003,10,Trait-floor arbitrage,nft_engine,N_FLOOR,SIGNAL_UNLESS_FIRM_EXIT,NFT,Listings; trait metadata; firm bids; sale history; royalty/fees; redemption if applicable.,"Candidate{strategy_id, snapshot_id, amount, exact_quote, costs, risk, evidence_ids, gate_state}",Config loaded; required adapters healthy; snapshot schema valid; kill-switch false.,Deterministic evidence persisted; no state mutation outside executor; all costs/accounting fields present.,Detector/quote/simulation timeouts defined by group policy; timeout => NO-GO.,strategy_id + chain/domain + snapshot_id + route/order fingerprint,DATA_STALE; SCHEMA_INVALID; QUOTE_FAIL; SIM_REVERT; INVARIANT_FAIL; DEP_UNHEALTHY; ECON_FAIL; AUTH_FAIL,latency_ms; candidate_count; quote_errors; sim_reverts; gate_reason; expected_ev; realized_pnl; recon_delta,op_08 Kalman; op_10 Welford; op_11 Bayes,op_13 Regression; op_22 Monte Carlo,Compra+venta/redención en una transacción si mercados y estándar lo permiten,none,strategy.10.003.enabled,READY_FOR_CARTRIDGE_MIGRATION,https://arxiv.org/abs/2204.05238
MEV-10-004,10,Collection basket arbitrage,nft_engine,N_FLOOR,SIGNAL_UNLESS_FIRM_EXIT,NFT,Listings; trait metadata; firm bids; sale history; royalty/fees; redemption if applicable.,"Candidate{strategy_id, snapshot_id, amount, exact_quote, costs, risk, evidence_ids, gate_state}",Config loaded; required adapters healthy; snapshot schema valid; kill-switch false.,Deterministic evidence persisted; no state mutation outside executor; all costs/accounting fields present.,Detector/quote/simulation timeouts defined by group policy; timeout => NO-GO.,strategy_id + chain/domain + snapshot_id + route/order fingerprint,DATA_STALE; SCHEMA_INVALID; QUOTE_FAIL; SIM_REVERT; INVARIANT_FAIL; DEP_UNHEALTHY; ECON_FAIL; AUTH_FAIL,latency_ms; candidate_count; quote_errors; sim_reverts; gate_reason; expected_ev; realized_pnl; recon_delta,op_08 Kalman; op_10 Welford; op_11 Bayes,op_13 Regression; op_22 Monte Carlo,Compra+venta/redención en una transacción si mercados y estándar lo permiten,none,strategy.10.004.enabled,READY_FOR_CARTRIDGE_MIGRATION,https://arxiv.org/abs/2204.05238
MEV-10-005,10,Bid–ask NFT arbitrage,nft_engine,N_IDENTICAL,DETERMINISTIC_IF_FIRM_BID,NFT,TokenId identity; executable listing/ask and bid; royalties; marketplace fees; ownership/approval state.,"Candidate{strategy_id, snapshot_id, amount, exact_quote, costs, risk, evidence_ids, gate_state}",Config loaded; required adapters healthy; snapshot schema valid; kill-switch false.,Deterministic evidence persisted; no state mutation outside executor; all costs/accounting fields present.,Detector/quote/simulation timeouts defined by group policy; timeout => NO-GO.,strategy_id + chain/domain + snapshot_id + route/order fingerprint,DATA_STALE; SCHEMA_INVALID; QUOTE_FAIL; SIM_REVERT; INVARIANT_FAIL; DEP_UNHEALTHY; ECON_FAIL; AUTH_FAIL,latency_ms; candidate_count; quote_errors; sim_reverts; gate_reason; expected_ev; realized_pnl; recon_delta,op_08 Kalman; op_10 Welford; op_21 Newton-Raphson,op_11 Bayes; op_22 Monte Carlo; op_23 Queueing,Compra+venta/redención en una transacción si mercados y estándar lo permiten,none,strategy.10.005.enabled,READY_FOR_CARTRIDGE_MIGRATION,https://arxiv.org/abs/2204.05238
MEV-10-006,10,AMM–marketplace NFT arbitrage,nft_engine,N_AMM,DETERMINISTIC_IF_FIRM_EXIT,NFT,NFT AMM curve/state; eligible token set; marketplace firm quotes; royalties; fees.,"Candidate{strategy_id, snapshot_id, amount, exact_quote, costs, risk, evidence_ids, gate_state}",Config loaded; required adapters healthy; snapshot schema valid; kill-switch false.,Deterministic evidence persisted; no state mutation outside executor; all costs/accounting fields present.,Detector/quote/simulation timeouts defined by group policy; timeout => NO-GO.,strategy_id + chain/domain + snapshot_id + route/order fingerprint,DATA_STALE; SCHEMA_INVALID; QUOTE_FAIL; SIM_REVERT; INVARIANT_FAIL; DEP_UNHEALTHY; ECON_FAIL; AUTH_FAIL,latency_ms; candidate_count; quote_errors; sim_reverts; gate_reason; expected_ev; realized_pnl; recon_delta,op_21 Newton-Raphson; op_15 Golden Section; op_08 Kalman,op_10 Welford; op_22 Monte Carlo,Compra+venta/redención en una transacción si mercados y estándar lo permiten,none,strategy.10.006.enabled,READY_FOR_CARTRIDGE_MIGRATION,https://arxiv.org/abs/2107.12484
MEV-10-007,10,NFT AMM–NFT AMM arbitrage,nft_engine,N_AMM,DETERMINISTIC_IF_FIRM_EXIT,NFT,NFT AMM curve/state; eligible token set; marketplace firm quotes; royalties; fees.,"Candidate{strategy_id, snapshot_id, amount, exact_quote, costs, risk, evidence_ids, gate_state}",Config loaded; required adapters healthy; snapshot schema valid; kill-switch false.,Deterministic evidence persisted; no state mutation outside executor; all costs/accounting fields present.,Detector/quote/simulation timeouts defined by group policy; timeout => NO-GO.,strategy_id + chain/domain + snapshot_id + route/order fingerprint,DATA_STALE; SCHEMA_INVALID; QUOTE_FAIL; SIM_REVERT; INVARIANT_FAIL; DEP_UNHEALTHY; ECON_FAIL; AUTH_FAIL,latency_ms; candidate_count; quote_errors; sim_reverts; gate_reason; expected_ev; realized_pnl; recon_delta,op_21 Newton-Raphson; op_15 Golden Section; op_08 Kalman,op_10 Welford; op_22 Monte Carlo,Compra+venta/redención en una transacción si mercados y estándar lo permiten,none,strategy.10.007.enabled,READY_FOR_CARTRIDGE_MIGRATION,https://arxiv.org/abs/2107.12484
MEV-10-008,10,Mint-to-secondary-market arbitrage,nft_engine,N_IDENTICAL,DETERMINISTIC_IF_FIRM_BID,NFT,TokenId identity; executable listing/ask and bid; royalties; marketplace fees; ownership/approval state.,"Candidate{strategy_id, snapshot_id, amount, exact_quote, costs, risk, evidence_ids, gate_state}",Config loaded; required adapters healthy; snapshot schema valid; kill-switch false.,Deterministic evidence persisted; no state mutation outside executor; all costs/accounting fields present.,Detector/quote/simulation timeouts defined by group policy; timeout => NO-GO.,strategy_id + chain/domain + snapshot_id + route/order fingerprint,DATA_STALE; SCHEMA_INVALID; QUOTE_FAIL; SIM_REVERT; INVARIANT_FAIL; DEP_UNHEALTHY; ECON_FAIL; AUTH_FAIL,latency_ms; candidate_count; quote_errors; sim_reverts; gate_reason; expected_ev; realized_pnl; recon_delta,op_08 Kalman; op_10 Welford; op_21 Newton-Raphson,op_11 Bayes; op_22 Monte Carlo; op_23 Queueing,Compra+venta/redención en una transacción si mercados y estándar lo permiten,none,strategy.10.008.enabled,READY_FOR_CARTRIDGE_MIGRATION,https://arxiv.org/abs/2204.05238
MEV-10-009,10,Underpriced-listing arbitrage,nft_engine,N_FLOOR,SIGNAL_UNLESS_FIRM_EXIT,NFT,Listings; trait metadata; firm bids; sale history; royalty/fees; redemption if applicable.,"Candidate{strategy_id, snapshot_id, amount, exact_quote, costs, risk, evidence_ids, gate_state}",Config loaded; required adapters healthy; snapshot schema valid; kill-switch false.,Deterministic evidence persisted; no state mutation outside executor; all costs/accounting fields present.,Detector/quote/simulation timeouts defined by group policy; timeout => NO-GO.,strategy_id + chain/domain + snapshot_id + route/order fingerprint,DATA_STALE; SCHEMA_INVALID; QUOTE_FAIL; SIM_REVERT; INVARIANT_FAIL; DEP_UNHEALTHY; ECON_FAIL; AUTH_FAIL,latency_ms; candidate_count; quote_errors; sim_reverts; gate_reason; expected_ev; realized_pnl; recon_delta,op_08 Kalman; op_10 Welford; op_11 Bayes,op_13 Regression; op_22 Monte Carlo,Compra+venta/redención en una transacción si mercados y estándar lo permiten,none,strategy.10.009.enabled,READY_FOR_CARTRIDGE_MIGRATION,https://arxiv.org/abs/2204.05238
MEV-10-010,10,NFT fractionalization arbitrage,nft_engine,N_REDEEM,DETERMINISTIC_IF_REDEEMABLE,NFT,Fractionalization/redemption contract; bundle composition; firm component bids; fees.,"Candidate{strategy_id, snapshot_id, amount, exact_quote, costs, risk, evidence_ids, gate_state}",Config loaded; required adapters healthy; snapshot schema valid; kill-switch false.,Deterministic evidence persisted; no state mutation outside executor; all costs/accounting fields present.,Detector/quote/simulation timeouts defined by group policy; timeout => NO-GO.,strategy_id + chain/domain + snapshot_id + route/order fingerprint,DATA_STALE; SCHEMA_INVALID; QUOTE_FAIL; SIM_REVERT; INVARIANT_FAIL; DEP_UNHEALTHY; ECON_FAIL; AUTH_FAIL,latency_ms; candidate_count; quote_errors; sim_reverts; gate_reason; expected_ev; realized_pnl; recon_delta,op_19 Simplex; op_21 Newton-Raphson; op_13 Regression,op_08 Kalman; op_11 Bayes; op_22 Monte Carlo,Compra+venta/redención en una transacción si mercados y estándar lo permiten,none,strategy.10.010.enabled,READY_FOR_CARTRIDGE_MIGRATION,https://arxiv.org/abs/2107.12484
MEV-10-011,10,Fractional-token redemption arbitrage,nft_engine,N_REDEEM,DETERMINISTIC_IF_REDEEMABLE,NFT,Fractionalization/redemption contract; bundle composition; firm component bids; fees.,"Candidate{strategy_id, snapshot_id, amount, exact_quote, costs, risk, evidence_ids, gate_state}",Config loaded; required adapters healthy; snapshot schema valid; kill-switch false.,Deterministic evidence persisted; no state mutation outside executor; all costs/accounting fields present.,Detector/quote/simulation timeouts defined by group policy; timeout => NO-GO.,strategy_id + chain/domain + snapshot_id + route/order fingerprint,DATA_STALE; SCHEMA_INVALID; QUOTE_FAIL; SIM_REVERT; INVARIANT_FAIL; DEP_UNHEALTHY; ECON_FAIL; AUTH_FAIL,latency_ms; candidate_count; quote_errors; sim_reverts; gate_reason; expected_ev; realized_pnl; recon_delta,op_19 Simplex; op_21 Newton-Raphson; op_13 Regression,op_08 Kalman; op_11 Bayes; op_22 Monte Carlo,Compra+venta/redención en una transacción si mercados y estándar lo permiten,none,strategy.10.011.enabled,READY_FOR_CARTRIDGE_MIGRATION,https://arxiv.org/abs/2107.12484
MEV-10-012,10,NFT-backed-loan liquidation arbitrage,nft_engine,N_LIQ,DETERMINISTIC_IF_FIRM_BID,NFT,Loan state; liquidation rules; oracle/appraisal; firm NFT bid/liquidity; gas.,"Candidate{strategy_id, snapshot_id, amount, exact_quote, costs, risk, evidence_ids, gate_state}",Config loaded; required adapters healthy; snapshot schema valid; kill-switch false.,Deterministic evidence persisted; no state mutation outside executor; all costs/accounting fields present.,Detector/quote/simulation timeouts defined by group policy; timeout => NO-GO.,strategy_id + chain/domain + snapshot_id + route/order fingerprint,DATA_STALE; SCHEMA_INVALID; QUOTE_FAIL; SIM_REVERT; INVARIANT_FAIL; DEP_UNHEALTHY; ECON_FAIL; AUTH_FAIL,latency_ms; candidate_count; quote_errors; sim_reverts; gate_reason; expected_ev; realized_pnl; recon_delta,op_08 Kalman; op_11 Bayes; op_21 Newton-Raphson,op_22 Monte Carlo; op_23 Queueing; op_16 Kelly,Compra+venta/redención en una transacción si mercados y estándar lo permiten,none,strategy.10.012.enabled,READY_FOR_CARTRIDGE_MIGRATION,https://aave.com/help/borrowing/liquidations
MEV-10-013,10,NFT rental-rights arbitrage,nft_engine,N_FLOOR,SIGNAL_UNLESS_FIRM_EXIT,NFT,Listings; trait metadata; firm bids; sale history; royalty/fees; redemption if applicable.,"Candidate{strategy_id, snapshot_id, amount, exact_quote, costs, risk, evidence_ids, gate_state}",Config loaded; required adapters healthy; snapshot schema valid; kill-switch false.,Deterministic evidence persisted; no state mutation outside executor; all costs/accounting fields present.,Detector/quote/simulation timeouts defined by group policy; timeout => NO-GO.,strategy_id + chain/domain + snapshot_id + route/order fingerprint,DATA_STALE; SCHEMA_INVALID; QUOTE_FAIL; SIM_REVERT; INVARIANT_FAIL; DEP_UNHEALTHY; ECON_FAIL; AUTH_FAIL,latency_ms; candidate_count; quote_errors; sim_reverts; gate_reason; expected_ev; realized_pnl; recon_delta,op_08 Kalman; op_10 Welford; op_11 Bayes,op_13 Regression; op_22 Monte Carlo,Compra+venta/redención en una transacción si mercados y estándar lo permiten,none,strategy.10.013.enabled,READY_FOR_CARTRIDGE_MIGRATION,https://arxiv.org/abs/2204.05238
MEV-10-014,10,Gaming-asset marketplace arbitrage,nft_engine,N_IDENTICAL,DETERMINISTIC_IF_FIRM_BID,NFT,TokenId identity; executable listing/ask and bid; royalties; marketplace fees; ownership/approval state.,"Candidate{strategy_id, snapshot_id, amount, exact_quote, costs, risk, evidence_ids, gate_state}",Config loaded; required adapters healthy; snapshot schema valid; kill-switch false.,Deterministic evidence persisted; no state mutation outside executor; all costs/accounting fields present.,Detector/quote/simulation timeouts defined by group policy; timeout => NO-GO.,strategy_id + chain/domain + snapshot_id + route/order fingerprint,DATA_STALE; SCHEMA_INVALID; QUOTE_FAIL; SIM_REVERT; INVARIANT_FAIL; DEP_UNHEALTHY; ECON_FAIL; AUTH_FAIL,latency_ms; candidate_count; quote_errors; sim_reverts; gate_reason; expected_ev; realized_pnl; recon_delta,op_08 Kalman; op_10 Welford; op_21 Newton-Raphson,op_11 Bayes; op_22 Monte Carlo; op_23 Queueing,Compra+venta/redención en una transacción si mercados y estándar lo permiten,none,strategy.10.014.enabled,READY_FOR_CARTRIDGE_MIGRATION,https://arxiv.org/abs/2204.05238
MEV-10-015,10,Cross-chain NFT arbitrage,nft_engine,N_IDENTICAL,DETERMINISTIC_IF_FIRM_BID,NFT,TokenId identity; executable listing/ask and bid; royalties; marketplace fees; ownership/approval state.,"Candidate{strategy_id, snapshot_id, amount, exact_quote, costs, risk, evidence_ids, gate_state}",Config loaded; required adapters healthy; snapshot schema valid; kill-switch false.,Deterministic evidence persisted; no state mutation outside executor; all costs/accounting fields present.,Detector/quote/simulation timeouts defined by group policy; timeout => NO-GO.,strategy_id + chain/domain + snapshot_id + route/order fingerprint,DATA_STALE; SCHEMA_INVALID; QUOTE_FAIL; SIM_REVERT; INVARIANT_FAIL; DEP_UNHEALTHY; ECON_FAIL; AUTH_FAIL,latency_ms; candidate_count; quote_errors; sim_reverts; gate_reason; expected_ev; realized_pnl; recon_delta,op_08 Kalman; op_10 Welford; op_21 Newton-Raphson,op_11 Bayes; op_22 Monte Carlo; op_23 Queueing,Compra+venta/redención en una transacción si mercados y estándar lo permiten,bridge,strategy.10.015.enabled,READY_FOR_CARTRIDGE_MIGRATION,https://arxiv.org/abs/2204.05238
MEV-10-016,10,Royalty-adjusted marketplace arbitrage,nft_engine,N_IDENTICAL,DETERMINISTIC_IF_FIRM_BID,NFT,TokenId identity; executable listing/ask and bid; royalties; marketplace fees; ownership/approval state.,"Candidate{strategy_id, snapshot_id, amount, exact_quote, costs, risk, evidence_ids, gate_state}",Config loaded; required adapters healthy; snapshot schema valid; kill-switch false.,Deterministic evidence persisted; no state mutation outside executor; all costs/accounting fields present.,Detector/quote/simulation timeouts defined by group policy; timeout => NO-GO.,strategy_id + chain/domain + snapshot_id + route/order fingerprint,DATA_STALE; SCHEMA_INVALID; QUOTE_FAIL; SIM_REVERT; INVARIANT_FAIL; DEP_UNHEALTHY; ECON_FAIL; AUTH_FAIL,latency_ms; candidate_count; quote_errors; sim_reverts; gate_reason; expected_ev; realized_pnl; recon_delta,op_08 Kalman; op_10 Welford; op_21 Newton-Raphson,op_11 Bayes; op_22 Monte Carlo; op_23 Queueing,Compra+venta/redención en una transacción si mercados y estándar lo permiten,none,strategy.10.016.enabled,READY_FOR_CARTRIDGE_MIGRATION,https://arxiv.org/abs/2204.05238
MEV-10-017,10,Bundle/unbundle NFT arbitrage,nft_engine,N_REDEEM,DETERMINISTIC_IF_REDEEMABLE,NFT,Fractionalization/redemption contract; bundle composition; firm component bids; fees.,"Candidate{strategy_id, snapshot_id, amount, exact_quote, costs, risk, evidence_ids, gate_state}",Config loaded; required adapters healthy; snapshot schema valid; kill-switch false.,Deterministic evidence persisted; no state mutation outside executor; all costs/accounting fields present.,Detector/quote/simulation timeouts defined by group policy; timeout => NO-GO.,strategy_id + chain/domain + snapshot_id + route/order fingerprint,DATA_STALE; SCHEMA_INVALID; QUOTE_FAIL; SIM_REVERT; INVARIANT_FAIL; DEP_UNHEALTHY; ECON_FAIL; AUTH_FAIL,latency_ms; candidate_count; quote_errors; sim_reverts; gate_reason; expected_ev; realized_pnl; recon_delta,op_19 Simplex; op_21 Newton-Raphson; op_13 Regression,op_08 Kalman; op_11 Bayes; op_22 Monte Carlo,Compra+venta/redención en una transacción si mercados y estándar lo permiten,none,strategy.10.017.enabled,READY_FOR_CARTRIDGE_MIGRATION,https://arxiv.org/abs/2107.12484
MEV-10-018,10,Redeemable-NFT arbitrage,nft_engine,N_REDEEM,DETERMINISTIC_IF_REDEEMABLE,NFT,Fractionalization/redemption contract; bundle composition; firm component bids; fees.,"Candidate{strategy_id, snapshot_id, amount, exact_quote, costs, risk, evidence_ids, gate_state}",Config loaded; required adapters healthy; snapshot schema valid; kill-switch false.,Deterministic evidence persisted; no state mutation outside executor; all costs/accounting fields present.,Detector/quote/simulation timeouts defined by group policy; timeout => NO-GO.,strategy_id + chain/domain + snapshot_id + route/order fingerprint,DATA_STALE; SCHEMA_INVALID; QUOTE_FAIL; SIM_REVERT; INVARIANT_FAIL; DEP_UNHEALTHY; ECON_FAIL; AUTH_FAIL,latency_ms; candidate_count; quote_errors; sim_reverts; gate_reason; expected_ev; realized_pnl; recon_delta,op_19 Simplex; op_21 Newton-Raphson; op_13 Regression,op_08 Kalman; op_11 Bayes; op_22 Monte Carlo,Compra+venta/redención en una transacción si mercados y estándar lo permiten,none,strategy.10.018.enabled,READY_FOR_CARTRIDGE_MIGRATION,https://arxiv.org/abs/2107.12484
MEV-11-001,11,Binary complement arbitrage,prediction_engine,M_COMPLETE,DETERMINISTIC_IF_COMPLETE_SET,PREDICTION,Outcome partition; collateral denomination; firm bid/ask per outcome; split/merge/redeem availability; fees.,"Candidate{strategy_id, snapshot_id, amount, exact_quote, costs, risk, evidence_ids, gate_state}",Config loaded; required adapters healthy; snapshot schema valid; kill-switch false.,Deterministic evidence persisted; no state mutation outside executor; all costs/accounting fields present.,Detector/quote/simulation timeouts defined by group policy; timeout => NO-GO.,strategy_id + chain/domain + snapshot_id + route/order fingerprint,DATA_STALE; SCHEMA_INVALID; QUOTE_FAIL; SIM_REVERT; INVARIANT_FAIL; DEP_UNHEALTHY; ECON_FAIL; AUTH_FAIL,latency_ms; candidate_count; quote_errors; sim_reverts; gate_reason; expected_ev; realized_pnl; recon_delta,op_19 Simplex; op_21 Newton-Raphson; op_11 Bayes,op_08 Kalman; op_14 KL divergence; op_22 Monte Carlo,Complete-set/settlement atómico en un protocolo o dominio,none,strategy.11.001.enabled,READY_FOR_CARTRIDGE_MIGRATION,https://conditional-tokens.readthedocs.io/en/latest/developer-guide.html
MEV-11-002,11,Complete-set arbitrage,prediction_engine,M_COMPLETE,DETERMINISTIC_IF_COMPLETE_SET,PREDICTION,Outcome partition; collateral denomination; firm bid/ask per outcome; split/merge/redeem availability; fees.,"Candidate{strategy_id, snapshot_id, amount, exact_quote, costs, risk, evidence_ids, gate_state}",Config loaded; required adapters healthy; snapshot schema valid; kill-switch false.,Deterministic evidence persisted; no state mutation outside executor; all costs/accounting fields present.,Detector/quote/simulation timeouts defined by group policy; timeout => NO-GO.,strategy_id + chain/domain + snapshot_id + route/order fingerprint,DATA_STALE; SCHEMA_INVALID; QUOTE_FAIL; SIM_REVERT; INVARIANT_FAIL; DEP_UNHEALTHY; ECON_FAIL; AUTH_FAIL,latency_ms; candidate_count; quote_errors; sim_reverts; gate_reason; expected_ev; realized_pnl; recon_delta,op_19 Simplex; op_21 Newton-Raphson; op_11 Bayes,op_08 Kalman; op_14 KL divergence; op_22 Monte Carlo,Complete-set/settlement atómico en un protocolo o dominio,none,strategy.11.002.enabled,READY_FOR_CARTRIDGE_MIGRATION,https://conditional-tokens.readthedocs.io/en/latest/developer-guide.html
MEV-11-003,11,Cross-platform prediction arbitrage,prediction_engine,M_CROSS,EXTERNAL_DATA_REQUIRED,PREDICTION,Canonical event identity; resolution rules; outcome mapping; firm books; fees; settlement horizon.,"Candidate{strategy_id, snapshot_id, amount, exact_quote, costs, risk, evidence_ids, gate_state}",Config loaded; required adapters healthy; snapshot schema valid; kill-switch false.,Deterministic evidence persisted; no state mutation outside executor; all costs/accounting fields present.,Detector/quote/simulation timeouts defined by group policy; timeout => NO-GO.,strategy_id + chain/domain + snapshot_id + route/order fingerprint,DATA_STALE; SCHEMA_INVALID; QUOTE_FAIL; SIM_REVERT; INVARIANT_FAIL; DEP_UNHEALTHY; ECON_FAIL; AUTH_FAIL,latency_ms; candidate_count; quote_errors; sim_reverts; gate_reason; expected_ev; realized_pnl; recon_delta,op_08 Kalman; op_11 Bayes; op_13 Regression,op_14 KL divergence; op_22 Monte Carlo; op_23 Queueing,Complete-set/settlement atómico en un protocolo o dominio,none,strategy.11.003.enabled,READY_FOR_CARTRIDGE_MIGRATION,https://conditional-tokens.readthedocs.io/en/latest/developer-guide.html
MEV-11-004,11,Mutually-exclusive outcomes arbitrage,prediction_engine,M_LOGIC,DETERMINISTIC_IF_PAYOFF_MODEL,PREDICTION,Outcome payoff matrix; logical relation/event mapping; firm quotes; resolution rules.,"Candidate{strategy_id, snapshot_id, amount, exact_quote, costs, risk, evidence_ids, gate_state}",Config loaded; required adapters healthy; snapshot schema valid; kill-switch false.,Deterministic evidence persisted; no state mutation outside executor; all costs/accounting fields present.,Detector/quote/simulation timeouts defined by group policy; timeout => NO-GO.,strategy_id + chain/domain + snapshot_id + route/order fingerprint,DATA_STALE; SCHEMA_INVALID; QUOTE_FAIL; SIM_REVERT; INVARIANT_FAIL; DEP_UNHEALTHY; ECON_FAIL; AUTH_FAIL,latency_ms; candidate_count; quote_errors; sim_reverts; gate_reason; expected_ev; realized_pnl; recon_delta,op_19 Simplex; op_11 Bayes; op_14 KL divergence,op_13 Regression; op_22 Monte Carlo,Complete-set/settlement atómico en un protocolo o dominio,none,strategy.11.004.enabled,READY_FOR_CARTRIDGE_MIGRATION,https://conditional-tokens.readthedocs.io/en/latest/developer-guide.html
MEV-11-005,11,Exhaustive-outcome basket arbitrage,prediction_engine,M_COMPLETE,DETERMINISTIC_IF_COMPLETE_SET,PREDICTION,Outcome partition; collateral denomination; firm bid/ask per outcome; split/merge/redeem availability; fees.,"Candidate{strategy_id, snapshot_id, amount, exact_quote, costs, risk, evidence_ids, gate_state}",Config loaded; required adapters healthy; snapshot schema valid; kill-switch false.,Deterministic evidence persisted; no state mutation outside executor; all costs/accounting fields present.,Detector/quote/simulation timeouts defined by group policy; timeout => NO-GO.,strategy_id + chain/domain + snapshot_id + route/order fingerprint,DATA_STALE; SCHEMA_INVALID; QUOTE_FAIL; SIM_REVERT; INVARIANT_FAIL; DEP_UNHEALTHY; ECON_FAIL; AUTH_FAIL,latency_ms; candidate_count; quote_errors; sim_reverts; gate_reason; expected_ev; realized_pnl; recon_delta,op_19 Simplex; op_21 Newton-Raphson; op_11 Bayes,op_08 Kalman; op_14 KL divergence; op_22 Monte Carlo,Complete-set/settlement atómico en un protocolo o dominio,none,strategy.11.005.enabled,READY_FOR_CARTRIDGE_MIGRATION,https://conditional-tokens.readthedocs.io/en/latest/developer-guide.html
MEV-11-006,11,Conditional-token arbitrage,prediction_engine,M_LOGIC,DETERMINISTIC_IF_PAYOFF_MODEL,PREDICTION,Outcome payoff matrix; logical relation/event mapping; firm quotes; resolution rules.,"Candidate{strategy_id, snapshot_id, amount, exact_quote, costs, risk, evidence_ids, gate_state}",Config loaded; required adapters healthy; snapshot schema valid; kill-switch false.,Deterministic evidence persisted; no state mutation outside executor; all costs/accounting fields present.,Detector/quote/simulation timeouts defined by group policy; timeout => NO-GO.,strategy_id + chain/domain + snapshot_id + route/order fingerprint,DATA_STALE; SCHEMA_INVALID; QUOTE_FAIL; SIM_REVERT; INVARIANT_FAIL; DEP_UNHEALTHY; ECON_FAIL; AUTH_FAIL,latency_ms; candidate_count; quote_errors; sim_reverts; gate_reason; expected_ev; realized_pnl; recon_delta,op_19 Simplex; op_11 Bayes; op_14 KL divergence,op_13 Regression; op_22 Monte Carlo,Complete-set/settlement atómico en un protocolo o dominio,none,strategy.11.006.enabled,READY_FOR_CARTRIDGE_MIGRATION,https://conditional-tokens.readthedocs.io/en/latest/developer-guide.html
MEV-11-007,11,Nested-market logical arbitrage,prediction_engine,M_LOGIC,DETERMINISTIC_IF_PAYOFF_MODEL,PREDICTION,Outcome payoff matrix; logical relation/event mapping; firm quotes; resolution rules.,"Candidate{strategy_id, snapshot_id, amount, exact_quote, costs, risk, evidence_ids, gate_state}",Config loaded; required adapters healthy; snapshot schema valid; kill-switch false.,Deterministic evidence persisted; no state mutation outside executor; all costs/accounting fields present.,Detector/quote/simulation timeouts defined by group policy; timeout => NO-GO.,strategy_id + chain/domain + snapshot_id + route/order fingerprint,DATA_STALE; SCHEMA_INVALID; QUOTE_FAIL; SIM_REVERT; INVARIANT_FAIL; DEP_UNHEALTHY; ECON_FAIL; AUTH_FAIL,latency_ms; candidate_count; quote_errors; sim_reverts; gate_reason; expected_ev; realized_pnl; recon_delta,op_19 Simplex; op_11 Bayes; op_14 KL divergence,op_13 Regression; op_22 Monte Carlo,Complete-set/settlement atómico en un protocolo o dominio,none,strategy.11.007.enabled,READY_FOR_CARTRIDGE_MIGRATION,https://conditional-tokens.readthedocs.io/en/latest/developer-guide.html
MEV-11-008,11,Correlated-event arbitrage,prediction_engine,M_LOGIC,DETERMINISTIC_IF_PAYOFF_MODEL,PREDICTION,Outcome payoff matrix; logical relation/event mapping; firm quotes; resolution rules.,"Candidate{strategy_id, snapshot_id, amount, exact_quote, costs, risk, evidence_ids, gate_state}",Config loaded; required adapters healthy; snapshot schema valid; kill-switch false.,Deterministic evidence persisted; no state mutation outside executor; all costs/accounting fields present.,Detector/quote/simulation timeouts defined by group policy; timeout => NO-GO.,strategy_id + chain/domain + snapshot_id + route/order fingerprint,DATA_STALE; SCHEMA_INVALID; QUOTE_FAIL; SIM_REVERT; INVARIANT_FAIL; DEP_UNHEALTHY; ECON_FAIL; AUTH_FAIL,latency_ms; candidate_count; quote_errors; sim_reverts; gate_reason; expected_ev; realized_pnl; recon_delta,op_19 Simplex; op_11 Bayes; op_14 KL divergence,op_13 Regression; op_22 Monte Carlo,Complete-set/settlement atómico en un protocolo o dominio,none,strategy.11.008.enabled,READY_FOR_CARTRIDGE_MIGRATION,https://conditional-tokens.readthedocs.io/en/latest/developer-guide.html
MEV-11-009,11,Resolution-source arbitrage,prediction_engine,OBSERVE,OBSERVE_ONLY,PREDICTION,"Telemetry/evidence only; no fabricated private flow, reorg certainty, future resolution or unavailable external data.","Candidate{strategy_id, snapshot_id, amount, exact_quote, costs, risk, evidence_ids, gate_state}",Config loaded; required adapters healthy; snapshot schema valid; kill-switch false.,Deterministic evidence persisted; no state mutation outside executor; all costs/accounting fields present.,Detector/quote/simulation timeouts defined by group policy; timeout => NO-GO.,strategy_id + chain/domain + snapshot_id + route/order fingerprint,DATA_STALE; SCHEMA_INVALID; QUOTE_FAIL; SIM_REVERT; INVARIANT_FAIL; DEP_UNHEALTHY; ECON_FAIL; AUTH_FAIL,latency_ms; candidate_count; quote_errors; sim_reverts; gate_reason; expected_ev; realized_pnl; recon_delta,op_10 Welford; op_11 Bayes,op_22 Monte Carlo,Complete-set/settlement atómico en un protocolo o dominio,oracle,strategy.11.009.enabled,OBSERVE_ONLY_BY_DESIGN,https://arxiv.org/abs/2204.05238
MEV-11-010,11,Oracle-resolution timing arbitrage,prediction_engine,OBSERVE,OBSERVE_ONLY,PREDICTION,"Telemetry/evidence only; no fabricated private flow, reorg certainty, future resolution or unavailable external data.","Candidate{strategy_id, snapshot_id, amount, exact_quote, costs, risk, evidence_ids, gate_state}",Config loaded; required adapters healthy; snapshot schema valid; kill-switch false.,Deterministic evidence persisted; no state mutation outside executor; all costs/accounting fields present.,Detector/quote/simulation timeouts defined by group policy; timeout => NO-GO.,strategy_id + chain/domain + snapshot_id + route/order fingerprint,DATA_STALE; SCHEMA_INVALID; QUOTE_FAIL; SIM_REVERT; INVARIANT_FAIL; DEP_UNHEALTHY; ECON_FAIL; AUTH_FAIL,latency_ms; candidate_count; quote_errors; sim_reverts; gate_reason; expected_ev; realized_pnl; recon_delta,op_10 Welford; op_11 Bayes,op_22 Monte Carlo,Complete-set/settlement atómico en un protocolo o dominio,oracle,strategy.11.010.enabled,OBSERVE_ONLY_BY_DESIGN,https://arxiv.org/abs/2204.05238
MEV-11-011,11,Pre-resolution settlement arbitrage,prediction_engine,OBSERVE,OBSERVE_ONLY,PREDICTION,"Telemetry/evidence only; no fabricated private flow, reorg certainty, future resolution or unavailable external data.","Candidate{strategy_id, snapshot_id, amount, exact_quote, costs, risk, evidence_ids, gate_state}",Config loaded; required adapters healthy; snapshot schema valid; kill-switch false.,Deterministic evidence persisted; no state mutation outside executor; all costs/accounting fields present.,Detector/quote/simulation timeouts defined by group policy; timeout => NO-GO.,strategy_id + chain/domain + snapshot_id + route/order fingerprint,DATA_STALE; SCHEMA_INVALID; QUOTE_FAIL; SIM_REVERT; INVARIANT_FAIL; DEP_UNHEALTHY; ECON_FAIL; AUTH_FAIL,latency_ms; candidate_count; quote_errors; sim_reverts; gate_reason; expected_ev; realized_pnl; recon_delta,op_10 Welford; op_11 Bayes,op_22 Monte Carlo,Complete-set/settlement atómico en un protocolo o dominio,oracle,strategy.11.011.enabled,OBSERVE_ONLY_BY_DESIGN,https://arxiv.org/abs/2204.05238
MEV-11-012,11,Prediction AMM–order-book arbitrage,prediction_engine,M_AMM,DETERMINISTIC_IF_MATCHED_CLAIM,PREDICTION,Prediction AMM invariant; outcome IDs; firm order book; complete-set mechanics; resolution source.,"Candidate{strategy_id, snapshot_id, amount, exact_quote, costs, risk, evidence_ids, gate_state}",Config loaded; required adapters healthy; snapshot schema valid; kill-switch false.,Deterministic evidence persisted; no state mutation outside executor; all costs/accounting fields present.,Detector/quote/simulation timeouts defined by group policy; timeout => NO-GO.,strategy_id + chain/domain + snapshot_id + route/order fingerprint,DATA_STALE; SCHEMA_INVALID; QUOTE_FAIL; SIM_REVERT; INVARIANT_FAIL; DEP_UNHEALTHY; ECON_FAIL; AUTH_FAIL,latency_ms; candidate_count; quote_errors; sim_reverts; gate_reason; expected_ev; realized_pnl; recon_delta,op_21 Newton-Raphson; op_08 Kalman; op_19 Simplex,op_11 Bayes; op_22 Monte Carlo,Complete-set/settlement atómico en un protocolo o dominio,none,strategy.11.012.enabled,READY_FOR_CARTRIDGE_MIGRATION,https://conditional-tokens.readthedocs.io/en/latest/developer-guide.html
