MASTER SOP — 264 ESTRATEGIAS | ESPECIFICACIÓN END-TO-END,,,,,,,,,,,,,,,,,,,,,,,,,,,,,,,,,,,,,
MEV_ID,Group,Strategy,Family,Required_Surface,Detector_ID,Detector_Math,Discovery_Equation,Variables/Data_Bindings,Primary_Data_Source_Contract,Backend_Module,Input_Contract,Output_Contract,Preconditions,Math_Formula_Set,Mandatory_Tests,Mandatory_Invariants,Economic_Gate,Execution_Gate,Dependency_Gate,Evidence_Gate,GO_Criteria,NO_GO_Criteria,Runtime_GO_NO_GO,Runtime_Reason,Atomic_Possible,Oracle_Dep,Bridge_Dep,External_Dep,Execution_Class,Primary_Ops,Secondary_Ops,Mode_Invariant,Dominant_Risks,Reconciliation_Rule,Source_1,Source_2,Source_3
MEV-01-001,1,DEX–DEX arbitrage,Arbitrajes spot DEX dentro de una misma cadena,DEX_AMM,R_CLOSED_CYCLE,Exact closed-route arbitrage,Q_R(x)=q_n(...q_2(q_1(x))); Π_R(x)=Q_R(x)-x-C_R(x). Opportunity iff max_x Π_R(x)>0. Marginal prefilter: Σ_e[-ln((1-fee_e)·rate_e)]<0.,Full ordered route legs; per-leg protocol adapter; reserves/slot0/ticks/bins; token decimals; pool fees; same-block state; gas; optional flash fee.,DS01+DS02+DS03+DS07+DS09+DS10+DS11,route_graph_engine,StrategyConfig + Snapshot + Candidate + amount + adapters + risk context,GateEvidence + exact quote + costs + EV + simulation_id + reconciliation refs,Change-controlled config; adapters healthy; required data loaded; kill-switch false.,F001-F016 + detector-specific equation,MEV-01-001-T01..T07,MEV-01-001-I01..I06,NP>0; NetROI>=group target; EV>=MinEV; ExpectedROI>0; capture/success/revert/risk thresholds pass.,Simulation PASS + math tests PASS + invariants PASS + atomic repayment when required.,All declared oracle/bridge/external dependencies PASS/fresh.,LIVE requires reconciled trade count >= policy minimum and reconciled PnL >=0.,Group Policy=APPROVED_FOR_LIVE; Stage=LIVE; Enabled=YES; ManualApproval=YES; Input/Alpha/Data/Economic/Execution/Dependency/Evidence gates all PASS.,Any missing/stale data; nonpositive alpha; economic threshold fail; simulation/test/invariant fail; dependency fail; insufficient reconciled evidence; no approval.,NO-GO,GROUP_POLICY_NOT_APPROVED,Sí,No,No,No,DETERMINISTIC_EXECUTABLE,op_27 Path Ordering; op_21 Newton-Raphson; op_15 Golden Section; op_16 Kelly,op_01 SVD; op_22 Monte Carlo; op_26 Flash Loan; op_30 GNN Encoder,TRUE,Gas; slippage; competencia; revert; state drift,RealizedNetPnL = value(balance_after-balance_before) - gas - explicit external costs; bind to tx/settlement receipt; unexplained delta => QUARANTINE.,https://arxiv.org/abs/2204.05238,https://arxiv.org/abs/2302.04938,https://arxiv.org/abs/2107.12484
MEV-01-002,1,Cross-pool arbitrage,Arbitrajes spot DEX dentro de una misma cadena,DEX_AMM,R_CLOSED_CYCLE,Exact closed-route arbitrage,Q_R(x)=q_n(...q_2(q_1(x))); Π_R(x)=Q_R(x)-x-C_R(x). Opportunity iff max_x Π_R(x)>0. Marginal prefilter: Σ_e[-ln((1-fee_e)·rate_e)]<0.,Full ordered route legs; per-leg protocol adapter; reserves/slot0/ticks/bins; token decimals; pool fees; same-block state; gas; optional flash fee.,DS01+DS02+DS03+DS07+DS09+DS10+DS11,route_graph_engine,StrategyConfig + Snapshot + Candidate + amount + adapters + risk context,GateEvidence + exact quote + costs + EV + simulation_id + reconciliation refs,Change-controlled config; adapters healthy; required data loaded; kill-switch false.,F001-F016 + detector-specific equation,MEV-01-002-T01..T07,MEV-01-002-I01..I06,NP>0; NetROI>=group target; EV>=MinEV; ExpectedROI>0; capture/success/revert/risk thresholds pass.,Simulation PASS + math tests PASS + invariants PASS + atomic repayment when required.,All declared oracle/bridge/external dependencies PASS/fresh.,LIVE requires reconciled trade count >= policy minimum and reconciled PnL >=0.,Group Policy=APPROVED_FOR_LIVE; Stage=LIVE; Enabled=YES; ManualApproval=YES; Input/Alpha/Data/Economic/Execution/Dependency/Evidence gates all PASS.,Any missing/stale data; nonpositive alpha; economic threshold fail; simulation/test/invariant fail; dependency fail; insufficient reconciled evidence; no approval.,NO-GO,GROUP_POLICY_NOT_APPROVED,Sí,No,No,No,DETERMINISTIC_EXECUTABLE,op_27 Path Ordering; op_21 Newton-Raphson; op_15 Golden Section; op_16 Kelly,op_01 SVD; op_22 Monte Carlo; op_26 Flash Loan; op_30 GNN Encoder,TRUE,Gas; slippage; competencia; revert; state drift,RealizedNetPnL = value(balance_after-balance_before) - gas - explicit external costs; bind to tx/settlement receipt; unexplained delta => QUARANTINE.,https://arxiv.org/abs/2204.05238,https://arxiv.org/abs/2302.04938,https://arxiv.org/abs/2107.12484
MEV-01-003,1,Cross-protocol arbitrage,Arbitrajes spot DEX dentro de una misma cadena,DEX_AMM,R_CLOSED_CYCLE,Exact closed-route arbitrage,Q_R(x)=q_n(...q_2(q_1(x))); Π_R(x)=Q_R(x)-x-C_R(x). Opportunity iff max_x Π_R(x)>0. Marginal prefilter: Σ_e[-ln((1-fee_e)·rate_e)]<0.,Full ordered route legs; per-leg protocol adapter; reserves/slot0/ticks/bins; token decimals; pool fees; same-block state; gas; optional flash fee.,DS01+DS02+DS03+DS07+DS09+DS10+DS11,route_graph_engine,StrategyConfig + Snapshot + Candidate + amount + adapters + risk context,GateEvidence + exact quote + costs + EV + simulation_id + reconciliation refs,Change-controlled config; adapters healthy; required data loaded; kill-switch false.,F001-F016 + detector-specific equation,MEV-01-003-T01..T07,MEV-01-003-I01..I06,NP>0; NetROI>=group target; EV>=MinEV; ExpectedROI>0; capture/success/revert/risk thresholds pass.,Simulation PASS + math tests PASS + invariants PASS + atomic repayment when required.,All declared oracle/bridge/external dependencies PASS/fresh.,LIVE requires reconciled trade count >= policy minimum and reconciled PnL >=0.,Group Policy=APPROVED_FOR_LIVE; Stage=LIVE; Enabled=YES; ManualApproval=YES; Input/Alpha/Data/Economic/Execution/Dependency/Evidence gates all PASS.,Any missing/stale data; nonpositive alpha; economic threshold fail; simulation/test/invariant fail; dependency fail; insufficient reconciled evidence; no approval.,NO-GO,GROUP_POLICY_NOT_APPROVED,Sí,No,No,No,DETERMINISTIC_EXECUTABLE,op_27 Path Ordering; op_21 Newton-Raphson; op_15 Golden Section; op_16 Kelly,op_01 SVD; op_22 Monte Carlo; op_26 Flash Loan; op_30 GNN Encoder,TRUE,Gas; slippage; competencia; revert; state drift,RealizedNetPnL = value(balance_after-balance_before) - gas - explicit external costs; bind to tx/settlement receipt; unexplained delta => QUARANTINE.,https://arxiv.org/abs/2204.05238,https://arxiv.org/abs/2302.04938,https://arxiv.org/abs/2107.12484
MEV-01-004,1,Cross-version arbitrage,Arbitrajes spot DEX dentro de una misma cadena,DEX_AMM,R_CLOSED_CYCLE,Exact closed-route arbitrage,Q_R(x)=q_n(...q_2(q_1(x))); Π_R(x)=Q_R(x)-x-C_R(x). Opportunity iff max_x Π_R(x)>0. Marginal prefilter: Σ_e[-ln((1-fee_e)·rate_e)]<0.,Full ordered route legs; per-leg protocol adapter; reserves/slot0/ticks/bins; token decimals; pool fees; same-block state; gas; optional flash fee.,DS01+DS02+DS03+DS07+DS09+DS10+DS11,route_graph_engine,StrategyConfig + Snapshot + Candidate + amount + adapters + risk context,GateEvidence + exact quote + costs + EV + simulation_id + reconciliation refs,Change-controlled config; adapters healthy; required data loaded; kill-switch false.,F001-F016 + detector-specific equation,MEV-01-004-T01..T07,MEV-01-004-I01..I06,NP>0; NetROI>=group target; EV>=MinEV; ExpectedROI>0; capture/success/revert/risk thresholds pass.,Simulation PASS + math tests PASS + invariants PASS + atomic repayment when required.,All declared oracle/bridge/external dependencies PASS/fresh.,LIVE requires reconciled trade count >= policy minimum and reconciled PnL >=0.,Group Policy=APPROVED_FOR_LIVE; Stage=LIVE; Enabled=YES; ManualApproval=YES; Input/Alpha/Data/Economic/Execution/Dependency/Evidence gates all PASS.,Any missing/stale data; nonpositive alpha; economic threshold fail; simulation/test/invariant fail; dependency fail; insufficient reconciled evidence; no approval.,NO-GO,GROUP_POLICY_NOT_APPROVED,Sí,No,No,No,DETERMINISTIC_EXECUTABLE,op_27 Path Ordering; op_21 Newton-Raphson; op_15 Golden Section; op_16 Kelly,op_01 SVD; op_22 Monte Carlo; op_26 Flash Loan; op_30 GNN Encoder,TRUE,Gas; slippage; competencia; revert; state drift,RealizedNetPnL = value(balance_after-balance_before) - gas - explicit external costs; bind to tx/settlement receipt; unexplained delta => QUARANTINE.,https://arxiv.org/abs/2204.05238,https://arxiv.org/abs/2302.04938,https://arxiv.org/abs/2107.12484
MEV-01-005,1,Cross-fork arbitrage,Arbitrajes spot DEX dentro de una misma cadena,DEX_AMM,R_CLOSED_CYCLE,Exact closed-route arbitrage,Q_R(x)=q_n(...q_2(q_1(x))); Π_R(x)=Q_R(x)-x-C_R(x). Opportunity iff max_x Π_R(x)>0. Marginal prefilter: Σ_e[-ln((1-fee_e)·rate_e)]<0.,Full ordered route legs; per-leg protocol adapter; reserves/slot0/ticks/bins; token decimals; pool fees; same-block state; gas; optional flash fee.,DS01+DS02+DS03+DS07+DS09+DS10+DS11,route_graph_engine,StrategyConfig + Snapshot + Candidate + amount + adapters + risk context,GateEvidence + exact quote + costs + EV + simulation_id + reconciliation refs,Change-controlled config; adapters healthy; required data loaded; kill-switch false.,F001-F016 + detector-specific equation,MEV-01-005-T01..T07,MEV-01-005-I01..I06,NP>0; NetROI>=group target; EV>=MinEV; ExpectedROI>0; capture/success/revert/risk thresholds pass.,Simulation PASS + math tests PASS + invariants PASS + atomic repayment when required.,All declared oracle/bridge/external dependencies PASS/fresh.,LIVE requires reconciled trade count >= policy minimum and reconciled PnL >=0.,Group Policy=APPROVED_FOR_LIVE; Stage=LIVE; Enabled=YES; ManualApproval=YES; Input/Alpha/Data/Economic/Execution/Dependency/Evidence gates all PASS.,Any missing/stale data; nonpositive alpha; economic threshold fail; simulation/test/invariant fail; dependency fail; insufficient reconciled evidence; no approval.,NO-GO,GROUP_POLICY_NOT_APPROVED,Sí,No,No,No,DETERMINISTIC_EXECUTABLE,op_27 Path Ordering; op_21 Newton-Raphson; op_15 Golden Section; op_16 Kelly,op_01 SVD; op_22 Monte Carlo; op_26 Flash Loan; op_30 GNN Encoder,TRUE,Gas; slippage; competencia; revert; state drift,RealizedNetPnL = value(balance_after-balance_before) - gas - explicit external costs; bind to tx/settlement receipt; unexplained delta => QUARANTINE.,https://arxiv.org/abs/2204.05238,https://arxiv.org/abs/2302.04938,https://arxiv.org/abs/2107.12484
MEV-01-006,1,Cross-fee-tier arbitrage,Arbitrajes spot DEX dentro de una misma cadena,DEX_AMM,R_CLOSED_CYCLE,Exact closed-route arbitrage,Q_R(x)=q_n(...q_2(q_1(x))); Π_R(x)=Q_R(x)-x-C_R(x). Opportunity iff max_x Π_R(x)>0. Marginal prefilter: Σ_e[-ln((1-fee_e)·rate_e)]<0.,Full ordered route legs; per-leg protocol adapter; reserves/slot0/ticks/bins; token decimals; pool fees; same-block state; gas; optional flash fee.,DS01+DS02+DS03+DS07+DS09+DS10+DS11,route_graph_engine,StrategyConfig + Snapshot + Candidate + amount + adapters + risk context,GateEvidence + exact quote + costs + EV + simulation_id + reconciliation refs,Change-controlled config; adapters healthy; required data loaded; kill-switch false.,F001-F016 + detector-specific equation,MEV-01-006-T01..T07,MEV-01-006-I01..I06,NP>0; NetROI>=group target; EV>=MinEV; ExpectedROI>0; capture/success/revert/risk thresholds pass.,Simulation PASS + math tests PASS + invariants PASS + atomic repayment when required.,All declared oracle/bridge/external dependencies PASS/fresh.,LIVE requires reconciled trade count >= policy minimum and reconciled PnL >=0.,Group Policy=APPROVED_FOR_LIVE; Stage=LIVE; Enabled=YES; ManualApproval=YES; Input/Alpha/Data/Economic/Execution/Dependency/Evidence gates all PASS.,Any missing/stale data; nonpositive alpha; economic threshold fail; simulation/test/invariant fail; dependency fail; insufficient reconciled evidence; no approval.,NO-GO,GROUP_POLICY_NOT_APPROVED,Sí,No,No,No,DETERMINISTIC_EXECUTABLE,op_27 Path Ordering; op_21 Newton-Raphson; op_15 Golden Section; op_16 Kelly,op_01 SVD; op_22 Monte Carlo; op_26 Flash Loan; op_30 GNN Encoder,TRUE,Gas; slippage; competencia; revert; state drift,RealizedNetPnL = value(balance_after-balance_before) - gas - explicit external costs; bind to tx/settlement receipt; unexplained delta => QUARANTINE.,https://arxiv.org/abs/2204.05238,https://arxiv.org/abs/2302.04938,https://arxiv.org/abs/2107.12484
MEV-01-007,1,Cross-liquidity-tier arbitrage,Arbitrajes spot DEX dentro de una misma cadena,DEX_AMM,R_CLOSED_CYCLE,Exact closed-route arbitrage,Q_R(x)=q_n(...q_2(q_1(x))); Π_R(x)=Q_R(x)-x-C_R(x). Opportunity iff max_x Π_R(x)>0. Marginal prefilter: Σ_e[-ln((1-fee_e)·rate_e)]<0.,Full ordered route legs; per-leg protocol adapter; reserves/slot0/ticks/bins; token decimals; pool fees; same-block state; gas; optional flash fee.,DS01+DS02+DS03+DS07+DS09+DS10+DS11,route_graph_engine,StrategyConfig + Snapshot + Candidate + amount + adapters + risk context,GateEvidence + exact quote + costs + EV + simulation_id + reconciliation refs,Change-controlled config; adapters healthy; required data loaded; kill-switch false.,F001-F016 + detector-specific equation,MEV-01-007-T01..T07,MEV-01-007-I01..I06,NP>0; NetROI>=group target; EV>=MinEV; ExpectedROI>0; capture/success/revert/risk thresholds pass.,Simulation PASS + math tests PASS + invariants PASS + atomic repayment when required.,All declared oracle/bridge/external dependencies PASS/fresh.,LIVE requires reconciled trade count >= policy minimum and reconciled PnL >=0.,Group Policy=APPROVED_FOR_LIVE; Stage=LIVE; Enabled=YES; ManualApproval=YES; Input/Alpha/Data/Economic/Execution/Dependency/Evidence gates all PASS.,Any missing/stale data; nonpositive alpha; economic threshold fail; simulation/test/invariant fail; dependency fail; insufficient reconciled evidence; no approval.,NO-GO,GROUP_POLICY_NOT_APPROVED,Sí,No,No,No,DETERMINISTIC_EXECUTABLE,op_27 Path Ordering; op_21 Newton-Raphson; op_15 Golden Section; op_16 Kelly,op_01 SVD; op_22 Monte Carlo; op_26 Flash Loan; op_30 GNN Encoder,TRUE,Gas; slippage; competencia; revert; state drift,RealizedNetPnL = value(balance_after-balance_before) - gas - explicit external costs; bind to tx/settlement receipt; unexplained delta => QUARANTINE.,https://arxiv.org/abs/2204.05238,https://arxiv.org/abs/2302.04938,https://arxiv.org/abs/2107.12484
MEV-01-008,1,AMM–AMM arbitrage,Arbitrajes spot DEX dentro de una misma cadena,DEX_AMM,R_CLOSED_CYCLE,Exact closed-route arbitrage,Q_R(x)=q_n(...q_2(q_1(x))); Π_R(x)=Q_R(x)-x-C_R(x). Opportunity iff max_x Π_R(x)>0. Marginal prefilter: Σ_e[-ln((1-fee_e)·rate_e)]<0.,Full ordered route legs; per-leg protocol adapter; reserves/slot0/ticks/bins; token decimals; pool fees; same-block state; gas; optional flash fee.,DS01+DS02+DS03+DS07+DS09+DS10+DS11,route_graph_engine,StrategyConfig + Snapshot + Candidate + amount + adapters + risk context,GateEvidence + exact quote + costs + EV + simulation_id + reconciliation refs,Change-controlled config; adapters healthy; required data loaded; kill-switch false.,F001-F016 + detector-specific equation,MEV-01-008-T01..T07,MEV-01-008-I01..I06,NP>0; NetROI>=group target; EV>=MinEV; ExpectedROI>0; capture/success/revert/risk thresholds pass.,Simulation PASS + math tests PASS + invariants PASS + atomic repayment when required.,All declared oracle/bridge/external dependencies PASS/fresh.,LIVE requires reconciled trade count >= policy minimum and reconciled PnL >=0.,Group Policy=APPROVED_FOR_LIVE; Stage=LIVE; Enabled=YES; ManualApproval=YES; Input/Alpha/Data/Economic/Execution/Dependency/Evidence gates all PASS.,Any missing/stale data; nonpositive alpha; economic threshold fail; simulation/test/invariant fail; dependency fail; insufficient reconciled evidence; no approval.,NO-GO,GROUP_POLICY_NOT_APPROVED,Sí,No,No,No,DETERMINISTIC_EXECUTABLE,op_27 Path Ordering; op_21 Newton-Raphson; op_15 Golden Section; op_16 Kelly,op_01 SVD; op_22 Monte Carlo; op_26 Flash Loan; op_30 GNN Encoder,TRUE,Gas; slippage; competencia; revert; state drift,RealizedNetPnL = value(balance_after-balance_before) - gas - explicit external costs; bind to tx/settlement receipt; unexplained delta => QUARANTINE.,https://arxiv.org/abs/2204.05238,https://arxiv.org/abs/2302.04938,https://arxiv.org/abs/2107.12484
MEV-01-009,1,AMM–CLOB arbitrage,Arbitrajes spot DEX dentro de una misma cadena,DEX_AMM,R_ORDERBOOK,Executable order-book / RFQ cross-market spread,"Π(q)=Proceeds_bid(q)-Cost_ask(q)-taker_fees(q)-settlement_cost(q)-hedge_cost(q). Prices must be VWAP/depth-aware, not top-of-book only.",Firm bids/asks or RFQs; depth ladder; quote timestamp; venue fees; settlement latency/cost; DEX exact quote where applicable.,DS01+DS02+DS03+DS07+DS09+DS10+DS11,route_graph_engine,StrategyConfig + Snapshot + Candidate + amount + adapters + risk context,GateEvidence + exact quote + costs + EV + simulation_id + reconciliation refs,Change-controlled config; adapters healthy; required data loaded; kill-switch false.,F001-F016 + detector-specific equation,MEV-01-009-T01..T07,MEV-01-009-I01..I06,NP>0; NetROI>=group target; EV>=MinEV; ExpectedROI>0; capture/success/revert/risk thresholds pass.,Simulation PASS + math tests PASS + invariants PASS + atomic repayment when required.,All declared oracle/bridge/external dependencies PASS/fresh.,LIVE requires reconciled trade count >= policy minimum and reconciled PnL >=0.,Group Policy=APPROVED_FOR_LIVE; Stage=LIVE; Enabled=YES; ManualApproval=YES; Input/Alpha/Data/Economic/Execution/Dependency/Evidence gates all PASS.,Any missing/stale data; nonpositive alpha; economic threshold fail; simulation/test/invariant fail; dependency fail; insufficient reconciled evidence; no approval.,NO-GO,GROUP_POLICY_NOT_APPROVED,Sí,No,No,No,EXTERNAL_DATA_REQUIRED,op_08 Kalman; op_10 Welford; op_23 Queueing; op_11 Bayes,op_13 Regression; op_22 Monte Carlo; op_16 Kelly,TRUE,Gas; slippage; competencia; revert; state drift,RealizedNetPnL = value(balance_after-balance_before) - gas - explicit external costs; bind to tx/settlement receipt; unexplained delta => QUARANTINE.,https://arxiv.org/abs/2302.04938,,
MEV-01-010,1,CLOB–CLOB arbitrage,Arbitrajes spot DEX dentro de una misma cadena,DEX_AMM,R_ORDERBOOK,Executable order-book / RFQ cross-market spread,"Π(q)=Proceeds_bid(q)-Cost_ask(q)-taker_fees(q)-settlement_cost(q)-hedge_cost(q). Prices must be VWAP/depth-aware, not top-of-book only.",Firm bids/asks or RFQs; depth ladder; quote timestamp; venue fees; settlement latency/cost; DEX exact quote where applicable.,DS01+DS02+DS03+DS07+DS09+DS10+DS11,route_graph_engine,StrategyConfig + Snapshot + Candidate + amount + adapters + risk context,GateEvidence + exact quote + costs + EV + simulation_id + reconciliation refs,Change-controlled config; adapters healthy; required data loaded; kill-switch false.,F001-F016 + detector-specific equation,MEV-01-010-T01..T07,MEV-01-010-I01..I06,NP>0; NetROI>=group target; EV>=MinEV; ExpectedROI>0; capture/success/revert/risk thresholds pass.,Simulation PASS + math tests PASS + invariants PASS + atomic repayment when required.,All declared oracle/bridge/external dependencies PASS/fresh.,LIVE requires reconciled trade count >= policy minimum and reconciled PnL >=0.,Group Policy=APPROVED_FOR_LIVE; Stage=LIVE; Enabled=YES; ManualApproval=YES; Input/Alpha/Data/Economic/Execution/Dependency/Evidence gates all PASS.,Any missing/stale data; nonpositive alpha; economic threshold fail; simulation/test/invariant fail; dependency fail; insufficient reconciled evidence; no approval.,NO-GO,GROUP_POLICY_NOT_APPROVED,Sí,No,No,No,EXTERNAL_DATA_REQUIRED,op_08 Kalman; op_10 Welford; op_23 Queueing; op_11 Bayes,op_13 Regression; op_22 Monte Carlo; op_16 Kelly,TRUE,Gas; slippage; competencia; revert; state drift,RealizedNetPnL = value(balance_after-balance_before) - gas - explicit external costs; bind to tx/settlement receipt; unexplained delta => QUARANTINE.,https://arxiv.org/abs/2302.04938,,
MEV-01-011,1,AMM–RFQ arbitrage,Arbitrajes spot DEX dentro de una misma cadena,DEX_AMM,R_ORDERBOOK,Executable order-book / RFQ cross-market spread,"Π(q)=Proceeds_bid(q)-Cost_ask(q)-taker_fees(q)-settlement_cost(q)-hedge_cost(q). Prices must be VWAP/depth-aware, not top-of-book only.",Firm bids/asks or RFQs; depth ladder; quote timestamp; venue fees; settlement latency/cost; DEX exact quote where applicable.,DS01+DS02+DS03+DS07+DS09+DS10+DS11,route_graph_engine,StrategyConfig + Snapshot + Candidate + amount + adapters + risk context,GateEvidence + exact quote + costs + EV + simulation_id + reconciliation refs,Change-controlled config; adapters healthy; required data loaded; kill-switch false.,F001-F016 + detector-specific equation,MEV-01-011-T01..T07,MEV-01-011-I01..I06,NP>0; NetROI>=group target; EV>=MinEV; ExpectedROI>0; capture/success/revert/risk thresholds pass.,Simulation PASS + math tests PASS + invariants PASS + atomic repayment when required.,All declared oracle/bridge/external dependencies PASS/fresh.,LIVE requires reconciled trade count >= policy minimum and reconciled PnL >=0.,Group Policy=APPROVED_FOR_LIVE; Stage=LIVE; Enabled=YES; ManualApproval=YES; Input/Alpha/Data/Economic/Execution/Dependency/Evidence gates all PASS.,Any missing/stale data; nonpositive alpha; economic threshold fail; simulation/test/invariant fail; dependency fail; insufficient reconciled evidence; no approval.,NO-GO,GROUP_POLICY_NOT_APPROVED,Sí,No,No,No,EXTERNAL_DATA_REQUIRED,op_08 Kalman; op_10 Welford; op_23 Queueing; op_11 Bayes,op_13 Regression; op_22 Monte Carlo; op_16 Kelly,TRUE,Gas; slippage; competencia; revert; state drift,RealizedNetPnL = value(balance_after-balance_before) - gas - explicit external costs; bind to tx/settlement receipt; unexplained delta => QUARANTINE.,https://arxiv.org/abs/2302.04938,,
MEV-01-012,1,RFQ–RFQ arbitrage,Arbitrajes spot DEX dentro de una misma cadena,DEX_AMM,R_ORDERBOOK,Executable order-book / RFQ cross-market spread,"Π(q)=Proceeds_bid(q)-Cost_ask(q)-taker_fees(q)-settlement_cost(q)-hedge_cost(q). Prices must be VWAP/depth-aware, not top-of-book only.",Firm bids/asks or RFQs; depth ladder; quote timestamp; venue fees; settlement latency/cost; DEX exact quote where applicable.,DS01+DS02+DS03+DS07+DS09+DS10+DS11,route_graph_engine,StrategyConfig + Snapshot + Candidate + amount + adapters + risk context,GateEvidence + exact quote + costs + EV + simulation_id + reconciliation refs,Change-controlled config; adapters healthy; required data loaded; kill-switch false.,F001-F016 + detector-specific equation,MEV-01-012-T01..T07,MEV-01-012-I01..I06,NP>0; NetROI>=group target; EV>=MinEV; ExpectedROI>0; capture/success/revert/risk thresholds pass.,Simulation PASS + math tests PASS + invariants PASS + atomic repayment when required.,All declared oracle/bridge/external dependencies PASS/fresh.,LIVE requires reconciled trade count >= policy minimum and reconciled PnL >=0.,Group Policy=APPROVED_FOR_LIVE; Stage=LIVE; Enabled=YES; ManualApproval=YES; Input/Alpha/Data/Economic/Execution/Dependency/Evidence gates all PASS.,Any missing/stale data; nonpositive alpha; economic threshold fail; simulation/test/invariant fail; dependency fail; insufficient reconciled evidence; no approval.,NO-GO,GROUP_POLICY_NOT_APPROVED,Sí,No,No,No,EXTERNAL_DATA_REQUIRED,op_08 Kalman; op_10 Welford; op_23 Queueing; op_11 Bayes,op_13 Regression; op_22 Monte Carlo; op_16 Kelly,TRUE,Gas; slippage; competencia; revert; state drift,RealizedNetPnL = value(balance_after-balance_before) - gas - explicit external costs; bind to tx/settlement receipt; unexplained delta => QUARANTINE.,https://arxiv.org/abs/2302.04938,,
MEV-01-013,1,Aggregator–DEX arbitrage,Arbitrajes spot DEX dentro de una misma cadena,DEX_AMM,R_CLOSED_CYCLE,Exact closed-route arbitrage,Q_R(x)=q_n(...q_2(q_1(x))); Π_R(x)=Q_R(x)-x-C_R(x). Opportunity iff max_x Π_R(x)>0. Marginal prefilter: Σ_e[-ln((1-fee_e)·rate_e)]<0.,Full ordered route legs; per-leg protocol adapter; reserves/slot0/ticks/bins; token decimals; pool fees; same-block state; gas; optional flash fee.,DS01+DS02+DS03+DS07+DS09+DS10+DS11,route_graph_engine,StrategyConfig + Snapshot + Candidate + amount + adapters + risk context,GateEvidence + exact quote + costs + EV + simulation_id + reconciliation refs,Change-controlled config; adapters healthy; required data loaded; kill-switch false.,F001-F016 + detector-specific equation,MEV-01-013-T01..T07,MEV-01-013-I01..I06,NP>0; NetROI>=group target; EV>=MinEV; ExpectedROI>0; capture/success/revert/risk thresholds pass.,Simulation PASS + math tests PASS + invariants PASS + atomic repayment when required.,All declared oracle/bridge/external dependencies PASS/fresh.,LIVE requires reconciled trade count >= policy minimum and reconciled PnL >=0.,Group Policy=APPROVED_FOR_LIVE; Stage=LIVE; Enabled=YES; ManualApproval=YES; Input/Alpha/Data/Economic/Execution/Dependency/Evidence gates all PASS.,Any missing/stale data; nonpositive alpha; economic threshold fail; simulation/test/invariant fail; dependency fail; insufficient reconciled evidence; no approval.,NO-GO,GROUP_POLICY_NOT_APPROVED,Sí,No,No,No,DETERMINISTIC_EXECUTABLE,op_27 Path Ordering; op_21 Newton-Raphson; op_15 Golden Section; op_16 Kelly,op_01 SVD; op_22 Monte Carlo; op_26 Flash Loan; op_30 GNN Encoder,TRUE,Gas; slippage; competencia; revert; state drift,RealizedNetPnL = value(balance_after-balance_before) - gas - explicit external costs; bind to tx/settlement receipt; unexplained delta => QUARANTINE.,https://arxiv.org/abs/2204.05238,https://arxiv.org/abs/2302.04938,https://arxiv.org/abs/2107.12484
MEV-01-014,1,Router–pool arbitrage,Arbitrajes spot DEX dentro de una misma cadena,DEX_AMM,R_CLOSED_CYCLE,Exact closed-route arbitrage,Q_R(x)=q_n(...q_2(q_1(x))); Π_R(x)=Q_R(x)-x-C_R(x). Opportunity iff max_x Π_R(x)>0. Marginal prefilter: Σ_e[-ln((1-fee_e)·rate_e)]<0.,Full ordered route legs; per-leg protocol adapter; reserves/slot0/ticks/bins; token decimals; pool fees; same-block state; gas; optional flash fee.,DS01+DS02+DS03+DS07+DS09+DS10+DS11,route_graph_engine,StrategyConfig + Snapshot + Candidate + amount + adapters + risk context,GateEvidence + exact quote + costs + EV + simulation_id + reconciliation refs,Change-controlled config; adapters healthy; required data loaded; kill-switch false.,F001-F016 + detector-specific equation,MEV-01-014-T01..T07,MEV-01-014-I01..I06,NP>0; NetROI>=group target; EV>=MinEV; ExpectedROI>0; capture/success/revert/risk thresholds pass.,Simulation PASS + math tests PASS + invariants PASS + atomic repayment when required.,All declared oracle/bridge/external dependencies PASS/fresh.,LIVE requires reconciled trade count >= policy minimum and reconciled PnL >=0.,Group Policy=APPROVED_FOR_LIVE; Stage=LIVE; Enabled=YES; ManualApproval=YES; Input/Alpha/Data/Economic/Execution/Dependency/Evidence gates all PASS.,Any missing/stale data; nonpositive alpha; economic threshold fail; simulation/test/invariant fail; dependency fail; insufficient reconciled evidence; no approval.,NO-GO,GROUP_POLICY_NOT_APPROVED,Sí,No,No,No,DETERMINISTIC_EXECUTABLE,op_27 Path Ordering; op_21 Newton-Raphson; op_15 Golden Section; op_16 Kelly,op_01 SVD; op_22 Monte Carlo; op_26 Flash Loan; op_30 GNN Encoder,TRUE,Gas; slippage; competencia; revert; state drift,RealizedNetPnL = value(balance_after-balance_before) - gas - explicit external costs; bind to tx/settlement receipt; unexplained delta => QUARANTINE.,https://arxiv.org/abs/2204.05238,https://arxiv.org/abs/2302.04938,https://arxiv.org/abs/2107.12484
MEV-01-015,1,Two-leg arbitrage,Arbitrajes spot DEX dentro de una misma cadena,DEX_AMM,R_CLOSED_CYCLE,Exact closed-route arbitrage,Q_R(x)=q_n(...q_2(q_1(x))); Π_R(x)=Q_R(x)-x-C_R(x). Opportunity iff max_x Π_R(x)>0. Marginal prefilter: Σ_e[-ln((1-fee_e)·rate_e)]<0.,Full ordered route legs; per-leg protocol adapter; reserves/slot0/ticks/bins; token decimals; pool fees; same-block state; gas; optional flash fee.,DS01+DS02+DS03+DS07+DS09+DS10+DS11,route_graph_engine,StrategyConfig + Snapshot + Candidate + amount + adapters + risk context,GateEvidence + exact quote + costs + EV + simulation_id + reconciliation refs,Change-controlled config; adapters healthy; required data loaded; kill-switch false.,F001-F016 + detector-specific equation,MEV-01-015-T01..T07,MEV-01-015-I01..I06,NP>0; NetROI>=group target; EV>=MinEV; ExpectedROI>0; capture/success/revert/risk thresholds pass.,Simulation PASS + math tests PASS + invariants PASS + atomic repayment when required.,All declared oracle/bridge/external dependencies PASS/fresh.,LIVE requires reconciled trade count >= policy minimum and reconciled PnL >=0.,Group Policy=APPROVED_FOR_LIVE; Stage=LIVE; Enabled=YES; ManualApproval=YES; Input/Alpha/Data/Economic/Execution/Dependency/Evidence gates all PASS.,Any missing/stale data; nonpositive alpha; economic threshold fail; simulation/test/invariant fail; dependency fail; insufficient reconciled evidence; no approval.,NO-GO,GROUP_POLICY_NOT_APPROVED,Sí,No,No,No,DETERMINISTIC_EXECUTABLE,op_27 Path Ordering; op_21 Newton-Raphson; op_15 Golden Section; op_16 Kelly,op_01 SVD; op_22 Monte Carlo; op_26 Flash Loan; op_30 GNN Encoder,TRUE,Gas; slippage; competencia; revert; state drift,RealizedNetPnL = value(balance_after-balance_before) - gas - explicit external costs; bind to tx/settlement receipt; unexplained delta => QUARANTINE.,https://arxiv.org/abs/2204.05238,https://arxiv.org/abs/2302.04938,https://arxiv.org/abs/2107.12484
MEV-01-016,1,Triangular arbitrage,Arbitrajes spot DEX dentro de una misma cadena,DEX_AMM,R_CLOSED_CYCLE,Exact closed-route arbitrage,Q_R(x)=q_n(...q_2(q_1(x))); Π_R(x)=Q_R(x)-x-C_R(x). Opportunity iff max_x Π_R(x)>0. Marginal prefilter: Σ_e[-ln((1-fee_e)·rate_e)]<0.,Full ordered route legs; per-leg protocol adapter; reserves/slot0/ticks/bins; token decimals; pool fees; same-block state; gas; optional flash fee.,DS01+DS02+DS03+DS07+DS09+DS10+DS11,route_graph_engine,StrategyConfig + Snapshot + Candidate + amount + adapters + risk context,GateEvidence + exact quote + costs + EV + simulation_id + reconciliation refs,Change-controlled config; adapters healthy; required data loaded; kill-switch false.,F001-F016 + detector-specific equation,MEV-01-016-T01..T07,MEV-01-016-I01..I06,NP>0; NetROI>=group target; EV>=MinEV; ExpectedROI>0; capture/success/revert/risk thresholds pass.,Simulation PASS + math tests PASS + invariants PASS + atomic repayment when required.,All declared oracle/bridge/external dependencies PASS/fresh.,LIVE requires reconciled trade count >= policy minimum and reconciled PnL >=0.,Group Policy=APPROVED_FOR_LIVE; Stage=LIVE; Enabled=YES; ManualApproval=YES; Input/Alpha/Data/Economic/Execution/Dependency/Evidence gates all PASS.,Any missing/stale data; nonpositive alpha; economic threshold fail; simulation/test/invariant fail; dependency fail; insufficient reconciled evidence; no approval.,NO-GO,GROUP_POLICY_NOT_APPROVED,Sí,No,No,No,DETERMINISTIC_EXECUTABLE,op_27 Path Ordering; op_21 Newton-Raphson; op_15 Golden Section; op_16 Kelly,op_01 SVD; op_22 Monte Carlo; op_26 Flash Loan; op_30 GNN Encoder,TRUE,Gas; slippage; competencia; revert; state drift,RealizedNetPnL = value(balance_after-balance_before) - gas - explicit external costs; bind to tx/settlement receipt; unexplained delta => QUARANTINE.,https://arxiv.org/abs/2204.05238,https://arxiv.org/abs/2302.04938,https://arxiv.org/abs/2107.12484
MEV-01-017,1,Quadrangular arbitrage,Arbitrajes spot DEX dentro de una misma cadena,DEX_AMM,R_CLOSED_CYCLE,Exact closed-route arbitrage,Q_R(x)=q_n(...q_2(q_1(x))); Π_R(x)=Q_R(x)-x-C_R(x). Opportunity iff max_x Π_R(x)>0. Marginal prefilter: Σ_e[-ln((1-fee_e)·rate_e)]<0.,Full ordered route legs; per-leg protocol adapter; reserves/slot0/ticks/bins; token decimals; pool fees; same-block state; gas; optional flash fee.,DS01+DS02+DS03+DS07+DS09+DS10+DS11,route_graph_engine,StrategyConfig + Snapshot + Candidate + amount + adapters + risk context,GateEvidence + exact quote + costs + EV + simulation_id + reconciliation refs,Change-controlled config; adapters healthy; required data loaded; kill-switch false.,F001-F016 + detector-specific equation,MEV-01-017-T01..T07,MEV-01-017-I01..I06,NP>0; NetROI>=group target; EV>=MinEV; ExpectedROI>0; capture/success/revert/risk thresholds pass.,Simulation PASS + math tests PASS + invariants PASS + atomic repayment when required.,All declared oracle/bridge/external dependencies PASS/fresh.,LIVE requires reconciled trade count >= policy minimum and reconciled PnL >=0.,Group Policy=APPROVED_FOR_LIVE; Stage=LIVE; Enabled=YES; ManualApproval=YES; Input/Alpha/Data/Economic/Execution/Dependency/Evidence gates all PASS.,Any missing/stale data; nonpositive alpha; economic threshold fail; simulation/test/invariant fail; dependency fail; insufficient reconciled evidence; no approval.,NO-GO,GROUP_POLICY_NOT_APPROVED,Sí,No,No,No,DETERMINISTIC_EXECUTABLE,op_27 Path Ordering; op_21 Newton-Raphson; op_15 Golden Section; op_16 Kelly,op_01 SVD; op_22 Monte Carlo; op_26 Flash Loan; op_30 GNN Encoder,TRUE,Gas; slippage; competencia; revert; state drift,RealizedNetPnL = value(balance_after-balance_before) - gas - explicit external costs; bind to tx/settlement receipt; unexplained delta => QUARANTINE.,https://arxiv.org/abs/2204.05238,https://arxiv.org/abs/2302.04938,https://arxiv.org/abs/2107.12484
MEV-01-018,1,N-leg cyclic arbitrage,Arbitrajes spot DEX dentro de una misma cadena,DEX_AMM,R_CLOSED_CYCLE,Exact closed-route arbitrage,Q_R(x)=q_n(...q_2(q_1(x))); Π_R(x)=Q_R(x)-x-C_R(x). Opportunity iff max_x Π_R(x)>0. Marginal prefilter: Σ_e[-ln((1-fee_e)·rate_e)]<0.,Full ordered route legs; per-leg protocol adapter; reserves/slot0/ticks/bins; token decimals; pool fees; same-block state; gas; optional flash fee.,DS01+DS02+DS03+DS07+DS09+DS10+DS11,route_graph_engine,StrategyConfig + Snapshot + Candidate + amount + adapters + risk context,GateEvidence + exact quote + costs + EV + simulation_id + reconciliation refs,Change-controlled config; adapters healthy; required data loaded; kill-switch false.,F001-F016 + detector-specific equation,MEV-01-018-T01..T07,MEV-01-018-I01..I06,NP>0; NetROI>=group target; EV>=MinEV; ExpectedROI>0; capture/success/revert/risk thresholds pass.,Simulation PASS + math tests PASS + invariants PASS + atomic repayment when required.,All declared oracle/bridge/external dependencies PASS/fresh.,LIVE requires reconciled trade count >= policy minimum and reconciled PnL >=0.,Group Policy=APPROVED_FOR_LIVE; Stage=LIVE; Enabled=YES; ManualApproval=YES; Input/Alpha/Data/Economic/Execution/Dependency/Evidence gates all PASS.,Any missing/stale data; nonpositive alpha; economic threshold fail; simulation/test/invariant fail; dependency fail; insufficient reconciled evidence; no approval.,NO-GO,GROUP_POLICY_NOT_APPROVED,Sí,No,No,No,DETERMINISTIC_EXECUTABLE,op_27 Path Ordering; op_21 Newton-Raphson; op_15 Golden Section; op_16 Kelly,op_01 SVD; op_22 Monte Carlo; op_26 Flash Loan; op_30 GNN Encoder,TRUE,Gas; slippage; competencia; revert; state drift,RealizedNetPnL = value(balance_after-balance_before) - gas - explicit external costs; bind to tx/settlement receipt; unexplained delta => QUARANTINE.,https://arxiv.org/abs/2204.05238,https://arxiv.org/abs/2302.04938,https://arxiv.org/abs/2107.12484
MEV-01-019,1,Multi-hop arbitrage,Arbitrajes spot DEX dentro de una misma cadena,DEX_AMM,R_CLOSED_CYCLE,Exact closed-route arbitrage,Q_R(x)=q_n(...q_2(q_1(x))); Π_R(x)=Q_R(x)-x-C_R(x). Opportunity iff max_x Π_R(x)>0. Marginal prefilter: Σ_e[-ln((1-fee_e)·rate_e)]<0.,Full ordered route legs; per-leg protocol adapter; reserves/slot0/ticks/bins; token decimals; pool fees; same-block state; gas; optional flash fee.,DS01+DS02+DS03+DS07+DS09+DS10+DS11,route_graph_engine,StrategyConfig + Snapshot + Candidate + amount + adapters + risk context,GateEvidence + exact quote + costs + EV + simulation_id + reconciliation refs,Change-controlled config; adapters healthy; required data loaded; kill-switch false.,F001-F016 + detector-specific equation,MEV-01-019-T01..T07,MEV-01-019-I01..I06,NP>0; NetROI>=group target; EV>=MinEV; ExpectedROI>0; capture/success/revert/risk thresholds pass.,Simulation PASS + math tests PASS + invariants PASS + atomic repayment when required.,All declared oracle/bridge/external dependencies PASS/fresh.,LIVE requires reconciled trade count >= policy minimum and reconciled PnL >=0.,Group Policy=APPROVED_FOR_LIVE; Stage=LIVE; Enabled=YES; ManualApproval=YES; Input/Alpha/Data/Economic/Execution/Dependency/Evidence gates all PASS.,Any missing/stale data; nonpositive alpha; economic threshold fail; simulation/test/invariant fail; dependency fail; insufficient reconciled evidence; no approval.,NO-GO,GROUP_POLICY_NOT_APPROVED,Sí,No,No,No,DETERMINISTIC_EXECUTABLE,op_27 Path Ordering; op_21 Newton-Raphson; op_15 Golden Section; op_16 Kelly,op_01 SVD; op_22 Monte Carlo; op_26 Flash Loan; op_30 GNN Encoder,TRUE,Gas; slippage; competencia; revert; state drift,RealizedNetPnL = value(balance_after-balance_before) - gas - explicit external costs; bind to tx/settlement receipt; unexplained delta => QUARANTINE.,https://arxiv.org/abs/2204.05238,https://arxiv.org/abs/2302.04938,https://arxiv.org/abs/2107.12484
MEV-01-020,1,Multi-DEX cyclic arbitrage,Arbitrajes spot DEX dentro de una misma cadena,DEX_AMM,R_CLOSED_CYCLE,Exact closed-route arbitrage,Q_R(x)=q_n(...q_2(q_1(x))); Π_R(x)=Q_R(x)-x-C_R(x). Opportunity iff max_x Π_R(x)>0. Marginal prefilter: Σ_e[-ln((1-fee_e)·rate_e)]<0.,Full ordered route legs; per-leg protocol adapter; reserves/slot0/ticks/bins; token decimals; pool fees; same-block state; gas; optional flash fee.,DS01+DS02+DS03+DS07+DS09+DS10+DS11,route_graph_engine,StrategyConfig + Snapshot + Candidate + amount + adapters + risk context,GateEvidence + exact quote + costs + EV + simulation_id + reconciliation refs,Change-controlled config; adapters healthy; required data loaded; kill-switch false.,F001-F016 + detector-specific equation,MEV-01-020-T01..T07,MEV-01-020-I01..I06,NP>0; NetROI>=group target; EV>=MinEV; ExpectedROI>0; capture/success/revert/risk thresholds pass.,Simulation PASS + math tests PASS + invariants PASS + atomic repayment when required.,All declared oracle/bridge/external dependencies PASS/fresh.,LIVE requires reconciled trade count >= policy minimum and reconciled PnL >=0.,Group Policy=APPROVED_FOR_LIVE; Stage=LIVE; Enabled=YES; ManualApproval=YES; Input/Alpha/Data/Economic/Execution/Dependency/Evidence gates all PASS.,Any missing/stale data; nonpositive alpha; economic threshold fail; simulation/test/invariant fail; dependency fail; insufficient reconciled evidence; no approval.,NO-GO,GROUP_POLICY_NOT_APPROVED,Sí,No,No,No,DETERMINISTIC_EXECUTABLE,op_27 Path Ordering; op_21 Newton-Raphson; op_15 Golden Section; op_16 Kelly,op_01 SVD; op_22 Monte Carlo; op_26 Flash Loan; op_30 GNN Encoder,TRUE,Gas; slippage; competencia; revert; state drift,RealizedNetPnL = value(balance_after-balance_before) - gas - explicit external costs; bind to tx/settlement receipt; unexplained delta => QUARANTINE.,https://arxiv.org/abs/2204.05238,https://arxiv.org/abs/2302.04938,https://arxiv.org/abs/2107.12484
MEV-01-021,1,Intra-DEX cyclic arbitrage,Arbitrajes spot DEX dentro de una misma cadena,DEX_AMM,R_CLOSED_CYCLE,Exact closed-route arbitrage,Q_R(x)=q_n(...q_2(q_1(x))); Π_R(x)=Q_R(x)-x-C_R(x). Opportunity iff max_x Π_R(x)>0. Marginal prefilter: Σ_e[-ln((1-fee_e)·rate_e)]<0.,Full ordered route legs; per-leg protocol adapter; reserves/slot0/ticks/bins; token decimals; pool fees; same-block state; gas; optional flash fee.,DS01+DS02+DS03+DS07+DS09+DS10+DS11,route_graph_engine,StrategyConfig + Snapshot + Candidate + amount + adapters + risk context,GateEvidence + exact quote + costs + EV + simulation_id + reconciliation refs,Change-controlled config; adapters healthy; required data loaded; kill-switch false.,F001-F016 + detector-specific equation,MEV-01-021-T01..T07,MEV-01-021-I01..I06,NP>0; NetROI>=group target; EV>=MinEV; ExpectedROI>0; capture/success/revert/risk thresholds pass.,Simulation PASS + math tests PASS + invariants PASS + atomic repayment when required.,All declared oracle/bridge/external dependencies PASS/fresh.,LIVE requires reconciled trade count >= policy minimum and reconciled PnL >=0.,Group Policy=APPROVED_FOR_LIVE; Stage=LIVE; Enabled=YES; ManualApproval=YES; Input/Alpha/Data/Economic/Execution/Dependency/Evidence gates all PASS.,Any missing/stale data; nonpositive alpha; economic threshold fail; simulation/test/invariant fail; dependency fail; insufficient reconciled evidence; no approval.,NO-GO,GROUP_POLICY_NOT_APPROVED,Sí,No,No,No,DETERMINISTIC_EXECUTABLE,op_27 Path Ordering; op_21 Newton-Raphson; op_15 Golden Section; op_16 Kelly,op_01 SVD; op_22 Monte Carlo; op_26 Flash Loan; op_30 GNN Encoder,TRUE,Gas; slippage; competencia; revert; state drift,RealizedNetPnL = value(balance_after-balance_before) - gas - explicit external costs; bind to tx/settlement receipt; unexplained delta => QUARANTINE.,https://arxiv.org/abs/2204.05238,https://arxiv.org/abs/2302.04938,https://arxiv.org/abs/2107.12484
MEV-01-022,1,Non-cyclic inventory arbitrage,Arbitrajes spot DEX dentro de una misma cadena,DEX_AMM,R_CLOSED_CYCLE,Exact closed-route arbitrage,Q_R(x)=q_n(...q_2(q_1(x))); Π_R(x)=Q_R(x)-x-C_R(x). Opportunity iff max_x Π_R(x)>0. Marginal prefilter: Σ_e[-ln((1-fee_e)·rate_e)]<0.,Full ordered route legs; per-leg protocol adapter; reserves/slot0/ticks/bins; token decimals; pool fees; same-block state; gas; optional flash fee.,DS01+DS02+DS03+DS07+DS09+DS10+DS11,route_graph_engine,StrategyConfig + Snapshot + Candidate + amount + adapters + risk context,GateEvidence + exact quote + costs + EV + simulation_id + reconciliation refs,Change-controlled config; adapters healthy; required data loaded; kill-switch false.,F001-F016 + detector-specific equation,MEV-01-022-T01..T07,MEV-01-022-I01..I06,NP>0; NetROI>=group target; EV>=MinEV; ExpectedROI>0; capture/success/revert/risk thresholds pass.,Simulation PASS + math tests PASS + invariants PASS + atomic repayment when required.,All declared oracle/bridge/external dependencies PASS/fresh.,LIVE requires reconciled trade count >= policy minimum and reconciled PnL >=0.,Group Policy=APPROVED_FOR_LIVE; Stage=LIVE; Enabled=YES; ManualApproval=YES; Input/Alpha/Data/Economic/Execution/Dependency/Evidence gates all PASS.,Any missing/stale data; nonpositive alpha; economic threshold fail; simulation/test/invariant fail; dependency fail; insufficient reconciled evidence; no approval.,NO-GO,GROUP_POLICY_NOT_APPROVED,Sí,No,No,No,DETERMINISTIC_EXECUTABLE,op_27 Path Ordering; op_21 Newton-Raphson; op_15 Golden Section; op_16 Kelly,op_01 SVD; op_22 Monte Carlo; op_26 Flash Loan; op_30 GNN Encoder,TRUE,Gas; slippage; competencia; revert; state drift,RealizedNetPnL = value(balance_after-balance_before) - gas - explicit external costs; bind to tx/settlement receipt; unexplained delta => QUARANTINE.,https://arxiv.org/abs/2204.05238,https://arxiv.org/abs/2302.04938,https://arxiv.org/abs/2107.12484
MEV-01-023,1,Path inconsistency arbitrage,Arbitrajes spot DEX dentro de una misma cadena,DEX_AMM,R_DIRECT_INDIRECT,Direct-vs-indirect path inconsistency,Δ(x)=Q_indirect(x)-Q_direct(x)-C_incremental(x); evaluate both executable paths at identical input/state; opportunity iff max_x Δ(x)>0.,Two competing paths with full legs; exact per-leg quotes; fees; block-consistent pool state; gas delta.,DS01+DS02+DS03+DS07+DS09+DS10+DS11,route_graph_engine,StrategyConfig + Snapshot + Candidate + amount + adapters + risk context,GateEvidence + exact quote + costs + EV + simulation_id + reconciliation refs,Change-controlled config; adapters healthy; required data loaded; kill-switch false.,F001-F016 + detector-specific equation,MEV-01-023-T01..T07,MEV-01-023-I01..I06,NP>0; NetROI>=group target; EV>=MinEV; ExpectedROI>0; capture/success/revert/risk thresholds pass.,Simulation PASS + math tests PASS + invariants PASS + atomic repayment when required.,All declared oracle/bridge/external dependencies PASS/fresh.,LIVE requires reconciled trade count >= policy minimum and reconciled PnL >=0.,Group Policy=APPROVED_FOR_LIVE; Stage=LIVE; Enabled=YES; ManualApproval=YES; Input/Alpha/Data/Economic/Execution/Dependency/Evidence gates all PASS.,Any missing/stale data; nonpositive alpha; economic threshold fail; simulation/test/invariant fail; dependency fail; insufficient reconciled evidence; no approval.,NO-GO,GROUP_POLICY_NOT_APPROVED,Sí,No,No,No,DETERMINISTIC_EXECUTABLE,op_27 Path Ordering; op_21 Newton-Raphson; op_15 Golden Section,op_01 SVD; op_20 Gradient Descent; op_22 Monte Carlo,TRUE,Gas; slippage; competencia; revert; state drift,RealizedNetPnL = value(balance_after-balance_before) - gas - explicit external costs; bind to tx/settlement receipt; unexplained delta => QUARANTINE.,https://arxiv.org/abs/2204.05238,https://arxiv.org/abs/2302.04938,
MEV-01-024,1,Direct-vs-indirect-route arbitrage,Arbitrajes spot DEX dentro de una misma cadena,DEX_AMM,R_DIRECT_INDIRECT,Direct-vs-indirect path inconsistency,Δ(x)=Q_indirect(x)-Q_direct(x)-C_incremental(x); evaluate both executable paths at identical input/state; opportunity iff max_x Δ(x)>0.,Two competing paths with full legs; exact per-leg quotes; fees; block-consistent pool state; gas delta.,DS01+DS02+DS03+DS07+DS09+DS10+DS11,route_graph_engine,StrategyConfig + Snapshot + Candidate + amount + adapters + risk context,GateEvidence + exact quote + costs + EV + simulation_id + reconciliation refs,Change-controlled config; adapters healthy; required data loaded; kill-switch false.,F001-F016 + detector-specific equation,MEV-01-024-T01..T07,MEV-01-024-I01..I06,NP>0; NetROI>=group target; EV>=MinEV; ExpectedROI>0; capture/success/revert/risk thresholds pass.,Simulation PASS + math tests PASS + invariants PASS + atomic repayment when required.,All declared oracle/bridge/external dependencies PASS/fresh.,LIVE requires reconciled trade count >= policy minimum and reconciled PnL >=0.,Group Policy=APPROVED_FOR_LIVE; Stage=LIVE; Enabled=YES; ManualApproval=YES; Input/Alpha/Data/Economic/Execution/Dependency/Evidence gates all PASS.,Any missing/stale data; nonpositive alpha; economic threshold fail; simulation/test/invariant fail; dependency fail; insufficient reconciled evidence; no approval.,NO-GO,GROUP_POLICY_NOT_APPROVED,Sí,No,No,No,DETERMINISTIC_EXECUTABLE,op_27 Path Ordering; op_21 Newton-Raphson; op_15 Golden Section,op_01 SVD; op_20 Gradient Descent; op_22 Monte Carlo,TRUE,Gas; slippage; competencia; revert; state drift,RealizedNetPnL = value(balance_after-balance_before) - gas - explicit external costs; bind to tx/settlement receipt; unexplained delta => QUARANTINE.,https://arxiv.org/abs/2204.05238,https://arxiv.org/abs/2302.04938,
MEV-01-025,1,Split-route arbitrage,Arbitrajes spot DEX dentro de una misma cadena,DEX_AMM,R_SPLIT,Split/parallel optimal routing,"maximize Σ_j Q_j(x_j)-C(x_1..x_m), subject to Σ_j x_j=x and x_j≥0; compare optimum against best unsplit route.",Parallel executable paths; exact quote functions; gas activation cost per path; shared input amount.,DS01+DS02+DS03+DS07+DS09+DS10+DS11,route_graph_engine,StrategyConfig + Snapshot + Candidate + amount + adapters + risk context,GateEvidence + exact quote + costs + EV + simulation_id + reconciliation refs,Change-controlled config; adapters healthy; required data loaded; kill-switch false.,F001-F016 + detector-specific equation,MEV-01-025-T01..T07,MEV-01-025-I01..I06,NP>0; NetROI>=group target; EV>=MinEV; ExpectedROI>0; capture/success/revert/risk thresholds pass.,Simulation PASS + math tests PASS + invariants PASS + atomic repayment when required.,All declared oracle/bridge/external dependencies PASS/fresh.,LIVE requires reconciled trade count >= policy minimum and reconciled PnL >=0.,Group Policy=APPROVED_FOR_LIVE; Stage=LIVE; Enabled=YES; ManualApproval=YES; Input/Alpha/Data/Economic/Execution/Dependency/Evidence gates all PASS.,Any missing/stale data; nonpositive alpha; economic threshold fail; simulation/test/invariant fail; dependency fail; insufficient reconciled evidence; no approval.,NO-GO,GROUP_POLICY_NOT_APPROVED,Sí,No,No,No,DETERMINISTIC_EXECUTABLE,op_19 Simplex; op_20 Gradient Descent; op_15 Golden Section,op_21 Newton-Raphson; op_27 Path Ordering; op_22 Monte Carlo,TRUE,Gas; slippage; competencia; revert; state drift,RealizedNetPnL = value(balance_after-balance_before) - gas - explicit external costs; bind to tx/settlement receipt; unexplained delta => QUARANTINE.,https://arxiv.org/abs/2204.05238,https://arxiv.org/abs/2603.02844,https://arxiv.org/abs/2302.04938
MEV-01-026,1,Parallel-route arbitrage,Arbitrajes spot DEX dentro de una misma cadena,DEX_AMM,R_SPLIT,Split/parallel optimal routing,"maximize Σ_j Q_j(x_j)-C(x_1..x_m), subject to Σ_j x_j=x and x_j≥0; compare optimum against best unsplit route.",Parallel executable paths; exact quote functions; gas activation cost per path; shared input amount.,DS01+DS02+DS03+DS07+DS09+DS10+DS11,route_graph_engine,StrategyConfig + Snapshot + Candidate + amount + adapters + risk context,GateEvidence + exact quote + costs + EV + simulation_id + reconciliation refs,Change-controlled config; adapters healthy; required data loaded; kill-switch false.,F001-F016 + detector-specific equation,MEV-01-026-T01..T07,MEV-01-026-I01..I06,NP>0; NetROI>=group target; EV>=MinEV; ExpectedROI>0; capture/success/revert/risk thresholds pass.,Simulation PASS + math tests PASS + invariants PASS + atomic repayment when required.,All declared oracle/bridge/external dependencies PASS/fresh.,LIVE requires reconciled trade count >= policy minimum and reconciled PnL >=0.,Group Policy=APPROVED_FOR_LIVE; Stage=LIVE; Enabled=YES; ManualApproval=YES; Input/Alpha/Data/Economic/Execution/Dependency/Evidence gates all PASS.,Any missing/stale data; nonpositive alpha; economic threshold fail; simulation/test/invariant fail; dependency fail; insufficient reconciled evidence; no approval.,NO-GO,GROUP_POLICY_NOT_APPROVED,Sí,No,No,No,DETERMINISTIC_EXECUTABLE,op_19 Simplex; op_20 Gradient Descent; op_15 Golden Section,op_21 Newton-Raphson; op_27 Path Ordering; op_22 Monte Carlo,TRUE,Gas; slippage; competencia; revert; state drift,RealizedNetPnL = value(balance_after-balance_before) - gas - explicit external costs; bind to tx/settlement receipt; unexplained delta => QUARANTINE.,https://arxiv.org/abs/2204.05238,https://arxiv.org/abs/2603.02844,https://arxiv.org/abs/2302.04938
MEV-01-027,1,Basket arbitrage,Arbitrajes spot DEX dentro de una misma cadena,DEX_AMM,R_BASKET_NAV,Basket/index NAV convergence,NAV=Σ_i w_i·V_i (or exact redemption outputs). Π=ExecutableRedeemOrMintValue-BasketAcquisitionCost-all_costs. Emit only if mint/redeem or firm unwind exists.,Basket composition/weights; mint/redeem contract state; exact component quotes; fees; redemption constraints.,DS01+DS02+DS03+DS07+DS09+DS10+DS11,route_graph_engine,StrategyConfig + Snapshot + Candidate + amount + adapters + risk context,GateEvidence + exact quote + costs + EV + simulation_id + reconciliation refs,Change-controlled config; adapters healthy; required data loaded; kill-switch false.,F001-F016 + detector-specific equation,MEV-01-027-T01..T07,MEV-01-027-I01..I06,NP>0; NetROI>=group target; EV>=MinEV; ExpectedROI>0; capture/success/revert/risk thresholds pass.,Simulation PASS + math tests PASS + invariants PASS + atomic repayment when required.,All declared oracle/bridge/external dependencies PASS/fresh.,LIVE requires reconciled trade count >= policy minimum and reconciled PnL >=0.,Group Policy=APPROVED_FOR_LIVE; Stage=LIVE; Enabled=YES; ManualApproval=YES; Input/Alpha/Data/Economic/Execution/Dependency/Evidence gates all PASS.,Any missing/stale data; nonpositive alpha; economic threshold fail; simulation/test/invariant fail; dependency fail; insufficient reconciled evidence; no approval.,NO-GO,GROUP_POLICY_NOT_APPROVED,Sí,No,No,No,DETERMINISTIC_IF_REDEEMABLE,op_13 Regression; op_19 Simplex; op_21 Newton-Raphson,op_08 Kalman; op_11 Bayes; op_16 Kelly; op_22 Monte Carlo,TRUE,Gas; slippage; competencia; revert; state drift,RealizedNetPnL = value(balance_after-balance_before) - gas - explicit external costs; bind to tx/settlement receipt; unexplained delta => QUARANTINE.,https://arxiv.org/abs/2107.12484,,
MEV-01-028,1,Index arbitrage,Arbitrajes spot DEX dentro de una misma cadena,DEX_AMM,R_BASKET_NAV,Basket/index NAV convergence,NAV=Σ_i w_i·V_i (or exact redemption outputs). Π=ExecutableRedeemOrMintValue-BasketAcquisitionCost-all_costs. Emit only if mint/redeem or firm unwind exists.,Basket composition/weights; mint/redeem contract state; exact component quotes; fees; redemption constraints.,DS01+DS02+DS03+DS07+DS09+DS10+DS11,route_graph_engine,StrategyConfig + Snapshot + Candidate + amount + adapters + risk context,GateEvidence + exact quote + costs + EV + simulation_id + reconciliation refs,Change-controlled config; adapters healthy; required data loaded; kill-switch false.,F001-F016 + detector-specific equation,MEV-01-028-T01..T07,MEV-01-028-I01..I06,NP>0; NetROI>=group target; EV>=MinEV; ExpectedROI>0; capture/success/revert/risk thresholds pass.,Simulation PASS + math tests PASS + invariants PASS + atomic repayment when required.,All declared oracle/bridge/external dependencies PASS/fresh.,LIVE requires reconciled trade count >= policy minimum and reconciled PnL >=0.,Group Policy=APPROVED_FOR_LIVE; Stage=LIVE; Enabled=YES; ManualApproval=YES; Input/Alpha/Data/Economic/Execution/Dependency/Evidence gates all PASS.,Any missing/stale data; nonpositive alpha; economic threshold fail; simulation/test/invariant fail; dependency fail; insufficient reconciled evidence; no approval.,NO-GO,GROUP_POLICY_NOT_APPROVED,Sí,No,No,No,DETERMINISTIC_IF_REDEEMABLE,op_13 Regression; op_19 Simplex; op_21 Newton-Raphson,op_08 Kalman; op_11 Bayes; op_16 Kelly; op_22 Monte Carlo,TRUE,Gas; slippage; competencia; revert; state drift,RealizedNetPnL = value(balance_after-balance_before) - gas - explicit external costs; bind to tx/settlement receipt; unexplained delta => QUARANTINE.,https://arxiv.org/abs/2107.12484,,
MEV-01-029,1,Ring arbitrage,Arbitrajes spot DEX dentro de una misma cadena,DEX_AMM,R_CLOSED_CYCLE,Exact closed-route arbitrage,Q_R(x)=q_n(...q_2(q_1(x))); Π_R(x)=Q_R(x)-x-C_R(x). Opportunity iff max_x Π_R(x)>0. Marginal prefilter: Σ_e[-ln((1-fee_e)·rate_e)]<0.,Full ordered route legs; per-leg protocol adapter; reserves/slot0/ticks/bins; token decimals; pool fees; same-block state; gas; optional flash fee.,DS01+DS02+DS03+DS07+DS09+DS10+DS11,route_graph_engine,StrategyConfig + Snapshot + Candidate + amount + adapters + risk context,GateEvidence + exact quote + costs + EV + simulation_id + reconciliation refs,Change-controlled config; adapters healthy; required data loaded; kill-switch false.,F001-F016 + detector-specific equation,MEV-01-029-T01..T07,MEV-01-029-I01..I06,NP>0; NetROI>=group target; EV>=MinEV; ExpectedROI>0; capture/success/revert/risk thresholds pass.,Simulation PASS + math tests PASS + invariants PASS + atomic repayment when required.,All declared oracle/bridge/external dependencies PASS/fresh.,LIVE requires reconciled trade count >= policy minimum and reconciled PnL >=0.,Group Policy=APPROVED_FOR_LIVE; Stage=LIVE; Enabled=YES; ManualApproval=YES; Input/Alpha/Data/Economic/Execution/Dependency/Evidence gates all PASS.,Any missing/stale data; nonpositive alpha; economic threshold fail; simulation/test/invariant fail; dependency fail; insufficient reconciled evidence; no approval.,NO-GO,GROUP_POLICY_NOT_APPROVED,Sí,No,No,No,DETERMINISTIC_EXECUTABLE,op_27 Path Ordering; op_21 Newton-Raphson; op_15 Golden Section; op_16 Kelly,op_01 SVD; op_22 Monte Carlo; op_26 Flash Loan; op_30 GNN Encoder,TRUE,Gas; slippage; competencia; revert; state drift,RealizedNetPnL = value(balance_after-balance_before) - gas - explicit external costs; bind to tx/settlement receipt; unexplained delta => QUARANTINE.,https://arxiv.org/abs/2204.05238,https://arxiv.org/abs/2302.04938,https://arxiv.org/abs/2107.12484
MEV-01-030,1,Coincidence-of-Wants arbitrage,Arbitrajes spot DEX dentro de una misma cadena,DEX_AMM,R_COW,Coincidence-of-Wants / combinatorial clearing,"maximize total executable trader surplus subject to limit prices, token conservation and settlement constraints; compare internal matching vs external liquidity.",Orders/intents; limit prices; balances; valid-to; external liquidity quotes; settlement constraints.,DS01+DS02+DS03+DS07+DS09+DS10+DS11,route_graph_engine,StrategyConfig + Snapshot + Candidate + amount + adapters + risk context,GateEvidence + exact quote + costs + EV + simulation_id + reconciliation refs,Change-controlled config; adapters healthy; required data loaded; kill-switch false.,F001-F016 + detector-specific equation,MEV-01-030-T01..T07,MEV-01-030-I01..I06,NP>0; NetROI>=group target; EV>=MinEV; ExpectedROI>0; capture/success/revert/risk thresholds pass.,Simulation PASS + math tests PASS + invariants PASS + atomic repayment when required.,All declared oracle/bridge/external dependencies PASS/fresh.,LIVE requires reconciled trade count >= policy minimum and reconciled PnL >=0.,Group Policy=APPROVED_FOR_LIVE; Stage=LIVE; Enabled=YES; ManualApproval=YES; Input/Alpha/Data/Economic/Execution/Dependency/Evidence gates all PASS.,Any missing/stale data; nonpositive alpha; economic threshold fail; simulation/test/invariant fail; dependency fail; insufficient reconciled evidence; no approval.,NO-GO,GROUP_POLICY_NOT_APPROVED,Sí,No,No,No,DETERMINISTIC_SETTLEMENT,op_19 Simplex; op_29 Shapley; op_24 Nash; op_27 Path Ordering,op_20 Gradient Descent; op_22 Monte Carlo; op_23 Queueing,TRUE,Gas; slippage; competencia; revert; state drift,RealizedNetPnL = value(balance_after-balance_before) - gas - explicit external costs; bind to tx/settlement receipt; unexplained delta => QUARANTINE.,https://docs.cow.fi/,,
MEV-01-031,1,Exact-in/exact-out arbitrage,Arbitrajes spot DEX dentro de una misma cadena,DEX_AMM,R_CLOSED_CYCLE,Exact closed-route arbitrage,Q_R(x)=q_n(...q_2(q_1(x))); Π_R(x)=Q_R(x)-x-C_R(x). Opportunity iff max_x Π_R(x)>0. Marginal prefilter: Σ_e[-ln((1-fee_e)·rate_e)]<0.,Full ordered route legs; per-leg protocol adapter; reserves/slot0/ticks/bins; token decimals; pool fees; same-block state; gas; optional flash fee.,DS01+DS02+DS03+DS07+DS09+DS10+DS11,route_graph_engine,StrategyConfig + Snapshot + Candidate + amount + adapters + risk context,GateEvidence + exact quote + costs + EV + simulation_id + reconciliation refs,Change-controlled config; adapters healthy; required data loaded; kill-switch false.,F001-F016 + detector-specific equation,MEV-01-031-T01..T07,MEV-01-031-I01..I06,NP>0; NetROI>=group target; EV>=MinEV; ExpectedROI>0; capture/success/revert/risk thresholds pass.,Simulation PASS + math tests PASS + invariants PASS + atomic repayment when required.,All declared oracle/bridge/external dependencies PASS/fresh.,LIVE requires reconciled trade count >= policy minimum and reconciled PnL >=0.,Group Policy=APPROVED_FOR_LIVE; Stage=LIVE; Enabled=YES; ManualApproval=YES; Input/Alpha/Data/Economic/Execution/Dependency/Evidence gates all PASS.,Any missing/stale data; nonpositive alpha; economic threshold fail; simulation/test/invariant fail; dependency fail; insufficient reconciled evidence; no approval.,NO-GO,GROUP_POLICY_NOT_APPROVED,Sí,No,No,No,DETERMINISTIC_EXECUTABLE,op_27 Path Ordering; op_21 Newton-Raphson; op_15 Golden Section; op_16 Kelly,op_01 SVD; op_22 Monte Carlo; op_26 Flash Loan; op_30 GNN Encoder,TRUE,Gas; slippage; competencia; revert; state drift,RealizedNetPnL = value(balance_after-balance_before) - gas - explicit external costs; bind to tx/settlement receipt; unexplained delta => QUARANTINE.,https://arxiv.org/abs/2204.05238,https://arxiv.org/abs/2302.04938,https://arxiv.org/abs/2107.12484
MEV-01-032,1,Fee-adjusted arbitrage,Arbitrajes spot DEX dentro de una misma cadena,DEX_AMM,R_CLOSED_CYCLE,Exact closed-route arbitrage,Q_R(x)=q_n(...q_2(q_1(x))); Π_R(x)=Q_R(x)-x-C_R(x). Opportunity iff max_x Π_R(x)>0. Marginal prefilter: Σ_e[-ln((1-fee_e)·rate_e)]<0.,Full ordered route legs; per-leg protocol adapter; reserves/slot0/ticks/bins; token decimals; pool fees; same-block state; gas; optional flash fee.,DS01+DS02+DS03+DS07+DS09+DS10+DS11,route_graph_engine,StrategyConfig + Snapshot + Candidate + amount + adapters + risk context,GateEvidence + exact quote + costs + EV + simulation_id + reconciliation refs,Change-controlled config; adapters healthy; required data loaded; kill-switch false.,F001-F016 + detector-specific equation,MEV-01-032-T01..T07,MEV-01-032-I01..I06,NP>0; NetROI>=group target; EV>=MinEV; ExpectedROI>0; capture/success/revert/risk thresholds pass.,Simulation PASS + math tests PASS + invariants PASS + atomic repayment when required.,All declared oracle/bridge/external dependencies PASS/fresh.,LIVE requires reconciled trade count >= policy minimum and reconciled PnL >=0.,Group Policy=APPROVED_FOR_LIVE; Stage=LIVE; Enabled=YES; ManualApproval=YES; Input/Alpha/Data/Economic/Execution/Dependency/Evidence gates all PASS.,Any missing/stale data; nonpositive alpha; economic threshold fail; simulation/test/invariant fail; dependency fail; insufficient reconciled evidence; no approval.,NO-GO,GROUP_POLICY_NOT_APPROVED,Sí,No,No,No,DETERMINISTIC_EXECUTABLE,op_27 Path Ordering; op_21 Newton-Raphson; op_15 Golden Section; op_16 Kelly,op_01 SVD; op_22 Monte Carlo; op_26 Flash Loan; op_30 GNN Encoder,TRUE,Gas; slippage; competencia; revert; state drift,RealizedNetPnL = value(balance_after-balance_before) - gas - explicit external costs; bind to tx/settlement receipt; unexplained delta => QUARANTINE.,https://arxiv.org/abs/2204.05238,https://arxiv.org/abs/2302.04938,https://arxiv.org/abs/2107.12484
MEV-01-033,1,Gas-adjusted arbitrage,Arbitrajes spot DEX dentro de una misma cadena,DEX_AMM,R_CLOSED_CYCLE,Exact closed-route arbitrage,Q_R(x)=q_n(...q_2(q_1(x))); Π_R(x)=Q_R(x)-x-C_R(x). Opportunity iff max_x Π_R(x)>0. Marginal prefilter: Σ_e[-ln((1-fee_e)·rate_e)]<0.,Full ordered route legs; per-leg protocol adapter; reserves/slot0/ticks/bins; token decimals; pool fees; same-block state; gas; optional flash fee.,DS01+DS02+DS03+DS07+DS09+DS10+DS11,route_graph_engine,StrategyConfig + Snapshot + Candidate + amount + adapters + risk context,GateEvidence + exact quote + costs + EV + simulation_id + reconciliation refs,Change-controlled config; adapters healthy; required data loaded; kill-switch false.,F001-F016 + detector-specific equation,MEV-01-033-T01..T07,MEV-01-033-I01..I06,NP>0; NetROI>=group target; EV>=MinEV; ExpectedROI>0; capture/success/revert/risk thresholds pass.,Simulation PASS + math tests PASS + invariants PASS + atomic repayment when required.,All declared oracle/bridge/external dependencies PASS/fresh.,LIVE requires reconciled trade count >= policy minimum and reconciled PnL >=0.,Group Policy=APPROVED_FOR_LIVE; Stage=LIVE; Enabled=YES; ManualApproval=YES; Input/Alpha/Data/Economic/Execution/Dependency/Evidence gates all PASS.,Any missing/stale data; nonpositive alpha; economic threshold fail; simulation/test/invariant fail; dependency fail; insufficient reconciled evidence; no approval.,NO-GO,GROUP_POLICY_NOT_APPROVED,Sí,No,No,No,DETERMINISTIC_EXECUTABLE,op_27 Path Ordering; op_21 Newton-Raphson; op_15 Golden Section; op_16 Kelly,op_01 SVD; op_22 Monte Carlo; op_26 Flash Loan; op_30 GNN Encoder,TRUE,Gas; slippage; competencia; revert; state drift,RealizedNetPnL = value(balance_after-balance_before) - gas - explicit external costs; bind to tx/settlement receipt; unexplained delta => QUARANTINE.,https://arxiv.org/abs/2204.05238,https://arxiv.org/abs/2302.04938,https://arxiv.org/abs/2107.12484
MEV-01-034,1,Rebate arbitrage,Arbitrajes spot DEX dentro de una misma cadena,DEX_AMM,R_CLOSED_CYCLE,Exact closed-route arbitrage,Q_R(x)=q_n(...q_2(q_1(x))); Π_R(x)=Q_R(x)-x-C_R(x). Opportunity iff max_x Π_R(x)>0. Marginal prefilter: Σ_e[-ln((1-fee_e)·rate_e)]<0.,Full ordered route legs; per-leg protocol adapter; reserves/slot0/ticks/bins; token decimals; pool fees; same-block state; gas; optional flash fee.,DS01+DS02+DS03+DS07+DS09+DS10+DS11,route_graph_engine,StrategyConfig + Snapshot + Candidate + amount + adapters + risk context,GateEvidence + exact quote + costs + EV + simulation_id + reconciliation refs,Change-controlled config; adapters healthy; required data loaded; kill-switch false.,F001-F016 + detector-specific equation,MEV-01-034-T01..T07,MEV-01-034-I01..I06,NP>0; NetROI>=group target; EV>=MinEV; ExpectedROI>0; capture/success/revert/risk thresholds pass.,Simulation PASS + math tests PASS + invariants PASS + atomic repayment when required.,All declared oracle/bridge/external dependencies PASS/fresh.,LIVE requires reconciled trade count >= policy minimum and reconciled PnL >=0.,Group Policy=APPROVED_FOR_LIVE; Stage=LIVE; Enabled=YES; ManualApproval=YES; Input/Alpha/Data/Economic/Execution/Dependency/Evidence gates all PASS.,Any missing/stale data; nonpositive alpha; economic threshold fail; simulation/test/invariant fail; dependency fail; insufficient reconciled evidence; no approval.,NO-GO,GROUP_POLICY_NOT_APPROVED,Sí,No,No,No,DETERMINISTIC_EXECUTABLE,op_27 Path Ordering; op_21 Newton-Raphson; op_15 Golden Section; op_16 Kelly,op_01 SVD; op_22 Monte Carlo; op_26 Flash Loan; op_30 GNN Encoder,TRUE,Gas; slippage; competencia; revert; state drift,RealizedNetPnL = value(balance_after-balance_before) - gas - explicit external costs; bind to tx/settlement receipt; unexplained delta => QUARANTINE.,https://arxiv.org/abs/2204.05238,https://arxiv.org/abs/2302.04938,https://arxiv.org/abs/2107.12484
MEV-01-035,1,Dynamic-fee arbitrage,Arbitrajes spot DEX dentro de una misma cadena,DEX_AMM,R_CLOSED_CYCLE,Exact closed-route arbitrage,Q_R(x)=q_n(...q_2(q_1(x))); Π_R(x)=Q_R(x)-x-C_R(x). Opportunity iff max_x Π_R(x)>0. Marginal prefilter: Σ_e[-ln((1-fee_e)·rate_e)]<0.,Full ordered route legs; per-leg protocol adapter; reserves/slot0/ticks/bins; token decimals; pool fees; same-block state; gas; optional flash fee.,DS01+DS02+DS03+DS07+DS09+DS10+DS11,route_graph_engine,StrategyConfig + Snapshot + Candidate + amount + adapters + risk context,GateEvidence + exact quote + costs + EV + simulation_id + reconciliation refs,Change-controlled config; adapters healthy; required data loaded; kill-switch false.,F001-F016 + detector-specific equation,MEV-01-035-T01..T07,MEV-01-035-I01..I06,NP>0; NetROI>=group target; EV>=MinEV; ExpectedROI>0; capture/success/revert/risk thresholds pass.,Simulation PASS + math tests PASS + invariants PASS + atomic repayment when required.,All declared oracle/bridge/external dependencies PASS/fresh.,LIVE requires reconciled trade count >= policy minimum and reconciled PnL >=0.,Group Policy=APPROVED_FOR_LIVE; Stage=LIVE; Enabled=YES; ManualApproval=YES; Input/Alpha/Data/Economic/Execution/Dependency/Evidence gates all PASS.,Any missing/stale data; nonpositive alpha; economic threshold fail; simulation/test/invariant fail; dependency fail; insufficient reconciled evidence; no approval.,NO-GO,GROUP_POLICY_NOT_APPROVED,Sí,No,No,No,DETERMINISTIC_EXECUTABLE,op_27 Path Ordering; op_21 Newton-Raphson; op_15 Golden Section; op_16 Kelly,op_01 SVD; op_22 Monte Carlo; op_26 Flash Loan; op_30 GNN Encoder,TRUE,Gas; slippage; competencia; revert; state drift,RealizedNetPnL = value(balance_after-balance_before) - gas - explicit external costs; bind to tx/settlement receipt; unexplained delta => QUARANTINE.,https://arxiv.org/abs/2204.05238,https://arxiv.org/abs/2302.04938,https://arxiv.org/abs/2107.12484
MEV-01-036,1,Hook arbitrage,Arbitrajes spot DEX dentro de una misma cadena,DEX_AMM,R_CLOSED_CYCLE,Exact closed-route arbitrage,Q_R(x)=q_n(...q_2(q_1(x))); Π_R(x)=Q_R(x)-x-C_R(x). Opportunity iff max_x Π_R(x)>0. Marginal prefilter: Σ_e[-ln((1-fee_e)·rate_e)]<0.,Full ordered route legs; per-leg protocol adapter; reserves/slot0/ticks/bins; token decimals; pool fees; same-block state; gas; optional flash fee.,DS01+DS02+DS03+DS07+DS09+DS10+DS11,route_graph_engine,StrategyConfig + Snapshot + Candidate + amount + adapters + risk context,GateEvidence + exact quote + costs + EV + simulation_id + reconciliation refs,Change-controlled config; adapters healthy; required data loaded; kill-switch false.,F001-F016 + detector-specific equation,MEV-01-036-T01..T07,MEV-01-036-I01..I06,NP>0; NetROI>=group target; EV>=MinEV; ExpectedROI>0; capture/success/revert/risk thresholds pass.,Simulation PASS + math tests PASS + invariants PASS + atomic repayment when required.,All declared oracle/bridge/external dependencies PASS/fresh.,LIVE requires reconciled trade count >= policy minimum and reconciled PnL >=0.,Group Policy=APPROVED_FOR_LIVE; Stage=LIVE; Enabled=YES; ManualApproval=YES; Input/Alpha/Data/Economic/Execution/Dependency/Evidence gates all PASS.,Any missing/stale data; nonpositive alpha; economic threshold fail; simulation/test/invariant fail; dependency fail; insufficient reconciled evidence; no approval.,NO-GO,GROUP_POLICY_NOT_APPROVED,Sí,No,No,No,DETERMINISTIC_EXECUTABLE,op_27 Path Ordering; op_21 Newton-Raphson; op_15 Golden Section; op_16 Kelly,op_01 SVD; op_22 Monte Carlo; op_26 Flash Loan; op_30 GNN Encoder,TRUE,Gas; slippage; competencia; revert; state drift,RealizedNetPnL = value(balance_after-balance_before) - gas - explicit external costs; bind to tx/settlement receipt; unexplained delta => QUARANTINE.,https://arxiv.org/abs/2204.05238,https://arxiv.org/abs/2302.04938,https://arxiv.org/abs/2107.12484
MEV-02-001,2,Constant-product arbitrage,Arbitrajes según la curva del AMM,DEX_AMM,CF_CPMM,Constant-product AMM,"For reserves (x,y), k=x·y. Exact-in quote with fee γ: Δy = y·(γΔx)/(x+γΔx). Route profit uses exact composition, not spot reserve ratio.",Reserves; token ordering/decimals; pool fee; exact route legs; gas.,DS01+DS02+DS03+DS07+DS09+DS10+DS11,amm_curve_engine,StrategyConfig + Snapshot + Candidate + amount + adapters + risk context,GateEvidence + exact quote + costs + EV + simulation_id + reconciliation refs,Change-controlled config; adapters healthy; required data loaded; kill-switch false.,F001-F016 + detector-specific equation,MEV-02-001-T01..T07,MEV-02-001-I01..I06,NP>0; NetROI>=group target; EV>=MinEV; ExpectedROI>0; capture/success/revert/risk thresholds pass.,Simulation PASS + math tests PASS + invariants PASS + atomic repayment when required.,All declared oracle/bridge/external dependencies PASS/fresh.,LIVE requires reconciled trade count >= policy minimum and reconciled PnL >=0.,Group Policy=APPROVED_FOR_LIVE; Stage=LIVE; Enabled=YES; ManualApproval=YES; Input/Alpha/Data/Economic/Execution/Dependency/Evidence gates all PASS.,Any missing/stale data; nonpositive alpha; economic threshold fail; simulation/test/invariant fail; dependency fail; insufficient reconciled evidence; no approval.,NO-GO,GROUP_POLICY_NOT_APPROVED,Sí,No,No,No,DETERMINISTIC_EXECUTABLE,op_21 Newton-Raphson; op_15 Golden Section; op_27 Path Ordering,op_16 Kelly; op_22 Monte Carlo; op_26 Flash Loan,TRUE,Gas; slippage; competencia; revert; state drift,RealizedNetPnL = value(balance_after-balance_before) - gas - explicit external costs; bind to tx/settlement receipt; unexplained delta => QUARANTINE.,https://arxiv.org/abs/2107.12484,https://arxiv.org/abs/2204.05238,
MEV-02-002,2,Constant-sum arbitrage,Arbitrajes según la curva del AMM,DEX_AMM,CF_CONSTANT_SUM,Constant-sum AMM,"x+y=k inside the valid inventory region; quote is locally constant-price until a reserve boundary, then infeasible. Detect cross-venue executable deviation net of fees.",Reserves; invariant bounds; fees; exact competing route.,DS01+DS02+DS03+DS07+DS09+DS10+DS11,amm_curve_engine,StrategyConfig + Snapshot + Candidate + amount + adapters + risk context,GateEvidence + exact quote + costs + EV + simulation_id + reconciliation refs,Change-controlled config; adapters healthy; required data loaded; kill-switch false.,F001-F016 + detector-specific equation,MEV-02-002-T01..T07,MEV-02-002-I01..I06,NP>0; NetROI>=group target; EV>=MinEV; ExpectedROI>0; capture/success/revert/risk thresholds pass.,Simulation PASS + math tests PASS + invariants PASS + atomic repayment when required.,All declared oracle/bridge/external dependencies PASS/fresh.,LIVE requires reconciled trade count >= policy minimum and reconciled PnL >=0.,Group Policy=APPROVED_FOR_LIVE; Stage=LIVE; Enabled=YES; ManualApproval=YES; Input/Alpha/Data/Economic/Execution/Dependency/Evidence gates all PASS.,Any missing/stale data; nonpositive alpha; economic threshold fail; simulation/test/invariant fail; dependency fail; insufficient reconciled evidence; no approval.,NO-GO,GROUP_POLICY_NOT_APPROVED,Sí,No,No,No,DETERMINISTIC_EXECUTABLE,op_19 Simplex; op_21 Newton-Raphson; op_15 Golden Section,op_22 Monte Carlo,TRUE,Gas; slippage; competencia; revert; state drift,RealizedNetPnL = value(balance_after-balance_before) - gas - explicit external costs; bind to tx/settlement receipt; unexplained delta => QUARANTINE.,https://docs.curve.finance/assets/pdf/whitepaper_stableswap.pdf,,
MEV-02-003,2,StableSwap arbitrage,Arbitrajes según la curva del AMM,DEX_AMM,CF_STABLESWAP,Curve StableSwap invariant,Use protocol StableSwap invariant D/A and solve post-trade y (Newton iteration as protocol does); compose exact dy across legs and optimize net route profit.,All pool balances; amplification A; fees/admin fees; token rates/decimals; exact invariant version.,DS01+DS02+DS03+DS07+DS09+DS10+DS11,amm_curve_engine,StrategyConfig + Snapshot + Candidate + amount + adapters + risk context,GateEvidence + exact quote + costs + EV + simulation_id + reconciliation refs,Change-controlled config; adapters healthy; required data loaded; kill-switch false.,F001-F016 + detector-specific equation,MEV-02-003-T01..T07,MEV-02-003-I01..I06,NP>0; NetROI>=group target; EV>=MinEV; ExpectedROI>0; capture/success/revert/risk thresholds pass.,Simulation PASS + math tests PASS + invariants PASS + atomic repayment when required.,All declared oracle/bridge/external dependencies PASS/fresh.,LIVE requires reconciled trade count >= policy minimum and reconciled PnL >=0.,Group Policy=APPROVED_FOR_LIVE; Stage=LIVE; Enabled=YES; ManualApproval=YES; Input/Alpha/Data/Economic/Execution/Dependency/Evidence gates all PASS.,Any missing/stale data; nonpositive alpha; economic threshold fail; simulation/test/invariant fail; dependency fail; insufficient reconciled evidence; no approval.,NO-GO,GROUP_POLICY_NOT_APPROVED,Sí,No,No,No,DETERMINISTIC_EXECUTABLE,op_21 Newton-Raphson; op_15 Golden Section; op_27 Path Ordering,op_16 Kelly; op_22 Monte Carlo,TRUE,Gas; slippage; competencia; revert; state drift,RealizedNetPnL = value(balance_after-balance_before) - gas - explicit external costs; bind to tx/settlement receipt; unexplained delta => QUARANTINE.,https://docs.curve.finance/assets/pdf/whitepaper_stableswap.pdf,,
MEV-02-004,2,Weighted-pool arbitrage,Arbitrajes según la curva del AMM,DEX_AMM,CF_WEIGHTED,Weighted geometric-mean AMM,Balancer invariant V=Π_i B_i^{W_i}; derive exact outGivenIn from balances/weights/fees and evaluate route net profit.,Balances; normalized weights; swap fee; token scaling factors; exact pool type/version.,DS01+DS02+DS03+DS07+DS09+DS10+DS11,amm_curve_engine,StrategyConfig + Snapshot + Candidate + amount + adapters + risk context,GateEvidence + exact quote + costs + EV + simulation_id + reconciliation refs,Change-controlled config; adapters healthy; required data loaded; kill-switch false.,F001-F016 + detector-specific equation,MEV-02-004-T01..T07,MEV-02-004-I01..I06,NP>0; NetROI>=group target; EV>=MinEV; ExpectedROI>0; capture/success/revert/risk thresholds pass.,Simulation PASS + math tests PASS + invariants PASS + atomic repayment when required.,All declared oracle/bridge/external dependencies PASS/fresh.,LIVE requires reconciled trade count >= policy minimum and reconciled PnL >=0.,Group Policy=APPROVED_FOR_LIVE; Stage=LIVE; Enabled=YES; ManualApproval=YES; Input/Alpha/Data/Economic/Execution/Dependency/Evidence gates all PASS.,Any missing/stale data; nonpositive alpha; economic threshold fail; simulation/test/invariant fail; dependency fail; insufficient reconciled evidence; no approval.,NO-GO,GROUP_POLICY_NOT_APPROVED,Sí,No,No,No,DETERMINISTIC_EXECUTABLE,op_21 Newton-Raphson; op_15 Golden Section; op_19 Simplex,op_16 Kelly; op_22 Monte Carlo,TRUE,Gas; slippage; competencia; revert; state drift,RealizedNetPnL = value(balance_after-balance_before) - gas - explicit external costs; bind to tx/settlement receipt; unexplained delta => QUARANTINE.,https://docs.balancer.fi/whitepaper.pdf,,
MEV-02-005,2,Concentrated-liquidity arbitrage,Arbitrajes según la curva del AMM,DEX_AMM,CF_CLAMM,Concentrated-liquidity AMM,"Piecewise quote across initialized ticks using sqrtPrice, active liquidity L and fee tier; route Q_R(x) must traverse ticks exactly or use protocol quoter.",sqrtPriceX96; active liquidity; initialized ticks/tick bitmap; fee tier; decimals; QuoterV2 or exact local tick traversal.,DS01+DS02+DS03+DS07+DS09+DS10+DS11,amm_curve_engine,StrategyConfig + Snapshot + Candidate + amount + adapters + risk context,GateEvidence + exact quote + costs + EV + simulation_id + reconciliation refs,Change-controlled config; adapters healthy; required data loaded; kill-switch false.,F001-F016 + detector-specific equation,MEV-02-005-T01..T07,MEV-02-005-I01..I06,NP>0; NetROI>=group target; EV>=MinEV; ExpectedROI>0; capture/success/revert/risk thresholds pass.,Simulation PASS + math tests PASS + invariants PASS + atomic repayment when required.,All declared oracle/bridge/external dependencies PASS/fresh.,LIVE requires reconciled trade count >= policy minimum and reconciled PnL >=0.,Group Policy=APPROVED_FOR_LIVE; Stage=LIVE; Enabled=YES; ManualApproval=YES; Input/Alpha/Data/Economic/Execution/Dependency/Evidence gates all PASS.,Any missing/stale data; nonpositive alpha; economic threshold fail; simulation/test/invariant fail; dependency fail; insufficient reconciled evidence; no approval.,NO-GO,GROUP_POLICY_NOT_APPROVED,Sí,No,No,No,DETERMINISTIC_EXECUTABLE,op_21 Newton-Raphson; op_15 Golden Section; op_27 Path Ordering,op_10 Welford; op_16 Kelly; op_22 Monte Carlo; op_30 GNN Encoder,TRUE,Gas; slippage; competencia; revert; state drift,RealizedNetPnL = value(balance_after-balance_before) - gas - explicit external costs; bind to tx/settlement receipt; unexplained delta => QUARANTINE.,https://developers.uniswap.org/docs/get-started/concepts/liquidity-providers/concentrated-liquidity,https://arxiv.org/abs/2302.04938,
MEV-02-006,2,Liquidity-bin arbitrage,Arbitrajes según la curva del AMM,DEX_AMM,CF_LB,Liquidity Book / bin AMM,"Traverse discrete price bins; each bin uses constant-sum behavior at fixed bin price, with fixed+variable fee. Aggregate fills across bins until amount is satisfied.",Active bin; bin step; per-bin reserves/liquidity; variable fee state; exact bin traversal.,DS01+DS02+DS03+DS07+DS09+DS10+DS11,amm_curve_engine,StrategyConfig + Snapshot + Candidate + amount + adapters + risk context,GateEvidence + exact quote + costs + EV + simulation_id + reconciliation refs,Change-controlled config; adapters healthy; required data loaded; kill-switch false.,F001-F016 + detector-specific equation,MEV-02-006-T01..T07,MEV-02-006-I01..I06,NP>0; NetROI>=group target; EV>=MinEV; ExpectedROI>0; capture/success/revert/risk thresholds pass.,Simulation PASS + math tests PASS + invariants PASS + atomic repayment when required.,All declared oracle/bridge/external dependencies PASS/fresh.,LIVE requires reconciled trade count >= policy minimum and reconciled PnL >=0.,Group Policy=APPROVED_FOR_LIVE; Stage=LIVE; Enabled=YES; ManualApproval=YES; Input/Alpha/Data/Economic/Execution/Dependency/Evidence gates all PASS.,Any missing/stale data; nonpositive alpha; economic threshold fail; simulation/test/invariant fail; dependency fail; insufficient reconciled evidence; no approval.,NO-GO,GROUP_POLICY_NOT_APPROVED,Sí,No,No,No,DETERMINISTIC_EXECUTABLE,op_27 Path Ordering; op_21 Newton-Raphson; op_15 Golden Section,op_10 Welford; op_22 Monte Carlo,TRUE,Gas; slippage; competencia; revert; state drift,RealizedNetPnL = value(balance_after-balance_before) - gas - explicit external costs; bind to tx/settlement receipt; unexplained delta => QUARANTINE.,https://docs.lfj.gg/concepts/bin-liquidity,,
MEV-02-007,2,Proactive Market Maker arbitrage,Arbitrajes según la curva del AMM,DEX_AMM,CF_PMM,Proactive Market Maker,Use protocol PMM inventory-aware curve around oracle/reference price; quote exact buy/sell branch and compare executable round-trip net of fees.,PMM state/inventory; oracle/reference price; k/curve parameters; fees; exact protocol version.,DS01+DS02+DS03+DS07+DS09+DS10+DS11,amm_curve_engine,StrategyConfig + Snapshot + Candidate + amount + adapters + risk context,GateEvidence + exact quote + costs + EV + simulation_id + reconciliation refs,Change-controlled config; adapters healthy; required data loaded; kill-switch false.,F001-F016 + detector-specific equation,MEV-02-007-T01..T07,MEV-02-007-I01..I06,NP>0; NetROI>=group target; EV>=MinEV; ExpectedROI>0; capture/success/revert/risk thresholds pass.,Simulation PASS + math tests PASS + invariants PASS + atomic repayment when required.,All declared oracle/bridge/external dependencies PASS/fresh.,LIVE requires reconciled trade count >= policy minimum and reconciled PnL >=0.,Group Policy=APPROVED_FOR_LIVE; Stage=LIVE; Enabled=YES; ManualApproval=YES; Input/Alpha/Data/Economic/Execution/Dependency/Evidence gates all PASS.,Any missing/stale data; nonpositive alpha; economic threshold fail; simulation/test/invariant fail; dependency fail; insufficient reconciled evidence; no approval.,NO-GO,GROUP_POLICY_NOT_APPROVED,Sí,No,No,No,DETERMINISTIC_WITH_ORACLE,op_21 Newton-Raphson; op_15 Golden Section; op_08 Kalman,op_13 Regression; op_22 Monte Carlo,TRUE,Gas; slippage; competencia; revert; state drift,RealizedNetPnL = value(balance_after-balance_before) - gas - explicit external costs; bind to tx/settlement receipt; unexplained delta => QUARANTINE.,https://docs.dodoex.io/en/product/pmm-algorithm,,
MEV-02-008,2,Dynamic-liquidity arbitrage,Arbitrajes según la curva del AMM,DEX_AMM,CF_DYNAMIC,Dynamic parameter / hybrid AMM,"Q(x;θ(S_t)) with θ read from current contract state (weights, fees, peg, oracle or hybrid book). Reconstruct exact current invariant before comparing routes.",Protocol-specific dynamic parameters; state snapshot; exact adapter; fees; oracle where protocol requires.,DS01+DS02+DS03+DS07+DS09+DS10+DS11,amm_curve_engine,StrategyConfig + Snapshot + Candidate + amount + adapters + risk context,GateEvidence + exact quote + costs + EV + simulation_id + reconciliation refs,Change-controlled config; adapters healthy; required data loaded; kill-switch false.,F001-F016 + detector-specific equation,MEV-02-008-T01..T07,MEV-02-008-I01..I06,NP>0; NetROI>=group target; EV>=MinEV; ExpectedROI>0; capture/success/revert/risk thresholds pass.,Simulation PASS + math tests PASS + invariants PASS + atomic repayment when required.,All declared oracle/bridge/external dependencies PASS/fresh.,LIVE requires reconciled trade count >= policy minimum and reconciled PnL >=0.,Group Policy=APPROVED_FOR_LIVE; Stage=LIVE; Enabled=YES; ManualApproval=YES; Input/Alpha/Data/Economic/Execution/Dependency/Evidence gates all PASS.,Any missing/stale data; nonpositive alpha; economic threshold fail; simulation/test/invariant fail; dependency fail; insufficient reconciled evidence; no approval.,NO-GO,GROUP_POLICY_NOT_APPROVED,Sí,No,No,No,DETERMINISTIC_IF_ADAPTER,op_08 Kalman; op_10 Welford; op_21 Newton-Raphson; op_15 Golden Section,op_13 Regression; op_22 Monte Carlo,TRUE,Gas; slippage; competencia; revert; state drift,RealizedNetPnL = value(balance_after-balance_before) - gas - explicit external costs; bind to tx/settlement receipt; unexplained delta => QUARANTINE.,https://arxiv.org/abs/2107.12484,,
MEV-02-009,2,Dynamic-weight arbitrage,Arbitrajes según la curva del AMM,DEX_AMM,CF_DYNAMIC,Dynamic parameter / hybrid AMM,"Q(x;θ(S_t)) with θ read from current contract state (weights, fees, peg, oracle or hybrid book). Reconstruct exact current invariant before comparing routes.",Protocol-specific dynamic parameters; state snapshot; exact adapter; fees; oracle where protocol requires.,DS01+DS02+DS03+DS07+DS09+DS10+DS11,amm_curve_engine,StrategyConfig + Snapshot + Candidate + amount + adapters + risk context,GateEvidence + exact quote + costs + EV + simulation_id + reconciliation refs,Change-controlled config; adapters healthy; required data loaded; kill-switch false.,F001-F016 + detector-specific equation,MEV-02-009-T01..T07,MEV-02-009-I01..I06,NP>0; NetROI>=group target; EV>=MinEV; ExpectedROI>0; capture/success/revert/risk thresholds pass.,Simulation PASS + math tests PASS + invariants PASS + atomic repayment when required.,All declared oracle/bridge/external dependencies PASS/fresh.,LIVE requires reconciled trade count >= policy minimum and reconciled PnL >=0.,Group Policy=APPROVED_FOR_LIVE; Stage=LIVE; Enabled=YES; ManualApproval=YES; Input/Alpha/Data/Economic/Execution/Dependency/Evidence gates all PASS.,Any missing/stale data; nonpositive alpha; economic threshold fail; simulation/test/invariant fail; dependency fail; insufficient reconciled evidence; no approval.,NO-GO,GROUP_POLICY_NOT_APPROVED,Sí,No,No,No,DETERMINISTIC_IF_ADAPTER,op_08 Kalman; op_10 Welford; op_21 Newton-Raphson; op_15 Golden Section,op_13 Regression; op_22 Monte Carlo,TRUE,Gas; slippage; competencia; revert; state drift,RealizedNetPnL = value(balance_after-balance_before) - gas - explicit external costs; bind to tx/settlement receipt; unexplained delta => QUARANTINE.,https://arxiv.org/abs/2107.12484,,
MEV-02-010,2,Bonding-curve arbitrage,Arbitrajes según la curva del AMM,DEX_AMM,CF_BOND,Bonding-curve AMM,"For supply q and cost function C(q), marginal price p(q)=dC/dq; exact acquisition/redeem cost is integral/difference C(q+Δ)-C(q). Compare against executable external value.",Current supply/state; bonding curve parameters; mint/redeem fees; external executable quote.,DS01+DS02+DS03+DS07+DS09+DS10+DS11,amm_curve_engine,StrategyConfig + Snapshot + Candidate + amount + adapters + risk context,GateEvidence + exact quote + costs + EV + simulation_id + reconciliation refs,Change-controlled config; adapters healthy; required data loaded; kill-switch false.,F001-F016 + detector-specific equation,MEV-02-010-T01..T07,MEV-02-010-I01..I06,NP>0; NetROI>=group target; EV>=MinEV; ExpectedROI>0; capture/success/revert/risk thresholds pass.,Simulation PASS + math tests PASS + invariants PASS + atomic repayment when required.,All declared oracle/bridge/external dependencies PASS/fresh.,LIVE requires reconciled trade count >= policy minimum and reconciled PnL >=0.,Group Policy=APPROVED_FOR_LIVE; Stage=LIVE; Enabled=YES; ManualApproval=YES; Input/Alpha/Data/Economic/Execution/Dependency/Evidence gates all PASS.,Any missing/stale data; nonpositive alpha; economic threshold fail; simulation/test/invariant fail; dependency fail; insufficient reconciled evidence; no approval.,NO-GO,GROUP_POLICY_NOT_APPROVED,Sí,No,No,No,DETERMINISTIC_EXECUTABLE,op_21 Newton-Raphson; op_15 Golden Section; op_20 Gradient Descent,op_13 Regression; op_22 Monte Carlo,TRUE,Gas; slippage; competencia; revert; state drift,RealizedNetPnL = value(balance_after-balance_before) - gas - explicit external costs; bind to tx/settlement receipt; unexplained delta => QUARANTINE.,https://arxiv.org/abs/2107.12484,,
MEV-02-011,2,Oracle-priced AMM arbitrage,Arbitrajes según la curva del AMM,DEX_AMM,CF_DYNAMIC,Dynamic parameter / hybrid AMM,"Q(x;θ(S_t)) with θ read from current contract state (weights, fees, peg, oracle or hybrid book). Reconstruct exact current invariant before comparing routes.",Protocol-specific dynamic parameters; state snapshot; exact adapter; fees; oracle where protocol requires.,DS01+DS02+DS03+DS07+DS09+DS10+DS11+DS04 Oracle,amm_curve_engine,StrategyConfig + Snapshot + Candidate + amount + adapters + risk context,GateEvidence + exact quote + costs + EV + simulation_id + reconciliation refs,Change-controlled config; adapters healthy; required data loaded; kill-switch false.,F001-F016 + detector-specific equation,MEV-02-011-T01..T07,MEV-02-011-I01..I06,NP>0; NetROI>=group target; EV>=MinEV; ExpectedROI>0; capture/success/revert/risk thresholds pass.,Simulation PASS + math tests PASS + invariants PASS + atomic repayment when required.,All declared oracle/bridge/external dependencies PASS/fresh.,LIVE requires reconciled trade count >= policy minimum and reconciled PnL >=0.,Group Policy=APPROVED_FOR_LIVE; Stage=LIVE; Enabled=YES; ManualApproval=YES; Input/Alpha/Data/Economic/Execution/Dependency/Evidence gates all PASS.,Any missing/stale data; nonpositive alpha; economic threshold fail; simulation/test/invariant fail; dependency fail; insufficient reconciled evidence; no approval.,NO-GO,GROUP_POLICY_NOT_APPROVED,Sí,Sí,No,No,DETERMINISTIC_IF_ADAPTER,op_08 Kalman; op_10 Welford; op_21 Newton-Raphson; op_15 Golden Section,op_13 Regression; op_22 Monte Carlo,TRUE,Gas; slippage; competencia; revert; state drift,RealizedNetPnL = value(balance_after-balance_before) - gas - explicit external costs; bind to tx/settlement receipt; unexplained delta => QUARANTINE.,https://arxiv.org/abs/2107.12484,,
MEV-02-012,2,Virtual-AMM arbitrage,Arbitrajes según la curva del AMM,DEX_AMM,CF_VAMM,Virtual AMM / derivative curve,"Use virtual reserves/invariant plus index/mark/funding rules; opportunity is hedged net basis, not raw virtual reserve spread.",Virtual reserves; mark/index/oracle; funding; position constraints; fees.,DS01+DS02+DS03+DS07+DS09+DS10+DS11,amm_curve_engine,StrategyConfig + Snapshot + Candidate + amount + adapters + risk context,GateEvidence + exact quote + costs + EV + simulation_id + reconciliation refs,Change-controlled config; adapters healthy; required data loaded; kill-switch false.,F001-F016 + detector-specific equation,MEV-02-012-T01..T07,MEV-02-012-I01..I06,NP>0; NetROI>=group target; EV>=MinEV; ExpectedROI>0; capture/success/revert/risk thresholds pass.,Simulation PASS + math tests PASS + invariants PASS + atomic repayment when required.,All declared oracle/bridge/external dependencies PASS/fresh.,LIVE requires reconciled trade count >= policy minimum and reconciled PnL >=0.,Group Policy=APPROVED_FOR_LIVE; Stage=LIVE; Enabled=YES; ManualApproval=YES; Input/Alpha/Data/Economic/Execution/Dependency/Evidence gates all PASS.,Any missing/stale data; nonpositive alpha; economic threshold fail; simulation/test/invariant fail; dependency fail; insufficient reconciled evidence; no approval.,NO-GO,GROUP_POLICY_NOT_APPROVED,Sí,No,No,No,DETERMINISTIC_WITH_DERIVATIVE_STATE,op_13 Regression; op_08 Kalman; op_21 Newton-Raphson,op_10 Welford; op_22 Monte Carlo,TRUE,Gas; slippage; competencia; revert; state drift,RealizedNetPnL = value(balance_after-balance_before) - gas - explicit external costs; bind to tx/settlement receipt; unexplained delta => QUARANTINE.,https://arxiv.org/abs/2204.05238,,
MEV-02-013,2,Hybrid AMM/CLOB arbitrage,Arbitrajes según la curva del AMM,DEX_AMM,CF_DYNAMIC,Dynamic parameter / hybrid AMM,"Q(x;θ(S_t)) with θ read from current contract state (weights, fees, peg, oracle or hybrid book). Reconstruct exact current invariant before comparing routes.",Protocol-specific dynamic parameters; state snapshot; exact adapter; fees; oracle where protocol requires.,DS01+DS02+DS03+DS07+DS09+DS10+DS11,amm_curve_engine,StrategyConfig + Snapshot + Candidate + amount + adapters + risk context,GateEvidence + exact quote + costs + EV + simulation_id + reconciliation refs,Change-controlled config; adapters healthy; required data loaded; kill-switch false.,F001-F016 + detector-specific equation,MEV-02-013-T01..T07,MEV-02-013-I01..I06,NP>0; NetROI>=group target; EV>=MinEV; ExpectedROI>0; capture/success/revert/risk thresholds pass.,Simulation PASS + math tests PASS + invariants PASS + atomic repayment when required.,All declared oracle/bridge/external dependencies PASS/fresh.,LIVE requires reconciled trade count >= policy minimum and reconciled PnL >=0.,Group Policy=APPROVED_FOR_LIVE; Stage=LIVE; Enabled=YES; ManualApproval=YES; Input/Alpha/Data/Economic/Execution/Dependency/Evidence gates all PASS.,Any missing/stale data; nonpositive alpha; economic threshold fail; simulation/test/invariant fail; dependency fail; insufficient reconciled evidence; no approval.,NO-GO,GROUP_POLICY_NOT_APPROVED,Sí,No,No,No,DETERMINISTIC_IF_ADAPTER,op_08 Kalman; op_10 Welford; op_21 Newton-Raphson; op_15 Golden Section,op_13 Regression; op_22 Monte Carlo,TRUE,Gas; slippage; competencia; revert; state drift,RealizedNetPnL = value(balance_after-balance_before) - gas - explicit external costs; bind to tx/settlement receipt; unexplained delta => QUARANTINE.,https://arxiv.org/abs/2107.12484,,
MEV-02-014,2,TWAMM arbitrage,Arbitrajes según la curva del AMM,DEX_AMM,CF_TWAMM,TWAMM post-virtual-order state,"Advance virtual long-term orders to target block/time, derive post-state reserves, then run exact quote/round-trip on that state.",Long-term order state; last virtual execution time; reserves; block timestamp; fees.,DS01+DS02+DS03+DS07+DS09+DS10+DS11,amm_curve_engine,StrategyConfig + Snapshot + Candidate + amount + adapters + risk context,GateEvidence + exact quote + costs + EV + simulation_id + reconciliation refs,Change-controlled config; adapters healthy; required data loaded; kill-switch false.,F001-F016 + detector-specific equation,MEV-02-014-T01..T07,MEV-02-014-I01..I06,NP>0; NetROI>=group target; EV>=MinEV; ExpectedROI>0; capture/success/revert/risk thresholds pass.,Simulation PASS + math tests PASS + invariants PASS + atomic repayment when required.,All declared oracle/bridge/external dependencies PASS/fresh.,LIVE requires reconciled trade count >= policy minimum and reconciled PnL >=0.,Group Policy=APPROVED_FOR_LIVE; Stage=LIVE; Enabled=YES; ManualApproval=YES; Input/Alpha/Data/Economic/Execution/Dependency/Evidence gates all PASS.,Any missing/stale data; nonpositive alpha; economic threshold fail; simulation/test/invariant fail; dependency fail; insufficient reconciled evidence; no approval.,NO-GO,GROUP_POLICY_NOT_APPROVED,Sí,No,No,No,DETERMINISTIC_POST_STATE,op_05 PDMP / jump process; op_21 Newton-Raphson; op_27 Path Ordering,op_08 Kalman; op_22 Monte Carlo,TRUE,Gas; slippage; competencia; revert; state drift,RealizedNetPnL = value(balance_after-balance_before) - gas - explicit external costs; bind to tx/settlement receipt; unexplained delta => QUARANTINE.,https://arxiv.org/abs/2204.05238,,
MEV-02-015,2,Batch-AMM arbitrage,Arbitrajes según la curva del AMM,DEX_AMM,CF_BATCH,Batch/auction-managed AMM,"Solve clearing allocation/price maximizing feasible surplus subject to pool invariant, order limits and conservation; compare settlement value after costs.",Batch orders; pool state; clearing constraints; fee model; auction deadline.,DS01+DS02+DS03+DS07+DS09+DS10+DS11,amm_curve_engine,StrategyConfig + Snapshot + Candidate + amount + adapters + risk context,GateEvidence + exact quote + costs + EV + simulation_id + reconciliation refs,Change-controlled config; adapters healthy; required data loaded; kill-switch false.,F001-F016 + detector-specific equation,MEV-02-015-T01..T07,MEV-02-015-I01..I06,NP>0; NetROI>=group target; EV>=MinEV; ExpectedROI>0; capture/success/revert/risk thresholds pass.,Simulation PASS + math tests PASS + invariants PASS + atomic repayment when required.,All declared oracle/bridge/external dependencies PASS/fresh.,LIVE requires reconciled trade count >= policy minimum and reconciled PnL >=0.,Group Policy=APPROVED_FOR_LIVE; Stage=LIVE; Enabled=YES; ManualApproval=YES; Input/Alpha/Data/Economic/Execution/Dependency/Evidence gates all PASS.,Any missing/stale data; nonpositive alpha; economic threshold fail; simulation/test/invariant fail; dependency fail; insufficient reconciled evidence; no approval.,NO-GO,GROUP_POLICY_NOT_APPROVED,Sí,No,No,No,DETERMINISTIC_SETTLEMENT,op_19 Simplex; op_24 Nash; op_29 Shapley,op_20 Gradient Descent; op_22 Monte Carlo; op_23 Queueing,TRUE,Gas; slippage; competencia; revert; state drift,RealizedNetPnL = value(balance_after-balance_before) - gas - explicit external costs; bind to tx/settlement receipt; unexplained delta => QUARANTINE.,https://docs.cow.fi/,,
MEV-02-016,2,Auction-managed AMM arbitrage,Arbitrajes según la curva del AMM,DEX_AMM,CF_BATCH,Batch/auction-managed AMM,"Solve clearing allocation/price maximizing feasible surplus subject to pool invariant, order limits and conservation; compare settlement value after costs.",Batch orders; pool state; clearing constraints; fee model; auction deadline.,DS01+DS02+DS03+DS07+DS09+DS10+DS11,amm_curve_engine,StrategyConfig + Snapshot + Candidate + amount + adapters + risk context,GateEvidence + exact quote + costs + EV + simulation_id + reconciliation refs,Change-controlled config; adapters healthy; required data loaded; kill-switch false.,F001-F016 + detector-specific equation,MEV-02-016-T01..T07,MEV-02-016-I01..I06,NP>0; NetROI>=group target; EV>=MinEV; ExpectedROI>0; capture/success/revert/risk thresholds pass.,Simulation PASS + math tests PASS + invariants PASS + atomic repayment when required.,All declared oracle/bridge/external dependencies PASS/fresh.,LIVE requires reconciled trade count >= policy minimum and reconciled PnL >=0.,Group Policy=APPROVED_FOR_LIVE; Stage=LIVE; Enabled=YES; ManualApproval=YES; Input/Alpha/Data/Economic/Execution/Dependency/Evidence gates all PASS.,Any missing/stale data; nonpositive alpha; economic threshold fail; simulation/test/invariant fail; dependency fail; insufficient reconciled evidence; no approval.,NO-GO,GROUP_POLICY_NOT_APPROVED,Sí,No,No,No,DETERMINISTIC_SETTLEMENT,op_19 Simplex; op_24 Nash; op_29 Shapley,op_20 Gradient Descent; op_22 Monte Carlo; op_23 Queueing,TRUE,Gas; slippage; competencia; revert; state drift,RealizedNetPnL = value(balance_after-balance_before) - gas - explicit external costs; bind to tx/settlement receipt; unexplained delta => QUARANTINE.,https://docs.cow.fi/,,
MEV-02-017,2,Cross-invariant arbitrage,Arbitrajes según la curva del AMM,DEX_AMM,CF_CROSSINV,Cross-invariant routing,Compose protocol-correct quote adapters across heterogeneous invariants. No common spot formula; opportunity iff exact closed-route net profit >0.,Per-leg protocol adapter/state; exact route; same-block snapshot; gas.,DS01+DS02+DS03+DS07+DS09+DS10+DS11,amm_curve_engine,StrategyConfig + Snapshot + Candidate + amount + adapters + risk context,GateEvidence + exact quote + costs + EV + simulation_id + reconciliation refs,Change-controlled config; adapters healthy; required data loaded; kill-switch false.,F001-F016 + detector-specific equation,MEV-02-017-T01..T07,MEV-02-017-I01..I06,NP>0; NetROI>=group target; EV>=MinEV; ExpectedROI>0; capture/success/revert/risk thresholds pass.,Simulation PASS + math tests PASS + invariants PASS + atomic repayment when required.,All declared oracle/bridge/external dependencies PASS/fresh.,LIVE requires reconciled trade count >= policy minimum and reconciled PnL >=0.,Group Policy=APPROVED_FOR_LIVE; Stage=LIVE; Enabled=YES; ManualApproval=YES; Input/Alpha/Data/Economic/Execution/Dependency/Evidence gates all PASS.,Any missing/stale data; nonpositive alpha; economic threshold fail; simulation/test/invariant fail; dependency fail; insufficient reconciled evidence; no approval.,NO-GO,GROUP_POLICY_NOT_APPROVED,Sí,No,No,No,DETERMINISTIC_EXECUTABLE,op_27 Path Ordering; op_21 Newton-Raphson; op_15 Golden Section,op_19 Simplex; op_22 Monte Carlo; op_30 GNN Encoder,TRUE,Gas; slippage; competencia; revert; state drift,RealizedNetPnL = value(balance_after-balance_before) - gas - explicit external costs; bind to tx/settlement receipt; unexplained delta => QUARANTINE.,https://arxiv.org/abs/2302.04938,https://arxiv.org/abs/2107.12484,
MEV-03-001,3,Swap backrun arbitrage,Arbitrajes disparados por transacciones o cambios de estado,DEX_STATE,E_POST,Deterministic post-event / backrun repricing,"Apply confirmed/public event transition S'=T_e(S), quote all affected routes on S', then Π_R(x;S')=Q_R(x;S')-x-C_R(x). Never infer profit from event size alone.",Event/receipt/log; pre/post state or deterministic transition; affected pools/routes; exact quote adapters; gas.,DS01+DS02+DS03+DS07+DS09+DS10+DS11,state_event_engine,StrategyConfig + Snapshot + Candidate + amount + adapters + risk context,GateEvidence + exact quote + costs + EV + simulation_id + reconciliation refs,Change-controlled config; adapters healthy; required data loaded; kill-switch false.,F001-F016 + detector-specific equation,MEV-03-001-T01..T07,MEV-03-001-I01..I06,NP>0; NetROI>=group target; EV>=MinEV; ExpectedROI>0; capture/success/revert/risk thresholds pass.,Simulation PASS + math tests PASS + invariants PASS + atomic repayment when required.,All declared oracle/bridge/external dependencies PASS/fresh.,LIVE requires reconciled trade count >= policy minimum and reconciled PnL >=0.,Group Policy=APPROVED_FOR_LIVE; Stage=LIVE; Enabled=YES; ManualApproval=YES; Input/Alpha/Data/Economic/Execution/Dependency/Evidence gates all PASS.,Any missing/stale data; nonpositive alpha; economic threshold fail; simulation/test/invariant fail; dependency fail; insufficient reconciled evidence; no approval.,NO-GO,GROUP_POLICY_NOT_APPROVED,Sí,No,No,No,DETERMINISTIC_POST_STATE,op_05 PDMP / jump process; op_25 Bundle Recon; op_27 Path Ordering; op_21 Newton-Raphson,op_08 Kalman; op_10 Welford; op_11 Bayes; op_22 Monte Carlo,TRUE,Gas; slippage; competencia; revert; state drift,RealizedNetPnL = value(balance_after-balance_before) - gas - explicit external costs; bind to tx/settlement receipt; unexplained delta => QUARANTINE.,https://arxiv.org/abs/2204.05238,,
MEV-03-002,3,Multi-swap backrun,Arbitrajes disparados por transacciones o cambios de estado,DEX_STATE,E_POST,Deterministic post-event / backrun repricing,"Apply confirmed/public event transition S'=T_e(S), quote all affected routes on S', then Π_R(x;S')=Q_R(x;S')-x-C_R(x). Never infer profit from event size alone.",Event/receipt/log; pre/post state or deterministic transition; affected pools/routes; exact quote adapters; gas.,DS01+DS02+DS03+DS07+DS09+DS10+DS11,state_event_engine,StrategyConfig + Snapshot + Candidate + amount + adapters + risk context,GateEvidence + exact quote + costs + EV + simulation_id + reconciliation refs,Change-controlled config; adapters healthy; required data loaded; kill-switch false.,F001-F016 + detector-specific equation,MEV-03-002-T01..T07,MEV-03-002-I01..I06,NP>0; NetROI>=group target; EV>=MinEV; ExpectedROI>0; capture/success/revert/risk thresholds pass.,Simulation PASS + math tests PASS + invariants PASS + atomic repayment when required.,All declared oracle/bridge/external dependencies PASS/fresh.,LIVE requires reconciled trade count >= policy minimum and reconciled PnL >=0.,Group Policy=APPROVED_FOR_LIVE; Stage=LIVE; Enabled=YES; ManualApproval=YES; Input/Alpha/Data/Economic/Execution/Dependency/Evidence gates all PASS.,Any missing/stale data; nonpositive alpha; economic threshold fail; simulation/test/invariant fail; dependency fail; insufficient reconciled evidence; no approval.,NO-GO,GROUP_POLICY_NOT_APPROVED,Sí,No,No,No,DETERMINISTIC_POST_STATE,op_05 PDMP / jump process; op_25 Bundle Recon; op_27 Path Ordering; op_21 Newton-Raphson,op_08 Kalman; op_10 Welford; op_11 Bayes; op_22 Monte Carlo,TRUE,Gas; slippage; competencia; revert; state drift,RealizedNetPnL = value(balance_after-balance_before) - gas - explicit external costs; bind to tx/settlement receipt; unexplained delta => QUARANTINE.,https://arxiv.org/abs/2204.05238,,
MEV-03-003,3,Cross-pool ripple arbitrage,Arbitrajes disparados por transacciones o cambios de estado,DEX_STATE,E_POST,Deterministic post-event / backrun repricing,"Apply confirmed/public event transition S'=T_e(S), quote all affected routes on S', then Π_R(x;S')=Q_R(x;S')-x-C_R(x). Never infer profit from event size alone.",Event/receipt/log; pre/post state or deterministic transition; affected pools/routes; exact quote adapters; gas.,DS01+DS02+DS03+DS07+DS09+DS10+DS11,state_event_engine,StrategyConfig + Snapshot + Candidate + amount + adapters + risk context,GateEvidence + exact quote + costs + EV + simulation_id + reconciliation refs,Change-controlled config; adapters healthy; required data loaded; kill-switch false.,F001-F016 + detector-specific equation,MEV-03-003-T01..T07,MEV-03-003-I01..I06,NP>0; NetROI>=group target; EV>=MinEV; ExpectedROI>0; capture/success/revert/risk thresholds pass.,Simulation PASS + math tests PASS + invariants PASS + atomic repayment when required.,All declared oracle/bridge/external dependencies PASS/fresh.,LIVE requires reconciled trade count >= policy minimum and reconciled PnL >=0.,Group Policy=APPROVED_FOR_LIVE; Stage=LIVE; Enabled=YES; ManualApproval=YES; Input/Alpha/Data/Economic/Execution/Dependency/Evidence gates all PASS.,Any missing/stale data; nonpositive alpha; economic threshold fail; simulation/test/invariant fail; dependency fail; insufficient reconciled evidence; no approval.,NO-GO,GROUP_POLICY_NOT_APPROVED,Sí,No,No,No,DETERMINISTIC_POST_STATE,op_05 PDMP / jump process; op_25 Bundle Recon; op_27 Path Ordering; op_21 Newton-Raphson,op_08 Kalman; op_10 Welford; op_11 Bayes; op_22 Monte Carlo,TRUE,Gas; slippage; competencia; revert; state drift,RealizedNetPnL = value(balance_after-balance_before) - gas - explicit external costs; bind to tx/settlement receipt; unexplained delta => QUARANTINE.,https://arxiv.org/abs/2204.05238,,
MEV-03-004,3,Top-of-block arbitrage,Arbitrajes disparados por transacciones o cambios de estado,DEX_STATE,E_POST,Deterministic post-event / backrun repricing,"Apply confirmed/public event transition S'=T_e(S), quote all affected routes on S', then Π_R(x;S')=Q_R(x;S')-x-C_R(x). Never infer profit from event size alone.",Event/receipt/log; pre/post state or deterministic transition; affected pools/routes; exact quote adapters; gas.,DS01+DS02+DS03+DS07+DS09+DS10+DS11,state_event_engine,StrategyConfig + Snapshot + Candidate + amount + adapters + risk context,GateEvidence + exact quote + costs + EV + simulation_id + reconciliation refs,Change-controlled config; adapters healthy; required data loaded; kill-switch false.,F001-F016 + detector-specific equation,MEV-03-004-T01..T07,MEV-03-004-I01..I06,NP>0; NetROI>=group target; EV>=MinEV; ExpectedROI>0; capture/success/revert/risk thresholds pass.,Simulation PASS + math tests PASS + invariants PASS + atomic repayment when required.,All declared oracle/bridge/external dependencies PASS/fresh.,LIVE requires reconciled trade count >= policy minimum and reconciled PnL >=0.,Group Policy=APPROVED_FOR_LIVE; Stage=LIVE; Enabled=YES; ManualApproval=YES; Input/Alpha/Data/Economic/Execution/Dependency/Evidence gates all PASS.,Any missing/stale data; nonpositive alpha; economic threshold fail; simulation/test/invariant fail; dependency fail; insufficient reconciled evidence; no approval.,NO-GO,GROUP_POLICY_NOT_APPROVED,Sí,No,No,No,DETERMINISTIC_POST_STATE,op_05 PDMP / jump process; op_25 Bundle Recon; op_27 Path Ordering; op_21 Newton-Raphson,op_08 Kalman; op_10 Welford; op_11 Bayes; op_22 Monte Carlo,TRUE,Gas; slippage; competencia; revert; state drift,RealizedNetPnL = value(balance_after-balance_before) - gas - explicit external costs; bind to tx/settlement receipt; unexplained delta => QUARANTINE.,https://arxiv.org/abs/2204.05238,,
MEV-03-005,3,End-of-block arbitrage,Arbitrajes disparados por transacciones o cambios de estado,DEX_STATE,E_POST,Deterministic post-event / backrun repricing,"Apply confirmed/public event transition S'=T_e(S), quote all affected routes on S', then Π_R(x;S')=Q_R(x;S')-x-C_R(x). Never infer profit from event size alone.",Event/receipt/log; pre/post state or deterministic transition; affected pools/routes; exact quote adapters; gas.,DS01+DS02+DS03+DS07+DS09+DS10+DS11,state_event_engine,StrategyConfig + Snapshot + Candidate + amount + adapters + risk context,GateEvidence + exact quote + costs + EV + simulation_id + reconciliation refs,Change-controlled config; adapters healthy; required data loaded; kill-switch false.,F001-F016 + detector-specific equation,MEV-03-005-T01..T07,MEV-03-005-I01..I06,NP>0; NetROI>=group target; EV>=MinEV; ExpectedROI>0; capture/success/revert/risk thresholds pass.,Simulation PASS + math tests PASS + invariants PASS + atomic repayment when required.,All declared oracle/bridge/external dependencies PASS/fresh.,LIVE requires reconciled trade count >= policy minimum and reconciled PnL >=0.,Group Policy=APPROVED_FOR_LIVE; Stage=LIVE; Enabled=YES; ManualApproval=YES; Input/Alpha/Data/Economic/Execution/Dependency/Evidence gates all PASS.,Any missing/stale data; nonpositive alpha; economic threshold fail; simulation/test/invariant fail; dependency fail; insufficient reconciled evidence; no approval.,NO-GO,GROUP_POLICY_NOT_APPROVED,Sí,No,No,No,DETERMINISTIC_POST_STATE,op_05 PDMP / jump process; op_25 Bundle Recon; op_27 Path Ordering; op_21 Newton-Raphson,op_08 Kalman; op_10 Welford; op_11 Bayes; op_22 Monte Carlo,TRUE,Gas; slippage; competencia; revert; state drift,RealizedNetPnL = value(balance_after-balance_before) - gas - explicit external costs; bind to tx/settlement receipt; unexplained delta => QUARANTINE.,https://arxiv.org/abs/2204.05238,,
MEV-03-006,3,Inter-block arbitrage,Arbitrajes disparados por transacciones o cambios de estado,DEX_STATE,E_POST,Deterministic post-event / backrun repricing,"Apply confirmed/public event transition S'=T_e(S), quote all affected routes on S', then Π_R(x;S')=Q_R(x;S')-x-C_R(x). Never infer profit from event size alone.",Event/receipt/log; pre/post state or deterministic transition; affected pools/routes; exact quote adapters; gas.,DS01+DS02+DS03+DS07+DS09+DS10+DS11,state_event_engine,StrategyConfig + Snapshot + Candidate + amount + adapters + risk context,GateEvidence + exact quote + costs + EV + simulation_id + reconciliation refs,Change-controlled config; adapters healthy; required data loaded; kill-switch false.,F001-F016 + detector-specific equation,MEV-03-006-T01..T07,MEV-03-006-I01..I06,NP>0; NetROI>=group target; EV>=MinEV; ExpectedROI>0; capture/success/revert/risk thresholds pass.,Simulation PASS + math tests PASS + invariants PASS + atomic repayment when required.,All declared oracle/bridge/external dependencies PASS/fresh.,LIVE requires reconciled trade count >= policy minimum and reconciled PnL >=0.,Group Policy=APPROVED_FOR_LIVE; Stage=LIVE; Enabled=YES; ManualApproval=YES; Input/Alpha/Data/Economic/Execution/Dependency/Evidence gates all PASS.,Any missing/stale data; nonpositive alpha; economic threshold fail; simulation/test/invariant fail; dependency fail; insufficient reconciled evidence; no approval.,NO-GO,GROUP_POLICY_NOT_APPROVED,Condicional,No,No,No,DETERMINISTIC_POST_STATE,op_05 PDMP / jump process; op_25 Bundle Recon; op_27 Path Ordering; op_21 Newton-Raphson,op_08 Kalman; op_10 Welford; op_11 Bayes; op_22 Monte Carlo,TRUE,Gas; slippage; competencia; revert; state drift; inclusión; reorg; latencia,RealizedNetPnL = value(balance_after-balance_before) - gas - explicit external costs; bind to tx/settlement receipt; unexplained delta => QUARANTINE.,https://arxiv.org/abs/2204.05238,,
MEV-03-007,3,Stale-price arbitrage,Arbitrajes disparados por transacciones o cambios de estado,DEX_STATE,E_LATENCY,Latency / stale-state discrepancy,Trigger z=(p_fast-p_slow)/σ only identifies divergence; opportunity requires a firm executable quote/route and Π_net>0 before stale side updates.,Independent timestamps; fast/slow quotes; volatility estimate; execution latency; firm liquidity.,DS01+DS02+DS03+DS07+DS09+DS10+DS11,state_event_engine,StrategyConfig + Snapshot + Candidate + amount + adapters + risk context,GateEvidence + exact quote + costs + EV + simulation_id + reconciliation refs,Change-controlled config; adapters healthy; required data loaded; kill-switch false.,F001-F016 + detector-specific equation,MEV-03-007-T01..T07,MEV-03-007-I01..I06,NP>0; NetROI>=group target; EV>=MinEV; ExpectedROI>0; capture/success/revert/risk thresholds pass.,Simulation PASS + math tests PASS + invariants PASS + atomic repayment when required.,All declared oracle/bridge/external dependencies PASS/fresh.,LIVE requires reconciled trade count >= policy minimum and reconciled PnL >=0.,Group Policy=APPROVED_FOR_LIVE; Stage=LIVE; Enabled=YES; ManualApproval=YES; Input/Alpha/Data/Economic/Execution/Dependency/Evidence gates all PASS.,Any missing/stale data; nonpositive alpha; economic threshold fail; simulation/test/invariant fail; dependency fail; insufficient reconciled evidence; no approval.,NO-GO,GROUP_POLICY_NOT_APPROVED,Sí,No,No,No,LATENCY_SENSITIVE,op_08 Kalman; op_10 Welford; op_23 Queueing; op_11 Bayes,op_13 Regression; op_22 Monte Carlo; op_16 Kelly,TRUE,Gas; slippage; competencia; revert; state drift,RealizedNetPnL = value(balance_after-balance_before) - gas - explicit external costs; bind to tx/settlement receipt; unexplained delta => QUARANTINE.,https://arxiv.org/abs/2302.04938,,
MEV-03-008,3,Latency arbitrage,Arbitrajes disparados por transacciones o cambios de estado,DEX_STATE,E_LATENCY,Latency / stale-state discrepancy,Trigger z=(p_fast-p_slow)/σ only identifies divergence; opportunity requires a firm executable quote/route and Π_net>0 before stale side updates.,Independent timestamps; fast/slow quotes; volatility estimate; execution latency; firm liquidity.,DS01+DS02+DS03+DS07+DS09+DS10+DS11,state_event_engine,StrategyConfig + Snapshot + Candidate + amount + adapters + risk context,GateEvidence + exact quote + costs + EV + simulation_id + reconciliation refs,Change-controlled config; adapters healthy; required data loaded; kill-switch false.,F001-F016 + detector-specific equation,MEV-03-008-T01..T07,MEV-03-008-I01..I06,NP>0; NetROI>=group target; EV>=MinEV; ExpectedROI>0; capture/success/revert/risk thresholds pass.,Simulation PASS + math tests PASS + invariants PASS + atomic repayment when required.,All declared oracle/bridge/external dependencies PASS/fresh.,LIVE requires reconciled trade count >= policy minimum and reconciled PnL >=0.,Group Policy=APPROVED_FOR_LIVE; Stage=LIVE; Enabled=YES; ManualApproval=YES; Input/Alpha/Data/Economic/Execution/Dependency/Evidence gates all PASS.,Any missing/stale data; nonpositive alpha; economic threshold fail; simulation/test/invariant fail; dependency fail; insufficient reconciled evidence; no approval.,NO-GO,GROUP_POLICY_NOT_APPROVED,Sí,No,No,No,LATENCY_SENSITIVE,op_08 Kalman; op_10 Welford; op_23 Queueing; op_11 Bayes,op_13 Regression; op_22 Monte Carlo; op_16 Kelly,TRUE,Gas; slippage; competencia; revert; state drift,RealizedNetPnL = value(balance_after-balance_before) - gas - explicit external costs; bind to tx/settlement receipt; unexplained delta => QUARANTINE.,https://arxiv.org/abs/2302.04938,,
MEV-03-009,3,Oracle-update arbitrage,Arbitrajes disparados por transacciones o cambios de estado,DEX_STATE,E_ORACLE,Oracle/OEV state transition,Recompute protocol state under confirmed oracle update O_t→O_{t+1}; evaluate resulting executable liquidation/repricing routes. Oracle delta alone is not profit.,Oracle round/update; protocol state; affected positions/pools; post-update quotes; oracle freshness.,DS01+DS02+DS03+DS07+DS09+DS10+DS11+DS04 Oracle,state_event_engine,StrategyConfig + Snapshot + Candidate + amount + adapters + risk context,GateEvidence + exact quote + costs + EV + simulation_id + reconciliation refs,Change-controlled config; adapters healthy; required data loaded; kill-switch false.,F001-F016 + detector-specific equation,MEV-03-009-T01..T07,MEV-03-009-I01..I06,NP>0; NetROI>=group target; EV>=MinEV; ExpectedROI>0; capture/success/revert/risk thresholds pass.,Simulation PASS + math tests PASS + invariants PASS + atomic repayment when required.,All declared oracle/bridge/external dependencies PASS/fresh.,LIVE requires reconciled trade count >= policy minimum and reconciled PnL >=0.,Group Policy=APPROVED_FOR_LIVE; Stage=LIVE; Enabled=YES; ManualApproval=YES; Input/Alpha/Data/Economic/Execution/Dependency/Evidence gates all PASS.,Any missing/stale data; nonpositive alpha; economic threshold fail; simulation/test/invariant fail; dependency fail; insufficient reconciled evidence; no approval.,NO-GO,GROUP_POLICY_NOT_APPROVED,Sí,Sí,No,No,DETERMINISTIC_POST_ORACLE,op_08 Kalman; op_11 Bayes; op_21 Newton-Raphson; op_25 Bundle Recon,op_05 PDMP / jump process; op_10 Welford; op_22 Monte Carlo,TRUE,Gas; slippage; competencia; revert; state drift,RealizedNetPnL = value(balance_after-balance_before) - gas - explicit external costs; bind to tx/settlement receipt; unexplained delta => QUARANTINE.,https://aave.com/help/borrowing/liquidations,,
MEV-03-010,3,OEV — Oracle Extractable Value,Arbitrajes disparados por transacciones o cambios de estado,DEX_STATE,E_ORACLE,Oracle/OEV state transition,Recompute protocol state under confirmed oracle update O_t→O_{t+1}; evaluate resulting executable liquidation/repricing routes. Oracle delta alone is not profit.,Oracle round/update; protocol state; affected positions/pools; post-update quotes; oracle freshness.,DS01+DS02+DS03+DS07+DS09+DS10+DS11+DS04 Oracle,state_event_engine,StrategyConfig + Snapshot + Candidate + amount + adapters + risk context,GateEvidence + exact quote + costs + EV + simulation_id + reconciliation refs,Change-controlled config; adapters healthy; required data loaded; kill-switch false.,F001-F016 + detector-specific equation,MEV-03-010-T01..T07,MEV-03-010-I01..I06,NP>0; NetROI>=group target; EV>=MinEV; ExpectedROI>0; capture/success/revert/risk thresholds pass.,Simulation PASS + math tests PASS + invariants PASS + atomic repayment when required.,All declared oracle/bridge/external dependencies PASS/fresh.,LIVE requires reconciled trade count >= policy minimum and reconciled PnL >=0.,Group Policy=APPROVED_FOR_LIVE; Stage=LIVE; Enabled=YES; ManualApproval=YES; Input/Alpha/Data/Economic/Execution/Dependency/Evidence gates all PASS.,Any missing/stale data; nonpositive alpha; economic threshold fail; simulation/test/invariant fail; dependency fail; insufficient reconciled evidence; no approval.,NO-GO,GROUP_POLICY_NOT_APPROVED,Sí,Sí,No,No,DETERMINISTIC_POST_ORACLE,op_08 Kalman; op_11 Bayes; op_21 Newton-Raphson; op_25 Bundle Recon,op_05 PDMP / jump process; op_10 Welford; op_22 Monte Carlo,TRUE,Gas; slippage; competencia; revert; state drift,RealizedNetPnL = value(balance_after-balance_before) - gas - explicit external costs; bind to tx/settlement receipt; unexplained delta => QUARANTINE.,https://aave.com/help/borrowing/liquidations,,
MEV-03-011,3,Rebase arbitrage,Arbitrajes disparados por transacciones o cambios de estado,DEX_STATE,E_STATE,Protocol state-transition arbitrage,"Given deterministic transition e, compute S'=T_e(S); revalue all claims/routes V(S') and compare executable acquisition/unwind cost. Emit only if transition is known and settlement executable.",Protocol event/state variables; before/after block state; affected claims/pools; redemption/execution path.,DS01+DS02+DS03+DS07+DS09+DS10+DS11,state_event_engine,StrategyConfig + Snapshot + Candidate + amount + adapters + risk context,GateEvidence + exact quote + costs + EV + simulation_id + reconciliation refs,Change-controlled config; adapters healthy; required data loaded; kill-switch false.,F001-F016 + detector-specific equation,MEV-03-011-T01..T07,MEV-03-011-I01..I06,NP>0; NetROI>=group target; EV>=MinEV; ExpectedROI>0; capture/success/revert/risk thresholds pass.,Simulation PASS + math tests PASS + invariants PASS + atomic repayment when required.,All declared oracle/bridge/external dependencies PASS/fresh.,LIVE requires reconciled trade count >= policy minimum and reconciled PnL >=0.,Group Policy=APPROVED_FOR_LIVE; Stage=LIVE; Enabled=YES; ManualApproval=YES; Input/Alpha/Data/Economic/Execution/Dependency/Evidence gates all PASS.,Any missing/stale data; nonpositive alpha; economic threshold fail; simulation/test/invariant fail; dependency fail; insufficient reconciled evidence; no approval.,NO-GO,GROUP_POLICY_NOT_APPROVED,Sí,No,No,No,DETERMINISTIC_POST_STATE,op_05 PDMP / jump process; op_08 Kalman; op_21 Newton-Raphson,op_11 Bayes; op_13 Regression; op_22 Monte Carlo,TRUE,Gas; slippage; competencia; revert; state drift,RealizedNetPnL = value(balance_after-balance_before) - gas - explicit external costs; bind to tx/settlement receipt; unexplained delta => QUARANTINE.,https://arxiv.org/abs/2107.12484,,
MEV-03-012,3,Interest-index update arbitrage,Arbitrajes disparados por transacciones o cambios de estado,DEX_STATE,E_STATE,Protocol state-transition arbitrage,"Given deterministic transition e, compute S'=T_e(S); revalue all claims/routes V(S') and compare executable acquisition/unwind cost. Emit only if transition is known and settlement executable.",Protocol event/state variables; before/after block state; affected claims/pools; redemption/execution path.,DS01+DS02+DS03+DS07+DS09+DS10+DS11,state_event_engine,StrategyConfig + Snapshot + Candidate + amount + adapters + risk context,GateEvidence + exact quote + costs + EV + simulation_id + reconciliation refs,Change-controlled config; adapters healthy; required data loaded; kill-switch false.,F001-F016 + detector-specific equation,MEV-03-012-T01..T07,MEV-03-012-I01..I06,NP>0; NetROI>=group target; EV>=MinEV; ExpectedROI>0; capture/success/revert/risk thresholds pass.,Simulation PASS + math tests PASS + invariants PASS + atomic repayment when required.,All declared oracle/bridge/external dependencies PASS/fresh.,LIVE requires reconciled trade count >= policy minimum and reconciled PnL >=0.,Group Policy=APPROVED_FOR_LIVE; Stage=LIVE; Enabled=YES; ManualApproval=YES; Input/Alpha/Data/Economic/Execution/Dependency/Evidence gates all PASS.,Any missing/stale data; nonpositive alpha; economic threshold fail; simulation/test/invariant fail; dependency fail; insufficient reconciled evidence; no approval.,NO-GO,GROUP_POLICY_NOT_APPROVED,Sí,No,No,No,DETERMINISTIC_POST_STATE,op_05 PDMP / jump process; op_08 Kalman; op_21 Newton-Raphson,op_11 Bayes; op_13 Regression; op_22 Monte Carlo,TRUE,Gas; slippage; competencia; revert; state drift,RealizedNetPnL = value(balance_after-balance_before) - gas - explicit external costs; bind to tx/settlement receipt; unexplained delta => QUARANTINE.,https://arxiv.org/abs/2107.12484,,
MEV-03-013,3,Funding-update arbitrage,Arbitrajes disparados por transacciones o cambios de estado,DEX_STATE,E_STATE,Protocol state-transition arbitrage,"Given deterministic transition e, compute S'=T_e(S); revalue all claims/routes V(S') and compare executable acquisition/unwind cost. Emit only if transition is known and settlement executable.",Protocol event/state variables; before/after block state; affected claims/pools; redemption/execution path.,DS01+DS02+DS03+DS07+DS09+DS10+DS11,state_event_engine,StrategyConfig + Snapshot + Candidate + amount + adapters + risk context,GateEvidence + exact quote + costs + EV + simulation_id + reconciliation refs,Change-controlled config; adapters healthy; required data loaded; kill-switch false.,F001-F016 + detector-specific equation,MEV-03-013-T01..T07,MEV-03-013-I01..I06,NP>0; NetROI>=group target; EV>=MinEV; ExpectedROI>0; capture/success/revert/risk thresholds pass.,Simulation PASS + math tests PASS + invariants PASS + atomic repayment when required.,All declared oracle/bridge/external dependencies PASS/fresh.,LIVE requires reconciled trade count >= policy minimum and reconciled PnL >=0.,Group Policy=APPROVED_FOR_LIVE; Stage=LIVE; Enabled=YES; ManualApproval=YES; Input/Alpha/Data/Economic/Execution/Dependency/Evidence gates all PASS.,Any missing/stale data; nonpositive alpha; economic threshold fail; simulation/test/invariant fail; dependency fail; insufficient reconciled evidence; no approval.,NO-GO,GROUP_POLICY_NOT_APPROVED,Sí,No,No,No,DETERMINISTIC_POST_STATE,op_05 PDMP / jump process; op_08 Kalman; op_21 Newton-Raphson,op_11 Bayes; op_13 Regression; op_22 Monte Carlo,TRUE,Gas; slippage; competencia; revert; state drift,RealizedNetPnL = value(balance_after-balance_before) - gas - explicit external costs; bind to tx/settlement receipt; unexplained delta => QUARANTINE.,https://arxiv.org/abs/2107.12484,,
MEV-03-014,3,Epoch-rollover arbitrage,Arbitrajes disparados por transacciones o cambios de estado,DEX_STATE,E_STATE,Protocol state-transition arbitrage,"Given deterministic transition e, compute S'=T_e(S); revalue all claims/routes V(S') and compare executable acquisition/unwind cost. Emit only if transition is known and settlement executable.",Protocol event/state variables; before/after block state; affected claims/pools; redemption/execution path.,DS01+DS02+DS03+DS07+DS09+DS10+DS11,state_event_engine,StrategyConfig + Snapshot + Candidate + amount + adapters + risk context,GateEvidence + exact quote + costs + EV + simulation_id + reconciliation refs,Change-controlled config; adapters healthy; required data loaded; kill-switch false.,F001-F016 + detector-specific equation,MEV-03-014-T01..T07,MEV-03-014-I01..I06,NP>0; NetROI>=group target; EV>=MinEV; ExpectedROI>0; capture/success/revert/risk thresholds pass.,Simulation PASS + math tests PASS + invariants PASS + atomic repayment when required.,All declared oracle/bridge/external dependencies PASS/fresh.,LIVE requires reconciled trade count >= policy minimum and reconciled PnL >=0.,Group Policy=APPROVED_FOR_LIVE; Stage=LIVE; Enabled=YES; ManualApproval=YES; Input/Alpha/Data/Economic/Execution/Dependency/Evidence gates all PASS.,Any missing/stale data; nonpositive alpha; economic threshold fail; simulation/test/invariant fail; dependency fail; insufficient reconciled evidence; no approval.,NO-GO,GROUP_POLICY_NOT_APPROVED,Sí,No,No,No,DETERMINISTIC_POST_STATE,op_05 PDMP / jump process; op_08 Kalman; op_21 Newton-Raphson,op_11 Bayes; op_13 Regression; op_22 Monte Carlo,TRUE,Gas; slippage; competencia; revert; state drift,RealizedNetPnL = value(balance_after-balance_before) - gas - explicit external costs; bind to tx/settlement receipt; unexplained delta => QUARANTINE.,https://arxiv.org/abs/2107.12484,,
MEV-03-015,3,Settlement arbitrage,Arbitrajes disparados por transacciones o cambios de estado,DEX_STATE,E_STATE,Protocol state-transition arbitrage,"Given deterministic transition e, compute S'=T_e(S); revalue all claims/routes V(S') and compare executable acquisition/unwind cost. Emit only if transition is known and settlement executable.",Protocol event/state variables; before/after block state; affected claims/pools; redemption/execution path.,DS01+DS02+DS03+DS07+DS09+DS10+DS11,state_event_engine,StrategyConfig + Snapshot + Candidate + amount + adapters + risk context,GateEvidence + exact quote + costs + EV + simulation_id + reconciliation refs,Change-controlled config; adapters healthy; required data loaded; kill-switch false.,F001-F016 + detector-specific equation,MEV-03-015-T01..T07,MEV-03-015-I01..I06,NP>0; NetROI>=group target; EV>=MinEV; ExpectedROI>0; capture/success/revert/risk thresholds pass.,Simulation PASS + math tests PASS + invariants PASS + atomic repayment when required.,All declared oracle/bridge/external dependencies PASS/fresh.,LIVE requires reconciled trade count >= policy minimum and reconciled PnL >=0.,Group Policy=APPROVED_FOR_LIVE; Stage=LIVE; Enabled=YES; ManualApproval=YES; Input/Alpha/Data/Economic/Execution/Dependency/Evidence gates all PASS.,Any missing/stale data; nonpositive alpha; economic threshold fail; simulation/test/invariant fail; dependency fail; insufficient reconciled evidence; no approval.,NO-GO,GROUP_POLICY_NOT_APPROVED,Sí,No,No,No,DETERMINISTIC_POST_STATE,op_05 PDMP / jump process; op_08 Kalman; op_21 Newton-Raphson,op_11 Bayes; op_13 Regression; op_22 Monte Carlo,TRUE,Gas; slippage; competencia; revert; state drift,RealizedNetPnL = value(balance_after-balance_before) - gas - explicit external costs; bind to tx/settlement receipt; unexplained delta => QUARANTINE.,https://arxiv.org/abs/2107.12484,,
MEV-03-016,3,Mint/burn state arbitrage,Arbitrajes disparados por transacciones o cambios de estado,DEX_STATE,E_STATE,Protocol state-transition arbitrage,"Given deterministic transition e, compute S'=T_e(S); revalue all claims/routes V(S') and compare executable acquisition/unwind cost. Emit only if transition is known and settlement executable.",Protocol event/state variables; before/after block state; affected claims/pools; redemption/execution path.,DS01+DS02+DS03+DS07+DS09+DS10+DS11,state_event_engine,StrategyConfig + Snapshot + Candidate + amount + adapters + risk context,GateEvidence + exact quote + costs + EV + simulation_id + reconciliation refs,Change-controlled config; adapters healthy; required data loaded; kill-switch false.,F001-F016 + detector-specific equation,MEV-03-016-T01..T07,MEV-03-016-I01..I06,NP>0; NetROI>=group target; EV>=MinEV; ExpectedROI>0; capture/success/revert/risk thresholds pass.,Simulation PASS + math tests PASS + invariants PASS + atomic repayment when required.,All declared oracle/bridge/external dependencies PASS/fresh.,LIVE requires reconciled trade count >= policy minimum and reconciled PnL >=0.,Group Policy=APPROVED_FOR_LIVE; Stage=LIVE; Enabled=YES; ManualApproval=YES; Input/Alpha/Data/Economic/Execution/Dependency/Evidence gates all PASS.,Any missing/stale data; nonpositive alpha; economic threshold fail; simulation/test/invariant fail; dependency fail; insufficient reconciled evidence; no approval.,NO-GO,GROUP_POLICY_NOT_APPROVED,Sí,No,No,No,DETERMINISTIC_POST_STATE,op_05 PDMP / jump process; op_08 Kalman; op_21 Newton-Raphson,op_11 Bayes; op_13 Regression; op_22 Monte Carlo,TRUE,Gas; slippage; competencia; revert; state drift,RealizedNetPnL = value(balance_after-balance_before) - gas - explicit external costs; bind to tx/settlement receipt; unexplained delta => QUARANTINE.,https://arxiv.org/abs/2107.12484,,
MEV-03-017,3,Redemption-state arbitrage,Arbitrajes disparados por transacciones o cambios de estado,DEX_STATE,E_STATE,Protocol state-transition arbitrage,"Given deterministic transition e, compute S'=T_e(S); revalue all claims/routes V(S') and compare executable acquisition/unwind cost. Emit only if transition is known and settlement executable.",Protocol event/state variables; before/after block state; affected claims/pools; redemption/execution path.,DS01+DS02+DS03+DS07+DS09+DS10+DS11,state_event_engine,StrategyConfig + Snapshot + Candidate + amount + adapters + risk context,GateEvidence + exact quote + costs + EV + simulation_id + reconciliation refs,Change-controlled config; adapters healthy; required data loaded; kill-switch false.,F001-F016 + detector-specific equation,MEV-03-017-T01..T07,MEV-03-017-I01..I06,NP>0; NetROI>=group target; EV>=MinEV; ExpectedROI>0; capture/success/revert/risk thresholds pass.,Simulation PASS + math tests PASS + invariants PASS + atomic repayment when required.,All declared oracle/bridge/external dependencies PASS/fresh.,LIVE requires reconciled trade count >= policy minimum and reconciled PnL >=0.,Group Policy=APPROVED_FOR_LIVE; Stage=LIVE; Enabled=YES; ManualApproval=YES; Input/Alpha/Data/Economic/Execution/Dependency/Evidence gates all PASS.,Any missing/stale data; nonpositive alpha; economic threshold fail; simulation/test/invariant fail; dependency fail; insufficient reconciled evidence; no approval.,NO-GO,GROUP_POLICY_NOT_APPROVED,Sí,No,No,No,DETERMINISTIC_POST_STATE,op_05 PDMP / jump process; op_08 Kalman; op_21 Newton-Raphson,op_11 Bayes; op_13 Regression; op_22 Monte Carlo,TRUE,Gas; slippage; competencia; revert; state drift,RealizedNetPnL = value(balance_after-balance_before) - gas - explicit external costs; bind to tx/settlement receipt; unexplained delta => QUARANTINE.,https://arxiv.org/abs/2107.12484,,
MEV-03-018,3,Liquidity-add arbitrage,Arbitrajes disparados por transacciones o cambios de estado,DEX_STATE,E_STATE,Protocol state-transition arbitrage,"Given deterministic transition e, compute S'=T_e(S); revalue all claims/routes V(S') and compare executable acquisition/unwind cost. Emit only if transition is known and settlement executable.",Protocol event/state variables; before/after block state; affected claims/pools; redemption/execution path.,DS01+DS02+DS03+DS07+DS09+DS10+DS11,state_event_engine,StrategyConfig + Snapshot + Candidate + amount + adapters + risk context,GateEvidence + exact quote + costs + EV + simulation_id + reconciliation refs,Change-controlled config; adapters healthy; required data loaded; kill-switch false.,F001-F016 + detector-specific equation,MEV-03-018-T01..T07,MEV-03-018-I01..I06,NP>0; NetROI>=group target; EV>=MinEV; ExpectedROI>0; capture/success/revert/risk thresholds pass.,Simulation PASS + math tests PASS + invariants PASS + atomic repayment when required.,All declared oracle/bridge/external dependencies PASS/fresh.,LIVE requires reconciled trade count >= policy minimum and reconciled PnL >=0.,Group Policy=APPROVED_FOR_LIVE; Stage=LIVE; Enabled=YES; ManualApproval=YES; Input/Alpha/Data/Economic/Execution/Dependency/Evidence gates all PASS.,Any missing/stale data; nonpositive alpha; economic threshold fail; simulation/test/invariant fail; dependency fail; insufficient reconciled evidence; no approval.,NO-GO,GROUP_POLICY_NOT_APPROVED,Sí,No,No,No,DETERMINISTIC_POST_STATE,op_05 PDMP / jump process; op_08 Kalman; op_21 Newton-Raphson,op_11 Bayes; op_13 Regression; op_22 Monte Carlo,TRUE,Gas; slippage; competencia; revert; state drift,RealizedNetPnL = value(balance_after-balance_before) - gas - explicit external costs; bind to tx/settlement receipt; unexplained delta => QUARANTINE.,https://arxiv.org/abs/2107.12484,,
MEV-03-019,3,Liquidity-removal arbitrage,Arbitrajes disparados por transacciones o cambios de estado,DEX_STATE,E_STATE,Protocol state-transition arbitrage,"Given deterministic transition e, compute S'=T_e(S); revalue all claims/routes V(S') and compare executable acquisition/unwind cost. Emit only if transition is known and settlement executable.",Protocol event/state variables; before/after block state; affected claims/pools; redemption/execution path.,DS01+DS02+DS03+DS07+DS09+DS10+DS11,state_event_engine,StrategyConfig + Snapshot + Candidate + amount + adapters + risk context,GateEvidence + exact quote + costs + EV + simulation_id + reconciliation refs,Change-controlled config; adapters healthy; required data loaded; kill-switch false.,F001-F016 + detector-specific equation,MEV-03-019-T01..T07,MEV-03-019-I01..I06,NP>0; NetROI>=group target; EV>=MinEV; ExpectedROI>0; capture/success/revert/risk thresholds pass.,Simulation PASS + math tests PASS + invariants PASS + atomic repayment when required.,All declared oracle/bridge/external dependencies PASS/fresh.,LIVE requires reconciled trade count >= policy minimum and reconciled PnL >=0.,Group Policy=APPROVED_FOR_LIVE; Stage=LIVE; Enabled=YES; ManualApproval=YES; Input/Alpha/Data/Economic/Execution/Dependency/Evidence gates all PASS.,Any missing/stale data; nonpositive alpha; economic threshold fail; simulation/test/invariant fail; dependency fail; insufficient reconciled evidence; no approval.,NO-GO,GROUP_POLICY_NOT_APPROVED,Sí,No,No,No,DETERMINISTIC_POST_STATE,op_05 PDMP / jump process; op_08 Kalman; op_21 Newton-Raphson,op_11 Bayes; op_13 Regression; op_22 Monte Carlo,TRUE,Gas; slippage; competencia; revert; state drift,RealizedNetPnL = value(balance_after-balance_before) - gas - explicit external costs; bind to tx/settlement receipt; unexplained delta => QUARANTINE.,https://arxiv.org/abs/2107.12484,,
MEV-03-020,3,Pool-initialization arbitrage,Arbitrajes disparados por transacciones o cambios de estado,DEX_STATE,E_STATE,Protocol state-transition arbitrage,"Given deterministic transition e, compute S'=T_e(S); revalue all claims/routes V(S') and compare executable acquisition/unwind cost. Emit only if transition is known and settlement executable.",Protocol event/state variables; before/after block state; affected claims/pools; redemption/execution path.,DS01+DS02+DS03+DS07+DS09+DS10+DS11,state_event_engine,StrategyConfig + Snapshot + Candidate + amount + adapters + risk context,GateEvidence + exact quote + costs + EV + simulation_id + reconciliation refs,Change-controlled config; adapters healthy; required data loaded; kill-switch false.,F001-F016 + detector-specific equation,MEV-03-020-T01..T07,MEV-03-020-I01..I06,NP>0; NetROI>=group target; EV>=MinEV; ExpectedROI>0; capture/success/revert/risk thresholds pass.,Simulation PASS + math tests PASS + invariants PASS + atomic repayment when required.,All declared oracle/bridge/external dependencies PASS/fresh.,LIVE requires reconciled trade count >= policy minimum and reconciled PnL >=0.,Group Policy=APPROVED_FOR_LIVE; Stage=LIVE; Enabled=YES; ManualApproval=YES; Input/Alpha/Data/Economic/Execution/Dependency/Evidence gates all PASS.,Any missing/stale data; nonpositive alpha; economic threshold fail; simulation/test/invariant fail; dependency fail; insufficient reconciled evidence; no approval.,NO-GO,GROUP_POLICY_NOT_APPROVED,Sí,No,No,No,DETERMINISTIC_POST_STATE,op_05 PDMP / jump process; op_08 Kalman; op_21 Newton-Raphson,op_11 Bayes; op_13 Regression; op_22 Monte Carlo,TRUE,Gas; slippage; competencia; revert; state drift,RealizedNetPnL = value(balance_after-balance_before) - gas - explicit external costs; bind to tx/settlement receipt; unexplained delta => QUARANTINE.,https://arxiv.org/abs/2107.12484,,
MEV-03-021,3,Migration arbitrage,Arbitrajes disparados por transacciones o cambios de estado,DEX_STATE,E_STATE,Protocol state-transition arbitrage,"Given deterministic transition e, compute S'=T_e(S); revalue all claims/routes V(S') and compare executable acquisition/unwind cost. Emit only if transition is known and settlement executable.",Protocol event/state variables; before/after block state; affected claims/pools; redemption/execution path.,DS01+DS02+DS03+DS07+DS09+DS10+DS11,state_event_engine,StrategyConfig + Snapshot + Candidate + amount + adapters + risk context,GateEvidence + exact quote + costs + EV + simulation_id + reconciliation refs,Change-controlled config; adapters healthy; required data loaded; kill-switch false.,F001-F016 + detector-specific equation,MEV-03-021-T01..T07,MEV-03-021-I01..I06,NP>0; NetROI>=group target; EV>=MinEV; ExpectedROI>0; capture/success/revert/risk thresholds pass.,Simulation PASS + math tests PASS + invariants PASS + atomic repayment when required.,All declared oracle/bridge/external dependencies PASS/fresh.,LIVE requires reconciled trade count >= policy minimum and reconciled PnL >=0.,Group Policy=APPROVED_FOR_LIVE; Stage=LIVE; Enabled=YES; ManualApproval=YES; Input/Alpha/Data/Economic/Execution/Dependency/Evidence gates all PASS.,Any missing/stale data; nonpositive alpha; economic threshold fail; simulation/test/invariant fail; dependency fail; insufficient reconciled evidence; no approval.,NO-GO,GROUP_POLICY_NOT_APPROVED,Sí,No,No,No,DETERMINISTIC_POST_STATE,op_05 PDMP / jump process; op_08 Kalman; op_21 Newton-Raphson,op_11 Bayes; op_13 Regression; op_22 Monte Carlo,TRUE,Gas; slippage; competencia; revert; state drift,RealizedNetPnL = value(balance_after-balance_before) - gas - explicit external costs; bind to tx/settlement receipt; unexplained delta => QUARANTINE.,https://arxiv.org/abs/2107.12484,,
MEV-03-022,3,Fee-switch arbitrage,Arbitrajes disparados por transacciones o cambios de estado,DEX_STATE,E_STATE,Protocol state-transition arbitrage,"Given deterministic transition e, compute S'=T_e(S); revalue all claims/routes V(S') and compare executable acquisition/unwind cost. Emit only if transition is known and settlement executable.",Protocol event/state variables; before/after block state; affected claims/pools; redemption/execution path.,DS01+DS02+DS03+DS07+DS09+DS10+DS11,state_event_engine,StrategyConfig + Snapshot + Candidate + amount + adapters + risk context,GateEvidence + exact quote + costs + EV + simulation_id + reconciliation refs,Change-controlled config; adapters healthy; required data loaded; kill-switch false.,F001-F016 + detector-specific equation,MEV-03-022-T01..T07,MEV-03-022-I01..I06,NP>0; NetROI>=group target; EV>=MinEV; ExpectedROI>0; capture/success/revert/risk thresholds pass.,Simulation PASS + math tests PASS + invariants PASS + atomic repayment when required.,All declared oracle/bridge/external dependencies PASS/fresh.,LIVE requires reconciled trade count >= policy minimum and reconciled PnL >=0.,Group Policy=APPROVED_FOR_LIVE; Stage=LIVE; Enabled=YES; ManualApproval=YES; Input/Alpha/Data/Economic/Execution/Dependency/Evidence gates all PASS.,Any missing/stale data; nonpositive alpha; economic threshold fail; simulation/test/invariant fail; dependency fail; insufficient reconciled evidence; no approval.,NO-GO,GROUP_POLICY_NOT_APPROVED,Sí,No,No,No,DETERMINISTIC_POST_STATE,op_05 PDMP / jump process; op_08 Kalman; op_21 Newton-Raphson,op_11 Bayes; op_13 Regression; op_22 Monte Carlo,TRUE,Gas; slippage; competencia; revert; state drift,RealizedNetPnL = value(balance_after-balance_before) - gas - explicit external costs; bind to tx/settlement receipt; unexplained delta => QUARANTINE.,https://arxiv.org/abs/2107.12484,,
MEV-03-023,3,Parameter-update arbitrage,Arbitrajes disparados por transacciones o cambios de estado,DEX_STATE,E_STATE,Protocol state-transition arbitrage,"Given deterministic transition e, compute S'=T_e(S); revalue all claims/routes V(S') and compare executable acquisition/unwind cost. Emit only if transition is known and settlement executable.",Protocol event/state variables; before/after block state; affected claims/pools; redemption/execution path.,DS01+DS02+DS03+DS07+DS09+DS10+DS11,state_event_engine,StrategyConfig + Snapshot + Candidate + amount + adapters + risk context,GateEvidence + exact quote + costs + EV + simulation_id + reconciliation refs,Change-controlled config; adapters healthy; required data loaded; kill-switch false.,F001-F016 + detector-specific equation,MEV-03-023-T01..T07,MEV-03-023-I01..I06,NP>0; NetROI>=group target; EV>=MinEV; ExpectedROI>0; capture/success/revert/risk thresholds pass.,Simulation PASS + math tests PASS + invariants PASS + atomic repayment when required.,All declared oracle/bridge/external dependencies PASS/fresh.,LIVE requires reconciled trade count >= policy minimum and reconciled PnL >=0.,Group Policy=APPROVED_FOR_LIVE; Stage=LIVE; Enabled=YES; ManualApproval=YES; Input/Alpha/Data/Economic/Execution/Dependency/Evidence gates all PASS.,Any missing/stale data; nonpositive alpha; economic threshold fail; simulation/test/invariant fail; dependency fail; insufficient reconciled evidence; no approval.,NO-GO,GROUP_POLICY_NOT_APPROVED,Sí,No,No,No,DETERMINISTIC_POST_STATE,op_05 PDMP / jump process; op_08 Kalman; op_21 Newton-Raphson,op_11 Bayes; op_13 Regression; op_22 Monte Carlo,TRUE,Gas; slippage; competencia; revert; state drift,RealizedNetPnL = value(balance_after-balance_before) - gas - explicit external costs; bind to tx/settlement receipt; unexplained delta => QUARANTINE.,https://arxiv.org/abs/2107.12484,,
MEV-03-024,3,Governance-execution arbitrage,Arbitrajes disparados por transacciones o cambios de estado,DEX_STATE,E_STATE,Protocol state-transition arbitrage,"Given deterministic transition e, compute S'=T_e(S); revalue all claims/routes V(S') and compare executable acquisition/unwind cost. Emit only if transition is known and settlement executable.",Protocol event/state variables; before/after block state; affected claims/pools; redemption/execution path.,DS01+DS02+DS03+DS07+DS09+DS10+DS11,state_event_engine,StrategyConfig + Snapshot + Candidate + amount + adapters + risk context,GateEvidence + exact quote + costs + EV + simulation_id + reconciliation refs,Change-controlled config; adapters healthy; required data loaded; kill-switch false.,F001-F016 + detector-specific equation,MEV-03-024-T01..T07,MEV-03-024-I01..I06,NP>0; NetROI>=group target; EV>=MinEV; ExpectedROI>0; capture/success/revert/risk thresholds pass.,Simulation PASS + math tests PASS + invariants PASS + atomic repayment when required.,All declared oracle/bridge/external dependencies PASS/fresh.,LIVE requires reconciled trade count >= policy minimum and reconciled PnL >=0.,Group Policy=APPROVED_FOR_LIVE; Stage=LIVE; Enabled=YES; ManualApproval=YES; Input/Alpha/Data/Economic/Execution/Dependency/Evidence gates all PASS.,Any missing/stale data; nonpositive alpha; economic threshold fail; simulation/test/invariant fail; dependency fail; insufficient reconciled evidence; no approval.,NO-GO,GROUP_POLICY_NOT_APPROVED,Sí,No,No,No,DETERMINISTIC_POST_STATE,op_05 PDMP / jump process; op_08 Kalman; op_21 Newton-Raphson,op_11 Bayes; op_13 Regression; op_22 Monte Carlo,TRUE,Gas; slippage; competencia; revert; state drift,RealizedNetPnL = value(balance_after-balance_before) - gas - explicit external costs; bind to tx/settlement receipt; unexplained delta => QUARANTINE.,https://arxiv.org/abs/2107.12484,,
MEV-03-025,3,Keeper-triggered arbitrage,Arbitrajes disparados por transacciones o cambios de estado,DEX_STATE,E_AUCTION,Auction clearing / decay opportunity,"Π(q,t)=FairExecutableValue(q)-AuctionPurchaseCost(q,t)-UnwindCost(q)-Gas; solve feasible q and timing under auction rules.",Auction price/curve; remaining lot; deadline; collateral/external value; unwind liquidity.,DS01+DS02+DS03+DS07+DS09+DS10+DS11,state_event_engine,StrategyConfig + Snapshot + Candidate + amount + adapters + risk context,GateEvidence + exact quote + costs + EV + simulation_id + reconciliation refs,Change-controlled config; adapters healthy; required data loaded; kill-switch false.,F001-F016 + detector-specific equation,MEV-03-025-T01..T07,MEV-03-025-I01..I06,NP>0; NetROI>=group target; EV>=MinEV; ExpectedROI>0; capture/success/revert/risk thresholds pass.,Simulation PASS + math tests PASS + invariants PASS + atomic repayment when required.,All declared oracle/bridge/external dependencies PASS/fresh.,LIVE requires reconciled trade count >= policy minimum and reconciled PnL >=0.,Group Policy=APPROVED_FOR_LIVE; Stage=LIVE; Enabled=YES; ManualApproval=YES; Input/Alpha/Data/Economic/Execution/Dependency/Evidence gates all PASS.,Any missing/stale data; nonpositive alpha; economic threshold fail; simulation/test/invariant fail; dependency fail; insufficient reconciled evidence; no approval.,NO-GO,GROUP_POLICY_NOT_APPROVED,Sí,No,No,No,DETERMINISTIC_AUCTION,op_19 Simplex; op_21 Newton-Raphson; op_23 Queueing; op_24 Nash,op_08 Kalman; op_22 Monte Carlo,TRUE,Gas; slippage; competencia; revert; state drift,RealizedNetPnL = value(balance_after-balance_before) - gas - explicit external costs; bind to tx/settlement receipt; unexplained delta => QUARANTINE.,https://docs.cow.fi/,,
MEV-03-026,3,Auction-clearing arbitrage,Arbitrajes disparados por transacciones o cambios de estado,DEX_STATE,E_AUCTION,Auction clearing / decay opportunity,"Π(q,t)=FairExecutableValue(q)-AuctionPurchaseCost(q,t)-UnwindCost(q)-Gas; solve feasible q and timing under auction rules.",Auction price/curve; remaining lot; deadline; collateral/external value; unwind liquidity.,DS01+DS02+DS03+DS07+DS09+DS10+DS11,state_event_engine,StrategyConfig + Snapshot + Candidate + amount + adapters + risk context,GateEvidence + exact quote + costs + EV + simulation_id + reconciliation refs,Change-controlled config; adapters healthy; required data loaded; kill-switch false.,F001-F016 + detector-specific equation,MEV-03-026-T01..T07,MEV-03-026-I01..I06,NP>0; NetROI>=group target; EV>=MinEV; ExpectedROI>0; capture/success/revert/risk thresholds pass.,Simulation PASS + math tests PASS + invariants PASS + atomic repayment when required.,All declared oracle/bridge/external dependencies PASS/fresh.,LIVE requires reconciled trade count >= policy minimum and reconciled PnL >=0.,Group Policy=APPROVED_FOR_LIVE; Stage=LIVE; Enabled=YES; ManualApproval=YES; Input/Alpha/Data/Economic/Execution/Dependency/Evidence gates all PASS.,Any missing/stale data; nonpositive alpha; economic threshold fail; simulation/test/invariant fail; dependency fail; insufficient reconciled evidence; no approval.,NO-GO,GROUP_POLICY_NOT_APPROVED,Sí,No,No,No,DETERMINISTIC_AUCTION,op_19 Simplex; op_21 Newton-Raphson; op_23 Queueing; op_24 Nash,op_08 Kalman; op_22 Monte Carlo,TRUE,Gas; slippage; competencia; revert; state drift,RealizedNetPnL = value(balance_after-balance_before) - gas - explicit external costs; bind to tx/settlement receipt; unexplained delta => QUARANTINE.,https://docs.cow.fi/,,
MEV-03-027,3,Block-time arbitrage,Arbitrajes disparados por transacciones o cambios de estado,DEX_STATE,E_LATENCY,Latency / stale-state discrepancy,Trigger z=(p_fast-p_slow)/σ only identifies divergence; opportunity requires a firm executable quote/route and Π_net>0 before stale side updates.,Independent timestamps; fast/slow quotes; volatility estimate; execution latency; firm liquidity.,DS01+DS02+DS03+DS07+DS09+DS10+DS11,state_event_engine,StrategyConfig + Snapshot + Candidate + amount + adapters + risk context,GateEvidence + exact quote + costs + EV + simulation_id + reconciliation refs,Change-controlled config; adapters healthy; required data loaded; kill-switch false.,F001-F016 + detector-specific equation,MEV-03-027-T01..T07,MEV-03-027-I01..I06,NP>0; NetROI>=group target; EV>=MinEV; ExpectedROI>0; capture/success/revert/risk thresholds pass.,Simulation PASS + math tests PASS + invariants PASS + atomic repayment when required.,All declared oracle/bridge/external dependencies PASS/fresh.,LIVE requires reconciled trade count >= policy minimum and reconciled PnL >=0.,Group Policy=APPROVED_FOR_LIVE; Stage=LIVE; Enabled=YES; ManualApproval=YES; Input/Alpha/Data/Economic/Execution/Dependency/Evidence gates all PASS.,Any missing/stale data; nonpositive alpha; economic threshold fail; simulation/test/invariant fail; dependency fail; insufficient reconciled evidence; no approval.,NO-GO,GROUP_POLICY_NOT_APPROVED,Condicional,No,No,No,LATENCY_SENSITIVE,op_08 Kalman; op_10 Welford; op_23 Queueing; op_11 Bayes,op_13 Regression; op_22 Monte Carlo; op_16 Kelly,TRUE,Gas; slippage; competencia; revert; state drift; inclusión; reorg; latencia,RealizedNetPnL = value(balance_after-balance_before) - gas - explicit external costs; bind to tx/settlement receipt; unexplained delta => QUARANTINE.,https://arxiv.org/abs/2302.04938,,
MEV-03-028,3,Sequencer-latency arbitrage,Arbitrajes disparados por transacciones o cambios de estado,DEX_STATE,E_LATENCY,Latency / stale-state discrepancy,Trigger z=(p_fast-p_slow)/σ only identifies divergence; opportunity requires a firm executable quote/route and Π_net>0 before stale side updates.,Independent timestamps; fast/slow quotes; volatility estimate; execution latency; firm liquidity.,DS01+DS02+DS03+DS07+DS09+DS10+DS11,state_event_engine,StrategyConfig + Snapshot + Candidate + amount + adapters + risk context,GateEvidence + exact quote + costs + EV + simulation_id + reconciliation refs,Change-controlled config; adapters healthy; required data loaded; kill-switch false.,F001-F016 + detector-specific equation,MEV-03-028-T01..T07,MEV-03-028-I01..I06,NP>0; NetROI>=group target; EV>=MinEV; ExpectedROI>0; capture/success/revert/risk thresholds pass.,Simulation PASS + math tests PASS + invariants PASS + atomic repayment when required.,All declared oracle/bridge/external dependencies PASS/fresh.,LIVE requires reconciled trade count >= policy minimum and reconciled PnL >=0.,Group Policy=APPROVED_FOR_LIVE; Stage=LIVE; Enabled=YES; ManualApproval=YES; Input/Alpha/Data/Economic/Execution/Dependency/Evidence gates all PASS.,Any missing/stale data; nonpositive alpha; economic threshold fail; simulation/test/invariant fail; dependency fail; insufficient reconciled evidence; no approval.,NO-GO,GROUP_POLICY_NOT_APPROVED,Sí,No,No,No,LATENCY_SENSITIVE,op_08 Kalman; op_10 Welford; op_23 Queueing; op_11 Bayes,op_13 Regression; op_22 Monte Carlo; op_16 Kelly,TRUE,Gas; slippage; competencia; revert; state drift,RealizedNetPnL = value(balance_after-balance_before) - gas - explicit external costs; bind to tx/settlement receipt; unexplained delta => QUARANTINE.,https://arxiv.org/abs/2302.04938,,
MEV-03-029,3,Spam arbitrage,Arbitrajes disparados por transacciones o cambios de estado,DEX_STATE,OBSERVE,Observe-only / non-deterministic or non-authorized,"No is_opportunity=true. Emit structured evidence only until a lawful, deterministic, executable settlement path and required public/authorized data are present.","Telemetry/evidence only; no fabricated private flow, reorg certainty, future resolution or unavailable external data.",DS01+DS02+DS03+DS07+DS09+DS10+DS11,state_event_engine,StrategyConfig + Snapshot + Candidate + amount + adapters + risk context,GateEvidence + exact quote + costs + EV + simulation_id + reconciliation refs,Change-controlled config; adapters healthy; required data loaded; kill-switch false.,F001-F016 + detector-specific equation,MEV-03-029-T01..T07,MEV-03-029-I01..I06,NP>0; NetROI>=group target; EV>=MinEV; ExpectedROI>0; capture/success/revert/risk thresholds pass.,Simulation PASS + math tests PASS + invariants PASS + atomic repayment when required.,All declared oracle/bridge/external dependencies PASS/fresh.,LIVE requires reconciled trade count >= policy minimum and reconciled PnL >=0.,Group Policy=APPROVED_FOR_LIVE; Stage=LIVE; Enabled=YES; ManualApproval=YES; Input/Alpha/Data/Economic/Execution/Dependency/Evidence gates all PASS.,Any missing/stale data; nonpositive alpha; economic threshold fail; simulation/test/invariant fail; dependency fail; insufficient reconciled evidence; no approval.,NO-GO,GROUP_POLICY_NOT_APPROVED,Condicional,No,No,No,OBSERVE_ONLY,op_10 Welford; op_11 Bayes,op_22 Monte Carlo,TRUE,Gas; slippage; competencia; revert; state drift; inclusión; reorg; latencia,RealizedNetPnL = value(balance_after-balance_before) - gas - explicit external costs; bind to tx/settlement receipt; unexplained delta => QUARANTINE.,https://arxiv.org/abs/2204.05238,,
MEV-03-030,3,Reorg/time-bandit arbitrage,Arbitrajes disparados por transacciones o cambios de estado,DEX_STATE,OBSERVE,Observe-only / non-deterministic or non-authorized,"No is_opportunity=true. Emit structured evidence only until a lawful, deterministic, executable settlement path and required public/authorized data are present.","Telemetry/evidence only; no fabricated private flow, reorg certainty, future resolution or unavailable external data.",DS01+DS02+DS03+DS07+DS09+DS10+DS11,state_event_engine,StrategyConfig + Snapshot + Candidate + amount + adapters + risk context,GateEvidence + exact quote + costs + EV + simulation_id + reconciliation refs,Change-controlled config; adapters healthy; required data loaded; kill-switch false.,F001-F016 + detector-specific equation,MEV-03-030-T01..T07,MEV-03-030-I01..I06,NP>0; NetROI>=group target; EV>=MinEV; ExpectedROI>0; capture/success/revert/risk thresholds pass.,Simulation PASS + math tests PASS + invariants PASS + atomic repayment when required.,All declared oracle/bridge/external dependencies PASS/fresh.,LIVE requires reconciled trade count >= policy minimum and reconciled PnL >=0.,Group Policy=APPROVED_FOR_LIVE; Stage=LIVE; Enabled=YES; ManualApproval=YES; Input/Alpha/Data/Economic/Execution/Dependency/Evidence gates all PASS.,Any missing/stale data; nonpositive alpha; economic threshold fail; simulation/test/invariant fail; dependency fail; insufficient reconciled evidence; no approval.,NO-GO,GROUP_POLICY_NOT_APPROVED,No,No,No,No,OBSERVE_ONLY,op_10 Welford; op_11 Bayes,op_22 Monte Carlo,TRUE,Gas; slippage; competencia; revert; state drift; inclusión; reorg; latencia,RealizedNetPnL = value(balance_after-balance_before) - gas - explicit external costs; bind to tx/settlement receipt; unexplained delta => QUARANTINE.,https://arxiv.org/abs/2204.05238,,
MEV-03-031,3,Fork-state arbitrage,Arbitrajes disparados por transacciones o cambios de estado,DEX_STATE,E_STATE,Protocol state-transition arbitrage,"Given deterministic transition e, compute S'=T_e(S); revalue all claims/routes V(S') and compare executable acquisition/unwind cost. Emit only if transition is known and settlement executable.",Protocol event/state variables; before/after block state; affected claims/pools; redemption/execution path.,DS01+DS02+DS03+DS07+DS09+DS10+DS11,state_event_engine,StrategyConfig + Snapshot + Candidate + amount + adapters + risk context,GateEvidence + exact quote + costs + EV + simulation_id + reconciliation refs,Change-controlled config; adapters healthy; required data loaded; kill-switch false.,F001-F016 + detector-specific equation,MEV-03-031-T01..T07,MEV-03-031-I01..I06,NP>0; NetROI>=group target; EV>=MinEV; ExpectedROI>0; capture/success/revert/risk thresholds pass.,Simulation PASS + math tests PASS + invariants PASS + atomic repayment when required.,All declared oracle/bridge/external dependencies PASS/fresh.,LIVE requires reconciled trade count >= policy minimum and reconciled PnL >=0.,Group Policy=APPROVED_FOR_LIVE; Stage=LIVE; Enabled=YES; ManualApproval=YES; Input/Alpha/Data/Economic/Execution/Dependency/Evidence gates all PASS.,Any missing/stale data; nonpositive alpha; economic threshold fail; simulation/test/invariant fail; dependency fail; insufficient reconciled evidence; no approval.,NO-GO,GROUP_POLICY_NOT_APPROVED,No,No,No,No,DETERMINISTIC_POST_STATE,op_05 PDMP / jump process; op_08 Kalman; op_21 Newton-Raphson,op_11 Bayes; op_13 Regression; op_22 Monte Carlo,TRUE,Gas; slippage; competencia; revert; state drift; inclusión; reorg; latencia,RealizedNetPnL = value(balance_after-balance_before) - gas - explicit external costs; bind to tx/settlement receipt; unexplained delta => QUARANTINE.,https://arxiv.org/abs/2107.12484,,
MEV-04-001,4,Stablecoin peg arbitrage,"Arbitrajes por equivalencia, paridad o redención del activo",PARITY_REDEMPTION,P_PEG,Mint/redeem peg parity,"Compare executable market price with protocol mint/redeem conversion after fees and caps: Π=max(RedeemValue-MarketBuyCost, MarketSellProceeds-MintCost)-costs.",Mint/redeem functions/rates; market quotes; fees/caps; oracle if protocol uses one.,DS01+DS02+DS03+DS07+DS09+DS10+DS11,parity_redemption_engine,StrategyConfig + Snapshot + Candidate + amount + adapters + risk context,GateEvidence + exact quote + costs + EV + simulation_id + reconciliation refs,Change-controlled config; adapters healthy; required data loaded; kill-switch false.,F001-F016 + detector-specific equation,MEV-04-001-T01..T07,MEV-04-001-I01..I06,NP>0; NetROI>=group target; EV>=MinEV; ExpectedROI>0; capture/success/revert/risk thresholds pass.,Simulation PASS + math tests PASS + invariants PASS + atomic repayment when required.,All declared oracle/bridge/external dependencies PASS/fresh.,LIVE requires reconciled trade count >= policy minimum and reconciled PnL >=0.,Group Policy=APPROVED_FOR_LIVE; Stage=LIVE; Enabled=YES; ManualApproval=YES; Input/Alpha/Data/Economic/Execution/Dependency/Evidence gates all PASS.,Any missing/stale data; nonpositive alpha; economic threshold fail; simulation/test/invariant fail; dependency fail; insufficient reconciled evidence; no approval.,NO-GO,GROUP_POLICY_NOT_APPROVED,Sí,No,No,No,DETERMINISTIC_IF_REDEEMABLE,op_08 Kalman; op_21 Newton-Raphson; op_15 Golden Section,op_13 Regression; op_11 Bayes; op_22 Monte Carlo,TRUE,Gas; slippage; competencia; revert; state drift,RealizedNetPnL = value(balance_after-balance_before) - gas - explicit external costs; bind to tx/settlement receipt; unexplained delta => QUARANTINE.,https://arxiv.org/abs/2107.12484,,
MEV-04-002,4,Cross-stablecoin arbitrage,"Arbitrajes por equivalencia, paridad o redención del activo",PARITY_REDEMPTION,P_PEG,Mint/redeem peg parity,"Compare executable market price with protocol mint/redeem conversion after fees and caps: Π=max(RedeemValue-MarketBuyCost, MarketSellProceeds-MintCost)-costs.",Mint/redeem functions/rates; market quotes; fees/caps; oracle if protocol uses one.,DS01+DS02+DS03+DS07+DS09+DS10+DS11,parity_redemption_engine,StrategyConfig + Snapshot + Candidate + amount + adapters + risk context,GateEvidence + exact quote + costs + EV + simulation_id + reconciliation refs,Change-controlled config; adapters healthy; required data loaded; kill-switch false.,F001-F016 + detector-specific equation,MEV-04-002-T01..T07,MEV-04-002-I01..I06,NP>0; NetROI>=group target; EV>=MinEV; ExpectedROI>0; capture/success/revert/risk thresholds pass.,Simulation PASS + math tests PASS + invariants PASS + atomic repayment when required.,All declared oracle/bridge/external dependencies PASS/fresh.,LIVE requires reconciled trade count >= policy minimum and reconciled PnL >=0.,Group Policy=APPROVED_FOR_LIVE; Stage=LIVE; Enabled=YES; ManualApproval=YES; Input/Alpha/Data/Economic/Execution/Dependency/Evidence gates all PASS.,Any missing/stale data; nonpositive alpha; economic threshold fail; simulation/test/invariant fail; dependency fail; insufficient reconciled evidence; no approval.,NO-GO,GROUP_POLICY_NOT_APPROVED,Sí,No,No,No,DETERMINISTIC_IF_REDEEMABLE,op_08 Kalman; op_21 Newton-Raphson; op_15 Golden Section,op_13 Regression; op_11 Bayes; op_22 Monte Carlo,TRUE,Gas; slippage; competencia; revert; state drift,RealizedNetPnL = value(balance_after-balance_before) - gas - explicit external costs; bind to tx/settlement receipt; unexplained delta => QUARANTINE.,https://arxiv.org/abs/2107.12484,,
MEV-04-003,4,Algorithmic-stablecoin arbitrage,"Arbitrajes por equivalencia, paridad o redención del activo",PARITY_REDEMPTION,P_PEG,Mint/redeem peg parity,"Compare executable market price with protocol mint/redeem conversion after fees and caps: Π=max(RedeemValue-MarketBuyCost, MarketSellProceeds-MintCost)-costs.",Mint/redeem functions/rates; market quotes; fees/caps; oracle if protocol uses one.,DS01+DS02+DS03+DS07+DS09+DS10+DS11,parity_redemption_engine,StrategyConfig + Snapshot + Candidate + amount + adapters + risk context,GateEvidence + exact quote + costs + EV + simulation_id + reconciliation refs,Change-controlled config; adapters healthy; required data loaded; kill-switch false.,F001-F016 + detector-specific equation,MEV-04-003-T01..T07,MEV-04-003-I01..I06,NP>0; NetROI>=group target; EV>=MinEV; ExpectedROI>0; capture/success/revert/risk thresholds pass.,Simulation PASS + math tests PASS + invariants PASS + atomic repayment when required.,All declared oracle/bridge/external dependencies PASS/fresh.,LIVE requires reconciled trade count >= policy minimum and reconciled PnL >=0.,Group Policy=APPROVED_FOR_LIVE; Stage=LIVE; Enabled=YES; ManualApproval=YES; Input/Alpha/Data/Economic/Execution/Dependency/Evidence gates all PASS.,Any missing/stale data; nonpositive alpha; economic threshold fail; simulation/test/invariant fail; dependency fail; insufficient reconciled evidence; no approval.,NO-GO,GROUP_POLICY_NOT_APPROVED,Sí,No,No,No,DETERMINISTIC_IF_REDEEMABLE,op_08 Kalman; op_21 Newton-Raphson; op_15 Golden Section,op_13 Regression; op_11 Bayes; op_22 Monte Carlo,TRUE,Gas; slippage; competencia; revert; state drift,RealizedNetPnL = value(balance_after-balance_before) - gas - explicit external costs; bind to tx/settlement receipt; unexplained delta => QUARANTINE.,https://arxiv.org/abs/2107.12484,,
MEV-04-004,4,Collateralized-stablecoin arbitrage,"Arbitrajes por equivalencia, paridad o redención del activo",PARITY_REDEMPTION,P_PEG,Mint/redeem peg parity,"Compare executable market price with protocol mint/redeem conversion after fees and caps: Π=max(RedeemValue-MarketBuyCost, MarketSellProceeds-MintCost)-costs.",Mint/redeem functions/rates; market quotes; fees/caps; oracle if protocol uses one.,DS01+DS02+DS03+DS07+DS09+DS10+DS11,parity_redemption_engine,StrategyConfig + Snapshot + Candidate + amount + adapters + risk context,GateEvidence + exact quote + costs + EV + simulation_id + reconciliation refs,Change-controlled config; adapters healthy; required data loaded; kill-switch false.,F001-F016 + detector-specific equation,MEV-04-004-T01..T07,MEV-04-004-I01..I06,NP>0; NetROI>=group target; EV>=MinEV; ExpectedROI>0; capture/success/revert/risk thresholds pass.,Simulation PASS + math tests PASS + invariants PASS + atomic repayment when required.,All declared oracle/bridge/external dependencies PASS/fresh.,LIVE requires reconciled trade count >= policy minimum and reconciled PnL >=0.,Group Policy=APPROVED_FOR_LIVE; Stage=LIVE; Enabled=YES; ManualApproval=YES; Input/Alpha/Data/Economic/Execution/Dependency/Evidence gates all PASS.,Any missing/stale data; nonpositive alpha; economic threshold fail; simulation/test/invariant fail; dependency fail; insufficient reconciled evidence; no approval.,NO-GO,GROUP_POLICY_NOT_APPROVED,Sí,No,No,No,DETERMINISTIC_IF_REDEEMABLE,op_08 Kalman; op_21 Newton-Raphson; op_15 Golden Section,op_13 Regression; op_11 Bayes; op_22 Monte Carlo,TRUE,Gas; slippage; competencia; revert; state drift,RealizedNetPnL = value(balance_after-balance_before) - gas - explicit external costs; bind to tx/settlement receipt; unexplained delta => QUARANTINE.,https://arxiv.org/abs/2107.12484,,
MEV-04-005,4,Mint–redeem stablecoin arbitrage,"Arbitrajes por equivalencia, paridad o redención del activo",PARITY_REDEMPTION,P_PEG,Mint/redeem peg parity,"Compare executable market price with protocol mint/redeem conversion after fees and caps: Π=max(RedeemValue-MarketBuyCost, MarketSellProceeds-MintCost)-costs.",Mint/redeem functions/rates; market quotes; fees/caps; oracle if protocol uses one.,DS01+DS02+DS03+DS07+DS09+DS10+DS11,parity_redemption_engine,StrategyConfig + Snapshot + Candidate + amount + adapters + risk context,GateEvidence + exact quote + costs + EV + simulation_id + reconciliation refs,Change-controlled config; adapters healthy; required data loaded; kill-switch false.,F001-F016 + detector-specific equation,MEV-04-005-T01..T07,MEV-04-005-I01..I06,NP>0; NetROI>=group target; EV>=MinEV; ExpectedROI>0; capture/success/revert/risk thresholds pass.,Simulation PASS + math tests PASS + invariants PASS + atomic repayment when required.,All declared oracle/bridge/external dependencies PASS/fresh.,LIVE requires reconciled trade count >= policy minimum and reconciled PnL >=0.,Group Policy=APPROVED_FOR_LIVE; Stage=LIVE; Enabled=YES; ManualApproval=YES; Input/Alpha/Data/Economic/Execution/Dependency/Evidence gates all PASS.,Any missing/stale data; nonpositive alpha; economic threshold fail; simulation/test/invariant fail; dependency fail; insufficient reconciled evidence; no approval.,NO-GO,GROUP_POLICY_NOT_APPROVED,Sí,No,No,No,DETERMINISTIC_IF_REDEEMABLE,op_08 Kalman; op_21 Newton-Raphson; op_15 Golden Section,op_13 Regression; op_11 Bayes; op_22 Monte Carlo,TRUE,Gas; slippage; competencia; revert; state drift,RealizedNetPnL = value(balance_after-balance_before) - gas - explicit external costs; bind to tx/settlement receipt; unexplained delta => QUARANTINE.,https://arxiv.org/abs/2107.12484,,
MEV-04-006,4,Native–wrapped arbitrage,"Arbitrajes por equivalencia, paridad o redención del activo",PARITY_REDEMPTION,P_WRAP,Wrapper / representation parity,"Compare exact wrap→sell and buy→unwrap paths against wrapper conversion ratio, fees and delay. Opportunity iff closed economic value >0.",wrap/unwrap conversion; exchange rate; fees; underlying and wrapper firm quotes; bridge state if bridged.,DS01+DS02+DS03+DS07+DS09+DS10+DS11,parity_redemption_engine,StrategyConfig + Snapshot + Candidate + amount + adapters + risk context,GateEvidence + exact quote + costs + EV + simulation_id + reconciliation refs,Change-controlled config; adapters healthy; required data loaded; kill-switch false.,F001-F016 + detector-specific equation,MEV-04-006-T01..T07,MEV-04-006-I01..I06,NP>0; NetROI>=group target; EV>=MinEV; ExpectedROI>0; capture/success/revert/risk thresholds pass.,Simulation PASS + math tests PASS + invariants PASS + atomic repayment when required.,All declared oracle/bridge/external dependencies PASS/fresh.,LIVE requires reconciled trade count >= policy minimum and reconciled PnL >=0.,Group Policy=APPROVED_FOR_LIVE; Stage=LIVE; Enabled=YES; ManualApproval=YES; Input/Alpha/Data/Economic/Execution/Dependency/Evidence gates all PASS.,Any missing/stale data; nonpositive alpha; economic threshold fail; simulation/test/invariant fail; dependency fail; insufficient reconciled evidence; no approval.,NO-GO,GROUP_POLICY_NOT_APPROVED,Sí,No,No,No,DETERMINISTIC_IF_CONVERTIBLE,op_21 Newton-Raphson; op_08 Kalman; op_13 Regression,op_15 Golden Section; op_22 Monte Carlo,TRUE,Gas; slippage; competencia; revert; state drift,RealizedNetPnL = value(balance_after-balance_before) - gas - explicit external costs; bind to tx/settlement receipt; unexplained delta => QUARANTINE.,https://eips.ethereum.org/EIPS/eip-4626,,
MEV-04-007,4,Canonical–bridged token arbitrage,"Arbitrajes por equivalencia, paridad o redención del activo",PARITY_REDEMPTION,P_WRAP,Wrapper / representation parity,"Compare exact wrap→sell and buy→unwrap paths against wrapper conversion ratio, fees and delay. Opportunity iff closed economic value >0.",wrap/unwrap conversion; exchange rate; fees; underlying and wrapper firm quotes; bridge state if bridged.,DS01+DS02+DS03+DS07+DS09+DS10+DS11+DS06 Bridge,parity_redemption_engine,StrategyConfig + Snapshot + Candidate + amount + adapters + risk context,GateEvidence + exact quote + costs + EV + simulation_id + reconciliation refs,Change-controlled config; adapters healthy; required data loaded; kill-switch false.,F001-F016 + detector-specific equation,MEV-04-007-T01..T07,MEV-04-007-I01..I06,NP>0; NetROI>=group target; EV>=MinEV; ExpectedROI>0; capture/success/revert/risk thresholds pass.,Simulation PASS + math tests PASS + invariants PASS + atomic repayment when required.,All declared oracle/bridge/external dependencies PASS/fresh.,LIVE requires reconciled trade count >= policy minimum and reconciled PnL >=0.,Group Policy=APPROVED_FOR_LIVE; Stage=LIVE; Enabled=YES; ManualApproval=YES; Input/Alpha/Data/Economic/Execution/Dependency/Evidence gates all PASS.,Any missing/stale data; nonpositive alpha; economic threshold fail; simulation/test/invariant fail; dependency fail; insufficient reconciled evidence; no approval.,NO-GO,GROUP_POLICY_NOT_APPROVED,Sí,No,Sí,No,DETERMINISTIC_IF_CONVERTIBLE,op_21 Newton-Raphson; op_08 Kalman; op_13 Regression,op_15 Golden Section; op_22 Monte Carlo,TRUE,Gas; slippage; competencia; revert; state drift,RealizedNetPnL = value(balance_after-balance_before) - gas - explicit external costs; bind to tx/settlement receipt; unexplained delta => QUARANTINE.,https://eips.ethereum.org/EIPS/eip-4626,,
MEV-04-008,4,Cross-wrapper arbitrage,"Arbitrajes por equivalencia, paridad o redención del activo",PARITY_REDEMPTION,P_WRAP,Wrapper / representation parity,"Compare exact wrap→sell and buy→unwrap paths against wrapper conversion ratio, fees and delay. Opportunity iff closed economic value >0.",wrap/unwrap conversion; exchange rate; fees; underlying and wrapper firm quotes; bridge state if bridged.,DS01+DS02+DS03+DS07+DS09+DS10+DS11,parity_redemption_engine,StrategyConfig + Snapshot + Candidate + amount + adapters + risk context,GateEvidence + exact quote + costs + EV + simulation_id + reconciliation refs,Change-controlled config; adapters healthy; required data loaded; kill-switch false.,F001-F016 + detector-specific equation,MEV-04-008-T01..T07,MEV-04-008-I01..I06,NP>0; NetROI>=group target; EV>=MinEV; ExpectedROI>0; capture/success/revert/risk thresholds pass.,Simulation PASS + math tests PASS + invariants PASS + atomic repayment when required.,All declared oracle/bridge/external dependencies PASS/fresh.,LIVE requires reconciled trade count >= policy minimum and reconciled PnL >=0.,Group Policy=APPROVED_FOR_LIVE; Stage=LIVE; Enabled=YES; ManualApproval=YES; Input/Alpha/Data/Economic/Execution/Dependency/Evidence gates all PASS.,Any missing/stale data; nonpositive alpha; economic threshold fail; simulation/test/invariant fail; dependency fail; insufficient reconciled evidence; no approval.,NO-GO,GROUP_POLICY_NOT_APPROVED,Sí,No,No,No,DETERMINISTIC_IF_CONVERTIBLE,op_21 Newton-Raphson; op_08 Kalman; op_13 Regression,op_15 Golden Section; op_22 Monte Carlo,TRUE,Gas; slippage; competencia; revert; state drift,RealizedNetPnL = value(balance_after-balance_before) - gas - explicit external costs; bind to tx/settlement receipt; unexplained delta => QUARANTINE.,https://eips.ethereum.org/EIPS/eip-4626,,
MEV-04-009,4,Synthetic–underlying arbitrage,"Arbitrajes por equivalencia, paridad o redención del activo",PARITY_REDEMPTION,P_WRAP,Wrapper / representation parity,"Compare exact wrap→sell and buy→unwrap paths against wrapper conversion ratio, fees and delay. Opportunity iff closed economic value >0.",wrap/unwrap conversion; exchange rate; fees; underlying and wrapper firm quotes; bridge state if bridged.,DS01+DS02+DS03+DS07+DS09+DS10+DS11,parity_redemption_engine,StrategyConfig + Snapshot + Candidate + amount + adapters + risk context,GateEvidence + exact quote + costs + EV + simulation_id + reconciliation refs,Change-controlled config; adapters healthy; required data loaded; kill-switch false.,F001-F016 + detector-specific equation,MEV-04-009-T01..T07,MEV-04-009-I01..I06,NP>0; NetROI>=group target; EV>=MinEV; ExpectedROI>0; capture/success/revert/risk thresholds pass.,Simulation PASS + math tests PASS + invariants PASS + atomic repayment when required.,All declared oracle/bridge/external dependencies PASS/fresh.,LIVE requires reconciled trade count >= policy minimum and reconciled PnL >=0.,Group Policy=APPROVED_FOR_LIVE; Stage=LIVE; Enabled=YES; ManualApproval=YES; Input/Alpha/Data/Economic/Execution/Dependency/Evidence gates all PASS.,Any missing/stale data; nonpositive alpha; economic threshold fail; simulation/test/invariant fail; dependency fail; insufficient reconciled evidence; no approval.,NO-GO,GROUP_POLICY_NOT_APPROVED,Sí,No,No,No,DETERMINISTIC_IF_CONVERTIBLE,op_21 Newton-Raphson; op_08 Kalman; op_13 Regression,op_15 Golden Section; op_22 Monte Carlo,TRUE,Gas; slippage; competencia; revert; state drift,RealizedNetPnL = value(balance_after-balance_before) - gas - explicit external costs; bind to tx/settlement receipt; unexplained delta => QUARANTINE.,https://eips.ethereum.org/EIPS/eip-4626,,
MEV-04-010,4,Receipt-token arbitrage,"Arbitrajes por equivalencia, paridad o redención del activo",PARITY_REDEMPTION,P_4626,ERC-4626 share/asset parity,Use preview/convertToAssets and convertToShares plus actual deposit/redeem limits/fees; compare executable share market price to redeemable asset value.,convertToAssets/Shares; previewDeposit/Redeem; maxDeposit/Redeem; vault totalAssets; share/asset market quotes.,DS01+DS02+DS03+DS07+DS09+DS10+DS11,parity_redemption_engine,StrategyConfig + Snapshot + Candidate + amount + adapters + risk context,GateEvidence + exact quote + costs + EV + simulation_id + reconciliation refs,Change-controlled config; adapters healthy; required data loaded; kill-switch false.,F001-F016 + detector-specific equation,MEV-04-010-T01..T07,MEV-04-010-I01..I06,NP>0; NetROI>=group target; EV>=MinEV; ExpectedROI>0; capture/success/revert/risk thresholds pass.,Simulation PASS + math tests PASS + invariants PASS + atomic repayment when required.,All declared oracle/bridge/external dependencies PASS/fresh.,LIVE requires reconciled trade count >= policy minimum and reconciled PnL >=0.,Group Policy=APPROVED_FOR_LIVE; Stage=LIVE; Enabled=YES; ManualApproval=YES; Input/Alpha/Data/Economic/Execution/Dependency/Evidence gates all PASS.,Any missing/stale data; nonpositive alpha; economic threshold fail; simulation/test/invariant fail; dependency fail; insufficient reconciled evidence; no approval.,NO-GO,GROUP_POLICY_NOT_APPROVED,Sí,No,No,No,DETERMINISTIC_IF_REDEEMABLE,op_21 Newton-Raphson; op_13 Regression; op_08 Kalman,op_15 Golden Section; op_22 Monte Carlo,TRUE,Gas; slippage; competencia; revert; state drift,RealizedNetPnL = value(balance_after-balance_before) - gas - explicit external costs; bind to tx/settlement receipt; unexplained delta => QUARANTINE.,https://eips.ethereum.org/EIPS/eip-4626,,
MEV-04-011,4,ERC-4626 share-price arbitrage,"Arbitrajes por equivalencia, paridad o redención del activo",PARITY_REDEMPTION,P_4626,ERC-4626 share/asset parity,Use preview/convertToAssets and convertToShares plus actual deposit/redeem limits/fees; compare executable share market price to redeemable asset value.,convertToAssets/Shares; previewDeposit/Redeem; maxDeposit/Redeem; vault totalAssets; share/asset market quotes.,DS01+DS02+DS03+DS07+DS09+DS10+DS11,parity_redemption_engine,StrategyConfig + Snapshot + Candidate + amount + adapters + risk context,GateEvidence + exact quote + costs + EV + simulation_id + reconciliation refs,Change-controlled config; adapters healthy; required data loaded; kill-switch false.,F001-F016 + detector-specific equation,MEV-04-011-T01..T07,MEV-04-011-I01..I06,NP>0; NetROI>=group target; EV>=MinEV; ExpectedROI>0; capture/success/revert/risk thresholds pass.,Simulation PASS + math tests PASS + invariants PASS + atomic repayment when required.,All declared oracle/bridge/external dependencies PASS/fresh.,LIVE requires reconciled trade count >= policy minimum and reconciled PnL >=0.,Group Policy=APPROVED_FOR_LIVE; Stage=LIVE; Enabled=YES; ManualApproval=YES; Input/Alpha/Data/Economic/Execution/Dependency/Evidence gates all PASS.,Any missing/stale data; nonpositive alpha; economic threshold fail; simulation/test/invariant fail; dependency fail; insufficient reconciled evidence; no approval.,NO-GO,GROUP_POLICY_NOT_APPROVED,Sí,No,No,No,DETERMINISTIC_IF_REDEEMABLE,op_21 Newton-Raphson; op_13 Regression; op_08 Kalman,op_15 Golden Section; op_22 Monte Carlo,TRUE,Gas; slippage; competencia; revert; state drift,RealizedNetPnL = value(balance_after-balance_before) - gas - explicit external costs; bind to tx/settlement receipt; unexplained delta => QUARANTINE.,https://eips.ethereum.org/EIPS/eip-4626,,
MEV-04-012,4,Vault share–underlying arbitrage,"Arbitrajes por equivalencia, paridad o redención del activo",PARITY_REDEMPTION,P_4626,ERC-4626 share/asset parity,Use preview/convertToAssets and convertToShares plus actual deposit/redeem limits/fees; compare executable share market price to redeemable asset value.,convertToAssets/Shares; previewDeposit/Redeem; maxDeposit/Redeem; vault totalAssets; share/asset market quotes.,DS01+DS02+DS03+DS07+DS09+DS10+DS11,parity_redemption_engine,StrategyConfig + Snapshot + Candidate + amount + adapters + risk context,GateEvidence + exact quote + costs + EV + simulation_id + reconciliation refs,Change-controlled config; adapters healthy; required data loaded; kill-switch false.,F001-F016 + detector-specific equation,MEV-04-012-T01..T07,MEV-04-012-I01..I06,NP>0; NetROI>=group target; EV>=MinEV; ExpectedROI>0; capture/success/revert/risk thresholds pass.,Simulation PASS + math tests PASS + invariants PASS + atomic repayment when required.,All declared oracle/bridge/external dependencies PASS/fresh.,LIVE requires reconciled trade count >= policy minimum and reconciled PnL >=0.,Group Policy=APPROVED_FOR_LIVE; Stage=LIVE; Enabled=YES; ManualApproval=YES; Input/Alpha/Data/Economic/Execution/Dependency/Evidence gates all PASS.,Any missing/stale data; nonpositive alpha; economic threshold fail; simulation/test/invariant fail; dependency fail; insufficient reconciled evidence; no approval.,NO-GO,GROUP_POLICY_NOT_APPROVED,Sí,No,No,No,DETERMINISTIC_IF_REDEEMABLE,op_21 Newton-Raphson; op_13 Regression; op_08 Kalman,op_15 Golden Section; op_22 Monte Carlo,TRUE,Gas; slippage; competencia; revert; state drift,RealizedNetPnL = value(balance_after-balance_before) - gas - explicit external costs; bind to tx/settlement receipt; unexplained delta => QUARANTINE.,https://eips.ethereum.org/EIPS/eip-4626,,
MEV-04-013,4,LP-token NAV arbitrage,"Arbitrajes por equivalencia, paridad o redención del activo",PARITY_REDEMPTION,P_NAV,Tokenized basket / NAV parity,"NAV from exact redeemable components; Π=RedeemValue(token)-MarketCost(token)-unwind/fees, or inverse mint-and-sell path.",Component weights/holdings; redemption/mint rules; firm component quotes; fees.,DS01+DS02+DS03+DS07+DS09+DS10+DS11,parity_redemption_engine,StrategyConfig + Snapshot + Candidate + amount + adapters + risk context,GateEvidence + exact quote + costs + EV + simulation_id + reconciliation refs,Change-controlled config; adapters healthy; required data loaded; kill-switch false.,F001-F016 + detector-specific equation,MEV-04-013-T01..T07,MEV-04-013-I01..I06,NP>0; NetROI>=group target; EV>=MinEV; ExpectedROI>0; capture/success/revert/risk thresholds pass.,Simulation PASS + math tests PASS + invariants PASS + atomic repayment when required.,All declared oracle/bridge/external dependencies PASS/fresh.,LIVE requires reconciled trade count >= policy minimum and reconciled PnL >=0.,Group Policy=APPROVED_FOR_LIVE; Stage=LIVE; Enabled=YES; ManualApproval=YES; Input/Alpha/Data/Economic/Execution/Dependency/Evidence gates all PASS.,Any missing/stale data; nonpositive alpha; economic threshold fail; simulation/test/invariant fail; dependency fail; insufficient reconciled evidence; no approval.,NO-GO,GROUP_POLICY_NOT_APPROVED,Sí,No,No,No,DETERMINISTIC_IF_REDEEMABLE,op_13 Regression; op_19 Simplex; op_21 Newton-Raphson,op_08 Kalman; op_11 Bayes; op_22 Monte Carlo,TRUE,Gas; slippage; competencia; revert; state drift,RealizedNetPnL = value(balance_after-balance_before) - gas - explicit external costs; bind to tx/settlement receipt; unexplained delta => QUARANTINE.,https://arxiv.org/abs/2107.12484,,
MEV-04-014,4,Index token–basket arbitrage,"Arbitrajes por equivalencia, paridad o redención del activo",PARITY_REDEMPTION,P_NAV,Tokenized basket / NAV parity,"NAV from exact redeemable components; Π=RedeemValue(token)-MarketCost(token)-unwind/fees, or inverse mint-and-sell path.",Component weights/holdings; redemption/mint rules; firm component quotes; fees.,DS01+DS02+DS03+DS07+DS09+DS10+DS11,parity_redemption_engine,StrategyConfig + Snapshot + Candidate + amount + adapters + risk context,GateEvidence + exact quote + costs + EV + simulation_id + reconciliation refs,Change-controlled config; adapters healthy; required data loaded; kill-switch false.,F001-F016 + detector-specific equation,MEV-04-014-T01..T07,MEV-04-014-I01..I06,NP>0; NetROI>=group target; EV>=MinEV; ExpectedROI>0; capture/success/revert/risk thresholds pass.,Simulation PASS + math tests PASS + invariants PASS + atomic repayment when required.,All declared oracle/bridge/external dependencies PASS/fresh.,LIVE requires reconciled trade count >= policy minimum and reconciled PnL >=0.,Group Policy=APPROVED_FOR_LIVE; Stage=LIVE; Enabled=YES; ManualApproval=YES; Input/Alpha/Data/Economic/Execution/Dependency/Evidence gates all PASS.,Any missing/stale data; nonpositive alpha; economic threshold fail; simulation/test/invariant fail; dependency fail; insufficient reconciled evidence; no approval.,NO-GO,GROUP_POLICY_NOT_APPROVED,Sí,No,No,No,DETERMINISTIC_IF_REDEEMABLE,op_13 Regression; op_19 Simplex; op_21 Newton-Raphson,op_08 Kalman; op_11 Bayes; op_22 Monte Carlo,TRUE,Gas; slippage; competencia; revert; state drift,RealizedNetPnL = value(balance_after-balance_before) - gas - explicit external costs; bind to tx/settlement receipt; unexplained delta => QUARANTINE.,https://arxiv.org/abs/2107.12484,,
MEV-04-015,4,ETF-like token arbitrage,"Arbitrajes por equivalencia, paridad o redención del activo",PARITY_REDEMPTION,P_NAV,Tokenized basket / NAV parity,"NAV from exact redeemable components; Π=RedeemValue(token)-MarketCost(token)-unwind/fees, or inverse mint-and-sell path.",Component weights/holdings; redemption/mint rules; firm component quotes; fees.,DS01+DS02+DS03+DS07+DS09+DS10+DS11,parity_redemption_engine,StrategyConfig + Snapshot + Candidate + amount + adapters + risk context,GateEvidence + exact quote + costs + EV + simulation_id + reconciliation refs,Change-controlled config; adapters healthy; required data loaded; kill-switch false.,F001-F016 + detector-specific equation,MEV-04-015-T01..T07,MEV-04-015-I01..I06,NP>0; NetROI>=group target; EV>=MinEV; ExpectedROI>0; capture/success/revert/risk thresholds pass.,Simulation PASS + math tests PASS + invariants PASS + atomic repayment when required.,All declared oracle/bridge/external dependencies PASS/fresh.,LIVE requires reconciled trade count >= policy minimum and reconciled PnL >=0.,Group Policy=APPROVED_FOR_LIVE; Stage=LIVE; Enabled=YES; ManualApproval=YES; Input/Alpha/Data/Economic/Execution/Dependency/Evidence gates all PASS.,Any missing/stale data; nonpositive alpha; economic threshold fail; simulation/test/invariant fail; dependency fail; insufficient reconciled evidence; no approval.,NO-GO,GROUP_POLICY_NOT_APPROVED,Sí,No,No,No,DETERMINISTIC_IF_REDEEMABLE,op_13 Regression; op_19 Simplex; op_21 Newton-Raphson,op_08 Kalman; op_11 Bayes; op_22 Monte Carlo,TRUE,Gas; slippage; competencia; revert; state drift,RealizedNetPnL = value(balance_after-balance_before) - gas - explicit external costs; bind to tx/settlement receipt; unexplained delta => QUARANTINE.,https://arxiv.org/abs/2107.12484,,
MEV-04-016,4,RWA–NAV arbitrage,"Arbitrajes por equivalencia, paridad o redención del activo",PARITY_REDEMPTION,P_NAV,Tokenized basket / NAV parity,"NAV from exact redeemable components; Π=RedeemValue(token)-MarketCost(token)-unwind/fees, or inverse mint-and-sell path.",Component weights/holdings; redemption/mint rules; firm component quotes; fees.,DS01+DS02+DS03+DS07+DS09+DS10+DS11,parity_redemption_engine,StrategyConfig + Snapshot + Candidate + amount + adapters + risk context,GateEvidence + exact quote + costs + EV + simulation_id + reconciliation refs,Change-controlled config; adapters healthy; required data loaded; kill-switch false.,F001-F016 + detector-specific equation,MEV-04-016-T01..T07,MEV-04-016-I01..I06,NP>0; NetROI>=group target; EV>=MinEV; ExpectedROI>0; capture/success/revert/risk thresholds pass.,Simulation PASS + math tests PASS + invariants PASS + atomic repayment when required.,All declared oracle/bridge/external dependencies PASS/fresh.,LIVE requires reconciled trade count >= policy minimum and reconciled PnL >=0.,Group Policy=APPROVED_FOR_LIVE; Stage=LIVE; Enabled=YES; ManualApproval=YES; Input/Alpha/Data/Economic/Execution/Dependency/Evidence gates all PASS.,Any missing/stale data; nonpositive alpha; economic threshold fail; simulation/test/invariant fail; dependency fail; insufficient reconciled evidence; no approval.,NO-GO,GROUP_POLICY_NOT_APPROVED,No,No,No,No,DETERMINISTIC_IF_REDEEMABLE,op_13 Regression; op_19 Simplex; op_21 Newton-Raphson,op_08 Kalman; op_11 Bayes; op_22 Monte Carlo,TRUE,Gas; slippage; competencia; revert; state drift,RealizedNetPnL = value(balance_after-balance_before) - gas - explicit external costs; bind to tx/settlement receipt; unexplained delta => QUARANTINE.,https://arxiv.org/abs/2107.12484,,
MEV-04-017,4,Rebasing-token arbitrage,"Arbitrajes por equivalencia, paridad o redención del activo",PARITY_REDEMPTION,P_PEG,Mint/redeem peg parity,"Compare executable market price with protocol mint/redeem conversion after fees and caps: Π=max(RedeemValue-MarketBuyCost, MarketSellProceeds-MintCost)-costs.",Mint/redeem functions/rates; market quotes; fees/caps; oracle if protocol uses one.,DS01+DS02+DS03+DS07+DS09+DS10+DS11,parity_redemption_engine,StrategyConfig + Snapshot + Candidate + amount + adapters + risk context,GateEvidence + exact quote + costs + EV + simulation_id + reconciliation refs,Change-controlled config; adapters healthy; required data loaded; kill-switch false.,F001-F016 + detector-specific equation,MEV-04-017-T01..T07,MEV-04-017-I01..I06,NP>0; NetROI>=group target; EV>=MinEV; ExpectedROI>0; capture/success/revert/risk thresholds pass.,Simulation PASS + math tests PASS + invariants PASS + atomic repayment when required.,All declared oracle/bridge/external dependencies PASS/fresh.,LIVE requires reconciled trade count >= policy minimum and reconciled PnL >=0.,Group Policy=APPROVED_FOR_LIVE; Stage=LIVE; Enabled=YES; ManualApproval=YES; Input/Alpha/Data/Economic/Execution/Dependency/Evidence gates all PASS.,Any missing/stale data; nonpositive alpha; economic threshold fail; simulation/test/invariant fail; dependency fail; insufficient reconciled evidence; no approval.,NO-GO,GROUP_POLICY_NOT_APPROVED,Sí,No,No,No,DETERMINISTIC_IF_REDEEMABLE,op_08 Kalman; op_21 Newton-Raphson; op_15 Golden Section,op_13 Regression; op_11 Bayes; op_22 Monte Carlo,TRUE,Gas; slippage; competencia; revert; state drift,RealizedNetPnL = value(balance_after-balance_before) - gas - explicit external costs; bind to tx/settlement receipt; unexplained delta => QUARANTINE.,https://arxiv.org/abs/2107.12484,,
MEV-04-018,4,Fee-on-transfer token arbitrage,"Arbitrajes por equivalencia, paridad o redención del activo",PARITY_REDEMPTION,P_PEG,Mint/redeem peg parity,"Compare executable market price with protocol mint/redeem conversion after fees and caps: Π=max(RedeemValue-MarketBuyCost, MarketSellProceeds-MintCost)-costs.",Mint/redeem functions/rates; market quotes; fees/caps; oracle if protocol uses one.,DS01+DS02+DS03+DS07+DS09+DS10+DS11,parity_redemption_engine,StrategyConfig + Snapshot + Candidate + amount + adapters + risk context,GateEvidence + exact quote + costs + EV + simulation_id + reconciliation refs,Change-controlled config; adapters healthy; required data loaded; kill-switch false.,F001-F016 + detector-specific equation,MEV-04-018-T01..T07,MEV-04-018-I01..I06,NP>0; NetROI>=group target; EV>=MinEV; ExpectedROI>0; capture/success/revert/risk thresholds pass.,Simulation PASS + math tests PASS + invariants PASS + atomic repayment when required.,All declared oracle/bridge/external dependencies PASS/fresh.,LIVE requires reconciled trade count >= policy minimum and reconciled PnL >=0.,Group Policy=APPROVED_FOR_LIVE; Stage=LIVE; Enabled=YES; ManualApproval=YES; Input/Alpha/Data/Economic/Execution/Dependency/Evidence gates all PASS.,Any missing/stale data; nonpositive alpha; economic threshold fail; simulation/test/invariant fail; dependency fail; insufficient reconciled evidence; no approval.,NO-GO,GROUP_POLICY_NOT_APPROVED,Sí,No,No,No,DETERMINISTIC_IF_REDEEMABLE,op_08 Kalman; op_21 Newton-Raphson; op_15 Golden Section,op_13 Regression; op_11 Bayes; op_22 Monte Carlo,TRUE,Gas; slippage; competencia; revert; state drift,RealizedNetPnL = value(balance_after-balance_before) - gas - explicit external costs; bind to tx/settlement receipt; unexplained delta => QUARANTINE.,https://arxiv.org/abs/2107.12484,,
MEV-04-019,4,Liquid-staking-token arbitrage,"Arbitrajes por equivalencia, paridad o redención del activo",PARITY_REDEMPTION,P_LST,LST/LRT redemption and market parity,"Π=RedemptionValue(exchange_rate,t)-MarketAcquisitionCost-queue/carry/fees; cross-LST uses a common underlying redemption unit.",Protocol exchange/redemption rate; withdrawal queue/delay; underlying price; firm LST quotes.,DS01+DS02+DS03+DS07+DS09+DS10+DS11,parity_redemption_engine,StrategyConfig + Snapshot + Candidate + amount + adapters + risk context,GateEvidence + exact quote + costs + EV + simulation_id + reconciliation refs,Change-controlled config; adapters healthy; required data loaded; kill-switch false.,F001-F016 + detector-specific equation,MEV-04-019-T01..T07,MEV-04-019-I01..I06,NP>0; NetROI>=group target; EV>=MinEV; ExpectedROI>0; capture/success/revert/risk thresholds pass.,Simulation PASS + math tests PASS + invariants PASS + atomic repayment when required.,All declared oracle/bridge/external dependencies PASS/fresh.,LIVE requires reconciled trade count >= policy minimum and reconciled PnL >=0.,Group Policy=APPROVED_FOR_LIVE; Stage=LIVE; Enabled=YES; ManualApproval=YES; Input/Alpha/Data/Economic/Execution/Dependency/Evidence gates all PASS.,Any missing/stale data; nonpositive alpha; economic threshold fail; simulation/test/invariant fail; dependency fail; insufficient reconciled evidence; no approval.,NO-GO,GROUP_POLICY_NOT_APPROVED,Sí,No,No,No,SETTLEMENT_DELAY_SENSITIVE,op_13 Regression; op_08 Kalman; op_21 Newton-Raphson,op_23 Queueing; op_11 Bayes; op_22 Monte Carlo,TRUE,Gas; slippage; competencia; revert; state drift,RealizedNetPnL = value(balance_after-balance_before) - gas - explicit external costs; bind to tx/settlement receipt; unexplained delta => QUARANTINE.,https://eips.ethereum.org/EIPS/eip-4626,,
MEV-04-020,4,LST redemption arbitrage,"Arbitrajes por equivalencia, paridad o redención del activo",PARITY_REDEMPTION,P_LST,LST/LRT redemption and market parity,"Π=RedemptionValue(exchange_rate,t)-MarketAcquisitionCost-queue/carry/fees; cross-LST uses a common underlying redemption unit.",Protocol exchange/redemption rate; withdrawal queue/delay; underlying price; firm LST quotes.,DS01+DS02+DS03+DS07+DS09+DS10+DS11,parity_redemption_engine,StrategyConfig + Snapshot + Candidate + amount + adapters + risk context,GateEvidence + exact quote + costs + EV + simulation_id + reconciliation refs,Change-controlled config; adapters healthy; required data loaded; kill-switch false.,F001-F016 + detector-specific equation,MEV-04-020-T01..T07,MEV-04-020-I01..I06,NP>0; NetROI>=group target; EV>=MinEV; ExpectedROI>0; capture/success/revert/risk thresholds pass.,Simulation PASS + math tests PASS + invariants PASS + atomic repayment when required.,All declared oracle/bridge/external dependencies PASS/fresh.,LIVE requires reconciled trade count >= policy minimum and reconciled PnL >=0.,Group Policy=APPROVED_FOR_LIVE; Stage=LIVE; Enabled=YES; ManualApproval=YES; Input/Alpha/Data/Economic/Execution/Dependency/Evidence gates all PASS.,Any missing/stale data; nonpositive alpha; economic threshold fail; simulation/test/invariant fail; dependency fail; insufficient reconciled evidence; no approval.,NO-GO,GROUP_POLICY_NOT_APPROVED,Sí,No,No,No,SETTLEMENT_DELAY_SENSITIVE,op_13 Regression; op_08 Kalman; op_21 Newton-Raphson,op_23 Queueing; op_11 Bayes; op_22 Monte Carlo,TRUE,Gas; slippage; competencia; revert; state drift,RealizedNetPnL = value(balance_after-balance_before) - gas - explicit external costs; bind to tx/settlement receipt; unexplained delta => QUARANTINE.,https://eips.ethereum.org/EIPS/eip-4626,,
MEV-04-021,4,Liquid-restaking-token arbitrage,"Arbitrajes por equivalencia, paridad o redención del activo",PARITY_REDEMPTION,P_LST,LST/LRT redemption and market parity,"Π=RedemptionValue(exchange_rate,t)-MarketAcquisitionCost-queue/carry/fees; cross-LST uses a common underlying redemption unit.",Protocol exchange/redemption rate; withdrawal queue/delay; underlying price; firm LST quotes.,DS01+DS02+DS03+DS07+DS09+DS10+DS11,parity_redemption_engine,StrategyConfig + Snapshot + Candidate + amount + adapters + risk context,GateEvidence + exact quote + costs + EV + simulation_id + reconciliation refs,Change-controlled config; adapters healthy; required data loaded; kill-switch false.,F001-F016 + detector-specific equation,MEV-04-021-T01..T07,MEV-04-021-I01..I06,NP>0; NetROI>=group target; EV>=MinEV; ExpectedROI>0; capture/success/revert/risk thresholds pass.,Simulation PASS + math tests PASS + invariants PASS + atomic repayment when required.,All declared oracle/bridge/external dependencies PASS/fresh.,LIVE requires reconciled trade count >= policy minimum and reconciled PnL >=0.,Group Policy=APPROVED_FOR_LIVE; Stage=LIVE; Enabled=YES; ManualApproval=YES; Input/Alpha/Data/Economic/Execution/Dependency/Evidence gates all PASS.,Any missing/stale data; nonpositive alpha; economic threshold fail; simulation/test/invariant fail; dependency fail; insufficient reconciled evidence; no approval.,NO-GO,GROUP_POLICY_NOT_APPROVED,Sí,No,No,No,SETTLEMENT_DELAY_SENSITIVE,op_13 Regression; op_08 Kalman; op_21 Newton-Raphson,op_23 Queueing; op_11 Bayes; op_22 Monte Carlo,TRUE,Gas; slippage; competencia; revert; state drift,RealizedNetPnL = value(balance_after-balance_before) - gas - explicit external costs; bind to tx/settlement receipt; unexplained delta => QUARANTINE.,https://eips.ethereum.org/EIPS/eip-4626,,
MEV-04-022,4,Cross-LST arbitrage,"Arbitrajes por equivalencia, paridad o redención del activo",PARITY_REDEMPTION,P_LST,LST/LRT redemption and market parity,"Π=RedemptionValue(exchange_rate,t)-MarketAcquisitionCost-queue/carry/fees; cross-LST uses a common underlying redemption unit.",Protocol exchange/redemption rate; withdrawal queue/delay; underlying price; firm LST quotes.,DS01+DS02+DS03+DS07+DS09+DS10+DS11,parity_redemption_engine,StrategyConfig + Snapshot + Candidate + amount + adapters + risk context,GateEvidence + exact quote + costs + EV + simulation_id + reconciliation refs,Change-controlled config; adapters healthy; required data loaded; kill-switch false.,F001-F016 + detector-specific equation,MEV-04-022-T01..T07,MEV-04-022-I01..I06,NP>0; NetROI>=group target; EV>=MinEV; ExpectedROI>0; capture/success/revert/risk thresholds pass.,Simulation PASS + math tests PASS + invariants PASS + atomic repayment when required.,All declared oracle/bridge/external dependencies PASS/fresh.,LIVE requires reconciled trade count >= policy minimum and reconciled PnL >=0.,Group Policy=APPROVED_FOR_LIVE; Stage=LIVE; Enabled=YES; ManualApproval=YES; Input/Alpha/Data/Economic/Execution/Dependency/Evidence gates all PASS.,Any missing/stale data; nonpositive alpha; economic threshold fail; simulation/test/invariant fail; dependency fail; insufficient reconciled evidence; no approval.,NO-GO,GROUP_POLICY_NOT_APPROVED,Sí,No,No,No,SETTLEMENT_DELAY_SENSITIVE,op_13 Regression; op_08 Kalman; op_21 Newton-Raphson,op_23 Queueing; op_11 Bayes; op_22 Monte Carlo,TRUE,Gas; slippage; competencia; revert; state drift,RealizedNetPnL = value(balance_after-balance_before) - gas - explicit external costs; bind to tx/settlement receipt; unexplained delta => QUARANTINE.,https://eips.ethereum.org/EIPS/eip-4626,,
MEV-04-023,4,Governance-wrapper arbitrage,"Arbitrajes por equivalencia, paridad o redención del activo",PARITY_REDEMPTION,P_WRAP,Wrapper / representation parity,"Compare exact wrap→sell and buy→unwrap paths against wrapper conversion ratio, fees and delay. Opportunity iff closed economic value >0.",wrap/unwrap conversion; exchange rate; fees; underlying and wrapper firm quotes; bridge state if bridged.,DS01+DS02+DS03+DS07+DS09+DS10+DS11,parity_redemption_engine,StrategyConfig + Snapshot + Candidate + amount + adapters + risk context,GateEvidence + exact quote + costs + EV + simulation_id + reconciliation refs,Change-controlled config; adapters healthy; required data loaded; kill-switch false.,F001-F016 + detector-specific equation,MEV-04-023-T01..T07,MEV-04-023-I01..I06,NP>0; NetROI>=group target; EV>=MinEV; ExpectedROI>0; capture/success/revert/risk thresholds pass.,Simulation PASS + math tests PASS + invariants PASS + atomic repayment when required.,All declared oracle/bridge/external dependencies PASS/fresh.,LIVE requires reconciled trade count >= policy minimum and reconciled PnL >=0.,Group Policy=APPROVED_FOR_LIVE; Stage=LIVE; Enabled=YES; ManualApproval=YES; Input/Alpha/Data/Economic/Execution/Dependency/Evidence gates all PASS.,Any missing/stale data; nonpositive alpha; economic threshold fail; simulation/test/invariant fail; dependency fail; insufficient reconciled evidence; no approval.,NO-GO,GROUP_POLICY_NOT_APPROVED,Sí,No,No,No,DETERMINISTIC_IF_CONVERTIBLE,op_21 Newton-Raphson; op_08 Kalman; op_13 Regression,op_15 Golden Section; op_22 Monte Carlo,TRUE,Gas; slippage; competencia; revert; state drift,RealizedNetPnL = value(balance_after-balance_before) - gas - explicit external costs; bind to tx/settlement receipt; unexplained delta => QUARANTINE.,https://eips.ethereum.org/EIPS/eip-4626,,
MEV-04-024,4,Vote-escrow derivative arbitrage,"Arbitrajes por equivalencia, paridad o redención del activo",PARITY_REDEMPTION,P_YIELD,Yield-curve / maturity inconsistency,"Convert each claim to discount factor / implied yield for common underlying and maturity basis; detect executable curve violations after carry, fees and settlement delay.",Maturities; redemption values; market prices; yield indices/APY; fees; settlement path.,DS01+DS02+DS03+DS07+DS09+DS10+DS11,parity_redemption_engine,StrategyConfig + Snapshot + Candidate + amount + adapters + risk context,GateEvidence + exact quote + costs + EV + simulation_id + reconciliation refs,Change-controlled config; adapters healthy; required data loaded; kill-switch false.,F001-F016 + detector-specific equation,MEV-04-024-T01..T07,MEV-04-024-I01..I06,NP>0; NetROI>=group target; EV>=MinEV; ExpectedROI>0; capture/success/revert/risk thresholds pass.,Simulation PASS + math tests PASS + invariants PASS + atomic repayment when required.,All declared oracle/bridge/external dependencies PASS/fresh.,LIVE requires reconciled trade count >= policy minimum and reconciled PnL >=0.,Group Policy=APPROVED_FOR_LIVE; Stage=LIVE; Enabled=YES; ManualApproval=YES; Input/Alpha/Data/Economic/Execution/Dependency/Evidence gates all PASS.,Any missing/stale data; nonpositive alpha; economic threshold fail; simulation/test/invariant fail; dependency fail; insufficient reconciled evidence; no approval.,NO-GO,GROUP_POLICY_NOT_APPROVED,Sí,No,No,No,DETERMINISTIC_IF_SETTLEABLE,op_13 Regression; op_08 Kalman; op_21 Newton-Raphson,op_15 Golden Section; op_22 Monte Carlo; op_16 Kelly,TRUE,Gas; slippage; competencia; revert; state drift,RealizedNetPnL = value(balance_after-balance_before) - gas - explicit external costs; bind to tx/settlement receipt; unexplained delta => QUARANTINE.,https://docs.pendle.finance/pendle-v2/ProtocolMechanics/PendleMarketAPYCalculation,,
MEV-04-025,4,Tokenized-position arbitrage,"Arbitrajes por equivalencia, paridad o redención del activo",PARITY_REDEMPTION,P_NAV,Tokenized basket / NAV parity,"NAV from exact redeemable components; Π=RedeemValue(token)-MarketCost(token)-unwind/fees, or inverse mint-and-sell path.",Component weights/holdings; redemption/mint rules; firm component quotes; fees.,DS01+DS02+DS03+DS07+DS09+DS10+DS11,parity_redemption_engine,StrategyConfig + Snapshot + Candidate + amount + adapters + risk context,GateEvidence + exact quote + costs + EV + simulation_id + reconciliation refs,Change-controlled config; adapters healthy; required data loaded; kill-switch false.,F001-F016 + detector-specific equation,MEV-04-025-T01..T07,MEV-04-025-I01..I06,NP>0; NetROI>=group target; EV>=MinEV; ExpectedROI>0; capture/success/revert/risk thresholds pass.,Simulation PASS + math tests PASS + invariants PASS + atomic repayment when required.,All declared oracle/bridge/external dependencies PASS/fresh.,LIVE requires reconciled trade count >= policy minimum and reconciled PnL >=0.,Group Policy=APPROVED_FOR_LIVE; Stage=LIVE; Enabled=YES; ManualApproval=YES; Input/Alpha/Data/Economic/Execution/Dependency/Evidence gates all PASS.,Any missing/stale data; nonpositive alpha; economic threshold fail; simulation/test/invariant fail; dependency fail; insufficient reconciled evidence; no approval.,NO-GO,GROUP_POLICY_NOT_APPROVED,Sí,No,No,No,DETERMINISTIC_IF_REDEEMABLE,op_13 Regression; op_19 Simplex; op_21 Newton-Raphson,op_08 Kalman; op_11 Bayes; op_22 Monte Carlo,TRUE,Gas; slippage; competencia; revert; state drift,RealizedNetPnL = value(balance_after-balance_before) - gas - explicit external costs; bind to tx/settlement receipt; unexplained delta => QUARANTINE.,https://arxiv.org/abs/2107.12484,,
MEV-04-026,4,Principal-token arbitrage,"Arbitrajes por equivalencia, paridad o redención del activo",PARITY_REDEMPTION,P_PTYT,PT/YT no-arbitrage parity,"Core parity: P_PT+P_YT≈P_underlying (same accounting asset, same maturity). Also implied APY from PT/YT exchange rate; evaluate mint/redeem + market legs net of fees.",PT/YT/SY exchange rates; expiry; mint/redeem path; firm PT/YT quotes; underlying APY.,DS01+DS02+DS03+DS07+DS09+DS10+DS11,parity_redemption_engine,StrategyConfig + Snapshot + Candidate + amount + adapters + risk context,GateEvidence + exact quote + costs + EV + simulation_id + reconciliation refs,Change-controlled config; adapters healthy; required data loaded; kill-switch false.,F001-F016 + detector-specific equation,MEV-04-026-T01..T07,MEV-04-026-I01..I06,NP>0; NetROI>=group target; EV>=MinEV; ExpectedROI>0; capture/success/revert/risk thresholds pass.,Simulation PASS + math tests PASS + invariants PASS + atomic repayment when required.,All declared oracle/bridge/external dependencies PASS/fresh.,LIVE requires reconciled trade count >= policy minimum and reconciled PnL >=0.,Group Policy=APPROVED_FOR_LIVE; Stage=LIVE; Enabled=YES; ManualApproval=YES; Input/Alpha/Data/Economic/Execution/Dependency/Evidence gates all PASS.,Any missing/stale data; nonpositive alpha; economic threshold fail; simulation/test/invariant fail; dependency fail; insufficient reconciled evidence; no approval.,NO-GO,GROUP_POLICY_NOT_APPROVED,Sí,No,No,No,DETERMINISTIC_IF_REDEEMABLE,op_13 Regression; op_21 Newton-Raphson; op_15 Golden Section,op_08 Kalman; op_16 Kelly; op_22 Monte Carlo,TRUE,Gas; slippage; competencia; revert; state drift,RealizedNetPnL = value(balance_after-balance_before) - gas - explicit external costs; bind to tx/settlement receipt; unexplained delta => QUARANTINE.,https://docs.pendle.finance/pendle-academy/cheatsheet-for-the-impatient/pt-yt-lp-cheatsheet,https://docs.pendle.finance/pendle-v2/ProtocolMechanics/Glossary,
MEV-04-027,4,Yield-token arbitrage,"Arbitrajes por equivalencia, paridad o redención del activo",PARITY_REDEMPTION,P_PTYT,PT/YT no-arbitrage parity,"Core parity: P_PT+P_YT≈P_underlying (same accounting asset, same maturity). Also implied APY from PT/YT exchange rate; evaluate mint/redeem + market legs net of fees.",PT/YT/SY exchange rates; expiry; mint/redeem path; firm PT/YT quotes; underlying APY.,DS01+DS02+DS03+DS07+DS09+DS10+DS11,parity_redemption_engine,StrategyConfig + Snapshot + Candidate + amount + adapters + risk context,GateEvidence + exact quote + costs + EV + simulation_id + reconciliation refs,Change-controlled config; adapters healthy; required data loaded; kill-switch false.,F001-F016 + detector-specific equation,MEV-04-027-T01..T07,MEV-04-027-I01..I06,NP>0; NetROI>=group target; EV>=MinEV; ExpectedROI>0; capture/success/revert/risk thresholds pass.,Simulation PASS + math tests PASS + invariants PASS + atomic repayment when required.,All declared oracle/bridge/external dependencies PASS/fresh.,LIVE requires reconciled trade count >= policy minimum and reconciled PnL >=0.,Group Policy=APPROVED_FOR_LIVE; Stage=LIVE; Enabled=YES; ManualApproval=YES; Input/Alpha/Data/Economic/Execution/Dependency/Evidence gates all PASS.,Any missing/stale data; nonpositive alpha; economic threshold fail; simulation/test/invariant fail; dependency fail; insufficient reconciled evidence; no approval.,NO-GO,GROUP_POLICY_NOT_APPROVED,Sí,No,No,No,DETERMINISTIC_IF_REDEEMABLE,op_13 Regression; op_21 Newton-Raphson; op_15 Golden Section,op_08 Kalman; op_16 Kelly; op_22 Monte Carlo,TRUE,Gas; slippage; competencia; revert; state drift,RealizedNetPnL = value(balance_after-balance_before) - gas - explicit external costs; bind to tx/settlement receipt; unexplained delta => QUARANTINE.,https://docs.pendle.finance/pendle-academy/cheatsheet-for-the-impatient/pt-yt-lp-cheatsheet,https://docs.pendle.finance/pendle-v2/ProtocolMechanics/Glossary,
MEV-04-028,4,PT–YT parity arbitrage,"Arbitrajes por equivalencia, paridad o redención del activo",PARITY_REDEMPTION,P_PTYT,PT/YT no-arbitrage parity,"Core parity: P_PT+P_YT≈P_underlying (same accounting asset, same maturity). Also implied APY from PT/YT exchange rate; evaluate mint/redeem + market legs net of fees.",PT/YT/SY exchange rates; expiry; mint/redeem path; firm PT/YT quotes; underlying APY.,DS01+DS02+DS03+DS07+DS09+DS10+DS11,parity_redemption_engine,StrategyConfig + Snapshot + Candidate + amount + adapters + risk context,GateEvidence + exact quote + costs + EV + simulation_id + reconciliation refs,Change-controlled config; adapters healthy; required data loaded; kill-switch false.,F001-F016 + detector-specific equation,MEV-04-028-T01..T07,MEV-04-028-I01..I06,NP>0; NetROI>=group target; EV>=MinEV; ExpectedROI>0; capture/success/revert/risk thresholds pass.,Simulation PASS + math tests PASS + invariants PASS + atomic repayment when required.,All declared oracle/bridge/external dependencies PASS/fresh.,LIVE requires reconciled trade count >= policy minimum and reconciled PnL >=0.,Group Policy=APPROVED_FOR_LIVE; Stage=LIVE; Enabled=YES; ManualApproval=YES; Input/Alpha/Data/Economic/Execution/Dependency/Evidence gates all PASS.,Any missing/stale data; nonpositive alpha; economic threshold fail; simulation/test/invariant fail; dependency fail; insufficient reconciled evidence; no approval.,NO-GO,GROUP_POLICY_NOT_APPROVED,Sí,No,No,No,DETERMINISTIC_IF_REDEEMABLE,op_13 Regression; op_21 Newton-Raphson; op_15 Golden Section,op_08 Kalman; op_16 Kelly; op_22 Monte Carlo,TRUE,Gas; slippage; competencia; revert; state drift,RealizedNetPnL = value(balance_after-balance_before) - gas - explicit external costs; bind to tx/settlement receipt; unexplained delta => QUARANTINE.,https://docs.pendle.finance/pendle-academy/cheatsheet-for-the-impatient/pt-yt-lp-cheatsheet,https://docs.pendle.finance/pendle-v2/ProtocolMechanics/Glossary,
MEV-04-029,4,Cross-maturity yield arbitrage,"Arbitrajes por equivalencia, paridad o redención del activo",PARITY_REDEMPTION,P_YIELD,Yield-curve / maturity inconsistency,"Convert each claim to discount factor / implied yield for common underlying and maturity basis; detect executable curve violations after carry, fees and settlement delay.",Maturities; redemption values; market prices; yield indices/APY; fees; settlement path.,DS01+DS02+DS03+DS07+DS09+DS10+DS11,parity_redemption_engine,StrategyConfig + Snapshot + Candidate + amount + adapters + risk context,GateEvidence + exact quote + costs + EV + simulation_id + reconciliation refs,Change-controlled config; adapters healthy; required data loaded; kill-switch false.,F001-F016 + detector-specific equation,MEV-04-029-T01..T07,MEV-04-029-I01..I06,NP>0; NetROI>=group target; EV>=MinEV; ExpectedROI>0; capture/success/revert/risk thresholds pass.,Simulation PASS + math tests PASS + invariants PASS + atomic repayment when required.,All declared oracle/bridge/external dependencies PASS/fresh.,LIVE requires reconciled trade count >= policy minimum and reconciled PnL >=0.,Group Policy=APPROVED_FOR_LIVE; Stage=LIVE; Enabled=YES; ManualApproval=YES; Input/Alpha/Data/Economic/Execution/Dependency/Evidence gates all PASS.,Any missing/stale data; nonpositive alpha; economic threshold fail; simulation/test/invariant fail; dependency fail; insufficient reconciled evidence; no approval.,NO-GO,GROUP_POLICY_NOT_APPROVED,Condicional,No,No,No,DETERMINISTIC_IF_SETTLEABLE,op_13 Regression; op_08 Kalman; op_21 Newton-Raphson,op_15 Golden Section; op_22 Monte Carlo; op_16 Kelly,TRUE,Gas; slippage; competencia; revert; state drift,RealizedNetPnL = value(balance_after-balance_before) - gas - explicit external costs; bind to tx/settlement receipt; unexplained delta => QUARANTINE.,https://docs.pendle.finance/pendle-v2/ProtocolMechanics/PendleMarketAPYCalculation,,
MEV-04-030,4,Fixed-yield/floating-yield arbitrage,"Arbitrajes por equivalencia, paridad o redención del activo",PARITY_REDEMPTION,P_YIELD,Yield-curve / maturity inconsistency,"Convert each claim to discount factor / implied yield for common underlying and maturity basis; detect executable curve violations after carry, fees and settlement delay.",Maturities; redemption values; market prices; yield indices/APY; fees; settlement path.,DS01+DS02+DS03+DS07+DS09+DS10+DS11,parity_redemption_engine,StrategyConfig + Snapshot + Candidate + amount + adapters + risk context,GateEvidence + exact quote + costs + EV + simulation_id + reconciliation refs,Change-controlled config; adapters healthy; required data loaded; kill-switch false.,F001-F016 + detector-specific equation,MEV-04-030-T01..T07,MEV-04-030-I01..I06,NP>0; NetROI>=group target; EV>=MinEV; ExpectedROI>0; capture/success/revert/risk thresholds pass.,Simulation PASS + math tests PASS + invariants PASS + atomic repayment when required.,All declared oracle/bridge/external dependencies PASS/fresh.,LIVE requires reconciled trade count >= policy minimum and reconciled PnL >=0.,Group Policy=APPROVED_FOR_LIVE; Stage=LIVE; Enabled=YES; ManualApproval=YES; Input/Alpha/Data/Economic/Execution/Dependency/Evidence gates all PASS.,Any missing/stale data; nonpositive alpha; economic threshold fail; simulation/test/invariant fail; dependency fail; insufficient reconciled evidence; no approval.,NO-GO,GROUP_POLICY_NOT_APPROVED,Condicional,No,No,No,DETERMINISTIC_IF_SETTLEABLE,op_13 Regression; op_08 Kalman; op_21 Newton-Raphson,op_15 Golden Section; op_22 Monte Carlo; op_16 Kelly,TRUE,Gas; slippage; competencia; revert; state drift,RealizedNetPnL = value(balance_after-balance_before) - gas - explicit external costs; bind to tx/settlement receipt; unexplained delta => QUARANTINE.,https://docs.pendle.finance/pendle-v2/ProtocolMechanics/PendleMarketAPYCalculation,,
MEV-04-031,4,Points/pre-token arbitrage,"Arbitrajes por equivalencia, paridad o redención del activo",PARITY_REDEMPTION,OBSERVE,Observe-only / non-deterministic or non-authorized,"No is_opportunity=true. Emit structured evidence only until a lawful, deterministic, executable settlement path and required public/authorized data are present.","Telemetry/evidence only; no fabricated private flow, reorg certainty, future resolution or unavailable external data.",DS01+DS02+DS03+DS07+DS09+DS10+DS11,parity_redemption_engine,StrategyConfig + Snapshot + Candidate + amount + adapters + risk context,GateEvidence + exact quote + costs + EV + simulation_id + reconciliation refs,Change-controlled config; adapters healthy; required data loaded; kill-switch false.,F001-F016 + detector-specific equation,MEV-04-031-T01..T07,MEV-04-031-I01..I06,NP>0; NetROI>=group target; EV>=MinEV; ExpectedROI>0; capture/success/revert/risk thresholds pass.,Simulation PASS + math tests PASS + invariants PASS + atomic repayment when required.,All declared oracle/bridge/external dependencies PASS/fresh.,LIVE requires reconciled trade count >= policy minimum and reconciled PnL >=0.,Group Policy=APPROVED_FOR_LIVE; Stage=LIVE; Enabled=YES; ManualApproval=YES; Input/Alpha/Data/Economic/Execution/Dependency/Evidence gates all PASS.,Any missing/stale data; nonpositive alpha; economic threshold fail; simulation/test/invariant fail; dependency fail; insufficient reconciled evidence; no approval.,NO-GO,GROUP_POLICY_NOT_APPROVED,No,No,No,No,OBSERVE_ONLY,op_10 Welford; op_11 Bayes,op_22 Monte Carlo,TRUE,Gas; slippage; competencia; revert; state drift,RealizedNetPnL = value(balance_after-balance_before) - gas - explicit external costs; bind to tx/settlement receipt; unexplained delta => QUARANTINE.,https://arxiv.org/abs/2204.05238,,
MEV-05-001,5,CEX–DEX spot arbitrage,Arbitraje CEX–DEX y mercados externos,CEX_DEX,C_CEXDEX,CEX/DEX executable VWAP arbitrage,"Π(q)=CEX_bid_VWAP(q)-DEX_buy_exact(q)-CEX/DEX fees-transfer/hedge costs, or reverse direction. Require firm depth and settlement/inventory model.",CEX L2/orderbook or firm quotes; DEX exact route quote; fees; inventory; latency; transfer/hedge model.,DS01+DS02+DS03+DS07+DS09+DS10+DS11+DS05 External venue,cex_external_engine,StrategyConfig + Snapshot + Candidate + amount + adapters + risk context,GateEvidence + exact quote + costs + EV + simulation_id + reconciliation refs,Change-controlled config; adapters healthy; required data loaded; kill-switch false.,F001-F016 + detector-specific equation,MEV-05-001-T01..T07,MEV-05-001-I01..I06,NP>0; NetROI>=group target; EV>=MinEV; ExpectedROI>0; capture/success/revert/risk thresholds pass.,Simulation PASS + math tests PASS + invariants PASS + atomic repayment when required.,All declared oracle/bridge/external dependencies PASS/fresh.,LIVE requires reconciled trade count >= policy minimum and reconciled PnL >=0.,Group Policy=APPROVED_FOR_LIVE; Stage=LIVE; Enabled=YES; ManualApproval=YES; Input/Alpha/Data/Economic/Execution/Dependency/Evidence gates all PASS.,Any missing/stale data; nonpositive alpha; economic threshold fail; simulation/test/invariant fail; dependency fail; insufficient reconciled evidence; no approval.,NO-GO,GROUP_POLICY_NOT_APPROVED,No,No,No,Sí,EXTERNAL_DATA_REQUIRED,op_08 Kalman; op_10 Welford; op_23 Queueing; op_21 Newton-Raphson,op_11 Bayes; op_13 Regression; op_16 Kelly; op_22 Monte Carlo,TRUE,Fill parcial; latencia; custodia; contraparte; retiro; finality; fees,RealizedNetPnL = value(balance_after-balance_before) - gas - explicit external costs; bind to tx/settlement receipt; unexplained delta => QUARANTINE.,https://arxiv.org/abs/2302.04938,,
MEV-05-002,5,DEX–CEX spot arbitrage,Arbitraje CEX–DEX y mercados externos,CEX_DEX,C_CEXDEX,CEX/DEX executable VWAP arbitrage,"Π(q)=CEX_bid_VWAP(q)-DEX_buy_exact(q)-CEX/DEX fees-transfer/hedge costs, or reverse direction. Require firm depth and settlement/inventory model.",CEX L2/orderbook or firm quotes; DEX exact route quote; fees; inventory; latency; transfer/hedge model.,DS01+DS02+DS03+DS07+DS09+DS10+DS11+DS05 External venue,cex_external_engine,StrategyConfig + Snapshot + Candidate + amount + adapters + risk context,GateEvidence + exact quote + costs + EV + simulation_id + reconciliation refs,Change-controlled config; adapters healthy; required data loaded; kill-switch false.,F001-F016 + detector-specific equation,MEV-05-002-T01..T07,MEV-05-002-I01..I06,NP>0; NetROI>=group target; EV>=MinEV; ExpectedROI>0; capture/success/revert/risk thresholds pass.,Simulation PASS + math tests PASS + invariants PASS + atomic repayment when required.,All declared oracle/bridge/external dependencies PASS/fresh.,LIVE requires reconciled trade count >= policy minimum and reconciled PnL >=0.,Group Policy=APPROVED_FOR_LIVE; Stage=LIVE; Enabled=YES; ManualApproval=YES; Input/Alpha/Data/Economic/Execution/Dependency/Evidence gates all PASS.,Any missing/stale data; nonpositive alpha; economic threshold fail; simulation/test/invariant fail; dependency fail; insufficient reconciled evidence; no approval.,NO-GO,GROUP_POLICY_NOT_APPROVED,No,No,No,Sí,EXTERNAL_DATA_REQUIRED,op_08 Kalman; op_10 Welford; op_23 Queueing; op_21 Newton-Raphson,op_11 Bayes; op_13 Regression; op_16 Kelly; op_22 Monte Carlo,TRUE,Fill parcial; latencia; custodia; contraparte; retiro; finality; fees,RealizedNetPnL = value(balance_after-balance_before) - gas - explicit external costs; bind to tx/settlement receipt; unexplained delta => QUARANTINE.,https://arxiv.org/abs/2302.04938,,
MEV-05-003,5,CEX–DEX triangular arbitrage,Arbitraje CEX–DEX y mercados externos,CEX_DEX,C_CEXDEX,CEX/DEX executable VWAP arbitrage,"Π(q)=CEX_bid_VWAP(q)-DEX_buy_exact(q)-CEX/DEX fees-transfer/hedge costs, or reverse direction. Require firm depth and settlement/inventory model.",CEX L2/orderbook or firm quotes; DEX exact route quote; fees; inventory; latency; transfer/hedge model.,DS01+DS02+DS03+DS07+DS09+DS10+DS11+DS05 External venue,cex_external_engine,StrategyConfig + Snapshot + Candidate + amount + adapters + risk context,GateEvidence + exact quote + costs + EV + simulation_id + reconciliation refs,Change-controlled config; adapters healthy; required data loaded; kill-switch false.,F001-F016 + detector-specific equation,MEV-05-003-T01..T07,MEV-05-003-I01..I06,NP>0; NetROI>=group target; EV>=MinEV; ExpectedROI>0; capture/success/revert/risk thresholds pass.,Simulation PASS + math tests PASS + invariants PASS + atomic repayment when required.,All declared oracle/bridge/external dependencies PASS/fresh.,LIVE requires reconciled trade count >= policy minimum and reconciled PnL >=0.,Group Policy=APPROVED_FOR_LIVE; Stage=LIVE; Enabled=YES; ManualApproval=YES; Input/Alpha/Data/Economic/Execution/Dependency/Evidence gates all PASS.,Any missing/stale data; nonpositive alpha; economic threshold fail; simulation/test/invariant fail; dependency fail; insufficient reconciled evidence; no approval.,NO-GO,GROUP_POLICY_NOT_APPROVED,No,No,No,Sí,EXTERNAL_DATA_REQUIRED,op_08 Kalman; op_10 Welford; op_23 Queueing; op_21 Newton-Raphson,op_11 Bayes; op_13 Regression; op_16 Kelly; op_22 Monte Carlo,TRUE,Fill parcial; latencia; custodia; contraparte; retiro; finality; fees,RealizedNetPnL = value(balance_after-balance_before) - gas - explicit external costs; bind to tx/settlement receipt; unexplained delta => QUARANTINE.,https://arxiv.org/abs/2302.04938,,
MEV-05-004,5,CEX–multi-DEX arbitrage,Arbitraje CEX–DEX y mercados externos,CEX_DEX,C_CEXDEX,CEX/DEX executable VWAP arbitrage,"Π(q)=CEX_bid_VWAP(q)-DEX_buy_exact(q)-CEX/DEX fees-transfer/hedge costs, or reverse direction. Require firm depth and settlement/inventory model.",CEX L2/orderbook or firm quotes; DEX exact route quote; fees; inventory; latency; transfer/hedge model.,DS01+DS02+DS03+DS07+DS09+DS10+DS11+DS05 External venue,cex_external_engine,StrategyConfig + Snapshot + Candidate + amount + adapters + risk context,GateEvidence + exact quote + costs + EV + simulation_id + reconciliation refs,Change-controlled config; adapters healthy; required data loaded; kill-switch false.,F001-F016 + detector-specific equation,MEV-05-004-T01..T07,MEV-05-004-I01..I06,NP>0; NetROI>=group target; EV>=MinEV; ExpectedROI>0; capture/success/revert/risk thresholds pass.,Simulation PASS + math tests PASS + invariants PASS + atomic repayment when required.,All declared oracle/bridge/external dependencies PASS/fresh.,LIVE requires reconciled trade count >= policy minimum and reconciled PnL >=0.,Group Policy=APPROVED_FOR_LIVE; Stage=LIVE; Enabled=YES; ManualApproval=YES; Input/Alpha/Data/Economic/Execution/Dependency/Evidence gates all PASS.,Any missing/stale data; nonpositive alpha; economic threshold fail; simulation/test/invariant fail; dependency fail; insufficient reconciled evidence; no approval.,NO-GO,GROUP_POLICY_NOT_APPROVED,No,No,No,Sí,EXTERNAL_DATA_REQUIRED,op_08 Kalman; op_10 Welford; op_23 Queueing; op_21 Newton-Raphson,op_11 Bayes; op_13 Regression; op_16 Kelly; op_22 Monte Carlo,TRUE,Fill parcial; latencia; custodia; contraparte; retiro; finality; fees,RealizedNetPnL = value(balance_after-balance_before) - gas - explicit external costs; bind to tx/settlement receipt; unexplained delta => QUARANTINE.,https://arxiv.org/abs/2302.04938,,
MEV-05-005,5,Multi-CEX–DEX arbitrage,Arbitraje CEX–DEX y mercados externos,CEX_DEX,C_CEXDEX,CEX/DEX executable VWAP arbitrage,"Π(q)=CEX_bid_VWAP(q)-DEX_buy_exact(q)-CEX/DEX fees-transfer/hedge costs, or reverse direction. Require firm depth and settlement/inventory model.",CEX L2/orderbook or firm quotes; DEX exact route quote; fees; inventory; latency; transfer/hedge model.,DS01+DS02+DS03+DS07+DS09+DS10+DS11+DS05 External venue,cex_external_engine,StrategyConfig + Snapshot + Candidate + amount + adapters + risk context,GateEvidence + exact quote + costs + EV + simulation_id + reconciliation refs,Change-controlled config; adapters healthy; required data loaded; kill-switch false.,F001-F016 + detector-specific equation,MEV-05-005-T01..T07,MEV-05-005-I01..I06,NP>0; NetROI>=group target; EV>=MinEV; ExpectedROI>0; capture/success/revert/risk thresholds pass.,Simulation PASS + math tests PASS + invariants PASS + atomic repayment when required.,All declared oracle/bridge/external dependencies PASS/fresh.,LIVE requires reconciled trade count >= policy minimum and reconciled PnL >=0.,Group Policy=APPROVED_FOR_LIVE; Stage=LIVE; Enabled=YES; ManualApproval=YES; Input/Alpha/Data/Economic/Execution/Dependency/Evidence gates all PASS.,Any missing/stale data; nonpositive alpha; economic threshold fail; simulation/test/invariant fail; dependency fail; insufficient reconciled evidence; no approval.,NO-GO,GROUP_POLICY_NOT_APPROVED,No,No,No,Sí,EXTERNAL_DATA_REQUIRED,op_08 Kalman; op_10 Welford; op_23 Queueing; op_21 Newton-Raphson,op_11 Bayes; op_13 Regression; op_16 Kelly; op_22 Monte Carlo,TRUE,Fill parcial; latencia; custodia; contraparte; retiro; finality; fees,RealizedNetPnL = value(balance_after-balance_before) - gas - explicit external costs; bind to tx/settlement receipt; unexplained delta => QUARANTINE.,https://arxiv.org/abs/2302.04938,,
MEV-05-006,5,CEX order-book–AMM arbitrage,Arbitraje CEX–DEX y mercados externos,CEX_DEX,C_CEXDEX,CEX/DEX executable VWAP arbitrage,"Π(q)=CEX_bid_VWAP(q)-DEX_buy_exact(q)-CEX/DEX fees-transfer/hedge costs, or reverse direction. Require firm depth and settlement/inventory model.",CEX L2/orderbook or firm quotes; DEX exact route quote; fees; inventory; latency; transfer/hedge model.,DS01+DS02+DS03+DS07+DS09+DS10+DS11+DS05 External venue,cex_external_engine,StrategyConfig + Snapshot + Candidate + amount + adapters + risk context,GateEvidence + exact quote + costs + EV + simulation_id + reconciliation refs,Change-controlled config; adapters healthy; required data loaded; kill-switch false.,F001-F016 + detector-specific equation,MEV-05-006-T01..T07,MEV-05-006-I01..I06,NP>0; NetROI>=group target; EV>=MinEV; ExpectedROI>0; capture/success/revert/risk thresholds pass.,Simulation PASS + math tests PASS + invariants PASS + atomic repayment when required.,All declared oracle/bridge/external dependencies PASS/fresh.,LIVE requires reconciled trade count >= policy minimum and reconciled PnL >=0.,Group Policy=APPROVED_FOR_LIVE; Stage=LIVE; Enabled=YES; ManualApproval=YES; Input/Alpha/Data/Economic/Execution/Dependency/Evidence gates all PASS.,Any missing/stale data; nonpositive alpha; economic threshold fail; simulation/test/invariant fail; dependency fail; insufficient reconciled evidence; no approval.,NO-GO,GROUP_POLICY_NOT_APPROVED,No,No,No,Sí,EXTERNAL_DATA_REQUIRED,op_08 Kalman; op_10 Welford; op_23 Queueing; op_21 Newton-Raphson,op_11 Bayes; op_13 Regression; op_16 Kelly; op_22 Monte Carlo,TRUE,Fill parcial; latencia; custodia; contraparte; retiro; finality; fees,RealizedNetPnL = value(balance_after-balance_before) - gas - explicit external costs; bind to tx/settlement receipt; unexplained delta => QUARANTINE.,https://arxiv.org/abs/2302.04938,,
MEV-05-007,5,CEX futures–DEX spot arbitrage,Arbitraje CEX–DEX y mercados externos,CEX_DEX,C_CEXDERIV,CEX derivative vs DEX spot basis,Hedged net basis/funding: Π=DerivativeLeg+SpotLeg+expected_funding-carry-fees-slippage-settlement risk.,CEX derivative book; mark/index/funding; DEX exact spot quote; margin/inventory; fees.,DS01+DS02+DS03+DS07+DS09+DS10+DS11+DS05 External venue,cex_external_engine,StrategyConfig + Snapshot + Candidate + amount + adapters + risk context,GateEvidence + exact quote + costs + EV + simulation_id + reconciliation refs,Change-controlled config; adapters healthy; required data loaded; kill-switch false.,F001-F016 + detector-specific equation,MEV-05-007-T01..T07,MEV-05-007-I01..I06,NP>0; NetROI>=group target; EV>=MinEV; ExpectedROI>0; capture/success/revert/risk thresholds pass.,Simulation PASS + math tests PASS + invariants PASS + atomic repayment when required.,All declared oracle/bridge/external dependencies PASS/fresh.,LIVE requires reconciled trade count >= policy minimum and reconciled PnL >=0.,Group Policy=APPROVED_FOR_LIVE; Stage=LIVE; Enabled=YES; ManualApproval=YES; Input/Alpha/Data/Economic/Execution/Dependency/Evidence gates all PASS.,Any missing/stale data; nonpositive alpha; economic threshold fail; simulation/test/invariant fail; dependency fail; insufficient reconciled evidence; no approval.,NO-GO,GROUP_POLICY_NOT_APPROVED,No,No,No,Sí,EXTERNAL_DATA_REQUIRED,op_13 Regression; op_08 Kalman; op_23 Queueing; op_21 Newton-Raphson,op_10 Welford; op_11 Bayes; op_22 Monte Carlo; op_16 Kelly,TRUE,Fill parcial; latencia; custodia; contraparte; retiro; finality; fees,RealizedNetPnL = value(balance_after-balance_before) - gas - explicit external costs; bind to tx/settlement receipt; unexplained delta => QUARANTINE.,https://www.cfainstitute.org/insights/professional-learning/refresher-readings/2026/option-replication-using-put-call-parity,,
MEV-05-008,5,CEX perpetual–DEX spot arbitrage,Arbitraje CEX–DEX y mercados externos,CEX_DEX,C_CEXDERIV,CEX derivative vs DEX spot basis,Hedged net basis/funding: Π=DerivativeLeg+SpotLeg+expected_funding-carry-fees-slippage-settlement risk.,CEX derivative book; mark/index/funding; DEX exact spot quote; margin/inventory; fees.,DS01+DS02+DS03+DS07+DS09+DS10+DS11+DS05 External venue,cex_external_engine,StrategyConfig + Snapshot + Candidate + amount + adapters + risk context,GateEvidence + exact quote + costs + EV + simulation_id + reconciliation refs,Change-controlled config; adapters healthy; required data loaded; kill-switch false.,F001-F016 + detector-specific equation,MEV-05-008-T01..T07,MEV-05-008-I01..I06,NP>0; NetROI>=group target; EV>=MinEV; ExpectedROI>0; capture/success/revert/risk thresholds pass.,Simulation PASS + math tests PASS + invariants PASS + atomic repayment when required.,All declared oracle/bridge/external dependencies PASS/fresh.,LIVE requires reconciled trade count >= policy minimum and reconciled PnL >=0.,Group Policy=APPROVED_FOR_LIVE; Stage=LIVE; Enabled=YES; ManualApproval=YES; Input/Alpha/Data/Economic/Execution/Dependency/Evidence gates all PASS.,Any missing/stale data; nonpositive alpha; economic threshold fail; simulation/test/invariant fail; dependency fail; insufficient reconciled evidence; no approval.,NO-GO,GROUP_POLICY_NOT_APPROVED,No,No,No,Sí,EXTERNAL_DATA_REQUIRED,op_13 Regression; op_08 Kalman; op_23 Queueing; op_21 Newton-Raphson,op_10 Welford; op_11 Bayes; op_22 Monte Carlo; op_16 Kelly,TRUE,Fill parcial; latencia; custodia; contraparte; retiro; finality; fees,RealizedNetPnL = value(balance_after-balance_before) - gas - explicit external costs; bind to tx/settlement receipt; unexplained delta => QUARANTINE.,https://www.cfainstitute.org/insights/professional-learning/refresher-readings/2026/option-replication-using-put-call-parity,,
MEV-05-009,5,CEX price-lead latency arbitrage,Arbitraje CEX–DEX y mercados externos,CEX_DEX,E_LATENCY,Latency / stale-state discrepancy,Trigger z=(p_fast-p_slow)/σ only identifies divergence; opportunity requires a firm executable quote/route and Π_net>0 before stale side updates.,Independent timestamps; fast/slow quotes; volatility estimate; execution latency; firm liquidity.,DS01+DS02+DS03+DS07+DS09+DS10+DS11+DS05 External venue,cex_external_engine,StrategyConfig + Snapshot + Candidate + amount + adapters + risk context,GateEvidence + exact quote + costs + EV + simulation_id + reconciliation refs,Change-controlled config; adapters healthy; required data loaded; kill-switch false.,F001-F016 + detector-specific equation,MEV-05-009-T01..T07,MEV-05-009-I01..I06,NP>0; NetROI>=group target; EV>=MinEV; ExpectedROI>0; capture/success/revert/risk thresholds pass.,Simulation PASS + math tests PASS + invariants PASS + atomic repayment when required.,All declared oracle/bridge/external dependencies PASS/fresh.,LIVE requires reconciled trade count >= policy minimum and reconciled PnL >=0.,Group Policy=APPROVED_FOR_LIVE; Stage=LIVE; Enabled=YES; ManualApproval=YES; Input/Alpha/Data/Economic/Execution/Dependency/Evidence gates all PASS.,Any missing/stale data; nonpositive alpha; economic threshold fail; simulation/test/invariant fail; dependency fail; insufficient reconciled evidence; no approval.,NO-GO,GROUP_POLICY_NOT_APPROVED,No,No,No,Sí,LATENCY_SENSITIVE,op_08 Kalman; op_10 Welford; op_23 Queueing; op_11 Bayes,op_13 Regression; op_22 Monte Carlo; op_16 Kelly,TRUE,Fill parcial; latencia; custodia; contraparte; retiro; finality; fees,RealizedNetPnL = value(balance_after-balance_before) - gas - explicit external costs; bind to tx/settlement receipt; unexplained delta => QUARANTINE.,https://arxiv.org/abs/2302.04938,,
MEV-05-010,5,DEX price-lead arbitrage,Arbitraje CEX–DEX y mercados externos,CEX_DEX,E_LATENCY,Latency / stale-state discrepancy,Trigger z=(p_fast-p_slow)/σ only identifies divergence; opportunity requires a firm executable quote/route and Π_net>0 before stale side updates.,Independent timestamps; fast/slow quotes; volatility estimate; execution latency; firm liquidity.,DS01+DS02+DS03+DS07+DS09+DS10+DS11+DS05 External venue,cex_external_engine,StrategyConfig + Snapshot + Candidate + amount + adapters + risk context,GateEvidence + exact quote + costs + EV + simulation_id + reconciliation refs,Change-controlled config; adapters healthy; required data loaded; kill-switch false.,F001-F016 + detector-specific equation,MEV-05-010-T01..T07,MEV-05-010-I01..I06,NP>0; NetROI>=group target; EV>=MinEV; ExpectedROI>0; capture/success/revert/risk thresholds pass.,Simulation PASS + math tests PASS + invariants PASS + atomic repayment when required.,All declared oracle/bridge/external dependencies PASS/fresh.,LIVE requires reconciled trade count >= policy minimum and reconciled PnL >=0.,Group Policy=APPROVED_FOR_LIVE; Stage=LIVE; Enabled=YES; ManualApproval=YES; Input/Alpha/Data/Economic/Execution/Dependency/Evidence gates all PASS.,Any missing/stale data; nonpositive alpha; economic threshold fail; simulation/test/invariant fail; dependency fail; insufficient reconciled evidence; no approval.,NO-GO,GROUP_POLICY_NOT_APPROVED,No,No,No,Sí,LATENCY_SENSITIVE,op_08 Kalman; op_10 Welford; op_23 Queueing; op_11 Bayes,op_13 Regression; op_22 Monte Carlo; op_16 Kelly,TRUE,Fill parcial; latencia; custodia; contraparte; retiro; finality; fees,RealizedNetPnL = value(balance_after-balance_before) - gas - explicit external costs; bind to tx/settlement receipt; unexplained delta => QUARANTINE.,https://arxiv.org/abs/2302.04938,,
MEV-05-011,5,OTC–DEX arbitrage,Arbitraje CEX–DEX y mercados externos,CEX_DEX,C_CEXDEX,CEX/DEX executable VWAP arbitrage,"Π(q)=CEX_bid_VWAP(q)-DEX_buy_exact(q)-CEX/DEX fees-transfer/hedge costs, or reverse direction. Require firm depth and settlement/inventory model.",CEX L2/orderbook or firm quotes; DEX exact route quote; fees; inventory; latency; transfer/hedge model.,DS01+DS02+DS03+DS07+DS09+DS10+DS11+DS05 External venue,cex_external_engine,StrategyConfig + Snapshot + Candidate + amount + adapters + risk context,GateEvidence + exact quote + costs + EV + simulation_id + reconciliation refs,Change-controlled config; adapters healthy; required data loaded; kill-switch false.,F001-F016 + detector-specific equation,MEV-05-011-T01..T07,MEV-05-011-I01..I06,NP>0; NetROI>=group target; EV>=MinEV; ExpectedROI>0; capture/success/revert/risk thresholds pass.,Simulation PASS + math tests PASS + invariants PASS + atomic repayment when required.,All declared oracle/bridge/external dependencies PASS/fresh.,LIVE requires reconciled trade count >= policy minimum and reconciled PnL >=0.,Group Policy=APPROVED_FOR_LIVE; Stage=LIVE; Enabled=YES; ManualApproval=YES; Input/Alpha/Data/Economic/Execution/Dependency/Evidence gates all PASS.,Any missing/stale data; nonpositive alpha; economic threshold fail; simulation/test/invariant fail; dependency fail; insufficient reconciled evidence; no approval.,NO-GO,GROUP_POLICY_NOT_APPROVED,No,No,No,Sí,EXTERNAL_DATA_REQUIRED,op_08 Kalman; op_10 Welford; op_23 Queueing; op_21 Newton-Raphson,op_11 Bayes; op_13 Regression; op_16 Kelly; op_22 Monte Carlo,TRUE,Fill parcial; latencia; custodia; contraparte; retiro; finality; fees,RealizedNetPnL = value(balance_after-balance_before) - gas - explicit external costs; bind to tx/settlement receipt; unexplained delta => QUARANTINE.,https://arxiv.org/abs/2302.04938,,
MEV-05-012,5,Market-maker inventory–DEX arbitrage,Arbitraje CEX–DEX y mercados externos,CEX_DEX,C_CEXDEX,CEX/DEX executable VWAP arbitrage,"Π(q)=CEX_bid_VWAP(q)-DEX_buy_exact(q)-CEX/DEX fees-transfer/hedge costs, or reverse direction. Require firm depth and settlement/inventory model.",CEX L2/orderbook or firm quotes; DEX exact route quote; fees; inventory; latency; transfer/hedge model.,DS01+DS02+DS03+DS07+DS09+DS10+DS11+DS05 External venue,cex_external_engine,StrategyConfig + Snapshot + Candidate + amount + adapters + risk context,GateEvidence + exact quote + costs + EV + simulation_id + reconciliation refs,Change-controlled config; adapters healthy; required data loaded; kill-switch false.,F001-F016 + detector-specific equation,MEV-05-012-T01..T07,MEV-05-012-I01..I06,NP>0; NetROI>=group target; EV>=MinEV; ExpectedROI>0; capture/success/revert/risk thresholds pass.,Simulation PASS + math tests PASS + invariants PASS + atomic repayment when required.,All declared oracle/bridge/external dependencies PASS/fresh.,LIVE requires reconciled trade count >= policy minimum and reconciled PnL >=0.,Group Policy=APPROVED_FOR_LIVE; Stage=LIVE; Enabled=YES; ManualApproval=YES; Input/Alpha/Data/Economic/Execution/Dependency/Evidence gates all PASS.,Any missing/stale data; nonpositive alpha; economic threshold fail; simulation/test/invariant fail; dependency fail; insufficient reconciled evidence; no approval.,NO-GO,GROUP_POLICY_NOT_APPROVED,No,No,No,Sí,EXTERNAL_DATA_REQUIRED,op_08 Kalman; op_10 Welford; op_23 Queueing; op_21 Newton-Raphson,op_11 Bayes; op_13 Regression; op_16 Kelly; op_22 Monte Carlo,TRUE,Fill parcial; latencia; custodia; contraparte; retiro; finality; fees,RealizedNetPnL = value(balance_after-balance_before) - gas - explicit external costs; bind to tx/settlement receipt; unexplained delta => QUARANTINE.,https://arxiv.org/abs/2302.04938,,
MEV-05-013,5,Cross-custodian arbitrage,Arbitraje CEX–DEX y mercados externos,CEX_DEX,C_CEXDEX,CEX/DEX executable VWAP arbitrage,"Π(q)=CEX_bid_VWAP(q)-DEX_buy_exact(q)-CEX/DEX fees-transfer/hedge costs, or reverse direction. Require firm depth and settlement/inventory model.",CEX L2/orderbook or firm quotes; DEX exact route quote; fees; inventory; latency; transfer/hedge model.,DS01+DS02+DS03+DS07+DS09+DS10+DS11+DS05 External venue,cex_external_engine,StrategyConfig + Snapshot + Candidate + amount + adapters + risk context,GateEvidence + exact quote + costs + EV + simulation_id + reconciliation refs,Change-controlled config; adapters healthy; required data loaded; kill-switch false.,F001-F016 + detector-specific equation,MEV-05-013-T01..T07,MEV-05-013-I01..I06,NP>0; NetROI>=group target; EV>=MinEV; ExpectedROI>0; capture/success/revert/risk thresholds pass.,Simulation PASS + math tests PASS + invariants PASS + atomic repayment when required.,All declared oracle/bridge/external dependencies PASS/fresh.,LIVE requires reconciled trade count >= policy minimum and reconciled PnL >=0.,Group Policy=APPROVED_FOR_LIVE; Stage=LIVE; Enabled=YES; ManualApproval=YES; Input/Alpha/Data/Economic/Execution/Dependency/Evidence gates all PASS.,Any missing/stale data; nonpositive alpha; economic threshold fail; simulation/test/invariant fail; dependency fail; insufficient reconciled evidence; no approval.,NO-GO,GROUP_POLICY_NOT_APPROVED,No,No,No,Sí,EXTERNAL_DATA_REQUIRED,op_08 Kalman; op_10 Welford; op_23 Queueing; op_21 Newton-Raphson,op_11 Bayes; op_13 Regression; op_16 Kelly; op_22 Monte Carlo,TRUE,Fill parcial; latencia; custodia; contraparte; retiro; finality; fees,RealizedNetPnL = value(balance_after-balance_before) - gas - explicit external costs; bind to tx/settlement receipt; unexplained delta => QUARANTINE.,https://arxiv.org/abs/2302.04938,,
MEV-05-014,5,Fiat–stablecoin–DEX arbitrage,Arbitraje CEX–DEX y mercados externos,CEX_DEX,C_CEXDEX,CEX/DEX executable VWAP arbitrage,"Π(q)=CEX_bid_VWAP(q)-DEX_buy_exact(q)-CEX/DEX fees-transfer/hedge costs, or reverse direction. Require firm depth and settlement/inventory model.",CEX L2/orderbook or firm quotes; DEX exact route quote; fees; inventory; latency; transfer/hedge model.,DS01+DS02+DS03+DS07+DS09+DS10+DS11+DS05 External venue,cex_external_engine,StrategyConfig + Snapshot + Candidate + amount + adapters + risk context,GateEvidence + exact quote + costs + EV + simulation_id + reconciliation refs,Change-controlled config; adapters healthy; required data loaded; kill-switch false.,F001-F016 + detector-specific equation,MEV-05-014-T01..T07,MEV-05-014-I01..I06,NP>0; NetROI>=group target; EV>=MinEV; ExpectedROI>0; capture/success/revert/risk thresholds pass.,Simulation PASS + math tests PASS + invariants PASS + atomic repayment when required.,All declared oracle/bridge/external dependencies PASS/fresh.,LIVE requires reconciled trade count >= policy minimum and reconciled PnL >=0.,Group Policy=APPROVED_FOR_LIVE; Stage=LIVE; Enabled=YES; ManualApproval=YES; Input/Alpha/Data/Economic/Execution/Dependency/Evidence gates all PASS.,Any missing/stale data; nonpositive alpha; economic threshold fail; simulation/test/invariant fail; dependency fail; insufficient reconciled evidence; no approval.,NO-GO,GROUP_POLICY_NOT_APPROVED,No,No,No,Sí,EXTERNAL_DATA_REQUIRED,op_08 Kalman; op_10 Welford; op_23 Queueing; op_21 Newton-Raphson,op_11 Bayes; op_13 Regression; op_16 Kelly; op_22 Monte Carlo,TRUE,Fill parcial; latencia; custodia; contraparte; retiro; finality; fees,RealizedNetPnL = value(balance_after-balance_before) - gas - explicit external costs; bind to tx/settlement receipt; unexplained delta => QUARANTINE.,https://arxiv.org/abs/2302.04938,,
MEV-06-001,6,L1–L1 arbitrage,Arbitrajes cross-chain y cross-domain,CROSS_CHAIN,X_PREPOS,Cross-domain pre-positioned inventory convergence,No atomic bridge assumption: aggregate independently executable legs using inventory on both domains. Π=Σ proceeds-Σ costs-carry/finality/hedge costs.,Per-chain firm quotes; inventory balances; finality/latency; gas; settlement status; accounting FX.,DS01+DS02+DS03+DS07+DS09+DS10+DS11+DS06 Bridge,cross_domain_engine,StrategyConfig + Snapshot + Candidate + amount + adapters + risk context,GateEvidence + exact quote + costs + EV + simulation_id + reconciliation refs,Change-controlled config; adapters healthy; required data loaded; kill-switch false.,F001-F016 + detector-specific equation,MEV-06-001-T01..T07,MEV-06-001-I01..I06,NP>0; NetROI>=group target; EV>=MinEV; ExpectedROI>0; capture/success/revert/risk thresholds pass.,Simulation PASS + math tests PASS + invariants PASS + atomic repayment when required.,All declared oracle/bridge/external dependencies PASS/fresh.,LIVE requires reconciled trade count >= policy minimum and reconciled PnL >=0.,Group Policy=APPROVED_FOR_LIVE; Stage=LIVE; Enabled=YES; ManualApproval=YES; Input/Alpha/Data/Economic/Execution/Dependency/Evidence gates all PASS.,Any missing/stale data; nonpositive alpha; economic threshold fail; simulation/test/invariant fail; dependency fail; insufficient reconciled evidence; no approval.,NO-GO,GROUP_POLICY_NOT_APPROVED,No,No,Sí,No,NONATOMIC_INVENTORY_REQUIRED,op_06 Markov Chain; op_07 HMM; op_23 Queueing; op_16 Kelly,op_08 Kalman; op_11 Bayes; op_22 Monte Carlo; op_27 Path Ordering,TRUE,Finality; bridge; mensaje; relayer; liquidez; reorg; latencia; inventario,RealizedNetPnL = value(balance_after-balance_before) - gas - explicit external costs; bind to tx/settlement receipt; unexplained delta => QUARANTINE.,https://arxiv.org/abs/2204.05238,,
MEV-06-002,6,L1–L2 arbitrage,Arbitrajes cross-chain y cross-domain,CROSS_CHAIN,X_PREPOS,Cross-domain pre-positioned inventory convergence,No atomic bridge assumption: aggregate independently executable legs using inventory on both domains. Π=Σ proceeds-Σ costs-carry/finality/hedge costs.,Per-chain firm quotes; inventory balances; finality/latency; gas; settlement status; accounting FX.,DS01+DS02+DS03+DS07+DS09+DS10+DS11+DS06 Bridge,cross_domain_engine,StrategyConfig + Snapshot + Candidate + amount + adapters + risk context,GateEvidence + exact quote + costs + EV + simulation_id + reconciliation refs,Change-controlled config; adapters healthy; required data loaded; kill-switch false.,F001-F016 + detector-specific equation,MEV-06-002-T01..T07,MEV-06-002-I01..I06,NP>0; NetROI>=group target; EV>=MinEV; ExpectedROI>0; capture/success/revert/risk thresholds pass.,Simulation PASS + math tests PASS + invariants PASS + atomic repayment when required.,All declared oracle/bridge/external dependencies PASS/fresh.,LIVE requires reconciled trade count >= policy minimum and reconciled PnL >=0.,Group Policy=APPROVED_FOR_LIVE; Stage=LIVE; Enabled=YES; ManualApproval=YES; Input/Alpha/Data/Economic/Execution/Dependency/Evidence gates all PASS.,Any missing/stale data; nonpositive alpha; economic threshold fail; simulation/test/invariant fail; dependency fail; insufficient reconciled evidence; no approval.,NO-GO,GROUP_POLICY_NOT_APPROVED,No,No,Sí,No,NONATOMIC_INVENTORY_REQUIRED,op_06 Markov Chain; op_07 HMM; op_23 Queueing; op_16 Kelly,op_08 Kalman; op_11 Bayes; op_22 Monte Carlo; op_27 Path Ordering,TRUE,Finality; bridge; mensaje; relayer; liquidez; reorg; latencia; inventario,RealizedNetPnL = value(balance_after-balance_before) - gas - explicit external costs; bind to tx/settlement receipt; unexplained delta => QUARANTINE.,https://arxiv.org/abs/2204.05238,,
MEV-06-003,6,L2–L1 arbitrage,Arbitrajes cross-chain y cross-domain,CROSS_CHAIN,X_PREPOS,Cross-domain pre-positioned inventory convergence,No atomic bridge assumption: aggregate independently executable legs using inventory on both domains. Π=Σ proceeds-Σ costs-carry/finality/hedge costs.,Per-chain firm quotes; inventory balances; finality/latency; gas; settlement status; accounting FX.,DS01+DS02+DS03+DS07+DS09+DS10+DS11+DS06 Bridge,cross_domain_engine,StrategyConfig + Snapshot + Candidate + amount + adapters + risk context,GateEvidence + exact quote + costs + EV + simulation_id + reconciliation refs,Change-controlled config; adapters healthy; required data loaded; kill-switch false.,F001-F016 + detector-specific equation,MEV-06-003-T01..T07,MEV-06-003-I01..I06,NP>0; NetROI>=group target; EV>=MinEV; ExpectedROI>0; capture/success/revert/risk thresholds pass.,Simulation PASS + math tests PASS + invariants PASS + atomic repayment when required.,All declared oracle/bridge/external dependencies PASS/fresh.,LIVE requires reconciled trade count >= policy minimum and reconciled PnL >=0.,Group Policy=APPROVED_FOR_LIVE; Stage=LIVE; Enabled=YES; ManualApproval=YES; Input/Alpha/Data/Economic/Execution/Dependency/Evidence gates all PASS.,Any missing/stale data; nonpositive alpha; economic threshold fail; simulation/test/invariant fail; dependency fail; insufficient reconciled evidence; no approval.,NO-GO,GROUP_POLICY_NOT_APPROVED,No,No,Sí,No,NONATOMIC_INVENTORY_REQUIRED,op_06 Markov Chain; op_07 HMM; op_23 Queueing; op_16 Kelly,op_08 Kalman; op_11 Bayes; op_22 Monte Carlo; op_27 Path Ordering,TRUE,Finality; bridge; mensaje; relayer; liquidez; reorg; latencia; inventario,RealizedNetPnL = value(balance_after-balance_before) - gas - explicit external costs; bind to tx/settlement receipt; unexplained delta => QUARANTINE.,https://arxiv.org/abs/2204.05238,,
MEV-06-004,6,L2–L2 cross-rollup arbitrage,Arbitrajes cross-chain y cross-domain,CROSS_CHAIN,X_PREPOS,Cross-domain pre-positioned inventory convergence,No atomic bridge assumption: aggregate independently executable legs using inventory on both domains. Π=Σ proceeds-Σ costs-carry/finality/hedge costs.,Per-chain firm quotes; inventory balances; finality/latency; gas; settlement status; accounting FX.,DS01+DS02+DS03+DS07+DS09+DS10+DS11+DS06 Bridge,cross_domain_engine,StrategyConfig + Snapshot + Candidate + amount + adapters + risk context,GateEvidence + exact quote + costs + EV + simulation_id + reconciliation refs,Change-controlled config; adapters healthy; required data loaded; kill-switch false.,F001-F016 + detector-specific equation,MEV-06-004-T01..T07,MEV-06-004-I01..I06,NP>0; NetROI>=group target; EV>=MinEV; ExpectedROI>0; capture/success/revert/risk thresholds pass.,Simulation PASS + math tests PASS + invariants PASS + atomic repayment when required.,All declared oracle/bridge/external dependencies PASS/fresh.,LIVE requires reconciled trade count >= policy minimum and reconciled PnL >=0.,Group Policy=APPROVED_FOR_LIVE; Stage=LIVE; Enabled=YES; ManualApproval=YES; Input/Alpha/Data/Economic/Execution/Dependency/Evidence gates all PASS.,Any missing/stale data; nonpositive alpha; economic threshold fail; simulation/test/invariant fail; dependency fail; insufficient reconciled evidence; no approval.,NO-GO,GROUP_POLICY_NOT_APPROVED,No,No,Sí,No,NONATOMIC_INVENTORY_REQUIRED,op_06 Markov Chain; op_07 HMM; op_23 Queueing; op_16 Kelly,op_08 Kalman; op_11 Bayes; op_22 Monte Carlo; op_27 Path Ordering,TRUE,Finality; bridge; mensaje; relayer; liquidez; reorg; latencia; inventario,RealizedNetPnL = value(balance_after-balance_before) - gas - explicit external costs; bind to tx/settlement receipt; unexplained delta => QUARANTINE.,https://arxiv.org/abs/2204.05238,,
MEV-06-005,6,Rollup–sidechain arbitrage,Arbitrajes cross-chain y cross-domain,CROSS_CHAIN,X_PREPOS,Cross-domain pre-positioned inventory convergence,No atomic bridge assumption: aggregate independently executable legs using inventory on both domains. Π=Σ proceeds-Σ costs-carry/finality/hedge costs.,Per-chain firm quotes; inventory balances; finality/latency; gas; settlement status; accounting FX.,DS01+DS02+DS03+DS07+DS09+DS10+DS11+DS06 Bridge,cross_domain_engine,StrategyConfig + Snapshot + Candidate + amount + adapters + risk context,GateEvidence + exact quote + costs + EV + simulation_id + reconciliation refs,Change-controlled config; adapters healthy; required data loaded; kill-switch false.,F001-F016 + detector-specific equation,MEV-06-005-T01..T07,MEV-06-005-I01..I06,NP>0; NetROI>=group target; EV>=MinEV; ExpectedROI>0; capture/success/revert/risk thresholds pass.,Simulation PASS + math tests PASS + invariants PASS + atomic repayment when required.,All declared oracle/bridge/external dependencies PASS/fresh.,LIVE requires reconciled trade count >= policy minimum and reconciled PnL >=0.,Group Policy=APPROVED_FOR_LIVE; Stage=LIVE; Enabled=YES; ManualApproval=YES; Input/Alpha/Data/Economic/Execution/Dependency/Evidence gates all PASS.,Any missing/stale data; nonpositive alpha; economic threshold fail; simulation/test/invariant fail; dependency fail; insufficient reconciled evidence; no approval.,NO-GO,GROUP_POLICY_NOT_APPROVED,No,No,Sí,No,NONATOMIC_INVENTORY_REQUIRED,op_06 Markov Chain; op_07 HMM; op_23 Queueing; op_16 Kelly,op_08 Kalman; op_11 Bayes; op_22 Monte Carlo; op_27 Path Ordering,TRUE,Finality; bridge; mensaje; relayer; liquidez; reorg; latencia; inventario,RealizedNetPnL = value(balance_after-balance_before) - gas - explicit external costs; bind to tx/settlement receipt; unexplained delta => QUARANTINE.,https://arxiv.org/abs/2204.05238,,
MEV-06-006,6,Sidechain–sidechain arbitrage,Arbitrajes cross-chain y cross-domain,CROSS_CHAIN,X_PREPOS,Cross-domain pre-positioned inventory convergence,No atomic bridge assumption: aggregate independently executable legs using inventory on both domains. Π=Σ proceeds-Σ costs-carry/finality/hedge costs.,Per-chain firm quotes; inventory balances; finality/latency; gas; settlement status; accounting FX.,DS01+DS02+DS03+DS07+DS09+DS10+DS11+DS06 Bridge,cross_domain_engine,StrategyConfig + Snapshot + Candidate + amount + adapters + risk context,GateEvidence + exact quote + costs + EV + simulation_id + reconciliation refs,Change-controlled config; adapters healthy; required data loaded; kill-switch false.,F001-F016 + detector-specific equation,MEV-06-006-T01..T07,MEV-06-006-I01..I06,NP>0; NetROI>=group target; EV>=MinEV; ExpectedROI>0; capture/success/revert/risk thresholds pass.,Simulation PASS + math tests PASS + invariants PASS + atomic repayment when required.,All declared oracle/bridge/external dependencies PASS/fresh.,LIVE requires reconciled trade count >= policy minimum and reconciled PnL >=0.,Group Policy=APPROVED_FOR_LIVE; Stage=LIVE; Enabled=YES; ManualApproval=YES; Input/Alpha/Data/Economic/Execution/Dependency/Evidence gates all PASS.,Any missing/stale data; nonpositive alpha; economic threshold fail; simulation/test/invariant fail; dependency fail; insufficient reconciled evidence; no approval.,NO-GO,GROUP_POLICY_NOT_APPROVED,No,No,Sí,No,NONATOMIC_INVENTORY_REQUIRED,op_06 Markov Chain; op_07 HMM; op_23 Queueing; op_16 Kelly,op_08 Kalman; op_11 Bayes; op_22 Monte Carlo; op_27 Path Ordering,TRUE,Finality; bridge; mensaje; relayer; liquidez; reorg; latencia; inventario,RealizedNetPnL = value(balance_after-balance_before) - gas - explicit external costs; bind to tx/settlement receipt; unexplained delta => QUARANTINE.,https://arxiv.org/abs/2204.05238,,
MEV-06-007,6,Appchain arbitrage,Arbitrajes cross-chain y cross-domain,CROSS_CHAIN,X_PREPOS,Cross-domain pre-positioned inventory convergence,No atomic bridge assumption: aggregate independently executable legs using inventory on both domains. Π=Σ proceeds-Σ costs-carry/finality/hedge costs.,Per-chain firm quotes; inventory balances; finality/latency; gas; settlement status; accounting FX.,DS01+DS02+DS03+DS07+DS09+DS10+DS11+DS06 Bridge,cross_domain_engine,StrategyConfig + Snapshot + Candidate + amount + adapters + risk context,GateEvidence + exact quote + costs + EV + simulation_id + reconciliation refs,Change-controlled config; adapters healthy; required data loaded; kill-switch false.,F001-F016 + detector-specific equation,MEV-06-007-T01..T07,MEV-06-007-I01..I06,NP>0; NetROI>=group target; EV>=MinEV; ExpectedROI>0; capture/success/revert/risk thresholds pass.,Simulation PASS + math tests PASS + invariants PASS + atomic repayment when required.,All declared oracle/bridge/external dependencies PASS/fresh.,LIVE requires reconciled trade count >= policy minimum and reconciled PnL >=0.,Group Policy=APPROVED_FOR_LIVE; Stage=LIVE; Enabled=YES; ManualApproval=YES; Input/Alpha/Data/Economic/Execution/Dependency/Evidence gates all PASS.,Any missing/stale data; nonpositive alpha; economic threshold fail; simulation/test/invariant fail; dependency fail; insufficient reconciled evidence; no approval.,NO-GO,GROUP_POLICY_NOT_APPROVED,No,No,Sí,No,NONATOMIC_INVENTORY_REQUIRED,op_06 Markov Chain; op_07 HMM; op_23 Queueing; op_16 Kelly,op_08 Kalman; op_11 Bayes; op_22 Monte Carlo; op_27 Path Ordering,TRUE,Finality; bridge; mensaje; relayer; liquidez; reorg; latencia; inventario,RealizedNetPnL = value(balance_after-balance_before) - gas - explicit external costs; bind to tx/settlement receipt; unexplained delta => QUARANTINE.,https://arxiv.org/abs/2204.05238,,
MEV-06-008,6,Cross-VM arbitrage,Arbitrajes cross-chain y cross-domain,CROSS_CHAIN,X_BRIDGE,Bridge-in-the-loop expected-value arbitrage,E[Π]=DestinationValue-SourceCost-bridge_fee-gas-carry-CVaR(latency/finality/reorg). Must model non-atomic settlement and failure states.,Bridge quote/fee; message/finality state; source/destination liquidity; delay distribution; inventory/capital.,DS01+DS02+DS03+DS07+DS09+DS10+DS11+DS06 Bridge,cross_domain_engine,StrategyConfig + Snapshot + Candidate + amount + adapters + risk context,GateEvidence + exact quote + costs + EV + simulation_id + reconciliation refs,Change-controlled config; adapters healthy; required data loaded; kill-switch false.,F001-F016 + detector-specific equation,MEV-06-008-T01..T07,MEV-06-008-I01..I06,NP>0; NetROI>=group target; EV>=MinEV; ExpectedROI>0; capture/success/revert/risk thresholds pass.,Simulation PASS + math tests PASS + invariants PASS + atomic repayment when required.,All declared oracle/bridge/external dependencies PASS/fresh.,LIVE requires reconciled trade count >= policy minimum and reconciled PnL >=0.,Group Policy=APPROVED_FOR_LIVE; Stage=LIVE; Enabled=YES; ManualApproval=YES; Input/Alpha/Data/Economic/Execution/Dependency/Evidence gates all PASS.,Any missing/stale data; nonpositive alpha; economic threshold fail; simulation/test/invariant fail; dependency fail; insufficient reconciled evidence; no approval.,NO-GO,GROUP_POLICY_NOT_APPROVED,No,No,Sí,No,NONATOMIC_BRIDGE_REQUIRED,op_06 Markov Chain; op_07 HMM; op_23 Queueing; op_22 Monte Carlo,op_11 Bayes; op_16 Kelly; op_13 Regression,TRUE,Finality; bridge; mensaje; relayer; liquidez; reorg; latencia; inventario,RealizedNetPnL = value(balance_after-balance_before) - gas - explicit external costs; bind to tx/settlement receipt; unexplained delta => QUARANTINE.,https://arxiv.org/abs/2204.05238,,
MEV-06-009,6,Cross-consensus arbitrage,Arbitrajes cross-chain y cross-domain,CROSS_CHAIN,X_BRIDGE,Bridge-in-the-loop expected-value arbitrage,E[Π]=DestinationValue-SourceCost-bridge_fee-gas-carry-CVaR(latency/finality/reorg). Must model non-atomic settlement and failure states.,Bridge quote/fee; message/finality state; source/destination liquidity; delay distribution; inventory/capital.,DS01+DS02+DS03+DS07+DS09+DS10+DS11+DS06 Bridge,cross_domain_engine,StrategyConfig + Snapshot + Candidate + amount + adapters + risk context,GateEvidence + exact quote + costs + EV + simulation_id + reconciliation refs,Change-controlled config; adapters healthy; required data loaded; kill-switch false.,F001-F016 + detector-specific equation,MEV-06-009-T01..T07,MEV-06-009-I01..I06,NP>0; NetROI>=group target; EV>=MinEV; ExpectedROI>0; capture/success/revert/risk thresholds pass.,Simulation PASS + math tests PASS + invariants PASS + atomic repayment when required.,All declared oracle/bridge/external dependencies PASS/fresh.,LIVE requires reconciled trade count >= policy minimum and reconciled PnL >=0.,Group Policy=APPROVED_FOR_LIVE; Stage=LIVE; Enabled=YES; ManualApproval=YES; Input/Alpha/Data/Economic/Execution/Dependency/Evidence gates all PASS.,Any missing/stale data; nonpositive alpha; economic threshold fail; simulation/test/invariant fail; dependency fail; insufficient reconciled evidence; no approval.,NO-GO,GROUP_POLICY_NOT_APPROVED,No,No,Sí,No,NONATOMIC_BRIDGE_REQUIRED,op_06 Markov Chain; op_07 HMM; op_23 Queueing; op_22 Monte Carlo,op_11 Bayes; op_16 Kelly; op_13 Regression,TRUE,Finality; bridge; mensaje; relayer; liquidez; reorg; latencia; inventario,RealizedNetPnL = value(balance_after-balance_before) - gas - explicit external costs; bind to tx/settlement receipt; unexplained delta => QUARANTINE.,https://arxiv.org/abs/2204.05238,,
MEV-06-010,6,Cross-domain DEX–DEX arbitrage,Arbitrajes cross-chain y cross-domain,CROSS_CHAIN,X_PREPOS,Cross-domain pre-positioned inventory convergence,No atomic bridge assumption: aggregate independently executable legs using inventory on both domains. Π=Σ proceeds-Σ costs-carry/finality/hedge costs.,Per-chain firm quotes; inventory balances; finality/latency; gas; settlement status; accounting FX.,DS01+DS02+DS03+DS07+DS09+DS10+DS11+DS06 Bridge,cross_domain_engine,StrategyConfig + Snapshot + Candidate + amount + adapters + risk context,GateEvidence + exact quote + costs + EV + simulation_id + reconciliation refs,Change-controlled config; adapters healthy; required data loaded; kill-switch false.,F001-F016 + detector-specific equation,MEV-06-010-T01..T07,MEV-06-010-I01..I06,NP>0; NetROI>=group target; EV>=MinEV; ExpectedROI>0; capture/success/revert/risk thresholds pass.,Simulation PASS + math tests PASS + invariants PASS + atomic repayment when required.,All declared oracle/bridge/external dependencies PASS/fresh.,LIVE requires reconciled trade count >= policy minimum and reconciled PnL >=0.,Group Policy=APPROVED_FOR_LIVE; Stage=LIVE; Enabled=YES; ManualApproval=YES; Input/Alpha/Data/Economic/Execution/Dependency/Evidence gates all PASS.,Any missing/stale data; nonpositive alpha; economic threshold fail; simulation/test/invariant fail; dependency fail; insufficient reconciled evidence; no approval.,NO-GO,GROUP_POLICY_NOT_APPROVED,No,No,Sí,No,NONATOMIC_INVENTORY_REQUIRED,op_06 Markov Chain; op_07 HMM; op_23 Queueing; op_16 Kelly,op_08 Kalman; op_11 Bayes; op_22 Monte Carlo; op_27 Path Ordering,TRUE,Finality; bridge; mensaje; relayer; liquidez; reorg; latencia; inventario,RealizedNetPnL = value(balance_after-balance_before) - gas - explicit external costs; bind to tx/settlement receipt; unexplained delta => QUARANTINE.,https://arxiv.org/abs/2204.05238,,
MEV-06-011,6,Cross-domain triangular arbitrage,Arbitrajes cross-chain y cross-domain,CROSS_CHAIN,X_PREPOS,Cross-domain pre-positioned inventory convergence,No atomic bridge assumption: aggregate independently executable legs using inventory on both domains. Π=Σ proceeds-Σ costs-carry/finality/hedge costs.,Per-chain firm quotes; inventory balances; finality/latency; gas; settlement status; accounting FX.,DS01+DS02+DS03+DS07+DS09+DS10+DS11+DS06 Bridge,cross_domain_engine,StrategyConfig + Snapshot + Candidate + amount + adapters + risk context,GateEvidence + exact quote + costs + EV + simulation_id + reconciliation refs,Change-controlled config; adapters healthy; required data loaded; kill-switch false.,F001-F016 + detector-specific equation,MEV-06-011-T01..T07,MEV-06-011-I01..I06,NP>0; NetROI>=group target; EV>=MinEV; ExpectedROI>0; capture/success/revert/risk thresholds pass.,Simulation PASS + math tests PASS + invariants PASS + atomic repayment when required.,All declared oracle/bridge/external dependencies PASS/fresh.,LIVE requires reconciled trade count >= policy minimum and reconciled PnL >=0.,Group Policy=APPROVED_FOR_LIVE; Stage=LIVE; Enabled=YES; ManualApproval=YES; Input/Alpha/Data/Economic/Execution/Dependency/Evidence gates all PASS.,Any missing/stale data; nonpositive alpha; economic threshold fail; simulation/test/invariant fail; dependency fail; insufficient reconciled evidence; no approval.,NO-GO,GROUP_POLICY_NOT_APPROVED,No,No,Sí,No,NONATOMIC_INVENTORY_REQUIRED,op_06 Markov Chain; op_07 HMM; op_23 Queueing; op_16 Kelly,op_08 Kalman; op_11 Bayes; op_22 Monte Carlo; op_27 Path Ordering,TRUE,Finality; bridge; mensaje; relayer; liquidez; reorg; latencia; inventario,RealizedNetPnL = value(balance_after-balance_before) - gas - explicit external costs; bind to tx/settlement receipt; unexplained delta => QUARANTINE.,https://arxiv.org/abs/2204.05238,,
MEV-06-012,6,Cross-chain cyclic arbitrage,Arbitrajes cross-chain y cross-domain,CROSS_CHAIN,X_BRIDGE,Bridge-in-the-loop expected-value arbitrage,E[Π]=DestinationValue-SourceCost-bridge_fee-gas-carry-CVaR(latency/finality/reorg). Must model non-atomic settlement and failure states.,Bridge quote/fee; message/finality state; source/destination liquidity; delay distribution; inventory/capital.,DS01+DS02+DS03+DS07+DS09+DS10+DS11+DS06 Bridge,cross_domain_engine,StrategyConfig + Snapshot + Candidate + amount + adapters + risk context,GateEvidence + exact quote + costs + EV + simulation_id + reconciliation refs,Change-controlled config; adapters healthy; required data loaded; kill-switch false.,F001-F016 + detector-specific equation,MEV-06-012-T01..T07,MEV-06-012-I01..I06,NP>0; NetROI>=group target; EV>=MinEV; ExpectedROI>0; capture/success/revert/risk thresholds pass.,Simulation PASS + math tests PASS + invariants PASS + atomic repayment when required.,All declared oracle/bridge/external dependencies PASS/fresh.,LIVE requires reconciled trade count >= policy minimum and reconciled PnL >=0.,Group Policy=APPROVED_FOR_LIVE; Stage=LIVE; Enabled=YES; ManualApproval=YES; Input/Alpha/Data/Economic/Execution/Dependency/Evidence gates all PASS.,Any missing/stale data; nonpositive alpha; economic threshold fail; simulation/test/invariant fail; dependency fail; insufficient reconciled evidence; no approval.,NO-GO,GROUP_POLICY_NOT_APPROVED,No,No,Sí,No,NONATOMIC_BRIDGE_REQUIRED,op_06 Markov Chain; op_07 HMM; op_23 Queueing; op_22 Monte Carlo,op_11 Bayes; op_16 Kelly; op_13 Regression,TRUE,Finality; bridge; mensaje; relayer; liquidez; reorg; latencia; inventario,RealizedNetPnL = value(balance_after-balance_before) - gas - explicit external costs; bind to tx/settlement receipt; unexplained delta => QUARANTINE.,https://arxiv.org/abs/2204.05238,,
MEV-06-013,6,Multi-chain N-leg arbitrage,Arbitrajes cross-chain y cross-domain,CROSS_CHAIN,X_BRIDGE,Bridge-in-the-loop expected-value arbitrage,E[Π]=DestinationValue-SourceCost-bridge_fee-gas-carry-CVaR(latency/finality/reorg). Must model non-atomic settlement and failure states.,Bridge quote/fee; message/finality state; source/destination liquidity; delay distribution; inventory/capital.,DS01+DS02+DS03+DS07+DS09+DS10+DS11+DS06 Bridge,cross_domain_engine,StrategyConfig + Snapshot + Candidate + amount + adapters + risk context,GateEvidence + exact quote + costs + EV + simulation_id + reconciliation refs,Change-controlled config; adapters healthy; required data loaded; kill-switch false.,F001-F016 + detector-specific equation,MEV-06-013-T01..T07,MEV-06-013-I01..I06,NP>0; NetROI>=group target; EV>=MinEV; ExpectedROI>0; capture/success/revert/risk thresholds pass.,Simulation PASS + math tests PASS + invariants PASS + atomic repayment when required.,All declared oracle/bridge/external dependencies PASS/fresh.,LIVE requires reconciled trade count >= policy minimum and reconciled PnL >=0.,Group Policy=APPROVED_FOR_LIVE; Stage=LIVE; Enabled=YES; ManualApproval=YES; Input/Alpha/Data/Economic/Execution/Dependency/Evidence gates all PASS.,Any missing/stale data; nonpositive alpha; economic threshold fail; simulation/test/invariant fail; dependency fail; insufficient reconciled evidence; no approval.,NO-GO,GROUP_POLICY_NOT_APPROVED,No,No,Sí,No,NONATOMIC_BRIDGE_REQUIRED,op_06 Markov Chain; op_07 HMM; op_23 Queueing; op_22 Monte Carlo,op_11 Bayes; op_16 Kelly; op_13 Regression,TRUE,Finality; bridge; mensaje; relayer; liquidez; reorg; latencia; inventario,RealizedNetPnL = value(balance_after-balance_before) - gas - explicit external costs; bind to tx/settlement receipt; unexplained delta => QUARANTINE.,https://arxiv.org/abs/2204.05238,,
MEV-06-014,6,Canonical bridge arbitrage,Arbitrajes cross-chain y cross-domain,CROSS_CHAIN,X_BRIDGE,Bridge-in-the-loop expected-value arbitrage,E[Π]=DestinationValue-SourceCost-bridge_fee-gas-carry-CVaR(latency/finality/reorg). Must model non-atomic settlement and failure states.,Bridge quote/fee; message/finality state; source/destination liquidity; delay distribution; inventory/capital.,DS01+DS02+DS03+DS07+DS09+DS10+DS11+DS06 Bridge,cross_domain_engine,StrategyConfig + Snapshot + Candidate + amount + adapters + risk context,GateEvidence + exact quote + costs + EV + simulation_id + reconciliation refs,Change-controlled config; adapters healthy; required data loaded; kill-switch false.,F001-F016 + detector-specific equation,MEV-06-014-T01..T07,MEV-06-014-I01..I06,NP>0; NetROI>=group target; EV>=MinEV; ExpectedROI>0; capture/success/revert/risk thresholds pass.,Simulation PASS + math tests PASS + invariants PASS + atomic repayment when required.,All declared oracle/bridge/external dependencies PASS/fresh.,LIVE requires reconciled trade count >= policy minimum and reconciled PnL >=0.,Group Policy=APPROVED_FOR_LIVE; Stage=LIVE; Enabled=YES; ManualApproval=YES; Input/Alpha/Data/Economic/Execution/Dependency/Evidence gates all PASS.,Any missing/stale data; nonpositive alpha; economic threshold fail; simulation/test/invariant fail; dependency fail; insufficient reconciled evidence; no approval.,NO-GO,GROUP_POLICY_NOT_APPROVED,No,No,Sí,No,NONATOMIC_BRIDGE_REQUIRED,op_06 Markov Chain; op_07 HMM; op_23 Queueing; op_22 Monte Carlo,op_11 Bayes; op_16 Kelly; op_13 Regression,TRUE,Finality; bridge; mensaje; relayer; liquidez; reorg; latencia; inventario,RealizedNetPnL = value(balance_after-balance_before) - gas - explicit external costs; bind to tx/settlement receipt; unexplained delta => QUARANTINE.,https://arxiv.org/abs/2204.05238,,
MEV-06-015,6,Fast-bridge arbitrage,Arbitrajes cross-chain y cross-domain,CROSS_CHAIN,X_BRIDGE,Bridge-in-the-loop expected-value arbitrage,E[Π]=DestinationValue-SourceCost-bridge_fee-gas-carry-CVaR(latency/finality/reorg). Must model non-atomic settlement and failure states.,Bridge quote/fee; message/finality state; source/destination liquidity; delay distribution; inventory/capital.,DS01+DS02+DS03+DS07+DS09+DS10+DS11+DS06 Bridge,cross_domain_engine,StrategyConfig + Snapshot + Candidate + amount + adapters + risk context,GateEvidence + exact quote + costs + EV + simulation_id + reconciliation refs,Change-controlled config; adapters healthy; required data loaded; kill-switch false.,F001-F016 + detector-specific equation,MEV-06-015-T01..T07,MEV-06-015-I01..I06,NP>0; NetROI>=group target; EV>=MinEV; ExpectedROI>0; capture/success/revert/risk thresholds pass.,Simulation PASS + math tests PASS + invariants PASS + atomic repayment when required.,All declared oracle/bridge/external dependencies PASS/fresh.,LIVE requires reconciled trade count >= policy minimum and reconciled PnL >=0.,Group Policy=APPROVED_FOR_LIVE; Stage=LIVE; Enabled=YES; ManualApproval=YES; Input/Alpha/Data/Economic/Execution/Dependency/Evidence gates all PASS.,Any missing/stale data; nonpositive alpha; economic threshold fail; simulation/test/invariant fail; dependency fail; insufficient reconciled evidence; no approval.,NO-GO,GROUP_POLICY_NOT_APPROVED,No,No,Sí,No,NONATOMIC_BRIDGE_REQUIRED,op_06 Markov Chain; op_07 HMM; op_23 Queueing; op_22 Monte Carlo,op_11 Bayes; op_16 Kelly; op_13 Regression,TRUE,Finality; bridge; mensaje; relayer; liquidez; reorg; latencia; inventario,RealizedNetPnL = value(balance_after-balance_before) - gas - explicit external costs; bind to tx/settlement receipt; unexplained delta => QUARANTINE.,https://arxiv.org/abs/2204.05238,,
MEV-06-016,6,Bridge-rate arbitrage,Arbitrajes cross-chain y cross-domain,CROSS_CHAIN,X_BRIDGE,Bridge-in-the-loop expected-value arbitrage,E[Π]=DestinationValue-SourceCost-bridge_fee-gas-carry-CVaR(latency/finality/reorg). Must model non-atomic settlement and failure states.,Bridge quote/fee; message/finality state; source/destination liquidity; delay distribution; inventory/capital.,DS01+DS02+DS03+DS07+DS09+DS10+DS11+DS06 Bridge,cross_domain_engine,StrategyConfig + Snapshot + Candidate + amount + adapters + risk context,GateEvidence + exact quote + costs + EV + simulation_id + reconciliation refs,Change-controlled config; adapters healthy; required data loaded; kill-switch false.,F001-F016 + detector-specific equation,MEV-06-016-T01..T07,MEV-06-016-I01..I06,NP>0; NetROI>=group target; EV>=MinEV; ExpectedROI>0; capture/success/revert/risk thresholds pass.,Simulation PASS + math tests PASS + invariants PASS + atomic repayment when required.,All declared oracle/bridge/external dependencies PASS/fresh.,LIVE requires reconciled trade count >= policy minimum and reconciled PnL >=0.,Group Policy=APPROVED_FOR_LIVE; Stage=LIVE; Enabled=YES; ManualApproval=YES; Input/Alpha/Data/Economic/Execution/Dependency/Evidence gates all PASS.,Any missing/stale data; nonpositive alpha; economic threshold fail; simulation/test/invariant fail; dependency fail; insufficient reconciled evidence; no approval.,NO-GO,GROUP_POLICY_NOT_APPROVED,No,No,Sí,No,NONATOMIC_BRIDGE_REQUIRED,op_06 Markov Chain; op_07 HMM; op_23 Queueing; op_22 Monte Carlo,op_11 Bayes; op_16 Kelly; op_13 Regression,TRUE,Finality; bridge; mensaje; relayer; liquidez; reorg; latencia; inventario,RealizedNetPnL = value(balance_after-balance_before) - gas - explicit external costs; bind to tx/settlement receipt; unexplained delta => QUARANTINE.,https://arxiv.org/abs/2204.05238,,
MEV-06-017,6,Bridge-liquidity arbitrage,Arbitrajes cross-chain y cross-domain,CROSS_CHAIN,X_BRIDGE,Bridge-in-the-loop expected-value arbitrage,E[Π]=DestinationValue-SourceCost-bridge_fee-gas-carry-CVaR(latency/finality/reorg). Must model non-atomic settlement and failure states.,Bridge quote/fee; message/finality state; source/destination liquidity; delay distribution; inventory/capital.,DS01+DS02+DS03+DS07+DS09+DS10+DS11+DS06 Bridge,cross_domain_engine,StrategyConfig + Snapshot + Candidate + amount + adapters + risk context,GateEvidence + exact quote + costs + EV + simulation_id + reconciliation refs,Change-controlled config; adapters healthy; required data loaded; kill-switch false.,F001-F016 + detector-specific equation,MEV-06-017-T01..T07,MEV-06-017-I01..I06,NP>0; NetROI>=group target; EV>=MinEV; ExpectedROI>0; capture/success/revert/risk thresholds pass.,Simulation PASS + math tests PASS + invariants PASS + atomic repayment when required.,All declared oracle/bridge/external dependencies PASS/fresh.,LIVE requires reconciled trade count >= policy minimum and reconciled PnL >=0.,Group Policy=APPROVED_FOR_LIVE; Stage=LIVE; Enabled=YES; ManualApproval=YES; Input/Alpha/Data/Economic/Execution/Dependency/Evidence gates all PASS.,Any missing/stale data; nonpositive alpha; economic threshold fail; simulation/test/invariant fail; dependency fail; insufficient reconciled evidence; no approval.,NO-GO,GROUP_POLICY_NOT_APPROVED,No,No,Sí,No,NONATOMIC_BRIDGE_REQUIRED,op_06 Markov Chain; op_07 HMM; op_23 Queueing; op_22 Monte Carlo,op_11 Bayes; op_16 Kelly; op_13 Regression,TRUE,Finality; bridge; mensaje; relayer; liquidez; reorg; latencia; inventario,RealizedNetPnL = value(balance_after-balance_before) - gas - explicit external costs; bind to tx/settlement receipt; unexplained delta => QUARANTINE.,https://arxiv.org/abs/2204.05238,,
MEV-06-018,6,Bridge-rebalancing arbitrage,Arbitrajes cross-chain y cross-domain,CROSS_CHAIN,X_BRIDGE,Bridge-in-the-loop expected-value arbitrage,E[Π]=DestinationValue-SourceCost-bridge_fee-gas-carry-CVaR(latency/finality/reorg). Must model non-atomic settlement and failure states.,Bridge quote/fee; message/finality state; source/destination liquidity; delay distribution; inventory/capital.,DS01+DS02+DS03+DS07+DS09+DS10+DS11+DS06 Bridge,cross_domain_engine,StrategyConfig + Snapshot + Candidate + amount + adapters + risk context,GateEvidence + exact quote + costs + EV + simulation_id + reconciliation refs,Change-controlled config; adapters healthy; required data loaded; kill-switch false.,F001-F016 + detector-specific equation,MEV-06-018-T01..T07,MEV-06-018-I01..I06,NP>0; NetROI>=group target; EV>=MinEV; ExpectedROI>0; capture/success/revert/risk thresholds pass.,Simulation PASS + math tests PASS + invariants PASS + atomic repayment when required.,All declared oracle/bridge/external dependencies PASS/fresh.,LIVE requires reconciled trade count >= policy minimum and reconciled PnL >=0.,Group Policy=APPROVED_FOR_LIVE; Stage=LIVE; Enabled=YES; ManualApproval=YES; Input/Alpha/Data/Economic/Execution/Dependency/Evidence gates all PASS.,Any missing/stale data; nonpositive alpha; economic threshold fail; simulation/test/invariant fail; dependency fail; insufficient reconciled evidence; no approval.,NO-GO,GROUP_POLICY_NOT_APPROVED,No,No,Sí,No,NONATOMIC_BRIDGE_REQUIRED,op_06 Markov Chain; op_07 HMM; op_23 Queueing; op_22 Monte Carlo,op_11 Bayes; op_16 Kelly; op_13 Regression,TRUE,Finality; bridge; mensaje; relayer; liquidez; reorg; latencia; inventario,RealizedNetPnL = value(balance_after-balance_before) - gas - explicit external costs; bind to tx/settlement receipt; unexplained delta => QUARANTINE.,https://arxiv.org/abs/2204.05238,,
MEV-06-019,6,Canonical-vs-fast-bridge arbitrage,Arbitrajes cross-chain y cross-domain,CROSS_CHAIN,X_BRIDGE,Bridge-in-the-loop expected-value arbitrage,E[Π]=DestinationValue-SourceCost-bridge_fee-gas-carry-CVaR(latency/finality/reorg). Must model non-atomic settlement and failure states.,Bridge quote/fee; message/finality state; source/destination liquidity; delay distribution; inventory/capital.,DS01+DS02+DS03+DS07+DS09+DS10+DS11+DS06 Bridge,cross_domain_engine,StrategyConfig + Snapshot + Candidate + amount + adapters + risk context,GateEvidence + exact quote + costs + EV + simulation_id + reconciliation refs,Change-controlled config; adapters healthy; required data loaded; kill-switch false.,F001-F016 + detector-specific equation,MEV-06-019-T01..T07,MEV-06-019-I01..I06,NP>0; NetROI>=group target; EV>=MinEV; ExpectedROI>0; capture/success/revert/risk thresholds pass.,Simulation PASS + math tests PASS + invariants PASS + atomic repayment when required.,All declared oracle/bridge/external dependencies PASS/fresh.,LIVE requires reconciled trade count >= policy minimum and reconciled PnL >=0.,Group Policy=APPROVED_FOR_LIVE; Stage=LIVE; Enabled=YES; ManualApproval=YES; Input/Alpha/Data/Economic/Execution/Dependency/Evidence gates all PASS.,Any missing/stale data; nonpositive alpha; economic threshold fail; simulation/test/invariant fail; dependency fail; insufficient reconciled evidence; no approval.,NO-GO,GROUP_POLICY_NOT_APPROVED,No,No,Sí,No,NONATOMIC_BRIDGE_REQUIRED,op_06 Markov Chain; op_07 HMM; op_23 Queueing; op_22 Monte Carlo,op_11 Bayes; op_16 Kelly; op_13 Regression,TRUE,Finality; bridge; mensaje; relayer; liquidez; reorg; latencia; inventario,RealizedNetPnL = value(balance_after-balance_before) - gas - explicit external costs; bind to tx/settlement receipt; unexplained delta => QUARANTINE.,https://arxiv.org/abs/2204.05238,,
MEV-06-020,6,Wrapped-representation arbitrage,Arbitrajes cross-chain y cross-domain,CROSS_CHAIN,X_BRIDGE,Bridge-in-the-loop expected-value arbitrage,E[Π]=DestinationValue-SourceCost-bridge_fee-gas-carry-CVaR(latency/finality/reorg). Must model non-atomic settlement and failure states.,Bridge quote/fee; message/finality state; source/destination liquidity; delay distribution; inventory/capital.,DS01+DS02+DS03+DS07+DS09+DS10+DS11+DS06 Bridge,cross_domain_engine,StrategyConfig + Snapshot + Candidate + amount + adapters + risk context,GateEvidence + exact quote + costs + EV + simulation_id + reconciliation refs,Change-controlled config; adapters healthy; required data loaded; kill-switch false.,F001-F016 + detector-specific equation,MEV-06-020-T01..T07,MEV-06-020-I01..I06,NP>0; NetROI>=group target; EV>=MinEV; ExpectedROI>0; capture/success/revert/risk thresholds pass.,Simulation PASS + math tests PASS + invariants PASS + atomic repayment when required.,All declared oracle/bridge/external dependencies PASS/fresh.,LIVE requires reconciled trade count >= policy minimum and reconciled PnL >=0.,Group Policy=APPROVED_FOR_LIVE; Stage=LIVE; Enabled=YES; ManualApproval=YES; Input/Alpha/Data/Economic/Execution/Dependency/Evidence gates all PASS.,Any missing/stale data; nonpositive alpha; economic threshold fail; simulation/test/invariant fail; dependency fail; insufficient reconciled evidence; no approval.,NO-GO,GROUP_POLICY_NOT_APPROVED,No,No,Sí,No,NONATOMIC_BRIDGE_REQUIRED,op_06 Markov Chain; op_07 HMM; op_23 Queueing; op_22 Monte Carlo,op_11 Bayes; op_16 Kelly; op_13 Regression,TRUE,Finality; bridge; mensaje; relayer; liquidez; reorg; latencia; inventario,RealizedNetPnL = value(balance_after-balance_before) - gas - explicit external costs; bind to tx/settlement receipt; unexplained delta => QUARANTINE.,https://arxiv.org/abs/2204.05238,,
MEV-06-021,6,Message-latency arbitrage,Arbitrajes cross-chain y cross-domain,CROSS_CHAIN,X_BRIDGE,Bridge-in-the-loop expected-value arbitrage,E[Π]=DestinationValue-SourceCost-bridge_fee-gas-carry-CVaR(latency/finality/reorg). Must model non-atomic settlement and failure states.,Bridge quote/fee; message/finality state; source/destination liquidity; delay distribution; inventory/capital.,DS01+DS02+DS03+DS07+DS09+DS10+DS11+DS06 Bridge,cross_domain_engine,StrategyConfig + Snapshot + Candidate + amount + adapters + risk context,GateEvidence + exact quote + costs + EV + simulation_id + reconciliation refs,Change-controlled config; adapters healthy; required data loaded; kill-switch false.,F001-F016 + detector-specific equation,MEV-06-021-T01..T07,MEV-06-021-I01..I06,NP>0; NetROI>=group target; EV>=MinEV; ExpectedROI>0; capture/success/revert/risk thresholds pass.,Simulation PASS + math tests PASS + invariants PASS + atomic repayment when required.,All declared oracle/bridge/external dependencies PASS/fresh.,LIVE requires reconciled trade count >= policy minimum and reconciled PnL >=0.,Group Policy=APPROVED_FOR_LIVE; Stage=LIVE; Enabled=YES; ManualApproval=YES; Input/Alpha/Data/Economic/Execution/Dependency/Evidence gates all PASS.,Any missing/stale data; nonpositive alpha; economic threshold fail; simulation/test/invariant fail; dependency fail; insufficient reconciled evidence; no approval.,NO-GO,GROUP_POLICY_NOT_APPROVED,No,No,Sí,No,NONATOMIC_BRIDGE_REQUIRED,op_06 Markov Chain; op_07 HMM; op_23 Queueing; op_22 Monte Carlo,op_11 Bayes; op_16 Kelly; op_13 Regression,TRUE,Finality; bridge; mensaje; relayer; liquidez; reorg; latencia; inventario,RealizedNetPnL = value(balance_after-balance_before) - gas - explicit external costs; bind to tx/settlement receipt; unexplained delta => QUARANTINE.,https://arxiv.org/abs/2204.05238,,
MEV-06-022,6,Finality-delay arbitrage,Arbitrajes cross-chain y cross-domain,CROSS_CHAIN,X_BRIDGE,Bridge-in-the-loop expected-value arbitrage,E[Π]=DestinationValue-SourceCost-bridge_fee-gas-carry-CVaR(latency/finality/reorg). Must model non-atomic settlement and failure states.,Bridge quote/fee; message/finality state; source/destination liquidity; delay distribution; inventory/capital.,DS01+DS02+DS03+DS07+DS09+DS10+DS11+DS06 Bridge,cross_domain_engine,StrategyConfig + Snapshot + Candidate + amount + adapters + risk context,GateEvidence + exact quote + costs + EV + simulation_id + reconciliation refs,Change-controlled config; adapters healthy; required data loaded; kill-switch false.,F001-F016 + detector-specific equation,MEV-06-022-T01..T07,MEV-06-022-I01..I06,NP>0; NetROI>=group target; EV>=MinEV; ExpectedROI>0; capture/success/revert/risk thresholds pass.,Simulation PASS + math tests PASS + invariants PASS + atomic repayment when required.,All declared oracle/bridge/external dependencies PASS/fresh.,LIVE requires reconciled trade count >= policy minimum and reconciled PnL >=0.,Group Policy=APPROVED_FOR_LIVE; Stage=LIVE; Enabled=YES; ManualApproval=YES; Input/Alpha/Data/Economic/Execution/Dependency/Evidence gates all PASS.,Any missing/stale data; nonpositive alpha; economic threshold fail; simulation/test/invariant fail; dependency fail; insufficient reconciled evidence; no approval.,NO-GO,GROUP_POLICY_NOT_APPROVED,No,No,Sí,No,NONATOMIC_BRIDGE_REQUIRED,op_06 Markov Chain; op_07 HMM; op_23 Queueing; op_22 Monte Carlo,op_11 Bayes; op_16 Kelly; op_13 Regression,TRUE,Finality; bridge; mensaje; relayer; liquidez; reorg; latencia; inventario,RealizedNetPnL = value(balance_after-balance_before) - gas - explicit external costs; bind to tx/settlement receipt; unexplained delta => QUARANTINE.,https://arxiv.org/abs/2204.05238,,
MEV-06-023,6,Pre-positioned inventory arbitrage,Arbitrajes cross-chain y cross-domain,CROSS_CHAIN,X_PREPOS,Cross-domain pre-positioned inventory convergence,No atomic bridge assumption: aggregate independently executable legs using inventory on both domains. Π=Σ proceeds-Σ costs-carry/finality/hedge costs.,Per-chain firm quotes; inventory balances; finality/latency; gas; settlement status; accounting FX.,DS01+DS02+DS03+DS07+DS09+DS10+DS11+DS06 Bridge,cross_domain_engine,StrategyConfig + Snapshot + Candidate + amount + adapters + risk context,GateEvidence + exact quote + costs + EV + simulation_id + reconciliation refs,Change-controlled config; adapters healthy; required data loaded; kill-switch false.,F001-F016 + detector-specific equation,MEV-06-023-T01..T07,MEV-06-023-I01..I06,NP>0; NetROI>=group target; EV>=MinEV; ExpectedROI>0; capture/success/revert/risk thresholds pass.,Simulation PASS + math tests PASS + invariants PASS + atomic repayment when required.,All declared oracle/bridge/external dependencies PASS/fresh.,LIVE requires reconciled trade count >= policy minimum and reconciled PnL >=0.,Group Policy=APPROVED_FOR_LIVE; Stage=LIVE; Enabled=YES; ManualApproval=YES; Input/Alpha/Data/Economic/Execution/Dependency/Evidence gates all PASS.,Any missing/stale data; nonpositive alpha; economic threshold fail; simulation/test/invariant fail; dependency fail; insufficient reconciled evidence; no approval.,NO-GO,GROUP_POLICY_NOT_APPROVED,No,No,Sí,No,NONATOMIC_INVENTORY_REQUIRED,op_06 Markov Chain; op_07 HMM; op_23 Queueing; op_16 Kelly,op_08 Kalman; op_11 Bayes; op_22 Monte Carlo; op_27 Path Ordering,TRUE,Finality; bridge; mensaje; relayer; liquidez; reorg; latencia; inventario,RealizedNetPnL = value(balance_after-balance_before) - gas - explicit external costs; bind to tx/settlement receipt; unexplained delta => QUARANTINE.,https://arxiv.org/abs/2204.05238,,
MEV-06-024,6,Bridge-in-the-loop arbitrage,Arbitrajes cross-chain y cross-domain,CROSS_CHAIN,X_BRIDGE,Bridge-in-the-loop expected-value arbitrage,E[Π]=DestinationValue-SourceCost-bridge_fee-gas-carry-CVaR(latency/finality/reorg). Must model non-atomic settlement and failure states.,Bridge quote/fee; message/finality state; source/destination liquidity; delay distribution; inventory/capital.,DS01+DS02+DS03+DS07+DS09+DS10+DS11+DS06 Bridge,cross_domain_engine,StrategyConfig + Snapshot + Candidate + amount + adapters + risk context,GateEvidence + exact quote + costs + EV + simulation_id + reconciliation refs,Change-controlled config; adapters healthy; required data loaded; kill-switch false.,F001-F016 + detector-specific equation,MEV-06-024-T01..T07,MEV-06-024-I01..I06,NP>0; NetROI>=group target; EV>=MinEV; ExpectedROI>0; capture/success/revert/risk thresholds pass.,Simulation PASS + math tests PASS + invariants PASS + atomic repayment when required.,All declared oracle/bridge/external dependencies PASS/fresh.,LIVE requires reconciled trade count >= policy minimum and reconciled PnL >=0.,Group Policy=APPROVED_FOR_LIVE; Stage=LIVE; Enabled=YES; ManualApproval=YES; Input/Alpha/Data/Economic/Execution/Dependency/Evidence gates all PASS.,Any missing/stale data; nonpositive alpha; economic threshold fail; simulation/test/invariant fail; dependency fail; insufficient reconciled evidence; no approval.,NO-GO,GROUP_POLICY_NOT_APPROVED,No,No,Sí,No,NONATOMIC_BRIDGE_REQUIRED,op_06 Markov Chain; op_07 HMM; op_23 Queueing; op_22 Monte Carlo,op_11 Bayes; op_16 Kelly; op_13 Regression,TRUE,Finality; bridge; mensaje; relayer; liquidez; reorg; latencia; inventario,RealizedNetPnL = value(balance_after-balance_before) - gas - explicit external costs; bind to tx/settlement receipt; unexplained delta => QUARANTINE.,https://arxiv.org/abs/2204.05238,,
MEV-06-025,6,Cross-chain intent arbitrage,Arbitrajes cross-chain y cross-domain,CROSS_CHAIN,X_BRIDGE,Bridge-in-the-loop expected-value arbitrage,E[Π]=DestinationValue-SourceCost-bridge_fee-gas-carry-CVaR(latency/finality/reorg). Must model non-atomic settlement and failure states.,Bridge quote/fee; message/finality state; source/destination liquidity; delay distribution; inventory/capital.,DS01+DS02+DS03+DS07+DS09+DS10+DS11+DS06 Bridge,cross_domain_engine,StrategyConfig + Snapshot + Candidate + amount + adapters + risk context,GateEvidence + exact quote + costs + EV + simulation_id + reconciliation refs,Change-controlled config; adapters healthy; required data loaded; kill-switch false.,F001-F016 + detector-specific equation,MEV-06-025-T01..T07,MEV-06-025-I01..I06,NP>0; NetROI>=group target; EV>=MinEV; ExpectedROI>0; capture/success/revert/risk thresholds pass.,Simulation PASS + math tests PASS + invariants PASS + atomic repayment when required.,All declared oracle/bridge/external dependencies PASS/fresh.,LIVE requires reconciled trade count >= policy minimum and reconciled PnL >=0.,Group Policy=APPROVED_FOR_LIVE; Stage=LIVE; Enabled=YES; ManualApproval=YES; Input/Alpha/Data/Economic/Execution/Dependency/Evidence gates all PASS.,Any missing/stale data; nonpositive alpha; economic threshold fail; simulation/test/invariant fail; dependency fail; insufficient reconciled evidence; no approval.,NO-GO,GROUP_POLICY_NOT_APPROVED,No,No,Sí,No,NONATOMIC_BRIDGE_REQUIRED,op_06 Markov Chain; op_07 HMM; op_23 Queueing; op_22 Monte Carlo,op_11 Bayes; op_16 Kelly; op_13 Regression,TRUE,Finality; bridge; mensaje; relayer; liquidez; reorg; latencia; inventario,RealizedNetPnL = value(balance_after-balance_before) - gas - explicit external costs; bind to tx/settlement receipt; unexplained delta => QUARANTINE.,https://arxiv.org/abs/2204.05238,,
MEV-06-026,6,Cross-chain solver arbitrage,Arbitrajes cross-chain y cross-domain,CROSS_CHAIN,X_BRIDGE,Bridge-in-the-loop expected-value arbitrage,E[Π]=DestinationValue-SourceCost-bridge_fee-gas-carry-CVaR(latency/finality/reorg). Must model non-atomic settlement and failure states.,Bridge quote/fee; message/finality state; source/destination liquidity; delay distribution; inventory/capital.,DS01+DS02+DS03+DS07+DS09+DS10+DS11+DS06 Bridge,cross_domain_engine,StrategyConfig + Snapshot + Candidate + amount + adapters + risk context,GateEvidence + exact quote + costs + EV + simulation_id + reconciliation refs,Change-controlled config; adapters healthy; required data loaded; kill-switch false.,F001-F016 + detector-specific equation,MEV-06-026-T01..T07,MEV-06-026-I01..I06,NP>0; NetROI>=group target; EV>=MinEV; ExpectedROI>0; capture/success/revert/risk thresholds pass.,Simulation PASS + math tests PASS + invariants PASS + atomic repayment when required.,All declared oracle/bridge/external dependencies PASS/fresh.,LIVE requires reconciled trade count >= policy minimum and reconciled PnL >=0.,Group Policy=APPROVED_FOR_LIVE; Stage=LIVE; Enabled=YES; ManualApproval=YES; Input/Alpha/Data/Economic/Execution/Dependency/Evidence gates all PASS.,Any missing/stale data; nonpositive alpha; economic threshold fail; simulation/test/invariant fail; dependency fail; insufficient reconciled evidence; no approval.,NO-GO,GROUP_POLICY_NOT_APPROVED,No,No,Sí,No,NONATOMIC_BRIDGE_REQUIRED,op_06 Markov Chain; op_07 HMM; op_23 Queueing; op_22 Monte Carlo,op_11 Bayes; op_16 Kelly; op_13 Regression,TRUE,Finality; bridge; mensaje; relayer; liquidez; reorg; latencia; inventario,RealizedNetPnL = value(balance_after-balance_before) - gas - explicit external costs; bind to tx/settlement receipt; unexplained delta => QUARANTINE.,https://arxiv.org/abs/2204.05238,,
MEV-06-027,6,Shared-sequencer arbitrage,Arbitrajes cross-chain y cross-domain,CROSS_CHAIN,X_PREPOS,Cross-domain pre-positioned inventory convergence,No atomic bridge assumption: aggregate independently executable legs using inventory on both domains. Π=Σ proceeds-Σ costs-carry/finality/hedge costs.,Per-chain firm quotes; inventory balances; finality/latency; gas; settlement status; accounting FX.,DS01+DS02+DS03+DS07+DS09+DS10+DS11+DS06 Bridge,cross_domain_engine,StrategyConfig + Snapshot + Candidate + amount + adapters + risk context,GateEvidence + exact quote + costs + EV + simulation_id + reconciliation refs,Change-controlled config; adapters healthy; required data loaded; kill-switch false.,F001-F016 + detector-specific equation,MEV-06-027-T01..T07,MEV-06-027-I01..I06,NP>0; NetROI>=group target; EV>=MinEV; ExpectedROI>0; capture/success/revert/risk thresholds pass.,Simulation PASS + math tests PASS + invariants PASS + atomic repayment when required.,All declared oracle/bridge/external dependencies PASS/fresh.,LIVE requires reconciled trade count >= policy minimum and reconciled PnL >=0.,Group Policy=APPROVED_FOR_LIVE; Stage=LIVE; Enabled=YES; ManualApproval=YES; Input/Alpha/Data/Economic/Execution/Dependency/Evidence gates all PASS.,Any missing/stale data; nonpositive alpha; economic threshold fail; simulation/test/invariant fail; dependency fail; insufficient reconciled evidence; no approval.,NO-GO,GROUP_POLICY_NOT_APPROVED,Condicional,No,Sí,No,NONATOMIC_INVENTORY_REQUIRED,op_06 Markov Chain; op_07 HMM; op_23 Queueing; op_16 Kelly,op_08 Kalman; op_11 Bayes; op_22 Monte Carlo; op_27 Path Ordering,TRUE,Finality; bridge; mensaje; relayer; liquidez; reorg; latencia; inventario,RealizedNetPnL = value(balance_after-balance_before) - gas - explicit external costs; bind to tx/settlement receipt; unexplained delta => QUARANTINE.,https://arxiv.org/abs/2204.05238,,
MEV-06-028,6,Sequencer–builder cross-domain arbitrage,Arbitrajes cross-chain y cross-domain,CROSS_CHAIN,X_PREPOS,Cross-domain pre-positioned inventory convergence,No atomic bridge assumption: aggregate independently executable legs using inventory on both domains. Π=Σ proceeds-Σ costs-carry/finality/hedge costs.,Per-chain firm quotes; inventory balances; finality/latency; gas; settlement status; accounting FX.,DS01+DS02+DS03+DS07+DS09+DS10+DS11+DS06 Bridge,cross_domain_engine,StrategyConfig + Snapshot + Candidate + amount + adapters + risk context,GateEvidence + exact quote + costs + EV + simulation_id + reconciliation refs,Change-controlled config; adapters healthy; required data loaded; kill-switch false.,F001-F016 + detector-specific equation,MEV-06-028-T01..T07,MEV-06-028-I01..I06,NP>0; NetROI>=group target; EV>=MinEV; ExpectedROI>0; capture/success/revert/risk thresholds pass.,Simulation PASS + math tests PASS + invariants PASS + atomic repayment when required.,All declared oracle/bridge/external dependencies PASS/fresh.,LIVE requires reconciled trade count >= policy minimum and reconciled PnL >=0.,Group Policy=APPROVED_FOR_LIVE; Stage=LIVE; Enabled=YES; ManualApproval=YES; Input/Alpha/Data/Economic/Execution/Dependency/Evidence gates all PASS.,Any missing/stale data; nonpositive alpha; economic threshold fail; simulation/test/invariant fail; dependency fail; insufficient reconciled evidence; no approval.,NO-GO,GROUP_POLICY_NOT_APPROVED,Condicional,No,Sí,No,NONATOMIC_INVENTORY_REQUIRED,op_06 Markov Chain; op_07 HMM; op_23 Queueing; op_16 Kelly,op_08 Kalman; op_11 Bayes; op_22 Monte Carlo; op_27 Path Ordering,TRUE,Finality; bridge; mensaje; relayer; liquidez; reorg; latencia; inventario,RealizedNetPnL = value(balance_after-balance_before) - gas - explicit external costs; bind to tx/settlement receipt; unexplained delta => QUARANTINE.,https://arxiv.org/abs/2204.05238,,
MEV-06-029,6,Cross-domain oracle arbitrage,Arbitrajes cross-chain y cross-domain,CROSS_CHAIN,X_ORACLE,Cross-domain oracle / state discrepancy,Normalize same economic claim across domains; discount for timestamp/finality and require an executable settlement path. Signal deviation alone cannot emit.,Cross-domain oracle/state timestamps; finality; firm routes; bridge/inventory settlement model.,DS01+DS02+DS03+DS07+DS09+DS10+DS11+DS04 Oracle+DS06 Bridge,cross_domain_engine,StrategyConfig + Snapshot + Candidate + amount + adapters + risk context,GateEvidence + exact quote + costs + EV + simulation_id + reconciliation refs,Change-controlled config; adapters healthy; required data loaded; kill-switch false.,F001-F016 + detector-specific equation,MEV-06-029-T01..T07,MEV-06-029-I01..I06,NP>0; NetROI>=group target; EV>=MinEV; ExpectedROI>0; capture/success/revert/risk thresholds pass.,Simulation PASS + math tests PASS + invariants PASS + atomic repayment when required.,All declared oracle/bridge/external dependencies PASS/fresh.,LIVE requires reconciled trade count >= policy minimum and reconciled PnL >=0.,Group Policy=APPROVED_FOR_LIVE; Stage=LIVE; Enabled=YES; ManualApproval=YES; Input/Alpha/Data/Economic/Execution/Dependency/Evidence gates all PASS.,Any missing/stale data; nonpositive alpha; economic threshold fail; simulation/test/invariant fail; dependency fail; insufficient reconciled evidence; no approval.,NO-GO,GROUP_POLICY_NOT_APPROVED,No,Sí,Sí,No,EXTERNAL_SETTLEMENT_REQUIRED,op_08 Kalman; op_06 Markov Chain; op_23 Queueing; op_11 Bayes,op_07 HMM; op_13 Regression; op_22 Monte Carlo,TRUE,Finality; bridge; mensaje; relayer; liquidez; reorg; latencia; inventario,RealizedNetPnL = value(balance_after-balance_before) - gas - explicit external costs; bind to tx/settlement receipt; unexplained delta => QUARANTINE.,https://arxiv.org/abs/2204.05238,,
MEV-06-030,6,Cross-chain liquidation arbitrage,Arbitrajes cross-chain y cross-domain,CROSS_CHAIN,X_ORACLE,Cross-domain oracle / state discrepancy,Normalize same economic claim across domains; discount for timestamp/finality and require an executable settlement path. Signal deviation alone cannot emit.,Cross-domain oracle/state timestamps; finality; firm routes; bridge/inventory settlement model.,DS01+DS02+DS03+DS07+DS09+DS10+DS11+DS06 Bridge,cross_domain_engine,StrategyConfig + Snapshot + Candidate + amount + adapters + risk context,GateEvidence + exact quote + costs + EV + simulation_id + reconciliation refs,Change-controlled config; adapters healthy; required data loaded; kill-switch false.,F001-F016 + detector-specific equation,MEV-06-030-T01..T07,MEV-06-030-I01..I06,NP>0; NetROI>=group target; EV>=MinEV; ExpectedROI>0; capture/success/revert/risk thresholds pass.,Simulation PASS + math tests PASS + invariants PASS + atomic repayment when required.,All declared oracle/bridge/external dependencies PASS/fresh.,LIVE requires reconciled trade count >= policy minimum and reconciled PnL >=0.,Group Policy=APPROVED_FOR_LIVE; Stage=LIVE; Enabled=YES; ManualApproval=YES; Input/Alpha/Data/Economic/Execution/Dependency/Evidence gates all PASS.,Any missing/stale data; nonpositive alpha; economic threshold fail; simulation/test/invariant fail; dependency fail; insufficient reconciled evidence; no approval.,NO-GO,GROUP_POLICY_NOT_APPROVED,No,No,Sí,No,EXTERNAL_SETTLEMENT_REQUIRED,op_08 Kalman; op_06 Markov Chain; op_23 Queueing; op_11 Bayes,op_07 HMM; op_13 Regression; op_22 Monte Carlo,TRUE,Finality; bridge; mensaje; relayer; liquidez; reorg; latencia; inventario,RealizedNetPnL = value(balance_after-balance_before) - gas - explicit external costs; bind to tx/settlement receipt; unexplained delta => QUARANTINE.,https://arxiv.org/abs/2204.05238,,
MEV-07-001,7,Spot–perpetual arbitrage,Derivados y volatilidad,DERIVATIVES,D_BASIS,Spot/future/perpetual basis no-arbitrage,"Compare derivative price to carry-adjusted spot/forward replication; for perp include expected funding. Opportunity is hedged net convergence after margin, fees and funding.",Spot and derivative firm books; mark/index; rates/carry; funding; expiry; fees; margin.,DS01+DS02+DS03+DS07+DS09+DS10+DS11,derivatives_engine,StrategyConfig + Snapshot + Candidate + amount + adapters + risk context,GateEvidence + exact quote + costs + EV + simulation_id + reconciliation refs,Change-controlled config; adapters healthy; required data loaded; kill-switch false.,F001-F016 + detector-specific equation,MEV-07-001-T01..T07,MEV-07-001-I01..I06,NP>0; NetROI>=group target; EV>=MinEV; ExpectedROI>0; capture/success/revert/risk thresholds pass.,Simulation PASS + math tests PASS + invariants PASS + atomic repayment when required.,All declared oracle/bridge/external dependencies PASS/fresh.,LIVE requires reconciled trade count >= policy minimum and reconciled PnL >=0.,Group Policy=APPROVED_FOR_LIVE; Stage=LIVE; Enabled=YES; ManualApproval=YES; Input/Alpha/Data/Economic/Execution/Dependency/Evidence gates all PASS.,Any missing/stale data; nonpositive alpha; economic threshold fail; simulation/test/invariant fail; dependency fail; insufficient reconciled evidence; no approval.,NO-GO,GROUP_POLICY_NOT_APPROVED,Condicional,Opcional,No,No,DERIVATIVE_DATA_REQUIRED,op_13 Regression; op_08 Kalman; op_21 Newton-Raphson,op_10 Welford; op_16 Kelly; op_22 Monte Carlo; op_23 Queueing,TRUE,Gas; slippage; competencia; revert; state drift,RealizedNetPnL = value(balance_after-balance_before) - gas - explicit external costs; bind to tx/settlement receipt; unexplained delta => QUARANTINE.,https://www.cfainstitute.org/insights/professional-learning/refresher-readings/2026/option-replication-using-put-call-parity,,
MEV-07-002,7,Perpetual–perpetual arbitrage,Derivados y volatilidad,DERIVATIVES,D_BASIS,Spot/future/perpetual basis no-arbitrage,"Compare derivative price to carry-adjusted spot/forward replication; for perp include expected funding. Opportunity is hedged net convergence after margin, fees and funding.",Spot and derivative firm books; mark/index; rates/carry; funding; expiry; fees; margin.,DS01+DS02+DS03+DS07+DS09+DS10+DS11,derivatives_engine,StrategyConfig + Snapshot + Candidate + amount + adapters + risk context,GateEvidence + exact quote + costs + EV + simulation_id + reconciliation refs,Change-controlled config; adapters healthy; required data loaded; kill-switch false.,F001-F016 + detector-specific equation,MEV-07-002-T01..T07,MEV-07-002-I01..I06,NP>0; NetROI>=group target; EV>=MinEV; ExpectedROI>0; capture/success/revert/risk thresholds pass.,Simulation PASS + math tests PASS + invariants PASS + atomic repayment when required.,All declared oracle/bridge/external dependencies PASS/fresh.,LIVE requires reconciled trade count >= policy minimum and reconciled PnL >=0.,Group Policy=APPROVED_FOR_LIVE; Stage=LIVE; Enabled=YES; ManualApproval=YES; Input/Alpha/Data/Economic/Execution/Dependency/Evidence gates all PASS.,Any missing/stale data; nonpositive alpha; economic threshold fail; simulation/test/invariant fail; dependency fail; insufficient reconciled evidence; no approval.,NO-GO,GROUP_POLICY_NOT_APPROVED,Condicional,Opcional,No,No,DERIVATIVE_DATA_REQUIRED,op_13 Regression; op_08 Kalman; op_21 Newton-Raphson,op_10 Welford; op_16 Kelly; op_22 Monte Carlo; op_23 Queueing,TRUE,Gas; slippage; competencia; revert; state drift,RealizedNetPnL = value(balance_after-balance_before) - gas - explicit external costs; bind to tx/settlement receipt; unexplained delta => QUARANTINE.,https://www.cfainstitute.org/insights/professional-learning/refresher-readings/2026/option-replication-using-put-call-parity,,
MEV-07-003,7,Spot–future arbitrage,Derivados y volatilidad,DERIVATIVES,D_BASIS,Spot/future/perpetual basis no-arbitrage,"Compare derivative price to carry-adjusted spot/forward replication; for perp include expected funding. Opportunity is hedged net convergence after margin, fees and funding.",Spot and derivative firm books; mark/index; rates/carry; funding; expiry; fees; margin.,DS01+DS02+DS03+DS07+DS09+DS10+DS11,derivatives_engine,StrategyConfig + Snapshot + Candidate + amount + adapters + risk context,GateEvidence + exact quote + costs + EV + simulation_id + reconciliation refs,Change-controlled config; adapters healthy; required data loaded; kill-switch false.,F001-F016 + detector-specific equation,MEV-07-003-T01..T07,MEV-07-003-I01..I06,NP>0; NetROI>=group target; EV>=MinEV; ExpectedROI>0; capture/success/revert/risk thresholds pass.,Simulation PASS + math tests PASS + invariants PASS + atomic repayment when required.,All declared oracle/bridge/external dependencies PASS/fresh.,LIVE requires reconciled trade count >= policy minimum and reconciled PnL >=0.,Group Policy=APPROVED_FOR_LIVE; Stage=LIVE; Enabled=YES; ManualApproval=YES; Input/Alpha/Data/Economic/Execution/Dependency/Evidence gates all PASS.,Any missing/stale data; nonpositive alpha; economic threshold fail; simulation/test/invariant fail; dependency fail; insufficient reconciled evidence; no approval.,NO-GO,GROUP_POLICY_NOT_APPROVED,Condicional,Opcional,No,No,DERIVATIVE_DATA_REQUIRED,op_13 Regression; op_08 Kalman; op_21 Newton-Raphson,op_10 Welford; op_16 Kelly; op_22 Monte Carlo; op_23 Queueing,TRUE,Gas; slippage; competencia; revert; state drift,RealizedNetPnL = value(balance_after-balance_before) - gas - explicit external costs; bind to tx/settlement receipt; unexplained delta => QUARANTINE.,https://www.cfainstitute.org/insights/professional-learning/refresher-readings/2026/option-replication-using-put-call-parity,,
MEV-07-004,7,Future–future arbitrage,Derivados y volatilidad,DERIVATIVES,D_BASIS,Spot/future/perpetual basis no-arbitrage,"Compare derivative price to carry-adjusted spot/forward replication; for perp include expected funding. Opportunity is hedged net convergence after margin, fees and funding.",Spot and derivative firm books; mark/index; rates/carry; funding; expiry; fees; margin.,DS01+DS02+DS03+DS07+DS09+DS10+DS11,derivatives_engine,StrategyConfig + Snapshot + Candidate + amount + adapters + risk context,GateEvidence + exact quote + costs + EV + simulation_id + reconciliation refs,Change-controlled config; adapters healthy; required data loaded; kill-switch false.,F001-F016 + detector-specific equation,MEV-07-004-T01..T07,MEV-07-004-I01..I06,NP>0; NetROI>=group target; EV>=MinEV; ExpectedROI>0; capture/success/revert/risk thresholds pass.,Simulation PASS + math tests PASS + invariants PASS + atomic repayment when required.,All declared oracle/bridge/external dependencies PASS/fresh.,LIVE requires reconciled trade count >= policy minimum and reconciled PnL >=0.,Group Policy=APPROVED_FOR_LIVE; Stage=LIVE; Enabled=YES; ManualApproval=YES; Input/Alpha/Data/Economic/Execution/Dependency/Evidence gates all PASS.,Any missing/stale data; nonpositive alpha; economic threshold fail; simulation/test/invariant fail; dependency fail; insufficient reconciled evidence; no approval.,NO-GO,GROUP_POLICY_NOT_APPROVED,Condicional,Opcional,No,No,DERIVATIVE_DATA_REQUIRED,op_13 Regression; op_08 Kalman; op_21 Newton-Raphson,op_10 Welford; op_16 Kelly; op_22 Monte Carlo; op_23 Queueing,TRUE,Gas; slippage; competencia; revert; state drift,RealizedNetPnL = value(balance_after-balance_before) - gas - explicit external costs; bind to tx/settlement receipt; unexplained delta => QUARANTINE.,https://www.cfainstitute.org/insights/professional-learning/refresher-readings/2026/option-replication-using-put-call-parity,,
MEV-07-005,7,Cash-and-carry arbitrage,Derivados y volatilidad,DERIVATIVES,D_BASIS,Spot/future/perpetual basis no-arbitrage,"Compare derivative price to carry-adjusted spot/forward replication; for perp include expected funding. Opportunity is hedged net convergence after margin, fees and funding.",Spot and derivative firm books; mark/index; rates/carry; funding; expiry; fees; margin.,DS01+DS02+DS03+DS07+DS09+DS10+DS11,derivatives_engine,StrategyConfig + Snapshot + Candidate + amount + adapters + risk context,GateEvidence + exact quote + costs + EV + simulation_id + reconciliation refs,Change-controlled config; adapters healthy; required data loaded; kill-switch false.,F001-F016 + detector-specific equation,MEV-07-005-T01..T07,MEV-07-005-I01..I06,NP>0; NetROI>=group target; EV>=MinEV; ExpectedROI>0; capture/success/revert/risk thresholds pass.,Simulation PASS + math tests PASS + invariants PASS + atomic repayment when required.,All declared oracle/bridge/external dependencies PASS/fresh.,LIVE requires reconciled trade count >= policy minimum and reconciled PnL >=0.,Group Policy=APPROVED_FOR_LIVE; Stage=LIVE; Enabled=YES; ManualApproval=YES; Input/Alpha/Data/Economic/Execution/Dependency/Evidence gates all PASS.,Any missing/stale data; nonpositive alpha; economic threshold fail; simulation/test/invariant fail; dependency fail; insufficient reconciled evidence; no approval.,NO-GO,GROUP_POLICY_NOT_APPROVED,Condicional,Opcional,No,No,DERIVATIVE_DATA_REQUIRED,op_13 Regression; op_08 Kalman; op_21 Newton-Raphson,op_10 Welford; op_16 Kelly; op_22 Monte Carlo; op_23 Queueing,TRUE,Gas; slippage; competencia; revert; state drift,RealizedNetPnL = value(balance_after-balance_before) - gas - explicit external costs; bind to tx/settlement receipt; unexplained delta => QUARANTINE.,https://www.cfainstitute.org/insights/professional-learning/refresher-readings/2026/option-replication-using-put-call-parity,,
MEV-07-006,7,Reverse cash-and-carry arbitrage,Derivados y volatilidad,DERIVATIVES,D_BASIS,Spot/future/perpetual basis no-arbitrage,"Compare derivative price to carry-adjusted spot/forward replication; for perp include expected funding. Opportunity is hedged net convergence after margin, fees and funding.",Spot and derivative firm books; mark/index; rates/carry; funding; expiry; fees; margin.,DS01+DS02+DS03+DS07+DS09+DS10+DS11,derivatives_engine,StrategyConfig + Snapshot + Candidate + amount + adapters + risk context,GateEvidence + exact quote + costs + EV + simulation_id + reconciliation refs,Change-controlled config; adapters healthy; required data loaded; kill-switch false.,F001-F016 + detector-specific equation,MEV-07-006-T01..T07,MEV-07-006-I01..I06,NP>0; NetROI>=group target; EV>=MinEV; ExpectedROI>0; capture/success/revert/risk thresholds pass.,Simulation PASS + math tests PASS + invariants PASS + atomic repayment when required.,All declared oracle/bridge/external dependencies PASS/fresh.,LIVE requires reconciled trade count >= policy minimum and reconciled PnL >=0.,Group Policy=APPROVED_FOR_LIVE; Stage=LIVE; Enabled=YES; ManualApproval=YES; Input/Alpha/Data/Economic/Execution/Dependency/Evidence gates all PASS.,Any missing/stale data; nonpositive alpha; economic threshold fail; simulation/test/invariant fail; dependency fail; insufficient reconciled evidence; no approval.,NO-GO,GROUP_POLICY_NOT_APPROVED,Condicional,Opcional,No,No,DERIVATIVE_DATA_REQUIRED,op_13 Regression; op_08 Kalman; op_21 Newton-Raphson,op_10 Welford; op_16 Kelly; op_22 Monte Carlo; op_23 Queueing,TRUE,Gas; slippage; competencia; revert; state drift,RealizedNetPnL = value(balance_after-balance_before) - gas - explicit external costs; bind to tx/settlement receipt; unexplained delta => QUARANTINE.,https://www.cfainstitute.org/insights/professional-learning/refresher-readings/2026/option-replication-using-put-call-parity,,
MEV-07-007,7,Basis arbitrage,Derivados y volatilidad,DERIVATIVES,D_BASIS,Spot/future/perpetual basis no-arbitrage,"Compare derivative price to carry-adjusted spot/forward replication; for perp include expected funding. Opportunity is hedged net convergence after margin, fees and funding.",Spot and derivative firm books; mark/index; rates/carry; funding; expiry; fees; margin.,DS01+DS02+DS03+DS07+DS09+DS10+DS11,derivatives_engine,StrategyConfig + Snapshot + Candidate + amount + adapters + risk context,GateEvidence + exact quote + costs + EV + simulation_id + reconciliation refs,Change-controlled config; adapters healthy; required data loaded; kill-switch false.,F001-F016 + detector-specific equation,MEV-07-007-T01..T07,MEV-07-007-I01..I06,NP>0; NetROI>=group target; EV>=MinEV; ExpectedROI>0; capture/success/revert/risk thresholds pass.,Simulation PASS + math tests PASS + invariants PASS + atomic repayment when required.,All declared oracle/bridge/external dependencies PASS/fresh.,LIVE requires reconciled trade count >= policy minimum and reconciled PnL >=0.,Group Policy=APPROVED_FOR_LIVE; Stage=LIVE; Enabled=YES; ManualApproval=YES; Input/Alpha/Data/Economic/Execution/Dependency/Evidence gates all PASS.,Any missing/stale data; nonpositive alpha; economic threshold fail; simulation/test/invariant fail; dependency fail; insufficient reconciled evidence; no approval.,NO-GO,GROUP_POLICY_NOT_APPROVED,Condicional,Opcional,No,No,DERIVATIVE_DATA_REQUIRED,op_13 Regression; op_08 Kalman; op_21 Newton-Raphson,op_10 Welford; op_16 Kelly; op_22 Monte Carlo; op_23 Queueing,TRUE,Gas; slippage; competencia; revert; state drift,RealizedNetPnL = value(balance_after-balance_before) - gas - explicit external costs; bind to tx/settlement receipt; unexplained delta => QUARANTINE.,https://www.cfainstitute.org/insights/professional-learning/refresher-readings/2026/option-replication-using-put-call-parity,,
MEV-07-008,7,Funding-rate arbitrage,Derivados y volatilidad,DERIVATIVES,D_FUNDING,Funding-rate carry arbitrage,Expected net over horizon H: funding receipts - spot/perp basis convergence risk - borrow/carry - fees - slippage. Require hedgeable books.,Funding schedule/rate; perp and spot books; borrow rate; margin; horizon.,DS01+DS02+DS03+DS07+DS09+DS10+DS11,derivatives_engine,StrategyConfig + Snapshot + Candidate + amount + adapters + risk context,GateEvidence + exact quote + costs + EV + simulation_id + reconciliation refs,Change-controlled config; adapters healthy; required data loaded; kill-switch false.,F001-F016 + detector-specific equation,MEV-07-008-T01..T07,MEV-07-008-I01..I06,NP>0; NetROI>=group target; EV>=MinEV; ExpectedROI>0; capture/success/revert/risk thresholds pass.,Simulation PASS + math tests PASS + invariants PASS + atomic repayment when required.,All declared oracle/bridge/external dependencies PASS/fresh.,LIVE requires reconciled trade count >= policy minimum and reconciled PnL >=0.,Group Policy=APPROVED_FOR_LIVE; Stage=LIVE; Enabled=YES; ManualApproval=YES; Input/Alpha/Data/Economic/Execution/Dependency/Evidence gates all PASS.,Any missing/stale data; nonpositive alpha; economic threshold fail; simulation/test/invariant fail; dependency fail; insufficient reconciled evidence; no approval.,NO-GO,GROUP_POLICY_NOT_APPROVED,Condicional,Opcional,No,No,DERIVATIVE_DATA_REQUIRED,op_13 Regression; op_08 Kalman; op_10 Welford,op_11 Bayes; op_16 Kelly; op_22 Monte Carlo; op_23 Queueing,TRUE,Gas; slippage; competencia; revert; state drift,RealizedNetPnL = value(balance_after-balance_before) - gas - explicit external costs; bind to tx/settlement receipt; unexplained delta => QUARANTINE.,https://www.cfainstitute.org/insights/professional-learning/refresher-readings/2026/option-replication-using-put-call-parity,,
MEV-07-009,7,Cross-exchange funding arbitrage,Derivados y volatilidad,DERIVATIVES,D_FUNDING,Funding-rate carry arbitrage,Expected net over horizon H: funding receipts - spot/perp basis convergence risk - borrow/carry - fees - slippage. Require hedgeable books.,Funding schedule/rate; perp and spot books; borrow rate; margin; horizon.,DS01+DS02+DS03+DS07+DS09+DS10+DS11,derivatives_engine,StrategyConfig + Snapshot + Candidate + amount + adapters + risk context,GateEvidence + exact quote + costs + EV + simulation_id + reconciliation refs,Change-controlled config; adapters healthy; required data loaded; kill-switch false.,F001-F016 + detector-specific equation,MEV-07-009-T01..T07,MEV-07-009-I01..I06,NP>0; NetROI>=group target; EV>=MinEV; ExpectedROI>0; capture/success/revert/risk thresholds pass.,Simulation PASS + math tests PASS + invariants PASS + atomic repayment when required.,All declared oracle/bridge/external dependencies PASS/fresh.,LIVE requires reconciled trade count >= policy minimum and reconciled PnL >=0.,Group Policy=APPROVED_FOR_LIVE; Stage=LIVE; Enabled=YES; ManualApproval=YES; Input/Alpha/Data/Economic/Execution/Dependency/Evidence gates all PASS.,Any missing/stale data; nonpositive alpha; economic threshold fail; simulation/test/invariant fail; dependency fail; insufficient reconciled evidence; no approval.,NO-GO,GROUP_POLICY_NOT_APPROVED,Condicional,Opcional,No,No,DERIVATIVE_DATA_REQUIRED,op_13 Regression; op_08 Kalman; op_10 Welford,op_11 Bayes; op_16 Kelly; op_22 Monte Carlo; op_23 Queueing,TRUE,Gas; slippage; competencia; revert; state drift,RealizedNetPnL = value(balance_after-balance_before) - gas - explicit external costs; bind to tx/settlement receipt; unexplained delta => QUARANTINE.,https://www.cfainstitute.org/insights/professional-learning/refresher-readings/2026/option-replication-using-put-call-parity,,
MEV-07-010,7,Calendar-spread arbitrage,Derivados y volatilidad,DERIVATIVES,D_BASIS,Spot/future/perpetual basis no-arbitrage,"Compare derivative price to carry-adjusted spot/forward replication; for perp include expected funding. Opportunity is hedged net convergence after margin, fees and funding.",Spot and derivative firm books; mark/index; rates/carry; funding; expiry; fees; margin.,DS01+DS02+DS03+DS07+DS09+DS10+DS11,derivatives_engine,StrategyConfig + Snapshot + Candidate + amount + adapters + risk context,GateEvidence + exact quote + costs + EV + simulation_id + reconciliation refs,Change-controlled config; adapters healthy; required data loaded; kill-switch false.,F001-F016 + detector-specific equation,MEV-07-010-T01..T07,MEV-07-010-I01..I06,NP>0; NetROI>=group target; EV>=MinEV; ExpectedROI>0; capture/success/revert/risk thresholds pass.,Simulation PASS + math tests PASS + invariants PASS + atomic repayment when required.,All declared oracle/bridge/external dependencies PASS/fresh.,LIVE requires reconciled trade count >= policy minimum and reconciled PnL >=0.,Group Policy=APPROVED_FOR_LIVE; Stage=LIVE; Enabled=YES; ManualApproval=YES; Input/Alpha/Data/Economic/Execution/Dependency/Evidence gates all PASS.,Any missing/stale data; nonpositive alpha; economic threshold fail; simulation/test/invariant fail; dependency fail; insufficient reconciled evidence; no approval.,NO-GO,GROUP_POLICY_NOT_APPROVED,Condicional,Opcional,No,No,DERIVATIVE_DATA_REQUIRED,op_13 Regression; op_08 Kalman; op_21 Newton-Raphson,op_10 Welford; op_16 Kelly; op_22 Monte Carlo; op_23 Queueing,TRUE,Gas; slippage; competencia; revert; state drift,RealizedNetPnL = value(balance_after-balance_before) - gas - explicit external costs; bind to tx/settlement receipt; unexplained delta => QUARANTINE.,https://www.cfainstitute.org/insights/professional-learning/refresher-readings/2026/option-replication-using-put-call-parity,,
MEV-07-011,7,Cross-maturity futures arbitrage,Derivados y volatilidad,DERIVATIVES,D_BASIS,Spot/future/perpetual basis no-arbitrage,"Compare derivative price to carry-adjusted spot/forward replication; for perp include expected funding. Opportunity is hedged net convergence after margin, fees and funding.",Spot and derivative firm books; mark/index; rates/carry; funding; expiry; fees; margin.,DS01+DS02+DS03+DS07+DS09+DS10+DS11,derivatives_engine,StrategyConfig + Snapshot + Candidate + amount + adapters + risk context,GateEvidence + exact quote + costs + EV + simulation_id + reconciliation refs,Change-controlled config; adapters healthy; required data loaded; kill-switch false.,F001-F016 + detector-specific equation,MEV-07-011-T01..T07,MEV-07-011-I01..I06,NP>0; NetROI>=group target; EV>=MinEV; ExpectedROI>0; capture/success/revert/risk thresholds pass.,Simulation PASS + math tests PASS + invariants PASS + atomic repayment when required.,All declared oracle/bridge/external dependencies PASS/fresh.,LIVE requires reconciled trade count >= policy minimum and reconciled PnL >=0.,Group Policy=APPROVED_FOR_LIVE; Stage=LIVE; Enabled=YES; ManualApproval=YES; Input/Alpha/Data/Economic/Execution/Dependency/Evidence gates all PASS.,Any missing/stale data; nonpositive alpha; economic threshold fail; simulation/test/invariant fail; dependency fail; insufficient reconciled evidence; no approval.,NO-GO,GROUP_POLICY_NOT_APPROVED,Condicional,Opcional,No,No,DERIVATIVE_DATA_REQUIRED,op_13 Regression; op_08 Kalman; op_21 Newton-Raphson,op_10 Welford; op_16 Kelly; op_22 Monte Carlo; op_23 Queueing,TRUE,Gas; slippage; competencia; revert; state drift,RealizedNetPnL = value(balance_after-balance_before) - gas - explicit external costs; bind to tx/settlement receipt; unexplained delta => QUARANTINE.,https://www.cfainstitute.org/insights/professional-learning/refresher-readings/2026/option-replication-using-put-call-parity,,
MEV-07-012,7,Index-price arbitrage,Derivados y volatilidad,DERIVATIVES,D_BASIS,Spot/future/perpetual basis no-arbitrage,"Compare derivative price to carry-adjusted spot/forward replication; for perp include expected funding. Opportunity is hedged net convergence after margin, fees and funding.",Spot and derivative firm books; mark/index; rates/carry; funding; expiry; fees; margin.,DS01+DS02+DS03+DS07+DS09+DS10+DS11+DS04 Oracle,derivatives_engine,StrategyConfig + Snapshot + Candidate + amount + adapters + risk context,GateEvidence + exact quote + costs + EV + simulation_id + reconciliation refs,Change-controlled config; adapters healthy; required data loaded; kill-switch false.,F001-F016 + detector-specific equation,MEV-07-012-T01..T07,MEV-07-012-I01..I06,NP>0; NetROI>=group target; EV>=MinEV; ExpectedROI>0; capture/success/revert/risk thresholds pass.,Simulation PASS + math tests PASS + invariants PASS + atomic repayment when required.,All declared oracle/bridge/external dependencies PASS/fresh.,LIVE requires reconciled trade count >= policy minimum and reconciled PnL >=0.,Group Policy=APPROVED_FOR_LIVE; Stage=LIVE; Enabled=YES; ManualApproval=YES; Input/Alpha/Data/Economic/Execution/Dependency/Evidence gates all PASS.,Any missing/stale data; nonpositive alpha; economic threshold fail; simulation/test/invariant fail; dependency fail; insufficient reconciled evidence; no approval.,NO-GO,GROUP_POLICY_NOT_APPROVED,Condicional,Sí,No,No,DERIVATIVE_DATA_REQUIRED,op_13 Regression; op_08 Kalman; op_21 Newton-Raphson,op_10 Welford; op_16 Kelly; op_22 Monte Carlo; op_23 Queueing,TRUE,Gas; slippage; competencia; revert; state drift,RealizedNetPnL = value(balance_after-balance_before) - gas - explicit external costs; bind to tx/settlement receipt; unexplained delta => QUARANTINE.,https://www.cfainstitute.org/insights/professional-learning/refresher-readings/2026/option-replication-using-put-call-parity,,
MEV-07-013,7,Mark-price arbitrage,Derivados y volatilidad,DERIVATIVES,D_BASIS,Spot/future/perpetual basis no-arbitrage,"Compare derivative price to carry-adjusted spot/forward replication; for perp include expected funding. Opportunity is hedged net convergence after margin, fees and funding.",Spot and derivative firm books; mark/index; rates/carry; funding; expiry; fees; margin.,DS01+DS02+DS03+DS07+DS09+DS10+DS11+DS04 Oracle,derivatives_engine,StrategyConfig + Snapshot + Candidate + amount + adapters + risk context,GateEvidence + exact quote + costs + EV + simulation_id + reconciliation refs,Change-controlled config; adapters healthy; required data loaded; kill-switch false.,F001-F016 + detector-specific equation,MEV-07-013-T01..T07,MEV-07-013-I01..I06,NP>0; NetROI>=group target; EV>=MinEV; ExpectedROI>0; capture/success/revert/risk thresholds pass.,Simulation PASS + math tests PASS + invariants PASS + atomic repayment when required.,All declared oracle/bridge/external dependencies PASS/fresh.,LIVE requires reconciled trade count >= policy minimum and reconciled PnL >=0.,Group Policy=APPROVED_FOR_LIVE; Stage=LIVE; Enabled=YES; ManualApproval=YES; Input/Alpha/Data/Economic/Execution/Dependency/Evidence gates all PASS.,Any missing/stale data; nonpositive alpha; economic threshold fail; simulation/test/invariant fail; dependency fail; insufficient reconciled evidence; no approval.,NO-GO,GROUP_POLICY_NOT_APPROVED,Condicional,Sí,No,No,DERIVATIVE_DATA_REQUIRED,op_13 Regression; op_08 Kalman; op_21 Newton-Raphson,op_10 Welford; op_16 Kelly; op_22 Monte Carlo; op_23 Queueing,TRUE,Gas; slippage; competencia; revert; state drift,RealizedNetPnL = value(balance_after-balance_before) - gas - explicit external costs; bind to tx/settlement receipt; unexplained delta => QUARANTINE.,https://www.cfainstitute.org/insights/professional-learning/refresher-readings/2026/option-replication-using-put-call-parity,,
MEV-07-014,7,Oracle–perpetual arbitrage,Derivados y volatilidad,DERIVATIVES,D_BASIS,Spot/future/perpetual basis no-arbitrage,"Compare derivative price to carry-adjusted spot/forward replication; for perp include expected funding. Opportunity is hedged net convergence after margin, fees and funding.",Spot and derivative firm books; mark/index; rates/carry; funding; expiry; fees; margin.,DS01+DS02+DS03+DS07+DS09+DS10+DS11+DS04 Oracle,derivatives_engine,StrategyConfig + Snapshot + Candidate + amount + adapters + risk context,GateEvidence + exact quote + costs + EV + simulation_id + reconciliation refs,Change-controlled config; adapters healthy; required data loaded; kill-switch false.,F001-F016 + detector-specific equation,MEV-07-014-T01..T07,MEV-07-014-I01..I06,NP>0; NetROI>=group target; EV>=MinEV; ExpectedROI>0; capture/success/revert/risk thresholds pass.,Simulation PASS + math tests PASS + invariants PASS + atomic repayment when required.,All declared oracle/bridge/external dependencies PASS/fresh.,LIVE requires reconciled trade count >= policy minimum and reconciled PnL >=0.,Group Policy=APPROVED_FOR_LIVE; Stage=LIVE; Enabled=YES; ManualApproval=YES; Input/Alpha/Data/Economic/Execution/Dependency/Evidence gates all PASS.,Any missing/stale data; nonpositive alpha; economic threshold fail; simulation/test/invariant fail; dependency fail; insufficient reconciled evidence; no approval.,NO-GO,GROUP_POLICY_NOT_APPROVED,Condicional,Sí,No,No,DERIVATIVE_DATA_REQUIRED,op_13 Regression; op_08 Kalman; op_21 Newton-Raphson,op_10 Welford; op_16 Kelly; op_22 Monte Carlo; op_23 Queueing,TRUE,Gas; slippage; competencia; revert; state drift,RealizedNetPnL = value(balance_after-balance_before) - gas - explicit external costs; bind to tx/settlement receipt; unexplained delta => QUARANTINE.,https://www.cfainstitute.org/insights/professional-learning/refresher-readings/2026/option-replication-using-put-call-parity,,
MEV-07-015,7,vAMM–spot arbitrage,Derivados y volatilidad,DERIVATIVES,D_BASIS,Spot/future/perpetual basis no-arbitrage,"Compare derivative price to carry-adjusted spot/forward replication; for perp include expected funding. Opportunity is hedged net convergence after margin, fees and funding.",Spot and derivative firm books; mark/index; rates/carry; funding; expiry; fees; margin.,DS01+DS02+DS03+DS07+DS09+DS10+DS11,derivatives_engine,StrategyConfig + Snapshot + Candidate + amount + adapters + risk context,GateEvidence + exact quote + costs + EV + simulation_id + reconciliation refs,Change-controlled config; adapters healthy; required data loaded; kill-switch false.,F001-F016 + detector-specific equation,MEV-07-015-T01..T07,MEV-07-015-I01..I06,NP>0; NetROI>=group target; EV>=MinEV; ExpectedROI>0; capture/success/revert/risk thresholds pass.,Simulation PASS + math tests PASS + invariants PASS + atomic repayment when required.,All declared oracle/bridge/external dependencies PASS/fresh.,LIVE requires reconciled trade count >= policy minimum and reconciled PnL >=0.,Group Policy=APPROVED_FOR_LIVE; Stage=LIVE; Enabled=YES; ManualApproval=YES; Input/Alpha/Data/Economic/Execution/Dependency/Evidence gates all PASS.,Any missing/stale data; nonpositive alpha; economic threshold fail; simulation/test/invariant fail; dependency fail; insufficient reconciled evidence; no approval.,NO-GO,GROUP_POLICY_NOT_APPROVED,Condicional,Opcional,No,No,DERIVATIVE_DATA_REQUIRED,op_13 Regression; op_08 Kalman; op_21 Newton-Raphson,op_10 Welford; op_16 Kelly; op_22 Monte Carlo; op_23 Queueing,TRUE,Gas; slippage; competencia; revert; state drift,RealizedNetPnL = value(balance_after-balance_before) - gas - explicit external costs; bind to tx/settlement receipt; unexplained delta => QUARANTINE.,https://www.cfainstitute.org/insights/professional-learning/refresher-readings/2026/option-replication-using-put-call-parity,,
MEV-07-016,7,Options put–call parity arbitrage,Derivados y volatilidad,DERIVATIVES,D_OPTIONS_PARITY,Options static no-arbitrage parity,European no-income core: C-P = S-PV(K). Conversion/reversal/box compare executable legs with same strike/expiry and financing/dividend adjustments.,Option bid/ask by strike/expiry; spot/forward; rate/dividend/carry; contract multiplier; fees.,DS01+DS02+DS03+DS07+DS09+DS10+DS11,derivatives_engine,StrategyConfig + Snapshot + Candidate + amount + adapters + risk context,GateEvidence + exact quote + costs + EV + simulation_id + reconciliation refs,Change-controlled config; adapters healthy; required data loaded; kill-switch false.,F001-F016 + detector-specific equation,MEV-07-016-T01..T07,MEV-07-016-I01..I06,NP>0; NetROI>=group target; EV>=MinEV; ExpectedROI>0; capture/success/revert/risk thresholds pass.,Simulation PASS + math tests PASS + invariants PASS + atomic repayment when required.,All declared oracle/bridge/external dependencies PASS/fresh.,LIVE requires reconciled trade count >= policy minimum and reconciled PnL >=0.,Group Policy=APPROVED_FOR_LIVE; Stage=LIVE; Enabled=YES; ManualApproval=YES; Input/Alpha/Data/Economic/Execution/Dependency/Evidence gates all PASS.,Any missing/stale data; nonpositive alpha; economic threshold fail; simulation/test/invariant fail; dependency fail; insufficient reconciled evidence; no approval.,NO-GO,GROUP_POLICY_NOT_APPROVED,Condicional,Opcional,No,No,DERIVATIVE_DATA_REQUIRED,op_13 Regression; op_21 Newton-Raphson; op_19 Simplex,op_08 Kalman; op_11 Bayes; op_22 Monte Carlo,TRUE,Gas; slippage; competencia; revert; state drift,RealizedNetPnL = value(balance_after-balance_before) - gas - explicit external costs; bind to tx/settlement receipt; unexplained delta => QUARANTINE.,https://www.cfainstitute.org/insights/professional-learning/refresher-readings/2026/option-replication-using-put-call-parity,,
MEV-07-017,7,Conversion arbitrage,Derivados y volatilidad,DERIVATIVES,D_OPTIONS_PARITY,Options static no-arbitrage parity,European no-income core: C-P = S-PV(K). Conversion/reversal/box compare executable legs with same strike/expiry and financing/dividend adjustments.,Option bid/ask by strike/expiry; spot/forward; rate/dividend/carry; contract multiplier; fees.,DS01+DS02+DS03+DS07+DS09+DS10+DS11,derivatives_engine,StrategyConfig + Snapshot + Candidate + amount + adapters + risk context,GateEvidence + exact quote + costs + EV + simulation_id + reconciliation refs,Change-controlled config; adapters healthy; required data loaded; kill-switch false.,F001-F016 + detector-specific equation,MEV-07-017-T01..T07,MEV-07-017-I01..I06,NP>0; NetROI>=group target; EV>=MinEV; ExpectedROI>0; capture/success/revert/risk thresholds pass.,Simulation PASS + math tests PASS + invariants PASS + atomic repayment when required.,All declared oracle/bridge/external dependencies PASS/fresh.,LIVE requires reconciled trade count >= policy minimum and reconciled PnL >=0.,Group Policy=APPROVED_FOR_LIVE; Stage=LIVE; Enabled=YES; ManualApproval=YES; Input/Alpha/Data/Economic/Execution/Dependency/Evidence gates all PASS.,Any missing/stale data; nonpositive alpha; economic threshold fail; simulation/test/invariant fail; dependency fail; insufficient reconciled evidence; no approval.,NO-GO,GROUP_POLICY_NOT_APPROVED,Condicional,Opcional,No,No,DERIVATIVE_DATA_REQUIRED,op_13 Regression; op_21 Newton-Raphson; op_19 Simplex,op_08 Kalman; op_11 Bayes; op_22 Monte Carlo,TRUE,Gas; slippage; competencia; revert; state drift,RealizedNetPnL = value(balance_after-balance_before) - gas - explicit external costs; bind to tx/settlement receipt; unexplained delta => QUARANTINE.,https://www.cfainstitute.org/insights/professional-learning/refresher-readings/2026/option-replication-using-put-call-parity,,
MEV-07-018,7,Reversal arbitrage,Derivados y volatilidad,DERIVATIVES,D_OPTIONS_PARITY,Options static no-arbitrage parity,European no-income core: C-P = S-PV(K). Conversion/reversal/box compare executable legs with same strike/expiry and financing/dividend adjustments.,Option bid/ask by strike/expiry; spot/forward; rate/dividend/carry; contract multiplier; fees.,DS01+DS02+DS03+DS07+DS09+DS10+DS11,derivatives_engine,StrategyConfig + Snapshot + Candidate + amount + adapters + risk context,GateEvidence + exact quote + costs + EV + simulation_id + reconciliation refs,Change-controlled config; adapters healthy; required data loaded; kill-switch false.,F001-F016 + detector-specific equation,MEV-07-018-T01..T07,MEV-07-018-I01..I06,NP>0; NetROI>=group target; EV>=MinEV; ExpectedROI>0; capture/success/revert/risk thresholds pass.,Simulation PASS + math tests PASS + invariants PASS + atomic repayment when required.,All declared oracle/bridge/external dependencies PASS/fresh.,LIVE requires reconciled trade count >= policy minimum and reconciled PnL >=0.,Group Policy=APPROVED_FOR_LIVE; Stage=LIVE; Enabled=YES; ManualApproval=YES; Input/Alpha/Data/Economic/Execution/Dependency/Evidence gates all PASS.,Any missing/stale data; nonpositive alpha; economic threshold fail; simulation/test/invariant fail; dependency fail; insufficient reconciled evidence; no approval.,NO-GO,GROUP_POLICY_NOT_APPROVED,Condicional,Opcional,No,No,DERIVATIVE_DATA_REQUIRED,op_13 Regression; op_21 Newton-Raphson; op_19 Simplex,op_08 Kalman; op_11 Bayes; op_22 Monte Carlo,TRUE,Gas; slippage; competencia; revert; state drift,RealizedNetPnL = value(balance_after-balance_before) - gas - explicit external costs; bind to tx/settlement receipt; unexplained delta => QUARANTINE.,https://www.cfainstitute.org/insights/professional-learning/refresher-readings/2026/option-replication-using-put-call-parity,,
MEV-07-019,7,Box-spread arbitrage,Derivados y volatilidad,DERIVATIVES,D_OPTIONS_PARITY,Options static no-arbitrage parity,European no-income core: C-P = S-PV(K). Conversion/reversal/box compare executable legs with same strike/expiry and financing/dividend adjustments.,Option bid/ask by strike/expiry; spot/forward; rate/dividend/carry; contract multiplier; fees.,DS01+DS02+DS03+DS07+DS09+DS10+DS11,derivatives_engine,StrategyConfig + Snapshot + Candidate + amount + adapters + risk context,GateEvidence + exact quote + costs + EV + simulation_id + reconciliation refs,Change-controlled config; adapters healthy; required data loaded; kill-switch false.,F001-F016 + detector-specific equation,MEV-07-019-T01..T07,MEV-07-019-I01..I06,NP>0; NetROI>=group target; EV>=MinEV; ExpectedROI>0; capture/success/revert/risk thresholds pass.,Simulation PASS + math tests PASS + invariants PASS + atomic repayment when required.,All declared oracle/bridge/external dependencies PASS/fresh.,LIVE requires reconciled trade count >= policy minimum and reconciled PnL >=0.,Group Policy=APPROVED_FOR_LIVE; Stage=LIVE; Enabled=YES; ManualApproval=YES; Input/Alpha/Data/Economic/Execution/Dependency/Evidence gates all PASS.,Any missing/stale data; nonpositive alpha; economic threshold fail; simulation/test/invariant fail; dependency fail; insufficient reconciled evidence; no approval.,NO-GO,GROUP_POLICY_NOT_APPROVED,Condicional,Opcional,No,No,DERIVATIVE_DATA_REQUIRED,op_13 Regression; op_21 Newton-Raphson; op_19 Simplex,op_08 Kalman; op_11 Bayes; op_22 Monte Carlo,TRUE,Gas; slippage; competencia; revert; state drift,RealizedNetPnL = value(balance_after-balance_before) - gas - explicit external costs; bind to tx/settlement receipt; unexplained delta => QUARANTINE.,https://www.cfainstitute.org/insights/professional-learning/refresher-readings/2026/option-replication-using-put-call-parity,,
MEV-07-020,7,Cross-strike arbitrage,Derivados y volatilidad,DERIVATIVES,D_OPTIONS_SURFACE,Options surface static-arbitrage constraints,Enforce strike monotonicity/convexity and calendar consistency on executable bid/asks; e.g. equally spaced K: C(K1)-2C(K2)+C(K3)≥0. Trade violating butterfly/calendar only if all legs executable.,Full option surface bid/ask; strikes; expiries; spot/forward; rates; depth.,DS01+DS02+DS03+DS07+DS09+DS10+DS11,derivatives_engine,StrategyConfig + Snapshot + Candidate + amount + adapters + risk context,GateEvidence + exact quote + costs + EV + simulation_id + reconciliation refs,Change-controlled config; adapters healthy; required data loaded; kill-switch false.,F001-F016 + detector-specific equation,MEV-07-020-T01..T07,MEV-07-020-I01..I06,NP>0; NetROI>=group target; EV>=MinEV; ExpectedROI>0; capture/success/revert/risk thresholds pass.,Simulation PASS + math tests PASS + invariants PASS + atomic repayment when required.,All declared oracle/bridge/external dependencies PASS/fresh.,LIVE requires reconciled trade count >= policy minimum and reconciled PnL >=0.,Group Policy=APPROVED_FOR_LIVE; Stage=LIVE; Enabled=YES; ManualApproval=YES; Input/Alpha/Data/Economic/Execution/Dependency/Evidence gates all PASS.,Any missing/stale data; nonpositive alpha; economic threshold fail; simulation/test/invariant fail; dependency fail; insufficient reconciled evidence; no approval.,NO-GO,GROUP_POLICY_NOT_APPROVED,Condicional,Opcional,No,No,DERIVATIVE_DATA_REQUIRED,op_13 Regression; op_08 Kalman; op_19 Simplex,op_11 Bayes; op_14 KL divergence; op_22 Monte Carlo,TRUE,Gas; slippage; competencia; revert; state drift,RealizedNetPnL = value(balance_after-balance_before) - gas - explicit external costs; bind to tx/settlement receipt; unexplained delta => QUARANTINE.,https://www.cfainstitute.org/insights/professional-learning/refresher-readings/2026/pricing-valuation-options,,
MEV-07-021,7,Cross-expiry options arbitrage,Derivados y volatilidad,DERIVATIVES,D_OPTIONS_SURFACE,Options surface static-arbitrage constraints,Enforce strike monotonicity/convexity and calendar consistency on executable bid/asks; e.g. equally spaced K: C(K1)-2C(K2)+C(K3)≥0. Trade violating butterfly/calendar only if all legs executable.,Full option surface bid/ask; strikes; expiries; spot/forward; rates; depth.,DS01+DS02+DS03+DS07+DS09+DS10+DS11+DS04 Oracle,derivatives_engine,StrategyConfig + Snapshot + Candidate + amount + adapters + risk context,GateEvidence + exact quote + costs + EV + simulation_id + reconciliation refs,Change-controlled config; adapters healthy; required data loaded; kill-switch false.,F001-F016 + detector-specific equation,MEV-07-021-T01..T07,MEV-07-021-I01..I06,NP>0; NetROI>=group target; EV>=MinEV; ExpectedROI>0; capture/success/revert/risk thresholds pass.,Simulation PASS + math tests PASS + invariants PASS + atomic repayment when required.,All declared oracle/bridge/external dependencies PASS/fresh.,LIVE requires reconciled trade count >= policy minimum and reconciled PnL >=0.,Group Policy=APPROVED_FOR_LIVE; Stage=LIVE; Enabled=YES; ManualApproval=YES; Input/Alpha/Data/Economic/Execution/Dependency/Evidence gates all PASS.,Any missing/stale data; nonpositive alpha; economic threshold fail; simulation/test/invariant fail; dependency fail; insufficient reconciled evidence; no approval.,NO-GO,GROUP_POLICY_NOT_APPROVED,Condicional,Sí,No,No,DERIVATIVE_DATA_REQUIRED,op_13 Regression; op_08 Kalman; op_19 Simplex,op_11 Bayes; op_14 KL divergence; op_22 Monte Carlo,TRUE,Gas; slippage; competencia; revert; state drift,RealizedNetPnL = value(balance_after-balance_before) - gas - explicit external costs; bind to tx/settlement receipt; unexplained delta => QUARANTINE.,https://www.cfainstitute.org/insights/professional-learning/refresher-readings/2026/pricing-valuation-options,,
MEV-07-022,7,Options AMM–order-book arbitrage,Derivados y volatilidad,DERIVATIVES,D_OPTIONS_SURFACE,Options surface static-arbitrage constraints,Enforce strike monotonicity/convexity and calendar consistency on executable bid/asks; e.g. equally spaced K: C(K1)-2C(K2)+C(K3)≥0. Trade violating butterfly/calendar only if all legs executable.,Full option surface bid/ask; strikes; expiries; spot/forward; rates; depth.,DS01+DS02+DS03+DS07+DS09+DS10+DS11,derivatives_engine,StrategyConfig + Snapshot + Candidate + amount + adapters + risk context,GateEvidence + exact quote + costs + EV + simulation_id + reconciliation refs,Change-controlled config; adapters healthy; required data loaded; kill-switch false.,F001-F016 + detector-specific equation,MEV-07-022-T01..T07,MEV-07-022-I01..I06,NP>0; NetROI>=group target; EV>=MinEV; ExpectedROI>0; capture/success/revert/risk thresholds pass.,Simulation PASS + math tests PASS + invariants PASS + atomic repayment when required.,All declared oracle/bridge/external dependencies PASS/fresh.,LIVE requires reconciled trade count >= policy minimum and reconciled PnL >=0.,Group Policy=APPROVED_FOR_LIVE; Stage=LIVE; Enabled=YES; ManualApproval=YES; Input/Alpha/Data/Economic/Execution/Dependency/Evidence gates all PASS.,Any missing/stale data; nonpositive alpha; economic threshold fail; simulation/test/invariant fail; dependency fail; insufficient reconciled evidence; no approval.,NO-GO,GROUP_POLICY_NOT_APPROVED,Condicional,Opcional,No,No,DERIVATIVE_DATA_REQUIRED,op_13 Regression; op_08 Kalman; op_19 Simplex,op_11 Bayes; op_14 KL divergence; op_22 Monte Carlo,TRUE,Gas; slippage; competencia; revert; state drift,RealizedNetPnL = value(balance_after-balance_before) - gas - explicit external costs; bind to tx/settlement receipt; unexplained delta => QUARANTINE.,https://www.cfainstitute.org/insights/professional-learning/refresher-readings/2026/pricing-valuation-options,,
MEV-07-023,7,Cross-venue implied-volatility arbitrage,Derivados y volatilidad,DERIVATIVES,D_OPTIONS_SURFACE,Options surface static-arbitrage constraints,Enforce strike monotonicity/convexity and calendar consistency on executable bid/asks; e.g. equally spaced K: C(K1)-2C(K2)+C(K3)≥0. Trade violating butterfly/calendar only if all legs executable.,Full option surface bid/ask; strikes; expiries; spot/forward; rates; depth.,DS01+DS02+DS03+DS07+DS09+DS10+DS11,derivatives_engine,StrategyConfig + Snapshot + Candidate + amount + adapters + risk context,GateEvidence + exact quote + costs + EV + simulation_id + reconciliation refs,Change-controlled config; adapters healthy; required data loaded; kill-switch false.,F001-F016 + detector-specific equation,MEV-07-023-T01..T07,MEV-07-023-I01..I06,NP>0; NetROI>=group target; EV>=MinEV; ExpectedROI>0; capture/success/revert/risk thresholds pass.,Simulation PASS + math tests PASS + invariants PASS + atomic repayment when required.,All declared oracle/bridge/external dependencies PASS/fresh.,LIVE requires reconciled trade count >= policy minimum and reconciled PnL >=0.,Group Policy=APPROVED_FOR_LIVE; Stage=LIVE; Enabled=YES; ManualApproval=YES; Input/Alpha/Data/Economic/Execution/Dependency/Evidence gates all PASS.,Any missing/stale data; nonpositive alpha; economic threshold fail; simulation/test/invariant fail; dependency fail; insufficient reconciled evidence; no approval.,NO-GO,GROUP_POLICY_NOT_APPROVED,Condicional,Opcional,No,No,DERIVATIVE_DATA_REQUIRED,op_13 Regression; op_08 Kalman; op_19 Simplex,op_11 Bayes; op_14 KL divergence; op_22 Monte Carlo,TRUE,Gas; slippage; competencia; revert; state drift,RealizedNetPnL = value(balance_after-balance_before) - gas - explicit external costs; bind to tx/settlement receipt; unexplained delta => QUARANTINE.,https://www.cfainstitute.org/insights/professional-learning/refresher-readings/2026/pricing-valuation-options,,
MEV-07-024,7,Volatility-surface inconsistency arbitrage,Derivados y volatilidad,DERIVATIVES,D_OPTIONS_SURFACE,Options surface static-arbitrage constraints,Enforce strike monotonicity/convexity and calendar consistency on executable bid/asks; e.g. equally spaced K: C(K1)-2C(K2)+C(K3)≥0. Trade violating butterfly/calendar only if all legs executable.,Full option surface bid/ask; strikes; expiries; spot/forward; rates; depth.,DS01+DS02+DS03+DS07+DS09+DS10+DS11,derivatives_engine,StrategyConfig + Snapshot + Candidate + amount + adapters + risk context,GateEvidence + exact quote + costs + EV + simulation_id + reconciliation refs,Change-controlled config; adapters healthy; required data loaded; kill-switch false.,F001-F016 + detector-specific equation,MEV-07-024-T01..T07,MEV-07-024-I01..I06,NP>0; NetROI>=group target; EV>=MinEV; ExpectedROI>0; capture/success/revert/risk thresholds pass.,Simulation PASS + math tests PASS + invariants PASS + atomic repayment when required.,All declared oracle/bridge/external dependencies PASS/fresh.,LIVE requires reconciled trade count >= policy minimum and reconciled PnL >=0.,Group Policy=APPROVED_FOR_LIVE; Stage=LIVE; Enabled=YES; ManualApproval=YES; Input/Alpha/Data/Economic/Execution/Dependency/Evidence gates all PASS.,Any missing/stale data; nonpositive alpha; economic threshold fail; simulation/test/invariant fail; dependency fail; insufficient reconciled evidence; no approval.,NO-GO,GROUP_POLICY_NOT_APPROVED,Condicional,Opcional,No,No,DERIVATIVE_DATA_REQUIRED,op_13 Regression; op_08 Kalman; op_19 Simplex,op_11 Bayes; op_14 KL divergence; op_22 Monte Carlo,TRUE,Gas; slippage; competencia; revert; state drift,RealizedNetPnL = value(balance_after-balance_before) - gas - explicit external costs; bind to tx/settlement receipt; unexplained delta => QUARANTINE.,https://www.cfainstitute.org/insights/professional-learning/refresher-readings/2026/pricing-valuation-options,,
MEV-07-025,7,Delta-hedged options arbitrage,Derivados y volatilidad,DERIVATIVES,D_OPTIONS_SURFACE,Options surface static-arbitrage constraints,Enforce strike monotonicity/convexity and calendar consistency on executable bid/asks; e.g. equally spaced K: C(K1)-2C(K2)+C(K3)≥0. Trade violating butterfly/calendar only if all legs executable.,Full option surface bid/ask; strikes; expiries; spot/forward; rates; depth.,DS01+DS02+DS03+DS07+DS09+DS10+DS11,derivatives_engine,StrategyConfig + Snapshot + Candidate + amount + adapters + risk context,GateEvidence + exact quote + costs + EV + simulation_id + reconciliation refs,Change-controlled config; adapters healthy; required data loaded; kill-switch false.,F001-F016 + detector-specific equation,MEV-07-025-T01..T07,MEV-07-025-I01..I06,NP>0; NetROI>=group target; EV>=MinEV; ExpectedROI>0; capture/success/revert/risk thresholds pass.,Simulation PASS + math tests PASS + invariants PASS + atomic repayment when required.,All declared oracle/bridge/external dependencies PASS/fresh.,LIVE requires reconciled trade count >= policy minimum and reconciled PnL >=0.,Group Policy=APPROVED_FOR_LIVE; Stage=LIVE; Enabled=YES; ManualApproval=YES; Input/Alpha/Data/Economic/Execution/Dependency/Evidence gates all PASS.,Any missing/stale data; nonpositive alpha; economic threshold fail; simulation/test/invariant fail; dependency fail; insufficient reconciled evidence; no approval.,NO-GO,GROUP_POLICY_NOT_APPROVED,Condicional,Opcional,No,No,DERIVATIVE_DATA_REQUIRED,op_13 Regression; op_08 Kalman; op_19 Simplex,op_11 Bayes; op_14 KL divergence; op_22 Monte Carlo,TRUE,Gas; slippage; competencia; revert; state drift,RealizedNetPnL = value(balance_after-balance_before) - gas - explicit external costs; bind to tx/settlement receipt; unexplained delta => QUARANTINE.,https://www.cfainstitute.org/insights/professional-learning/refresher-readings/2026/pricing-valuation-options,,
MEV-07-026,7,Settlement-price arbitrage,Derivados y volatilidad,DERIVATIVES,D_SETTLE,Derivative settlement / expiry / liquidation convergence,Compute deterministic payoff/settlement value under venue rules and compare with executable acquisition/hedge/unwind cost; include liquidation penalty and expiry timing.,Contract payoff; mark/index/settlement oracle; expiry; position/margin state; executable hedge.,DS01+DS02+DS03+DS07+DS09+DS10+DS11+DS04 Oracle,derivatives_engine,StrategyConfig + Snapshot + Candidate + amount + adapters + risk context,GateEvidence + exact quote + costs + EV + simulation_id + reconciliation refs,Change-controlled config; adapters healthy; required data loaded; kill-switch false.,F001-F016 + detector-specific equation,MEV-07-026-T01..T07,MEV-07-026-I01..I06,NP>0; NetROI>=group target; EV>=MinEV; ExpectedROI>0; capture/success/revert/risk thresholds pass.,Simulation PASS + math tests PASS + invariants PASS + atomic repayment when required.,All declared oracle/bridge/external dependencies PASS/fresh.,LIVE requires reconciled trade count >= policy minimum and reconciled PnL >=0.,Group Policy=APPROVED_FOR_LIVE; Stage=LIVE; Enabled=YES; ManualApproval=YES; Input/Alpha/Data/Economic/Execution/Dependency/Evidence gates all PASS.,Any missing/stale data; nonpositive alpha; economic threshold fail; simulation/test/invariant fail; dependency fail; insufficient reconciled evidence; no approval.,NO-GO,GROUP_POLICY_NOT_APPROVED,Condicional,Sí,No,No,DERIVATIVE_DATA_REQUIRED,op_08 Kalman; op_21 Newton-Raphson; op_23 Queueing,op_11 Bayes; op_13 Regression; op_22 Monte Carlo,TRUE,Gas; slippage; competencia; revert; state drift,RealizedNetPnL = value(balance_after-balance_before) - gas - explicit external costs; bind to tx/settlement receipt; unexplained delta => QUARANTINE.,https://www.cfainstitute.org/insights/professional-learning/refresher-readings/2026/valuing-derivative-one-period-binomial-model,,
MEV-07-027,7,Expiry arbitrage,Derivados y volatilidad,DERIVATIVES,D_SETTLE,Derivative settlement / expiry / liquidation convergence,Compute deterministic payoff/settlement value under venue rules and compare with executable acquisition/hedge/unwind cost; include liquidation penalty and expiry timing.,Contract payoff; mark/index/settlement oracle; expiry; position/margin state; executable hedge.,DS01+DS02+DS03+DS07+DS09+DS10+DS11+DS04 Oracle,derivatives_engine,StrategyConfig + Snapshot + Candidate + amount + adapters + risk context,GateEvidence + exact quote + costs + EV + simulation_id + reconciliation refs,Change-controlled config; adapters healthy; required data loaded; kill-switch false.,F001-F016 + detector-specific equation,MEV-07-027-T01..T07,MEV-07-027-I01..I06,NP>0; NetROI>=group target; EV>=MinEV; ExpectedROI>0; capture/success/revert/risk thresholds pass.,Simulation PASS + math tests PASS + invariants PASS + atomic repayment when required.,All declared oracle/bridge/external dependencies PASS/fresh.,LIVE requires reconciled trade count >= policy minimum and reconciled PnL >=0.,Group Policy=APPROVED_FOR_LIVE; Stage=LIVE; Enabled=YES; ManualApproval=YES; Input/Alpha/Data/Economic/Execution/Dependency/Evidence gates all PASS.,Any missing/stale data; nonpositive alpha; economic threshold fail; simulation/test/invariant fail; dependency fail; insufficient reconciled evidence; no approval.,NO-GO,GROUP_POLICY_NOT_APPROVED,Condicional,Sí,No,No,DERIVATIVE_DATA_REQUIRED,op_08 Kalman; op_21 Newton-Raphson; op_23 Queueing,op_11 Bayes; op_13 Regression; op_22 Monte Carlo,TRUE,Gas; slippage; competencia; revert; state drift,RealizedNetPnL = value(balance_after-balance_before) - gas - explicit external costs; bind to tx/settlement receipt; unexplained delta => QUARANTINE.,https://www.cfainstitute.org/insights/professional-learning/refresher-readings/2026/valuing-derivative-one-period-binomial-model,,
MEV-07-028,7,Derivative-liquidation arbitrage,Derivados y volatilidad,DERIVATIVES,D_SETTLE,Derivative settlement / expiry / liquidation convergence,Compute deterministic payoff/settlement value under venue rules and compare with executable acquisition/hedge/unwind cost; include liquidation penalty and expiry timing.,Contract payoff; mark/index/settlement oracle; expiry; position/margin state; executable hedge.,DS01+DS02+DS03+DS07+DS09+DS10+DS11,derivatives_engine,StrategyConfig + Snapshot + Candidate + amount + adapters + risk context,GateEvidence + exact quote + costs + EV + simulation_id + reconciliation refs,Change-controlled config; adapters healthy; required data loaded; kill-switch false.,F001-F016 + detector-specific equation,MEV-07-028-T01..T07,MEV-07-028-I01..I06,NP>0; NetROI>=group target; EV>=MinEV; ExpectedROI>0; capture/success/revert/risk thresholds pass.,Simulation PASS + math tests PASS + invariants PASS + atomic repayment when required.,All declared oracle/bridge/external dependencies PASS/fresh.,LIVE requires reconciled trade count >= policy minimum and reconciled PnL >=0.,Group Policy=APPROVED_FOR_LIVE; Stage=LIVE; Enabled=YES; ManualApproval=YES; Input/Alpha/Data/Economic/Execution/Dependency/Evidence gates all PASS.,Any missing/stale data; nonpositive alpha; economic threshold fail; simulation/test/invariant fail; dependency fail; insufficient reconciled evidence; no approval.,NO-GO,GROUP_POLICY_NOT_APPROVED,Condicional,Opcional,No,No,DERIVATIVE_DATA_REQUIRED,op_08 Kalman; op_21 Newton-Raphson; op_23 Queueing,op_11 Bayes; op_13 Regression; op_22 Monte Carlo,TRUE,Gas; slippage; competencia; revert; state drift,RealizedNetPnL = value(balance_after-balance_before) - gas - explicit external costs; bind to tx/settlement receipt; unexplained delta => QUARANTINE.,https://www.cfainstitute.org/insights/professional-learning/refresher-readings/2026/valuing-derivative-one-period-binomial-model,,
MEV-07-029,7,Structured-product parity arbitrage,Derivados y volatilidad,DERIVATIVES,D_SETTLE,Derivative settlement / expiry / liquidation convergence,Compute deterministic payoff/settlement value under venue rules and compare with executable acquisition/hedge/unwind cost; include liquidation penalty and expiry timing.,Contract payoff; mark/index/settlement oracle; expiry; position/margin state; executable hedge.,DS01+DS02+DS03+DS07+DS09+DS10+DS11,derivatives_engine,StrategyConfig + Snapshot + Candidate + amount + adapters + risk context,GateEvidence + exact quote + costs + EV + simulation_id + reconciliation refs,Change-controlled config; adapters healthy; required data loaded; kill-switch false.,F001-F016 + detector-specific equation,MEV-07-029-T01..T07,MEV-07-029-I01..I06,NP>0; NetROI>=group target; EV>=MinEV; ExpectedROI>0; capture/success/revert/risk thresholds pass.,Simulation PASS + math tests PASS + invariants PASS + atomic repayment when required.,All declared oracle/bridge/external dependencies PASS/fresh.,LIVE requires reconciled trade count >= policy minimum and reconciled PnL >=0.,Group Policy=APPROVED_FOR_LIVE; Stage=LIVE; Enabled=YES; ManualApproval=YES; Input/Alpha/Data/Economic/Execution/Dependency/Evidence gates all PASS.,Any missing/stale data; nonpositive alpha; economic threshold fail; simulation/test/invariant fail; dependency fail; insufficient reconciled evidence; no approval.,NO-GO,GROUP_POLICY_NOT_APPROVED,Condicional,Opcional,No,No,DERIVATIVE_DATA_REQUIRED,op_08 Kalman; op_21 Newton-Raphson; op_23 Queueing,op_11 Bayes; op_13 Regression; op_22 Monte Carlo,TRUE,Gas; slippage; competencia; revert; state drift,RealizedNetPnL = value(balance_after-balance_before) - gas - explicit external costs; bind to tx/settlement receipt; unexplained delta => QUARANTINE.,https://www.cfainstitute.org/insights/professional-learning/refresher-readings/2026/valuing-derivative-one-period-binomial-model,,
MEV-07-030,7,Leverage-token rebalancing arbitrage,Derivados y volatilidad,DERIVATIVES,D_SETTLE,Derivative settlement / expiry / liquidation convergence,Compute deterministic payoff/settlement value under venue rules and compare with executable acquisition/hedge/unwind cost; include liquidation penalty and expiry timing.,Contract payoff; mark/index/settlement oracle; expiry; position/margin state; executable hedge.,DS01+DS02+DS03+DS07+DS09+DS10+DS11,derivatives_engine,StrategyConfig + Snapshot + Candidate + amount + adapters + risk context,GateEvidence + exact quote + costs + EV + simulation_id + reconciliation refs,Change-controlled config; adapters healthy; required data loaded; kill-switch false.,F001-F016 + detector-specific equation,MEV-07-030-T01..T07,MEV-07-030-I01..I06,NP>0; NetROI>=group target; EV>=MinEV; ExpectedROI>0; capture/success/revert/risk thresholds pass.,Simulation PASS + math tests PASS + invariants PASS + atomic repayment when required.,All declared oracle/bridge/external dependencies PASS/fresh.,LIVE requires reconciled trade count >= policy minimum and reconciled PnL >=0.,Group Policy=APPROVED_FOR_LIVE; Stage=LIVE; Enabled=YES; ManualApproval=YES; Input/Alpha/Data/Economic/Execution/Dependency/Evidence gates all PASS.,Any missing/stale data; nonpositive alpha; economic threshold fail; simulation/test/invariant fail; dependency fail; insufficient reconciled evidence; no approval.,NO-GO,GROUP_POLICY_NOT_APPROVED,Condicional,Opcional,No,No,DERIVATIVE_DATA_REQUIRED,op_08 Kalman; op_21 Newton-Raphson; op_23 Queueing,op_11 Bayes; op_13 Regression; op_22 Monte Carlo,TRUE,Gas; slippage; competencia; revert; state drift,RealizedNetPnL = value(balance_after-balance_before) - gas - explicit external costs; bind to tx/settlement receipt; unexplained delta => QUARANTINE.,https://www.cfainstitute.org/insights/professional-learning/refresher-readings/2026/valuing-derivative-one-period-binomial-model,,
MEV-08-001,8,Borrow-rate arbitrage,"Lending, crédito, liquidaciones y deuda",LENDING,L_RATE,Lending/borrow carry spread,Net carry over horizon H = earned supply/yield - borrow cost - protocol fees - hedge/transaction costs - capital/risk charge.,Supply/borrow indices and rates; utilization; collateral/margin requirements; fees; market hedge.,DS01+DS02+DS03+DS07+DS09+DS10+DS11,credit_liquidation_engine,StrategyConfig + Snapshot + Candidate + amount + adapters + risk context,GateEvidence + exact quote + costs + EV + simulation_id + reconciliation refs,Change-controlled config; adapters healthy; required data loaded; kill-switch false.,F001-F016 + detector-specific equation,MEV-08-001-T01..T07,MEV-08-001-I01..I06,NP>0; NetROI>=group target; EV>=MinEV; ExpectedROI>0; capture/success/revert/risk thresholds pass.,Simulation PASS + math tests PASS + invariants PASS + atomic repayment when required.,All declared oracle/bridge/external dependencies PASS/fresh.,LIVE requires reconciled trade count >= policy minimum and reconciled PnL >=0.,Group Policy=APPROVED_FOR_LIVE; Stage=LIVE; Enabled=YES; ManualApproval=YES; Input/Alpha/Data/Economic/Execution/Dependency/Evidence gates all PASS.,Any missing/stale data; nonpositive alpha; economic threshold fail; simulation/test/invariant fail; dependency fail; insufficient reconciled evidence; no approval.,NO-GO,GROUP_POLICY_NOT_APPROVED,Condicional,No,No,No,DETERMINISTIC_IF_POSITIONS,op_13 Regression; op_08 Kalman; op_21 Newton-Raphson,op_10 Welford; op_11 Bayes; op_16 Kelly; op_22 Monte Carlo,TRUE,Gas; slippage; competencia; revert; state drift,RealizedNetPnL = value(balance_after-balance_before) - gas - explicit external costs; bind to tx/settlement receipt; unexplained delta => QUARANTINE.,https://aave.com/help/borrowing/liquidations,,
MEV-08-002,8,Supply-rate arbitrage,"Lending, crédito, liquidaciones y deuda",LENDING,L_RATE,Lending/borrow carry spread,Net carry over horizon H = earned supply/yield - borrow cost - protocol fees - hedge/transaction costs - capital/risk charge.,Supply/borrow indices and rates; utilization; collateral/margin requirements; fees; market hedge.,DS01+DS02+DS03+DS07+DS09+DS10+DS11,credit_liquidation_engine,StrategyConfig + Snapshot + Candidate + amount + adapters + risk context,GateEvidence + exact quote + costs + EV + simulation_id + reconciliation refs,Change-controlled config; adapters healthy; required data loaded; kill-switch false.,F001-F016 + detector-specific equation,MEV-08-002-T01..T07,MEV-08-002-I01..I06,NP>0; NetROI>=group target; EV>=MinEV; ExpectedROI>0; capture/success/revert/risk thresholds pass.,Simulation PASS + math tests PASS + invariants PASS + atomic repayment when required.,All declared oracle/bridge/external dependencies PASS/fresh.,LIVE requires reconciled trade count >= policy minimum and reconciled PnL >=0.,Group Policy=APPROVED_FOR_LIVE; Stage=LIVE; Enabled=YES; ManualApproval=YES; Input/Alpha/Data/Economic/Execution/Dependency/Evidence gates all PASS.,Any missing/stale data; nonpositive alpha; economic threshold fail; simulation/test/invariant fail; dependency fail; insufficient reconciled evidence; no approval.,NO-GO,GROUP_POLICY_NOT_APPROVED,Condicional,No,No,No,DETERMINISTIC_IF_POSITIONS,op_13 Regression; op_08 Kalman; op_21 Newton-Raphson,op_10 Welford; op_11 Bayes; op_16 Kelly; op_22 Monte Carlo,TRUE,Gas; slippage; competencia; revert; state drift,RealizedNetPnL = value(balance_after-balance_before) - gas - explicit external costs; bind to tx/settlement receipt; unexplained delta => QUARANTINE.,https://aave.com/help/borrowing/liquidations,,
MEV-08-003,8,Cross-lending-protocol arbitrage,"Lending, crédito, liquidaciones y deuda",LENDING,L_RATE,Lending/borrow carry spread,Net carry over horizon H = earned supply/yield - borrow cost - protocol fees - hedge/transaction costs - capital/risk charge.,Supply/borrow indices and rates; utilization; collateral/margin requirements; fees; market hedge.,DS01+DS02+DS03+DS07+DS09+DS10+DS11,credit_liquidation_engine,StrategyConfig + Snapshot + Candidate + amount + adapters + risk context,GateEvidence + exact quote + costs + EV + simulation_id + reconciliation refs,Change-controlled config; adapters healthy; required data loaded; kill-switch false.,F001-F016 + detector-specific equation,MEV-08-003-T01..T07,MEV-08-003-I01..I06,NP>0; NetROI>=group target; EV>=MinEV; ExpectedROI>0; capture/success/revert/risk thresholds pass.,Simulation PASS + math tests PASS + invariants PASS + atomic repayment when required.,All declared oracle/bridge/external dependencies PASS/fresh.,LIVE requires reconciled trade count >= policy minimum and reconciled PnL >=0.,Group Policy=APPROVED_FOR_LIVE; Stage=LIVE; Enabled=YES; ManualApproval=YES; Input/Alpha/Data/Economic/Execution/Dependency/Evidence gates all PASS.,Any missing/stale data; nonpositive alpha; economic threshold fail; simulation/test/invariant fail; dependency fail; insufficient reconciled evidence; no approval.,NO-GO,GROUP_POLICY_NOT_APPROVED,Sí,No,No,No,DETERMINISTIC_IF_POSITIONS,op_13 Regression; op_08 Kalman; op_21 Newton-Raphson,op_10 Welford; op_11 Bayes; op_16 Kelly; op_22 Monte Carlo,TRUE,Gas; slippage; competencia; revert; state drift,RealizedNetPnL = value(balance_after-balance_before) - gas - explicit external costs; bind to tx/settlement receipt; unexplained delta => QUARANTINE.,https://aave.com/help/borrowing/liquidations,,
MEV-08-004,8,Fixed-rate/floating-rate arbitrage,"Lending, crédito, liquidaciones y deuda",LENDING,L_RATE,Lending/borrow carry spread,Net carry over horizon H = earned supply/yield - borrow cost - protocol fees - hedge/transaction costs - capital/risk charge.,Supply/borrow indices and rates; utilization; collateral/margin requirements; fees; market hedge.,DS01+DS02+DS03+DS07+DS09+DS10+DS11,credit_liquidation_engine,StrategyConfig + Snapshot + Candidate + amount + adapters + risk context,GateEvidence + exact quote + costs + EV + simulation_id + reconciliation refs,Change-controlled config; adapters healthy; required data loaded; kill-switch false.,F001-F016 + detector-specific equation,MEV-08-004-T01..T07,MEV-08-004-I01..I06,NP>0; NetROI>=group target; EV>=MinEV; ExpectedROI>0; capture/success/revert/risk thresholds pass.,Simulation PASS + math tests PASS + invariants PASS + atomic repayment when required.,All declared oracle/bridge/external dependencies PASS/fresh.,LIVE requires reconciled trade count >= policy minimum and reconciled PnL >=0.,Group Policy=APPROVED_FOR_LIVE; Stage=LIVE; Enabled=YES; ManualApproval=YES; Input/Alpha/Data/Economic/Execution/Dependency/Evidence gates all PASS.,Any missing/stale data; nonpositive alpha; economic threshold fail; simulation/test/invariant fail; dependency fail; insufficient reconciled evidence; no approval.,NO-GO,GROUP_POLICY_NOT_APPROVED,Condicional,No,No,No,DETERMINISTIC_IF_POSITIONS,op_13 Regression; op_08 Kalman; op_21 Newton-Raphson,op_10 Welford; op_11 Bayes; op_16 Kelly; op_22 Monte Carlo,TRUE,Gas; slippage; competencia; revert; state drift,RealizedNetPnL = value(balance_after-balance_before) - gas - explicit external costs; bind to tx/settlement receipt; unexplained delta => QUARANTINE.,https://aave.com/help/borrowing/liquidations,,
MEV-08-005,8,Refinancing arbitrage,"Lending, crédito, liquidaciones y deuda",LENDING,L_RATE,Lending/borrow carry spread,Net carry over horizon H = earned supply/yield - borrow cost - protocol fees - hedge/transaction costs - capital/risk charge.,Supply/borrow indices and rates; utilization; collateral/margin requirements; fees; market hedge.,DS01+DS02+DS03+DS07+DS09+DS10+DS11,credit_liquidation_engine,StrategyConfig + Snapshot + Candidate + amount + adapters + risk context,GateEvidence + exact quote + costs + EV + simulation_id + reconciliation refs,Change-controlled config; adapters healthy; required data loaded; kill-switch false.,F001-F016 + detector-specific equation,MEV-08-005-T01..T07,MEV-08-005-I01..I06,NP>0; NetROI>=group target; EV>=MinEV; ExpectedROI>0; capture/success/revert/risk thresholds pass.,Simulation PASS + math tests PASS + invariants PASS + atomic repayment when required.,All declared oracle/bridge/external dependencies PASS/fresh.,LIVE requires reconciled trade count >= policy minimum and reconciled PnL >=0.,Group Policy=APPROVED_FOR_LIVE; Stage=LIVE; Enabled=YES; ManualApproval=YES; Input/Alpha/Data/Economic/Execution/Dependency/Evidence gates all PASS.,Any missing/stale data; nonpositive alpha; economic threshold fail; simulation/test/invariant fail; dependency fail; insufficient reconciled evidence; no approval.,NO-GO,GROUP_POLICY_NOT_APPROVED,Condicional,No,No,No,DETERMINISTIC_IF_POSITIONS,op_13 Regression; op_08 Kalman; op_21 Newton-Raphson,op_10 Welford; op_11 Bayes; op_16 Kelly; op_22 Monte Carlo,TRUE,Gas; slippage; competencia; revert; state drift,RealizedNetPnL = value(balance_after-balance_before) - gas - explicit external costs; bind to tx/settlement receipt; unexplained delta => QUARANTINE.,https://aave.com/help/borrowing/liquidations,,
MEV-08-006,8,Collateral-price arbitrage,"Lending, crédito, liquidaciones y deuda",LENDING,L_COLLATERAL,Collateral/debt/wrapper parity,"Value debt/collateral claims in common numeraire using protocol conversion/redemption, then compare executable acquisition/repayment paths net of costs.",Collateral/debt token exchange rates; protocol oracle; repayment/redemption functions; market quotes.,DS01+DS02+DS03+DS07+DS09+DS10+DS11,credit_liquidation_engine,StrategyConfig + Snapshot + Candidate + amount + adapters + risk context,GateEvidence + exact quote + costs + EV + simulation_id + reconciliation refs,Change-controlled config; adapters healthy; required data loaded; kill-switch false.,F001-F016 + detector-specific equation,MEV-08-006-T01..T07,MEV-08-006-I01..I06,NP>0; NetROI>=group target; EV>=MinEV; ExpectedROI>0; capture/success/revert/risk thresholds pass.,Simulation PASS + math tests PASS + invariants PASS + atomic repayment when required.,All declared oracle/bridge/external dependencies PASS/fresh.,LIVE requires reconciled trade count >= policy minimum and reconciled PnL >=0.,Group Policy=APPROVED_FOR_LIVE; Stage=LIVE; Enabled=YES; ManualApproval=YES; Input/Alpha/Data/Economic/Execution/Dependency/Evidence gates all PASS.,Any missing/stale data; nonpositive alpha; economic threshold fail; simulation/test/invariant fail; dependency fail; insufficient reconciled evidence; no approval.,NO-GO,GROUP_POLICY_NOT_APPROVED,Sí,No,No,No,DETERMINISTIC_IF_REDEEMABLE,op_13 Regression; op_08 Kalman; op_21 Newton-Raphson,op_11 Bayes; op_22 Monte Carlo,TRUE,Gas; slippage; competencia; revert; state drift,RealizedNetPnL = value(balance_after-balance_before) - gas - explicit external costs; bind to tx/settlement receipt; unexplained delta => QUARANTINE.,https://aave.com/help/borrowing/liquidations,,
MEV-08-007,8,Collateral-wrapper arbitrage,"Lending, crédito, liquidaciones y deuda",LENDING,L_COLLATERAL,Collateral/debt/wrapper parity,"Value debt/collateral claims in common numeraire using protocol conversion/redemption, then compare executable acquisition/repayment paths net of costs.",Collateral/debt token exchange rates; protocol oracle; repayment/redemption functions; market quotes.,DS01+DS02+DS03+DS07+DS09+DS10+DS11,credit_liquidation_engine,StrategyConfig + Snapshot + Candidate + amount + adapters + risk context,GateEvidence + exact quote + costs + EV + simulation_id + reconciliation refs,Change-controlled config; adapters healthy; required data loaded; kill-switch false.,F001-F016 + detector-specific equation,MEV-08-007-T01..T07,MEV-08-007-I01..I06,NP>0; NetROI>=group target; EV>=MinEV; ExpectedROI>0; capture/success/revert/risk thresholds pass.,Simulation PASS + math tests PASS + invariants PASS + atomic repayment when required.,All declared oracle/bridge/external dependencies PASS/fresh.,LIVE requires reconciled trade count >= policy minimum and reconciled PnL >=0.,Group Policy=APPROVED_FOR_LIVE; Stage=LIVE; Enabled=YES; ManualApproval=YES; Input/Alpha/Data/Economic/Execution/Dependency/Evidence gates all PASS.,Any missing/stale data; nonpositive alpha; economic threshold fail; simulation/test/invariant fail; dependency fail; insufficient reconciled evidence; no approval.,NO-GO,GROUP_POLICY_NOT_APPROVED,Sí,No,No,No,DETERMINISTIC_IF_REDEEMABLE,op_13 Regression; op_08 Kalman; op_21 Newton-Raphson,op_11 Bayes; op_22 Monte Carlo,TRUE,Gas; slippage; competencia; revert; state drift,RealizedNetPnL = value(balance_after-balance_before) - gas - explicit external costs; bind to tx/settlement receipt; unexplained delta => QUARANTINE.,https://aave.com/help/borrowing/liquidations,,
MEV-08-008,8,Debt-token arbitrage,"Lending, crédito, liquidaciones y deuda",LENDING,L_COLLATERAL,Collateral/debt/wrapper parity,"Value debt/collateral claims in common numeraire using protocol conversion/redemption, then compare executable acquisition/repayment paths net of costs.",Collateral/debt token exchange rates; protocol oracle; repayment/redemption functions; market quotes.,DS01+DS02+DS03+DS07+DS09+DS10+DS11,credit_liquidation_engine,StrategyConfig + Snapshot + Candidate + amount + adapters + risk context,GateEvidence + exact quote + costs + EV + simulation_id + reconciliation refs,Change-controlled config; adapters healthy; required data loaded; kill-switch false.,F001-F016 + detector-specific equation,MEV-08-008-T01..T07,MEV-08-008-I01..I06,NP>0; NetROI>=group target; EV>=MinEV; ExpectedROI>0; capture/success/revert/risk thresholds pass.,Simulation PASS + math tests PASS + invariants PASS + atomic repayment when required.,All declared oracle/bridge/external dependencies PASS/fresh.,LIVE requires reconciled trade count >= policy minimum and reconciled PnL >=0.,Group Policy=APPROVED_FOR_LIVE; Stage=LIVE; Enabled=YES; ManualApproval=YES; Input/Alpha/Data/Economic/Execution/Dependency/Evidence gates all PASS.,Any missing/stale data; nonpositive alpha; economic threshold fail; simulation/test/invariant fail; dependency fail; insufficient reconciled evidence; no approval.,NO-GO,GROUP_POLICY_NOT_APPROVED,Sí,No,No,No,DETERMINISTIC_IF_REDEEMABLE,op_13 Regression; op_08 Kalman; op_21 Newton-Raphson,op_11 Bayes; op_22 Monte Carlo,TRUE,Gas; slippage; competencia; revert; state drift,RealizedNetPnL = value(balance_after-balance_before) - gas - explicit external costs; bind to tx/settlement receipt; unexplained delta => QUARANTINE.,https://aave.com/help/borrowing/liquidations,,
MEV-08-009,8,Flash-loan rate arbitrage,"Lending, crédito, liquidaciones y deuda",LENDING,L_RATE,Lending/borrow carry spread,Net carry over horizon H = earned supply/yield - borrow cost - protocol fees - hedge/transaction costs - capital/risk charge.,Supply/borrow indices and rates; utilization; collateral/margin requirements; fees; market hedge.,DS01+DS02+DS03+DS07+DS09+DS10+DS11,credit_liquidation_engine,StrategyConfig + Snapshot + Candidate + amount + adapters + risk context,GateEvidence + exact quote + costs + EV + simulation_id + reconciliation refs,Change-controlled config; adapters healthy; required data loaded; kill-switch false.,F001-F016 + detector-specific equation,MEV-08-009-T01..T07,MEV-08-009-I01..I06,NP>0; NetROI>=group target; EV>=MinEV; ExpectedROI>0; capture/success/revert/risk thresholds pass.,Simulation PASS + math tests PASS + invariants PASS + atomic repayment when required.,All declared oracle/bridge/external dependencies PASS/fresh.,LIVE requires reconciled trade count >= policy minimum and reconciled PnL >=0.,Group Policy=APPROVED_FOR_LIVE; Stage=LIVE; Enabled=YES; ManualApproval=YES; Input/Alpha/Data/Economic/Execution/Dependency/Evidence gates all PASS.,Any missing/stale data; nonpositive alpha; economic threshold fail; simulation/test/invariant fail; dependency fail; insufficient reconciled evidence; no approval.,NO-GO,GROUP_POLICY_NOT_APPROVED,Sí,No,No,No,DETERMINISTIC_IF_POSITIONS,op_13 Regression; op_08 Kalman; op_21 Newton-Raphson,op_10 Welford; op_11 Bayes; op_16 Kelly; op_22 Monte Carlo,TRUE,Gas; slippage; competencia; revert; state drift,RealizedNetPnL = value(balance_after-balance_before) - gas - explicit external costs; bind to tx/settlement receipt; unexplained delta => QUARANTINE.,https://aave.com/help/borrowing/liquidations,,
MEV-08-010,8,Credit-delegation arbitrage,"Lending, crédito, liquidaciones y deuda",LENDING,L_RATE,Lending/borrow carry spread,Net carry over horizon H = earned supply/yield - borrow cost - protocol fees - hedge/transaction costs - capital/risk charge.,Supply/borrow indices and rates; utilization; collateral/margin requirements; fees; market hedge.,DS01+DS02+DS03+DS07+DS09+DS10+DS11,credit_liquidation_engine,StrategyConfig + Snapshot + Candidate + amount + adapters + risk context,GateEvidence + exact quote + costs + EV + simulation_id + reconciliation refs,Change-controlled config; adapters healthy; required data loaded; kill-switch false.,F001-F016 + detector-specific equation,MEV-08-010-T01..T07,MEV-08-010-I01..I06,NP>0; NetROI>=group target; EV>=MinEV; ExpectedROI>0; capture/success/revert/risk thresholds pass.,Simulation PASS + math tests PASS + invariants PASS + atomic repayment when required.,All declared oracle/bridge/external dependencies PASS/fresh.,LIVE requires reconciled trade count >= policy minimum and reconciled PnL >=0.,Group Policy=APPROVED_FOR_LIVE; Stage=LIVE; Enabled=YES; ManualApproval=YES; Input/Alpha/Data/Economic/Execution/Dependency/Evidence gates all PASS.,Any missing/stale data; nonpositive alpha; economic threshold fail; simulation/test/invariant fail; dependency fail; insufficient reconciled evidence; no approval.,NO-GO,GROUP_POLICY_NOT_APPROVED,Condicional,No,No,No,DETERMINISTIC_IF_POSITIONS,op_13 Regression; op_08 Kalman; op_21 Newton-Raphson,op_10 Welford; op_11 Bayes; op_16 Kelly; op_22 Monte Carlo,TRUE,Gas; slippage; competencia; revert; state drift,RealizedNetPnL = value(balance_after-balance_before) - gas - explicit external costs; bind to tx/settlement receipt; unexplained delta => QUARANTINE.,https://aave.com/help/borrowing/liquidations,,
MEV-08-011,8,Leverage-loop arbitrage,"Lending, crédito, liquidaciones y deuda",LENDING,L_LOOP,Recursive leverage-loop carry,Optimize leverage n / LTV to maximize net APY or finite-horizon P&L subject to health-factor/risk buffer and borrow/supply rate feedback.,LTV/liquidation threshold; supply/borrow rates; collateral factor; loop fees; gas.,DS01+DS02+DS03+DS07+DS09+DS10+DS11,credit_liquidation_engine,StrategyConfig + Snapshot + Candidate + amount + adapters + risk context,GateEvidence + exact quote + costs + EV + simulation_id + reconciliation refs,Change-controlled config; adapters healthy; required data loaded; kill-switch false.,F001-F016 + detector-specific equation,MEV-08-011-T01..T07,MEV-08-011-I01..I06,NP>0; NetROI>=group target; EV>=MinEV; ExpectedROI>0; capture/success/revert/risk thresholds pass.,Simulation PASS + math tests PASS + invariants PASS + atomic repayment when required.,All declared oracle/bridge/external dependencies PASS/fresh.,LIVE requires reconciled trade count >= policy minimum and reconciled PnL >=0.,Group Policy=APPROVED_FOR_LIVE; Stage=LIVE; Enabled=YES; ManualApproval=YES; Input/Alpha/Data/Economic/Execution/Dependency/Evidence gates all PASS.,Any missing/stale data; nonpositive alpha; economic threshold fail; simulation/test/invariant fail; dependency fail; insufficient reconciled evidence; no approval.,NO-GO,GROUP_POLICY_NOT_APPROVED,Sí,No,No,No,DETERMINISTIC_POSITION_STRATEGY,op_17 Pontryagin; op_20 Gradient Descent; op_21 Newton-Raphson,op_13 Regression; op_16 Kelly; op_22 Monte Carlo,TRUE,Gas; slippage; competencia; revert; state drift,RealizedNetPnL = value(balance_after-balance_before) - gas - explicit external costs; bind to tx/settlement receipt; unexplained delta => QUARANTINE.,https://aave.com/help/borrowing/liquidations,,
MEV-08-012,8,Liquidation discount arbitrage,"Lending, crédito, liquidaciones y deuda",LENDING,L_LIQ,Lending liquidation,Eligibility via protocol health metric (Aave: HF=(collateral value×weighted liquidation threshold)/borrow value; liquidation when HF<1). Π=seized collateral executable value-debt repaid-gas-flash/unwind costs.,Account collateral/debt; liquidation thresholds/bonuses; oracle prices; close factor; firm unwind route; gas/flash fee.,DS01+DS02+DS03+DS07+DS09+DS10+DS11,credit_liquidation_engine,StrategyConfig + Snapshot + Candidate + amount + adapters + risk context,GateEvidence + exact quote + costs + EV + simulation_id + reconciliation refs,Change-controlled config; adapters healthy; required data loaded; kill-switch false.,F001-F016 + detector-specific equation,MEV-08-012-T01..T07,MEV-08-012-I01..I06,NP>0; NetROI>=group target; EV>=MinEV; ExpectedROI>0; capture/success/revert/risk thresholds pass.,Simulation PASS + math tests PASS + invariants PASS + atomic repayment when required.,All declared oracle/bridge/external dependencies PASS/fresh.,LIVE requires reconciled trade count >= policy minimum and reconciled PnL >=0.,Group Policy=APPROVED_FOR_LIVE; Stage=LIVE; Enabled=YES; ManualApproval=YES; Input/Alpha/Data/Economic/Execution/Dependency/Evidence gates all PASS.,Any missing/stale data; nonpositive alpha; economic threshold fail; simulation/test/invariant fail; dependency fail; insufficient reconciled evidence; no approval.,NO-GO,GROUP_POLICY_NOT_APPROVED,Sí,No,No,No,DETERMINISTIC_LIQUIDATION,op_21 Newton-Raphson; op_08 Kalman; op_26 Flash Loan; op_16 Kelly,op_11 Bayes; op_13 Regression; op_22 Monte Carlo; op_23 Queueing,TRUE,Gas; slippage; competencia; revert; state drift,RealizedNetPnL = value(balance_after-balance_before) - gas - explicit external costs; bind to tx/settlement receipt; unexplained delta => QUARANTINE.,https://aave.com/help/borrowing/liquidations,,
MEV-08-013,8,Partial-liquidation arbitrage,"Lending, crédito, liquidaciones y deuda",LENDING,L_LIQ,Lending liquidation,Eligibility via protocol health metric (Aave: HF=(collateral value×weighted liquidation threshold)/borrow value; liquidation when HF<1). Π=seized collateral executable value-debt repaid-gas-flash/unwind costs.,Account collateral/debt; liquidation thresholds/bonuses; oracle prices; close factor; firm unwind route; gas/flash fee.,DS01+DS02+DS03+DS07+DS09+DS10+DS11,credit_liquidation_engine,StrategyConfig + Snapshot + Candidate + amount + adapters + risk context,GateEvidence + exact quote + costs + EV + simulation_id + reconciliation refs,Change-controlled config; adapters healthy; required data loaded; kill-switch false.,F001-F016 + detector-specific equation,MEV-08-013-T01..T07,MEV-08-013-I01..I06,NP>0; NetROI>=group target; EV>=MinEV; ExpectedROI>0; capture/success/revert/risk thresholds pass.,Simulation PASS + math tests PASS + invariants PASS + atomic repayment when required.,All declared oracle/bridge/external dependencies PASS/fresh.,LIVE requires reconciled trade count >= policy minimum and reconciled PnL >=0.,Group Policy=APPROVED_FOR_LIVE; Stage=LIVE; Enabled=YES; ManualApproval=YES; Input/Alpha/Data/Economic/Execution/Dependency/Evidence gates all PASS.,Any missing/stale data; nonpositive alpha; economic threshold fail; simulation/test/invariant fail; dependency fail; insufficient reconciled evidence; no approval.,NO-GO,GROUP_POLICY_NOT_APPROVED,Sí,No,No,No,DETERMINISTIC_LIQUIDATION,op_21 Newton-Raphson; op_08 Kalman; op_26 Flash Loan; op_16 Kelly,op_11 Bayes; op_13 Regression; op_22 Monte Carlo; op_23 Queueing,TRUE,Gas; slippage; competencia; revert; state drift,RealizedNetPnL = value(balance_after-balance_before) - gas - explicit external costs; bind to tx/settlement receipt; unexplained delta => QUARANTINE.,https://aave.com/help/borrowing/liquidations,,
MEV-08-014,8,Full-liquidation arbitrage,"Lending, crédito, liquidaciones y deuda",LENDING,L_LIQ,Lending liquidation,Eligibility via protocol health metric (Aave: HF=(collateral value×weighted liquidation threshold)/borrow value; liquidation when HF<1). Π=seized collateral executable value-debt repaid-gas-flash/unwind costs.,Account collateral/debt; liquidation thresholds/bonuses; oracle prices; close factor; firm unwind route; gas/flash fee.,DS01+DS02+DS03+DS07+DS09+DS10+DS11,credit_liquidation_engine,StrategyConfig + Snapshot + Candidate + amount + adapters + risk context,GateEvidence + exact quote + costs + EV + simulation_id + reconciliation refs,Change-controlled config; adapters healthy; required data loaded; kill-switch false.,F001-F016 + detector-specific equation,MEV-08-014-T01..T07,MEV-08-014-I01..I06,NP>0; NetROI>=group target; EV>=MinEV; ExpectedROI>0; capture/success/revert/risk thresholds pass.,Simulation PASS + math tests PASS + invariants PASS + atomic repayment when required.,All declared oracle/bridge/external dependencies PASS/fresh.,LIVE requires reconciled trade count >= policy minimum and reconciled PnL >=0.,Group Policy=APPROVED_FOR_LIVE; Stage=LIVE; Enabled=YES; ManualApproval=YES; Input/Alpha/Data/Economic/Execution/Dependency/Evidence gates all PASS.,Any missing/stale data; nonpositive alpha; economic threshold fail; simulation/test/invariant fail; dependency fail; insufficient reconciled evidence; no approval.,NO-GO,GROUP_POLICY_NOT_APPROVED,Sí,No,No,No,DETERMINISTIC_LIQUIDATION,op_21 Newton-Raphson; op_08 Kalman; op_26 Flash Loan; op_16 Kelly,op_11 Bayes; op_13 Regression; op_22 Monte Carlo; op_23 Queueing,TRUE,Gas; slippage; competencia; revert; state drift,RealizedNetPnL = value(balance_after-balance_before) - gas - explicit external costs; bind to tx/settlement receipt; unexplained delta => QUARANTINE.,https://aave.com/help/borrowing/liquidations,,
MEV-08-015,8,Cross-protocol liquidation arbitrage,"Lending, crédito, liquidaciones y deuda",LENDING,L_LIQ,Lending liquidation,Eligibility via protocol health metric (Aave: HF=(collateral value×weighted liquidation threshold)/borrow value; liquidation when HF<1). Π=seized collateral executable value-debt repaid-gas-flash/unwind costs.,Account collateral/debt; liquidation thresholds/bonuses; oracle prices; close factor; firm unwind route; gas/flash fee.,DS01+DS02+DS03+DS07+DS09+DS10+DS11,credit_liquidation_engine,StrategyConfig + Snapshot + Candidate + amount + adapters + risk context,GateEvidence + exact quote + costs + EV + simulation_id + reconciliation refs,Change-controlled config; adapters healthy; required data loaded; kill-switch false.,F001-F016 + detector-specific equation,MEV-08-015-T01..T07,MEV-08-015-I01..I06,NP>0; NetROI>=group target; EV>=MinEV; ExpectedROI>0; capture/success/revert/risk thresholds pass.,Simulation PASS + math tests PASS + invariants PASS + atomic repayment when required.,All declared oracle/bridge/external dependencies PASS/fresh.,LIVE requires reconciled trade count >= policy minimum and reconciled PnL >=0.,Group Policy=APPROVED_FOR_LIVE; Stage=LIVE; Enabled=YES; ManualApproval=YES; Input/Alpha/Data/Economic/Execution/Dependency/Evidence gates all PASS.,Any missing/stale data; nonpositive alpha; economic threshold fail; simulation/test/invariant fail; dependency fail; insufficient reconciled evidence; no approval.,NO-GO,GROUP_POLICY_NOT_APPROVED,Sí,No,No,No,DETERMINISTIC_LIQUIDATION,op_21 Newton-Raphson; op_08 Kalman; op_26 Flash Loan; op_16 Kelly,op_11 Bayes; op_13 Regression; op_22 Monte Carlo; op_23 Queueing,TRUE,Gas; slippage; competencia; revert; state drift,RealizedNetPnL = value(balance_after-balance_before) - gas - explicit external costs; bind to tx/settlement receipt; unexplained delta => QUARANTINE.,https://aave.com/help/borrowing/liquidations,,
MEV-08-016,8,Cross-chain liquidation arbitrage,"Lending, crédito, liquidaciones y deuda",LENDING,L_LIQ,Lending liquidation,Eligibility via protocol health metric (Aave: HF=(collateral value×weighted liquidation threshold)/borrow value; liquidation when HF<1). Π=seized collateral executable value-debt repaid-gas-flash/unwind costs.,Account collateral/debt; liquidation thresholds/bonuses; oracle prices; close factor; firm unwind route; gas/flash fee.,DS01+DS02+DS03+DS07+DS09+DS10+DS11+DS06 Bridge,credit_liquidation_engine,StrategyConfig + Snapshot + Candidate + amount + adapters + risk context,GateEvidence + exact quote + costs + EV + simulation_id + reconciliation refs,Change-controlled config; adapters healthy; required data loaded; kill-switch false.,F001-F016 + detector-specific equation,MEV-08-016-T01..T07,MEV-08-016-I01..I06,NP>0; NetROI>=group target; EV>=MinEV; ExpectedROI>0; capture/success/revert/risk thresholds pass.,Simulation PASS + math tests PASS + invariants PASS + atomic repayment when required.,All declared oracle/bridge/external dependencies PASS/fresh.,LIVE requires reconciled trade count >= policy minimum and reconciled PnL >=0.,Group Policy=APPROVED_FOR_LIVE; Stage=LIVE; Enabled=YES; ManualApproval=YES; Input/Alpha/Data/Economic/Execution/Dependency/Evidence gates all PASS.,Any missing/stale data; nonpositive alpha; economic threshold fail; simulation/test/invariant fail; dependency fail; insufficient reconciled evidence; no approval.,NO-GO,GROUP_POLICY_NOT_APPROVED,No,No,Sí,No,DETERMINISTIC_LIQUIDATION,op_21 Newton-Raphson; op_08 Kalman; op_26 Flash Loan; op_16 Kelly,op_11 Bayes; op_13 Regression; op_22 Monte Carlo; op_23 Queueing,TRUE,Gas; slippage; competencia; revert; state drift,RealizedNetPnL = value(balance_after-balance_before) - gas - explicit external costs; bind to tx/settlement receipt; unexplained delta => QUARANTINE.,https://aave.com/help/borrowing/liquidations,,
MEV-08-017,8,Oracle-update liquidation backrun,"Lending, crédito, liquidaciones y deuda",LENDING,L_LIQ,Lending liquidation,Eligibility via protocol health metric (Aave: HF=(collateral value×weighted liquidation threshold)/borrow value; liquidation when HF<1). Π=seized collateral executable value-debt repaid-gas-flash/unwind costs.,Account collateral/debt; liquidation thresholds/bonuses; oracle prices; close factor; firm unwind route; gas/flash fee.,DS01+DS02+DS03+DS07+DS09+DS10+DS11+DS04 Oracle,credit_liquidation_engine,StrategyConfig + Snapshot + Candidate + amount + adapters + risk context,GateEvidence + exact quote + costs + EV + simulation_id + reconciliation refs,Change-controlled config; adapters healthy; required data loaded; kill-switch false.,F001-F016 + detector-specific equation,MEV-08-017-T01..T07,MEV-08-017-I01..I06,NP>0; NetROI>=group target; EV>=MinEV; ExpectedROI>0; capture/success/revert/risk thresholds pass.,Simulation PASS + math tests PASS + invariants PASS + atomic repayment when required.,All declared oracle/bridge/external dependencies PASS/fresh.,LIVE requires reconciled trade count >= policy minimum and reconciled PnL >=0.,Group Policy=APPROVED_FOR_LIVE; Stage=LIVE; Enabled=YES; ManualApproval=YES; Input/Alpha/Data/Economic/Execution/Dependency/Evidence gates all PASS.,Any missing/stale data; nonpositive alpha; economic threshold fail; simulation/test/invariant fail; dependency fail; insufficient reconciled evidence; no approval.,NO-GO,GROUP_POLICY_NOT_APPROVED,Sí,Sí,No,No,DETERMINISTIC_LIQUIDATION,op_21 Newton-Raphson; op_08 Kalman; op_26 Flash Loan; op_16 Kelly,op_11 Bayes; op_13 Regression; op_22 Monte Carlo; op_23 Queueing,TRUE,Gas; slippage; competencia; revert; state drift,RealizedNetPnL = value(balance_after-balance_before) - gas - explicit external costs; bind to tx/settlement receipt; unexplained delta => QUARANTINE.,https://aave.com/help/borrowing/liquidations,,
MEV-08-018,8,Liquidation-auction arbitrage,"Lending, crédito, liquidaciones y deuda",LENDING,L_AUCTION,Credit / bad-debt auction,"Π(q,t)=ConservativeCollateralValue(q)-AuctionCost(q,t)-UnwindCost(q)-Gas-capital risk; solve lot size and timing under exact auction rules.",Auction lot/price curve; collateral; protocol debt; deadline; market liquidity.,DS01+DS02+DS03+DS07+DS09+DS10+DS11,credit_liquidation_engine,StrategyConfig + Snapshot + Candidate + amount + adapters + risk context,GateEvidence + exact quote + costs + EV + simulation_id + reconciliation refs,Change-controlled config; adapters healthy; required data loaded; kill-switch false.,F001-F016 + detector-specific equation,MEV-08-018-T01..T07,MEV-08-018-I01..I06,NP>0; NetROI>=group target; EV>=MinEV; ExpectedROI>0; capture/success/revert/risk thresholds pass.,Simulation PASS + math tests PASS + invariants PASS + atomic repayment when required.,All declared oracle/bridge/external dependencies PASS/fresh.,LIVE requires reconciled trade count >= policy minimum and reconciled PnL >=0.,Group Policy=APPROVED_FOR_LIVE; Stage=LIVE; Enabled=YES; ManualApproval=YES; Input/Alpha/Data/Economic/Execution/Dependency/Evidence gates all PASS.,Any missing/stale data; nonpositive alpha; economic threshold fail; simulation/test/invariant fail; dependency fail; insufficient reconciled evidence; no approval.,NO-GO,GROUP_POLICY_NOT_APPROVED,Sí,No,No,No,DETERMINISTIC_AUCTION,op_19 Simplex; op_21 Newton-Raphson; op_23 Queueing,op_08 Kalman; op_11 Bayes; op_22 Monte Carlo,TRUE,Gas; slippage; competencia; revert; state drift,RealizedNetPnL = value(balance_after-balance_before) - gas - explicit external costs; bind to tx/settlement receipt; unexplained delta => QUARANTINE.,https://aave.com/help/borrowing/liquidations,,
MEV-08-019,8,Dutch-auction liquidation arbitrage,"Lending, crédito, liquidaciones y deuda",LENDING,L_AUCTION,Credit / bad-debt auction,"Π(q,t)=ConservativeCollateralValue(q)-AuctionCost(q,t)-UnwindCost(q)-Gas-capital risk; solve lot size and timing under exact auction rules.",Auction lot/price curve; collateral; protocol debt; deadline; market liquidity.,DS01+DS02+DS03+DS07+DS09+DS10+DS11,credit_liquidation_engine,StrategyConfig + Snapshot + Candidate + amount + adapters + risk context,GateEvidence + exact quote + costs + EV + simulation_id + reconciliation refs,Change-controlled config; adapters healthy; required data loaded; kill-switch false.,F001-F016 + detector-specific equation,MEV-08-019-T01..T07,MEV-08-019-I01..I06,NP>0; NetROI>=group target; EV>=MinEV; ExpectedROI>0; capture/success/revert/risk thresholds pass.,Simulation PASS + math tests PASS + invariants PASS + atomic repayment when required.,All declared oracle/bridge/external dependencies PASS/fresh.,LIVE requires reconciled trade count >= policy minimum and reconciled PnL >=0.,Group Policy=APPROVED_FOR_LIVE; Stage=LIVE; Enabled=YES; ManualApproval=YES; Input/Alpha/Data/Economic/Execution/Dependency/Evidence gates all PASS.,Any missing/stale data; nonpositive alpha; economic threshold fail; simulation/test/invariant fail; dependency fail; insufficient reconciled evidence; no approval.,NO-GO,GROUP_POLICY_NOT_APPROVED,Sí,No,No,No,DETERMINISTIC_AUCTION,op_19 Simplex; op_21 Newton-Raphson; op_23 Queueing,op_08 Kalman; op_11 Bayes; op_22 Monte Carlo,TRUE,Gas; slippage; competencia; revert; state drift,RealizedNetPnL = value(balance_after-balance_before) - gas - explicit external costs; bind to tx/settlement receipt; unexplained delta => QUARANTINE.,https://aave.com/help/borrowing/liquidations,,
MEV-08-020,8,Bad-debt auction arbitrage,"Lending, crédito, liquidaciones y deuda",LENDING,L_AUCTION,Credit / bad-debt auction,"Π(q,t)=ConservativeCollateralValue(q)-AuctionCost(q,t)-UnwindCost(q)-Gas-capital risk; solve lot size and timing under exact auction rules.",Auction lot/price curve; collateral; protocol debt; deadline; market liquidity.,DS01+DS02+DS03+DS07+DS09+DS10+DS11,credit_liquidation_engine,StrategyConfig + Snapshot + Candidate + amount + adapters + risk context,GateEvidence + exact quote + costs + EV + simulation_id + reconciliation refs,Change-controlled config; adapters healthy; required data loaded; kill-switch false.,F001-F016 + detector-specific equation,MEV-08-020-T01..T07,MEV-08-020-I01..I06,NP>0; NetROI>=group target; EV>=MinEV; ExpectedROI>0; capture/success/revert/risk thresholds pass.,Simulation PASS + math tests PASS + invariants PASS + atomic repayment when required.,All declared oracle/bridge/external dependencies PASS/fresh.,LIVE requires reconciled trade count >= policy minimum and reconciled PnL >=0.,Group Policy=APPROVED_FOR_LIVE; Stage=LIVE; Enabled=YES; ManualApproval=YES; Input/Alpha/Data/Economic/Execution/Dependency/Evidence gates all PASS.,Any missing/stale data; nonpositive alpha; economic threshold fail; simulation/test/invariant fail; dependency fail; insufficient reconciled evidence; no approval.,NO-GO,GROUP_POLICY_NOT_APPROVED,Sí,No,No,No,DETERMINISTIC_AUCTION,op_19 Simplex; op_21 Newton-Raphson; op_23 Queueing,op_08 Kalman; op_11 Bayes; op_22 Monte Carlo,TRUE,Gas; slippage; competencia; revert; state drift,RealizedNetPnL = value(balance_after-balance_before) - gas - explicit external costs; bind to tx/settlement receipt; unexplained delta => QUARANTINE.,https://aave.com/help/borrowing/liquidations,,
MEV-08-021,8,Recapitalization auction arbitrage,"Lending, crédito, liquidaciones y deuda",LENDING,L_AUCTION,Credit / bad-debt auction,"Π(q,t)=ConservativeCollateralValue(q)-AuctionCost(q,t)-UnwindCost(q)-Gas-capital risk; solve lot size and timing under exact auction rules.",Auction lot/price curve; collateral; protocol debt; deadline; market liquidity.,DS01+DS02+DS03+DS07+DS09+DS10+DS11,credit_liquidation_engine,StrategyConfig + Snapshot + Candidate + amount + adapters + risk context,GateEvidence + exact quote + costs + EV + simulation_id + reconciliation refs,Change-controlled config; adapters healthy; required data loaded; kill-switch false.,F001-F016 + detector-specific equation,MEV-08-021-T01..T07,MEV-08-021-I01..I06,NP>0; NetROI>=group target; EV>=MinEV; ExpectedROI>0; capture/success/revert/risk thresholds pass.,Simulation PASS + math tests PASS + invariants PASS + atomic repayment when required.,All declared oracle/bridge/external dependencies PASS/fresh.,LIVE requires reconciled trade count >= policy minimum and reconciled PnL >=0.,Group Policy=APPROVED_FOR_LIVE; Stage=LIVE; Enabled=YES; ManualApproval=YES; Input/Alpha/Data/Economic/Execution/Dependency/Evidence gates all PASS.,Any missing/stale data; nonpositive alpha; economic threshold fail; simulation/test/invariant fail; dependency fail; insufficient reconciled evidence; no approval.,NO-GO,GROUP_POLICY_NOT_APPROVED,Sí,No,No,No,DETERMINISTIC_AUCTION,op_19 Simplex; op_21 Newton-Raphson; op_23 Queueing,op_08 Kalman; op_11 Bayes; op_22 Monte Carlo,TRUE,Gas; slippage; competencia; revert; state drift,RealizedNetPnL = value(balance_after-balance_before) - gas - explicit external costs; bind to tx/settlement receipt; unexplained delta => QUARANTINE.,https://aave.com/help/borrowing/liquidations,,
MEV-08-022,8,Collateral redemption arbitrage,"Lending, crédito, liquidaciones y deuda",LENDING,L_COLLATERAL,Collateral/debt/wrapper parity,"Value debt/collateral claims in common numeraire using protocol conversion/redemption, then compare executable acquisition/repayment paths net of costs.",Collateral/debt token exchange rates; protocol oracle; repayment/redemption functions; market quotes.,DS01+DS02+DS03+DS07+DS09+DS10+DS11,credit_liquidation_engine,StrategyConfig + Snapshot + Candidate + amount + adapters + risk context,GateEvidence + exact quote + costs + EV + simulation_id + reconciliation refs,Change-controlled config; adapters healthy; required data loaded; kill-switch false.,F001-F016 + detector-specific equation,MEV-08-022-T01..T07,MEV-08-022-I01..I06,NP>0; NetROI>=group target; EV>=MinEV; ExpectedROI>0; capture/success/revert/risk thresholds pass.,Simulation PASS + math tests PASS + invariants PASS + atomic repayment when required.,All declared oracle/bridge/external dependencies PASS/fresh.,LIVE requires reconciled trade count >= policy minimum and reconciled PnL >=0.,Group Policy=APPROVED_FOR_LIVE; Stage=LIVE; Enabled=YES; ManualApproval=YES; Input/Alpha/Data/Economic/Execution/Dependency/Evidence gates all PASS.,Any missing/stale data; nonpositive alpha; economic threshold fail; simulation/test/invariant fail; dependency fail; insufficient reconciled evidence; no approval.,NO-GO,GROUP_POLICY_NOT_APPROVED,Sí,No,No,No,DETERMINISTIC_IF_REDEEMABLE,op_13 Regression; op_08 Kalman; op_21 Newton-Raphson,op_11 Bayes; op_22 Monte Carlo,TRUE,Gas; slippage; competencia; revert; state drift,RealizedNetPnL = value(balance_after-balance_before) - gas - explicit external costs; bind to tx/settlement receipt; unexplained delta => QUARANTINE.,https://aave.com/help/borrowing/liquidations,,
MEV-08-023,8,Debt-repayment arbitrage,"Lending, crédito, liquidaciones y deuda",LENDING,L_COLLATERAL,Collateral/debt/wrapper parity,"Value debt/collateral claims in common numeraire using protocol conversion/redemption, then compare executable acquisition/repayment paths net of costs.",Collateral/debt token exchange rates; protocol oracle; repayment/redemption functions; market quotes.,DS01+DS02+DS03+DS07+DS09+DS10+DS11,credit_liquidation_engine,StrategyConfig + Snapshot + Candidate + amount + adapters + risk context,GateEvidence + exact quote + costs + EV + simulation_id + reconciliation refs,Change-controlled config; adapters healthy; required data loaded; kill-switch false.,F001-F016 + detector-specific equation,MEV-08-023-T01..T07,MEV-08-023-I01..I06,NP>0; NetROI>=group target; EV>=MinEV; ExpectedROI>0; capture/success/revert/risk thresholds pass.,Simulation PASS + math tests PASS + invariants PASS + atomic repayment when required.,All declared oracle/bridge/external dependencies PASS/fresh.,LIVE requires reconciled trade count >= policy minimum and reconciled PnL >=0.,Group Policy=APPROVED_FOR_LIVE; Stage=LIVE; Enabled=YES; ManualApproval=YES; Input/Alpha/Data/Economic/Execution/Dependency/Evidence gates all PASS.,Any missing/stale data; nonpositive alpha; economic threshold fail; simulation/test/invariant fail; dependency fail; insufficient reconciled evidence; no approval.,NO-GO,GROUP_POLICY_NOT_APPROVED,Sí,No,No,No,DETERMINISTIC_IF_REDEEMABLE,op_13 Regression; op_08 Kalman; op_21 Newton-Raphson,op_11 Bayes; op_22 Monte Carlo,TRUE,Gas; slippage; competencia; revert; state drift,RealizedNetPnL = value(balance_after-balance_before) - gas - explicit external costs; bind to tx/settlement receipt; unexplained delta => QUARANTINE.,https://aave.com/help/borrowing/liquidations,,
MEV-08-024,8,Underwater-position takeover arbitrage,"Lending, crédito, liquidaciones y deuda",LENDING,L_LIQ,Lending liquidation,Eligibility via protocol health metric (Aave: HF=(collateral value×weighted liquidation threshold)/borrow value; liquidation when HF<1). Π=seized collateral executable value-debt repaid-gas-flash/unwind costs.,Account collateral/debt; liquidation thresholds/bonuses; oracle prices; close factor; firm unwind route; gas/flash fee.,DS01+DS02+DS03+DS07+DS09+DS10+DS11,credit_liquidation_engine,StrategyConfig + Snapshot + Candidate + amount + adapters + risk context,GateEvidence + exact quote + costs + EV + simulation_id + reconciliation refs,Change-controlled config; adapters healthy; required data loaded; kill-switch false.,F001-F016 + detector-specific equation,MEV-08-024-T01..T07,MEV-08-024-I01..I06,NP>0; NetROI>=group target; EV>=MinEV; ExpectedROI>0; capture/success/revert/risk thresholds pass.,Simulation PASS + math tests PASS + invariants PASS + atomic repayment when required.,All declared oracle/bridge/external dependencies PASS/fresh.,LIVE requires reconciled trade count >= policy minimum and reconciled PnL >=0.,Group Policy=APPROVED_FOR_LIVE; Stage=LIVE; Enabled=YES; ManualApproval=YES; Input/Alpha/Data/Economic/Execution/Dependency/Evidence gates all PASS.,Any missing/stale data; nonpositive alpha; economic threshold fail; simulation/test/invariant fail; dependency fail; insufficient reconciled evidence; no approval.,NO-GO,GROUP_POLICY_NOT_APPROVED,Sí,No,No,No,DETERMINISTIC_LIQUIDATION,op_21 Newton-Raphson; op_08 Kalman; op_26 Flash Loan; op_16 Kelly,op_11 Bayes; op_13 Regression; op_22 Monte Carlo; op_23 Queueing,TRUE,Gas; slippage; competencia; revert; state drift,RealizedNetPnL = value(balance_after-balance_before) - gas - explicit external costs; bind to tx/settlement receipt; unexplained delta => QUARANTINE.,https://aave.com/help/borrowing/liquidations,,
MEV-08-025,8,Interest-accrual timing arbitrage,"Lending, crédito, liquidaciones y deuda",LENDING,L_RATE,Lending/borrow carry spread,Net carry over horizon H = earned supply/yield - borrow cost - protocol fees - hedge/transaction costs - capital/risk charge.,Supply/borrow indices and rates; utilization; collateral/margin requirements; fees; market hedge.,DS01+DS02+DS03+DS07+DS09+DS10+DS11,credit_liquidation_engine,StrategyConfig + Snapshot + Candidate + amount + adapters + risk context,GateEvidence + exact quote + costs + EV + simulation_id + reconciliation refs,Change-controlled config; adapters healthy; required data loaded; kill-switch false.,F001-F016 + detector-specific equation,MEV-08-025-T01..T07,MEV-08-025-I01..I06,NP>0; NetROI>=group target; EV>=MinEV; ExpectedROI>0; capture/success/revert/risk thresholds pass.,Simulation PASS + math tests PASS + invariants PASS + atomic repayment when required.,All declared oracle/bridge/external dependencies PASS/fresh.,LIVE requires reconciled trade count >= policy minimum and reconciled PnL >=0.,Group Policy=APPROVED_FOR_LIVE; Stage=LIVE; Enabled=YES; ManualApproval=YES; Input/Alpha/Data/Economic/Execution/Dependency/Evidence gates all PASS.,Any missing/stale data; nonpositive alpha; economic threshold fail; simulation/test/invariant fail; dependency fail; insufficient reconciled evidence; no approval.,NO-GO,GROUP_POLICY_NOT_APPROVED,Condicional,No,No,No,DETERMINISTIC_IF_POSITIONS,op_13 Regression; op_08 Kalman; op_21 Newton-Raphson,op_10 Welford; op_11 Bayes; op_16 Kelly; op_22 Monte Carlo,TRUE,Gas; slippage; competencia; revert; state drift,RealizedNetPnL = value(balance_after-balance_before) - gas - explicit external costs; bind to tx/settlement receipt; unexplained delta => QUARANTINE.,https://aave.com/help/borrowing/liquidations,,
MEV-09-001,9,Solver arbitrage,"Intents, solvers, subastas y order flow",INTENT_AUCTION,I_ROUTE,Intent/solver optimal settlement,"maximize user/solver executable surplus under limit prices, token conservation, balances and settlement constraints; compare AMM/CLOB/RFQ routes.",Intent/order constraints; balances/approvals; external liquidity; gas; valid-to; settlement contract.,DS01+DS02+DS03+DS07+DS09+DS10+DS11,intents_solver_engine,StrategyConfig + Snapshot + Candidate + amount + adapters + risk context,GateEvidence + exact quote + costs + EV + simulation_id + reconciliation refs,Change-controlled config; adapters healthy; required data loaded; kill-switch false.,F001-F016 + detector-specific equation,MEV-09-001-T01..T07,MEV-09-001-I01..I06,NP>0; NetROI>=group target; EV>=MinEV; ExpectedROI>0; capture/success/revert/risk thresholds pass.,Simulation PASS + math tests PASS + invariants PASS + atomic repayment when required.,All declared oracle/bridge/external dependencies PASS/fresh.,LIVE requires reconciled trade count >= policy minimum and reconciled PnL >=0.,Group Policy=APPROVED_FOR_LIVE; Stage=LIVE; Enabled=YES; ManualApproval=YES; Input/Alpha/Data/Economic/Execution/Dependency/Evidence gates all PASS.,Any missing/stale data; nonpositive alpha; economic threshold fail; simulation/test/invariant fail; dependency fail; insufficient reconciled evidence; no approval.,NO-GO,GROUP_POLICY_NOT_APPROVED,Sí,No,No,No,DETERMINISTIC_SETTLEMENT,op_19 Simplex; op_27 Path Ordering; op_29 Shapley,op_20 Gradient Descent; op_22 Monte Carlo; op_24 Nash; op_23 Queueing,TRUE,Gas; slippage; competencia; revert; state drift,RealizedNetPnL = value(balance_after-balance_before) - gas - explicit external costs; bind to tx/settlement receipt; unexplained delta => QUARANTINE.,https://docs.cow.fi/,,
MEV-09-002,9,Intent-to-AMM arbitrage,"Intents, solvers, subastas y order flow",INTENT_AUCTION,I_ROUTE,Intent/solver optimal settlement,"maximize user/solver executable surplus under limit prices, token conservation, balances and settlement constraints; compare AMM/CLOB/RFQ routes.",Intent/order constraints; balances/approvals; external liquidity; gas; valid-to; settlement contract.,DS01+DS02+DS03+DS07+DS09+DS10+DS11,intents_solver_engine,StrategyConfig + Snapshot + Candidate + amount + adapters + risk context,GateEvidence + exact quote + costs + EV + simulation_id + reconciliation refs,Change-controlled config; adapters healthy; required data loaded; kill-switch false.,F001-F016 + detector-specific equation,MEV-09-002-T01..T07,MEV-09-002-I01..I06,NP>0; NetROI>=group target; EV>=MinEV; ExpectedROI>0; capture/success/revert/risk thresholds pass.,Simulation PASS + math tests PASS + invariants PASS + atomic repayment when required.,All declared oracle/bridge/external dependencies PASS/fresh.,LIVE requires reconciled trade count >= policy minimum and reconciled PnL >=0.,Group Policy=APPROVED_FOR_LIVE; Stage=LIVE; Enabled=YES; ManualApproval=YES; Input/Alpha/Data/Economic/Execution/Dependency/Evidence gates all PASS.,Any missing/stale data; nonpositive alpha; economic threshold fail; simulation/test/invariant fail; dependency fail; insufficient reconciled evidence; no approval.,NO-GO,GROUP_POLICY_NOT_APPROVED,Sí,No,No,No,DETERMINISTIC_SETTLEMENT,op_19 Simplex; op_27 Path Ordering; op_29 Shapley,op_20 Gradient Descent; op_22 Monte Carlo; op_24 Nash; op_23 Queueing,TRUE,Gas; slippage; competencia; revert; state drift,RealizedNetPnL = value(balance_after-balance_before) - gas - explicit external costs; bind to tx/settlement receipt; unexplained delta => QUARANTINE.,https://docs.cow.fi/,,
MEV-09-003,9,Intent-to-CLOB arbitrage,"Intents, solvers, subastas y order flow",INTENT_AUCTION,I_ROUTE,Intent/solver optimal settlement,"maximize user/solver executable surplus under limit prices, token conservation, balances and settlement constraints; compare AMM/CLOB/RFQ routes.",Intent/order constraints; balances/approvals; external liquidity; gas; valid-to; settlement contract.,DS01+DS02+DS03+DS07+DS09+DS10+DS11,intents_solver_engine,StrategyConfig + Snapshot + Candidate + amount + adapters + risk context,GateEvidence + exact quote + costs + EV + simulation_id + reconciliation refs,Change-controlled config; adapters healthy; required data loaded; kill-switch false.,F001-F016 + detector-specific equation,MEV-09-003-T01..T07,MEV-09-003-I01..I06,NP>0; NetROI>=group target; EV>=MinEV; ExpectedROI>0; capture/success/revert/risk thresholds pass.,Simulation PASS + math tests PASS + invariants PASS + atomic repayment when required.,All declared oracle/bridge/external dependencies PASS/fresh.,LIVE requires reconciled trade count >= policy minimum and reconciled PnL >=0.,Group Policy=APPROVED_FOR_LIVE; Stage=LIVE; Enabled=YES; ManualApproval=YES; Input/Alpha/Data/Economic/Execution/Dependency/Evidence gates all PASS.,Any missing/stale data; nonpositive alpha; economic threshold fail; simulation/test/invariant fail; dependency fail; insufficient reconciled evidence; no approval.,NO-GO,GROUP_POLICY_NOT_APPROVED,Sí,No,No,No,DETERMINISTIC_SETTLEMENT,op_19 Simplex; op_27 Path Ordering; op_29 Shapley,op_20 Gradient Descent; op_22 Monte Carlo; op_24 Nash; op_23 Queueing,TRUE,Gas; slippage; competencia; revert; state drift,RealizedNetPnL = value(balance_after-balance_before) - gas - explicit external costs; bind to tx/settlement receipt; unexplained delta => QUARANTINE.,https://docs.cow.fi/,,
MEV-09-004,9,Intent-to-RFQ arbitrage,"Intents, solvers, subastas y order flow",INTENT_AUCTION,I_ROUTE,Intent/solver optimal settlement,"maximize user/solver executable surplus under limit prices, token conservation, balances and settlement constraints; compare AMM/CLOB/RFQ routes.",Intent/order constraints; balances/approvals; external liquidity; gas; valid-to; settlement contract.,DS01+DS02+DS03+DS07+DS09+DS10+DS11,intents_solver_engine,StrategyConfig + Snapshot + Candidate + amount + adapters + risk context,GateEvidence + exact quote + costs + EV + simulation_id + reconciliation refs,Change-controlled config; adapters healthy; required data loaded; kill-switch false.,F001-F016 + detector-specific equation,MEV-09-004-T01..T07,MEV-09-004-I01..I06,NP>0; NetROI>=group target; EV>=MinEV; ExpectedROI>0; capture/success/revert/risk thresholds pass.,Simulation PASS + math tests PASS + invariants PASS + atomic repayment when required.,All declared oracle/bridge/external dependencies PASS/fresh.,LIVE requires reconciled trade count >= policy minimum and reconciled PnL >=0.,Group Policy=APPROVED_FOR_LIVE; Stage=LIVE; Enabled=YES; ManualApproval=YES; Input/Alpha/Data/Economic/Execution/Dependency/Evidence gates all PASS.,Any missing/stale data; nonpositive alpha; economic threshold fail; simulation/test/invariant fail; dependency fail; insufficient reconciled evidence; no approval.,NO-GO,GROUP_POLICY_NOT_APPROVED,Sí,No,No,No,DETERMINISTIC_SETTLEMENT,op_19 Simplex; op_27 Path Ordering; op_29 Shapley,op_20 Gradient Descent; op_22 Monte Carlo; op_24 Nash; op_23 Queueing,TRUE,Gas; slippage; competencia; revert; state drift,RealizedNetPnL = value(balance_after-balance_before) - gas - explicit external costs; bind to tx/settlement receipt; unexplained delta => QUARANTINE.,https://docs.cow.fi/,,
MEV-09-005,9,Cross-intent netting arbitrage,"Intents, solvers, subastas y order flow",INTENT_AUCTION,I_BATCH,Batch/combinatorial intent matching,"Find feasible matching/clearing maximizing total surplus across orders plus external liquidity, subject to conservation and individual limit-price constraints.",Batch intents; limit prices; token graph; external quotes; settlement constraints.,DS01+DS02+DS03+DS07+DS09+DS10+DS11,intents_solver_engine,StrategyConfig + Snapshot + Candidate + amount + adapters + risk context,GateEvidence + exact quote + costs + EV + simulation_id + reconciliation refs,Change-controlled config; adapters healthy; required data loaded; kill-switch false.,F001-F016 + detector-specific equation,MEV-09-005-T01..T07,MEV-09-005-I01..I06,NP>0; NetROI>=group target; EV>=MinEV; ExpectedROI>0; capture/success/revert/risk thresholds pass.,Simulation PASS + math tests PASS + invariants PASS + atomic repayment when required.,All declared oracle/bridge/external dependencies PASS/fresh.,LIVE requires reconciled trade count >= policy minimum and reconciled PnL >=0.,Group Policy=APPROVED_FOR_LIVE; Stage=LIVE; Enabled=YES; ManualApproval=YES; Input/Alpha/Data/Economic/Execution/Dependency/Evidence gates all PASS.,Any missing/stale data; nonpositive alpha; economic threshold fail; simulation/test/invariant fail; dependency fail; insufficient reconciled evidence; no approval.,NO-GO,GROUP_POLICY_NOT_APPROVED,Sí,No,No,No,DETERMINISTIC_SETTLEMENT,op_19 Simplex; op_29 Shapley; op_24 Nash,op_20 Gradient Descent; op_27 Path Ordering; op_22 Monte Carlo,TRUE,Gas; slippage; competencia; revert; state drift,RealizedNetPnL = value(balance_after-balance_before) - gas - explicit external costs; bind to tx/settlement receipt; unexplained delta => QUARANTINE.,https://docs.cow.fi/,,
MEV-09-006,9,Coincidence-of-Wants settlement,"Intents, solvers, subastas y order flow",INTENT_AUCTION,I_BATCH,Batch/combinatorial intent matching,"Find feasible matching/clearing maximizing total surplus across orders plus external liquidity, subject to conservation and individual limit-price constraints.",Batch intents; limit prices; token graph; external quotes; settlement constraints.,DS01+DS02+DS03+DS07+DS09+DS10+DS11,intents_solver_engine,StrategyConfig + Snapshot + Candidate + amount + adapters + risk context,GateEvidence + exact quote + costs + EV + simulation_id + reconciliation refs,Change-controlled config; adapters healthy; required data loaded; kill-switch false.,F001-F016 + detector-specific equation,MEV-09-006-T01..T07,MEV-09-006-I01..I06,NP>0; NetROI>=group target; EV>=MinEV; ExpectedROI>0; capture/success/revert/risk thresholds pass.,Simulation PASS + math tests PASS + invariants PASS + atomic repayment when required.,All declared oracle/bridge/external dependencies PASS/fresh.,LIVE requires reconciled trade count >= policy minimum and reconciled PnL >=0.,Group Policy=APPROVED_FOR_LIVE; Stage=LIVE; Enabled=YES; ManualApproval=YES; Input/Alpha/Data/Economic/Execution/Dependency/Evidence gates all PASS.,Any missing/stale data; nonpositive alpha; economic threshold fail; simulation/test/invariant fail; dependency fail; insufficient reconciled evidence; no approval.,NO-GO,GROUP_POLICY_NOT_APPROVED,Sí,No,No,No,DETERMINISTIC_SETTLEMENT,op_19 Simplex; op_29 Shapley; op_24 Nash,op_20 Gradient Descent; op_27 Path Ordering; op_22 Monte Carlo,TRUE,Gas; slippage; competencia; revert; state drift,RealizedNetPnL = value(balance_after-balance_before) - gas - explicit external costs; bind to tx/settlement receipt; unexplained delta => QUARANTINE.,https://docs.cow.fi/,,
MEV-09-007,9,Batch-auction arbitrage,"Intents, solvers, subastas y order flow",INTENT_AUCTION,I_BATCH,Batch/combinatorial intent matching,"Find feasible matching/clearing maximizing total surplus across orders plus external liquidity, subject to conservation and individual limit-price constraints.",Batch intents; limit prices; token graph; external quotes; settlement constraints.,DS01+DS02+DS03+DS07+DS09+DS10+DS11,intents_solver_engine,StrategyConfig + Snapshot + Candidate + amount + adapters + risk context,GateEvidence + exact quote + costs + EV + simulation_id + reconciliation refs,Change-controlled config; adapters healthy; required data loaded; kill-switch false.,F001-F016 + detector-specific equation,MEV-09-007-T01..T07,MEV-09-007-I01..I06,NP>0; NetROI>=group target; EV>=MinEV; ExpectedROI>0; capture/success/revert/risk thresholds pass.,Simulation PASS + math tests PASS + invariants PASS + atomic repayment when required.,All declared oracle/bridge/external dependencies PASS/fresh.,LIVE requires reconciled trade count >= policy minimum and reconciled PnL >=0.,Group Policy=APPROVED_FOR_LIVE; Stage=LIVE; Enabled=YES; ManualApproval=YES; Input/Alpha/Data/Economic/Execution/Dependency/Evidence gates all PASS.,Any missing/stale data; nonpositive alpha; economic threshold fail; simulation/test/invariant fail; dependency fail; insufficient reconciled evidence; no approval.,NO-GO,GROUP_POLICY_NOT_APPROVED,Sí,No,No,No,DETERMINISTIC_SETTLEMENT,op_19 Simplex; op_29 Shapley; op_24 Nash,op_20 Gradient Descent; op_27 Path Ordering; op_22 Monte Carlo,TRUE,Gas; slippage; competencia; revert; state drift,RealizedNetPnL = value(balance_after-balance_before) - gas - explicit external costs; bind to tx/settlement receipt; unexplained delta => QUARANTINE.,https://docs.cow.fi/,,
MEV-09-008,9,Combinatorial-auction arbitrage,"Intents, solvers, subastas y order flow",INTENT_AUCTION,I_BATCH,Batch/combinatorial intent matching,"Find feasible matching/clearing maximizing total surplus across orders plus external liquidity, subject to conservation and individual limit-price constraints.",Batch intents; limit prices; token graph; external quotes; settlement constraints.,DS01+DS02+DS03+DS07+DS09+DS10+DS11,intents_solver_engine,StrategyConfig + Snapshot + Candidate + amount + adapters + risk context,GateEvidence + exact quote + costs + EV + simulation_id + reconciliation refs,Change-controlled config; adapters healthy; required data loaded; kill-switch false.,F001-F016 + detector-specific equation,MEV-09-008-T01..T07,MEV-09-008-I01..I06,NP>0; NetROI>=group target; EV>=MinEV; ExpectedROI>0; capture/success/revert/risk thresholds pass.,Simulation PASS + math tests PASS + invariants PASS + atomic repayment when required.,All declared oracle/bridge/external dependencies PASS/fresh.,LIVE requires reconciled trade count >= policy minimum and reconciled PnL >=0.,Group Policy=APPROVED_FOR_LIVE; Stage=LIVE; Enabled=YES; ManualApproval=YES; Input/Alpha/Data/Economic/Execution/Dependency/Evidence gates all PASS.,Any missing/stale data; nonpositive alpha; economic threshold fail; simulation/test/invariant fail; dependency fail; insufficient reconciled evidence; no approval.,NO-GO,GROUP_POLICY_NOT_APPROVED,Sí,No,No,No,DETERMINISTIC_SETTLEMENT,op_19 Simplex; op_29 Shapley; op_24 Nash,op_20 Gradient Descent; op_27 Path Ordering; op_22 Monte Carlo,TRUE,Gas; slippage; competencia; revert; state drift,RealizedNetPnL = value(balance_after-balance_before) - gas - explicit external costs; bind to tx/settlement receipt; unexplained delta => QUARANTINE.,https://docs.cow.fi/,,
MEV-09-009,9,Dutch-auction decay arbitrage,"Intents, solvers, subastas y order flow",INTENT_AUCTION,I_DUTCH,Dutch auction decay,"Given auction price P(t), execute when external executable value V(t)-P(t)-costs is maximized subject to deadline/competition and min surplus.",Auction start/end price/time; current timestamp; firm external quote; competition/latency.,DS01+DS02+DS03+DS07+DS09+DS10+DS11,intents_solver_engine,StrategyConfig + Snapshot + Candidate + amount + adapters + risk context,GateEvidence + exact quote + costs + EV + simulation_id + reconciliation refs,Change-controlled config; adapters healthy; required data loaded; kill-switch false.,F001-F016 + detector-specific equation,MEV-09-009-T01..T07,MEV-09-009-I01..I06,NP>0; NetROI>=group target; EV>=MinEV; ExpectedROI>0; capture/success/revert/risk thresholds pass.,Simulation PASS + math tests PASS + invariants PASS + atomic repayment when required.,All declared oracle/bridge/external dependencies PASS/fresh.,LIVE requires reconciled trade count >= policy minimum and reconciled PnL >=0.,Group Policy=APPROVED_FOR_LIVE; Stage=LIVE; Enabled=YES; ManualApproval=YES; Input/Alpha/Data/Economic/Execution/Dependency/Evidence gates all PASS.,Any missing/stale data; nonpositive alpha; economic threshold fail; simulation/test/invariant fail; dependency fail; insufficient reconciled evidence; no approval.,NO-GO,GROUP_POLICY_NOT_APPROVED,Sí,No,No,No,DETERMINISTIC_AUCTION,op_23 Queueing; op_21 Newton-Raphson; op_24 Nash,op_08 Kalman; op_11 Bayes; op_22 Monte Carlo,TRUE,Gas; slippage; competencia; revert; state drift,RealizedNetPnL = value(balance_after-balance_before) - gas - explicit external costs; bind to tx/settlement receipt; unexplained delta => QUARANTINE.,https://docs.cow.fi/,,
MEV-09-010,9,Exclusive-order-flow arbitrage,"Intents, solvers, subastas y order flow",INTENT_AUCTION,I_ORDERFLOW,Authorized/private order-flow strategy,Only evaluate flows explicitly available to this searcher; price the authorized order/bundle against alternative settlement and costs. No inference of privileged/private data.,Explicitly authorized/private order feed; bundle contents; settlement rules; route quotes.,DS01+DS02+DS03+DS07+DS09+DS10+DS11,intents_solver_engine,StrategyConfig + Snapshot + Candidate + amount + adapters + risk context,GateEvidence + exact quote + costs + EV + simulation_id + reconciliation refs,Change-controlled config; adapters healthy; required data loaded; kill-switch false.,F001-F016 + detector-specific equation,MEV-09-010-T01..T07,MEV-09-010-I01..I06,NP>0; NetROI>=group target; EV>=MinEV; ExpectedROI>0; capture/success/revert/risk thresholds pass.,Simulation PASS + math tests PASS + invariants PASS + atomic repayment when required.,All declared oracle/bridge/external dependencies PASS/fresh.,LIVE requires reconciled trade count >= policy minimum and reconciled PnL >=0.,Group Policy=APPROVED_FOR_LIVE; Stage=LIVE; Enabled=YES; ManualApproval=YES; Input/Alpha/Data/Economic/Execution/Dependency/Evidence gates all PASS.,Any missing/stale data; nonpositive alpha; economic threshold fail; simulation/test/invariant fail; dependency fail; insufficient reconciled evidence; no approval.,NO-GO,GROUP_POLICY_NOT_APPROVED,Sí,No,No,No,AUTHORIZED_FLOW_ONLY,op_25 Bundle Recon; op_27 Path Ordering; op_24 Nash,op_11 Bayes; op_22 Monte Carlo; op_23 Queueing,TRUE,Gas; slippage; competencia; revert; state drift,RealizedNetPnL = value(balance_after-balance_before) - gas - explicit external costs; bind to tx/settlement receipt; unexplained delta => QUARANTINE.,https://docs.cow.fi/,,
MEV-09-011,9,Order-flow-auction arbitrage,"Intents, solvers, subastas y order flow",INTENT_AUCTION,I_ORDERFLOW,Authorized/private order-flow strategy,Only evaluate flows explicitly available to this searcher; price the authorized order/bundle against alternative settlement and costs. No inference of privileged/private data.,Explicitly authorized/private order feed; bundle contents; settlement rules; route quotes.,DS01+DS02+DS03+DS07+DS09+DS10+DS11,intents_solver_engine,StrategyConfig + Snapshot + Candidate + amount + adapters + risk context,GateEvidence + exact quote + costs + EV + simulation_id + reconciliation refs,Change-controlled config; adapters healthy; required data loaded; kill-switch false.,F001-F016 + detector-specific equation,MEV-09-011-T01..T07,MEV-09-011-I01..I06,NP>0; NetROI>=group target; EV>=MinEV; ExpectedROI>0; capture/success/revert/risk thresholds pass.,Simulation PASS + math tests PASS + invariants PASS + atomic repayment when required.,All declared oracle/bridge/external dependencies PASS/fresh.,LIVE requires reconciled trade count >= policy minimum and reconciled PnL >=0.,Group Policy=APPROVED_FOR_LIVE; Stage=LIVE; Enabled=YES; ManualApproval=YES; Input/Alpha/Data/Economic/Execution/Dependency/Evidence gates all PASS.,Any missing/stale data; nonpositive alpha; economic threshold fail; simulation/test/invariant fail; dependency fail; insufficient reconciled evidence; no approval.,NO-GO,GROUP_POLICY_NOT_APPROVED,Sí,No,No,No,AUTHORIZED_FLOW_ONLY,op_25 Bundle Recon; op_27 Path Ordering; op_24 Nash,op_11 Bayes; op_22 Monte Carlo; op_23 Queueing,TRUE,Gas; slippage; competencia; revert; state drift,RealizedNetPnL = value(balance_after-balance_before) - gas - explicit external costs; bind to tx/settlement receipt; unexplained delta => QUARANTINE.,https://docs.cow.fi/,,
MEV-09-012,9,Surplus-capture arbitrage,"Intents, solvers, subastas y order flow",INTENT_AUCTION,I_ROUTE,Intent/solver optimal settlement,"maximize user/solver executable surplus under limit prices, token conservation, balances and settlement constraints; compare AMM/CLOB/RFQ routes.",Intent/order constraints; balances/approvals; external liquidity; gas; valid-to; settlement contract.,DS01+DS02+DS03+DS07+DS09+DS10+DS11,intents_solver_engine,StrategyConfig + Snapshot + Candidate + amount + adapters + risk context,GateEvidence + exact quote + costs + EV + simulation_id + reconciliation refs,Change-controlled config; adapters healthy; required data loaded; kill-switch false.,F001-F016 + detector-specific equation,MEV-09-012-T01..T07,MEV-09-012-I01..I06,NP>0; NetROI>=group target; EV>=MinEV; ExpectedROI>0; capture/success/revert/risk thresholds pass.,Simulation PASS + math tests PASS + invariants PASS + atomic repayment when required.,All declared oracle/bridge/external dependencies PASS/fresh.,LIVE requires reconciled trade count >= policy minimum and reconciled PnL >=0.,Group Policy=APPROVED_FOR_LIVE; Stage=LIVE; Enabled=YES; ManualApproval=YES; Input/Alpha/Data/Economic/Execution/Dependency/Evidence gates all PASS.,Any missing/stale data; nonpositive alpha; economic threshold fail; simulation/test/invariant fail; dependency fail; insufficient reconciled evidence; no approval.,NO-GO,GROUP_POLICY_NOT_APPROVED,Sí,No,No,No,DETERMINISTIC_SETTLEMENT,op_19 Simplex; op_27 Path Ordering; op_29 Shapley,op_20 Gradient Descent; op_22 Monte Carlo; op_24 Nash; op_23 Queueing,TRUE,Gas; slippage; competencia; revert; state drift,RealizedNetPnL = value(balance_after-balance_before) - gas - explicit external costs; bind to tx/settlement receipt; unexplained delta => QUARANTINE.,https://docs.cow.fi/,,
MEV-09-013,9,Price-improvement arbitrage,"Intents, solvers, subastas y order flow",INTENT_AUCTION,I_ROUTE,Intent/solver optimal settlement,"maximize user/solver executable surplus under limit prices, token conservation, balances and settlement constraints; compare AMM/CLOB/RFQ routes.",Intent/order constraints; balances/approvals; external liquidity; gas; valid-to; settlement contract.,DS01+DS02+DS03+DS07+DS09+DS10+DS11,intents_solver_engine,StrategyConfig + Snapshot + Candidate + amount + adapters + risk context,GateEvidence + exact quote + costs + EV + simulation_id + reconciliation refs,Change-controlled config; adapters healthy; required data loaded; kill-switch false.,F001-F016 + detector-specific equation,MEV-09-013-T01..T07,MEV-09-013-I01..I06,NP>0; NetROI>=group target; EV>=MinEV; ExpectedROI>0; capture/success/revert/risk thresholds pass.,Simulation PASS + math tests PASS + invariants PASS + atomic repayment when required.,All declared oracle/bridge/external dependencies PASS/fresh.,LIVE requires reconciled trade count >= policy minimum and reconciled PnL >=0.,Group Policy=APPROVED_FOR_LIVE; Stage=LIVE; Enabled=YES; ManualApproval=YES; Input/Alpha/Data/Economic/Execution/Dependency/Evidence gates all PASS.,Any missing/stale data; nonpositive alpha; economic threshold fail; simulation/test/invariant fail; dependency fail; insufficient reconciled evidence; no approval.,NO-GO,GROUP_POLICY_NOT_APPROVED,Sí,No,No,No,DETERMINISTIC_SETTLEMENT,op_19 Simplex; op_27 Path Ordering; op_29 Shapley,op_20 Gradient Descent; op_22 Monte Carlo; op_24 Nash; op_23 Queueing,TRUE,Gas; slippage; competencia; revert; state drift,RealizedNetPnL = value(balance_after-balance_before) - gas - explicit external costs; bind to tx/settlement receipt; unexplained delta => QUARANTINE.,https://docs.cow.fi/,,
MEV-09-014,9,Internalization arbitrage,"Intents, solvers, subastas y order flow",INTENT_AUCTION,I_ROUTE,Intent/solver optimal settlement,"maximize user/solver executable surplus under limit prices, token conservation, balances and settlement constraints; compare AMM/CLOB/RFQ routes.",Intent/order constraints; balances/approvals; external liquidity; gas; valid-to; settlement contract.,DS01+DS02+DS03+DS07+DS09+DS10+DS11,intents_solver_engine,StrategyConfig + Snapshot + Candidate + amount + adapters + risk context,GateEvidence + exact quote + costs + EV + simulation_id + reconciliation refs,Change-controlled config; adapters healthy; required data loaded; kill-switch false.,F001-F016 + detector-specific equation,MEV-09-014-T01..T07,MEV-09-014-I01..I06,NP>0; NetROI>=group target; EV>=MinEV; ExpectedROI>0; capture/success/revert/risk thresholds pass.,Simulation PASS + math tests PASS + invariants PASS + atomic repayment when required.,All declared oracle/bridge/external dependencies PASS/fresh.,LIVE requires reconciled trade count >= policy minimum and reconciled PnL >=0.,Group Policy=APPROVED_FOR_LIVE; Stage=LIVE; Enabled=YES; ManualApproval=YES; Input/Alpha/Data/Economic/Execution/Dependency/Evidence gates all PASS.,Any missing/stale data; nonpositive alpha; economic threshold fail; simulation/test/invariant fail; dependency fail; insufficient reconciled evidence; no approval.,NO-GO,GROUP_POLICY_NOT_APPROVED,Sí,No,No,No,DETERMINISTIC_SETTLEMENT,op_19 Simplex; op_27 Path Ordering; op_29 Shapley,op_20 Gradient Descent; op_22 Monte Carlo; op_24 Nash; op_23 Queueing,TRUE,Gas; slippage; competencia; revert; state drift,RealizedNetPnL = value(balance_after-balance_before) - gas - explicit external costs; bind to tx/settlement receipt; unexplained delta => QUARANTINE.,https://docs.cow.fi/,,
MEV-09-015,9,Solver-routing arbitrage,"Intents, solvers, subastas y order flow",INTENT_AUCTION,I_ROUTE,Intent/solver optimal settlement,"maximize user/solver executable surplus under limit prices, token conservation, balances and settlement constraints; compare AMM/CLOB/RFQ routes.",Intent/order constraints; balances/approvals; external liquidity; gas; valid-to; settlement contract.,DS01+DS02+DS03+DS07+DS09+DS10+DS11,intents_solver_engine,StrategyConfig + Snapshot + Candidate + amount + adapters + risk context,GateEvidence + exact quote + costs + EV + simulation_id + reconciliation refs,Change-controlled config; adapters healthy; required data loaded; kill-switch false.,F001-F016 + detector-specific equation,MEV-09-015-T01..T07,MEV-09-015-I01..I06,NP>0; NetROI>=group target; EV>=MinEV; ExpectedROI>0; capture/success/revert/risk thresholds pass.,Simulation PASS + math tests PASS + invariants PASS + atomic repayment when required.,All declared oracle/bridge/external dependencies PASS/fresh.,LIVE requires reconciled trade count >= policy minimum and reconciled PnL >=0.,Group Policy=APPROVED_FOR_LIVE; Stage=LIVE; Enabled=YES; ManualApproval=YES; Input/Alpha/Data/Economic/Execution/Dependency/Evidence gates all PASS.,Any missing/stale data; nonpositive alpha; economic threshold fail; simulation/test/invariant fail; dependency fail; insufficient reconciled evidence; no approval.,NO-GO,GROUP_POLICY_NOT_APPROVED,Sí,No,No,No,DETERMINISTIC_SETTLEMENT,op_19 Simplex; op_27 Path Ordering; op_29 Shapley,op_20 Gradient Descent; op_22 Monte Carlo; op_24 Nash; op_23 Queueing,TRUE,Gas; slippage; competencia; revert; state drift,RealizedNetPnL = value(balance_after-balance_before) - gas - explicit external costs; bind to tx/settlement receipt; unexplained delta => QUARANTINE.,https://docs.cow.fi/,,
MEV-09-016,9,Solver–solver latency arbitrage,"Intents, solvers, subastas y order flow",INTENT_AUCTION,I_ROUTE,Intent/solver optimal settlement,"maximize user/solver executable surplus under limit prices, token conservation, balances and settlement constraints; compare AMM/CLOB/RFQ routes.",Intent/order constraints; balances/approvals; external liquidity; gas; valid-to; settlement contract.,DS01+DS02+DS03+DS07+DS09+DS10+DS11,intents_solver_engine,StrategyConfig + Snapshot + Candidate + amount + adapters + risk context,GateEvidence + exact quote + costs + EV + simulation_id + reconciliation refs,Change-controlled config; adapters healthy; required data loaded; kill-switch false.,F001-F016 + detector-specific equation,MEV-09-016-T01..T07,MEV-09-016-I01..I06,NP>0; NetROI>=group target; EV>=MinEV; ExpectedROI>0; capture/success/revert/risk thresholds pass.,Simulation PASS + math tests PASS + invariants PASS + atomic repayment when required.,All declared oracle/bridge/external dependencies PASS/fresh.,LIVE requires reconciled trade count >= policy minimum and reconciled PnL >=0.,Group Policy=APPROVED_FOR_LIVE; Stage=LIVE; Enabled=YES; ManualApproval=YES; Input/Alpha/Data/Economic/Execution/Dependency/Evidence gates all PASS.,Any missing/stale data; nonpositive alpha; economic threshold fail; simulation/test/invariant fail; dependency fail; insufficient reconciled evidence; no approval.,NO-GO,GROUP_POLICY_NOT_APPROVED,Sí,No,No,No,DETERMINISTIC_SETTLEMENT,op_19 Simplex; op_27 Path Ordering; op_29 Shapley,op_20 Gradient Descent; op_22 Monte Carlo; op_24 Nash; op_23 Queueing,TRUE,Gas; slippage; competencia; revert; state drift,RealizedNetPnL = value(balance_after-balance_before) - gas - explicit external costs; bind to tx/settlement receipt; unexplained delta => QUARANTINE.,https://docs.cow.fi/,,
MEV-09-017,9,Private-order-flow backrun,"Intents, solvers, subastas y order flow",INTENT_AUCTION,I_ORDERFLOW,Authorized/private order-flow strategy,Only evaluate flows explicitly available to this searcher; price the authorized order/bundle against alternative settlement and costs. No inference of privileged/private data.,Explicitly authorized/private order feed; bundle contents; settlement rules; route quotes.,DS01+DS02+DS03+DS07+DS09+DS10+DS11,intents_solver_engine,StrategyConfig + Snapshot + Candidate + amount + adapters + risk context,GateEvidence + exact quote + costs + EV + simulation_id + reconciliation refs,Change-controlled config; adapters healthy; required data loaded; kill-switch false.,F001-F016 + detector-specific equation,MEV-09-017-T01..T07,MEV-09-017-I01..I06,NP>0; NetROI>=group target; EV>=MinEV; ExpectedROI>0; capture/success/revert/risk thresholds pass.,Simulation PASS + math tests PASS + invariants PASS + atomic repayment when required.,All declared oracle/bridge/external dependencies PASS/fresh.,LIVE requires reconciled trade count >= policy minimum and reconciled PnL >=0.,Group Policy=APPROVED_FOR_LIVE; Stage=LIVE; Enabled=YES; ManualApproval=YES; Input/Alpha/Data/Economic/Execution/Dependency/Evidence gates all PASS.,Any missing/stale data; nonpositive alpha; economic threshold fail; simulation/test/invariant fail; dependency fail; insufficient reconciled evidence; no approval.,NO-GO,GROUP_POLICY_NOT_APPROVED,Sí,No,No,No,AUTHORIZED_FLOW_ONLY,op_25 Bundle Recon; op_27 Path Ordering; op_24 Nash,op_11 Bayes; op_22 Monte Carlo; op_23 Queueing,TRUE,Gas; slippage; competencia; revert; state drift,RealizedNetPnL = value(balance_after-balance_before) - gas - explicit external costs; bind to tx/settlement receipt; unexplained delta => QUARANTINE.,https://docs.cow.fi/,,
MEV-09-018,9,MEV-Share backrun arbitrage,"Intents, solvers, subastas y order flow",INTENT_AUCTION,I_ORDERFLOW,Authorized/private order-flow strategy,Only evaluate flows explicitly available to this searcher; price the authorized order/bundle against alternative settlement and costs. No inference of privileged/private data.,Explicitly authorized/private order feed; bundle contents; settlement rules; route quotes.,DS01+DS02+DS03+DS07+DS09+DS10+DS11,intents_solver_engine,StrategyConfig + Snapshot + Candidate + amount + adapters + risk context,GateEvidence + exact quote + costs + EV + simulation_id + reconciliation refs,Change-controlled config; adapters healthy; required data loaded; kill-switch false.,F001-F016 + detector-specific equation,MEV-09-018-T01..T07,MEV-09-018-I01..I06,NP>0; NetROI>=group target; EV>=MinEV; ExpectedROI>0; capture/success/revert/risk thresholds pass.,Simulation PASS + math tests PASS + invariants PASS + atomic repayment when required.,All declared oracle/bridge/external dependencies PASS/fresh.,LIVE requires reconciled trade count >= policy minimum and reconciled PnL >=0.,Group Policy=APPROVED_FOR_LIVE; Stage=LIVE; Enabled=YES; ManualApproval=YES; Input/Alpha/Data/Economic/Execution/Dependency/Evidence gates all PASS.,Any missing/stale data; nonpositive alpha; economic threshold fail; simulation/test/invariant fail; dependency fail; insufficient reconciled evidence; no approval.,NO-GO,GROUP_POLICY_NOT_APPROVED,Sí,No,No,No,AUTHORIZED_FLOW_ONLY,op_25 Bundle Recon; op_27 Path Ordering; op_24 Nash,op_11 Bayes; op_22 Monte Carlo; op_23 Queueing,TRUE,Gas; slippage; competencia; revert; state drift,RealizedNetPnL = value(balance_after-balance_before) - gas - explicit external costs; bind to tx/settlement receipt; unexplained delta => QUARANTINE.,https://docs.cow.fi/,,
MEV-09-019,9,Builder-integrated arbitrage,"Intents, solvers, subastas y order flow",INTENT_AUCTION,OBSERVE,Observe-only / non-deterministic or non-authorized,"No is_opportunity=true. Emit structured evidence only until a lawful, deterministic, executable settlement path and required public/authorized data are present.","Telemetry/evidence only; no fabricated private flow, reorg certainty, future resolution or unavailable external data.",DS01+DS02+DS03+DS07+DS09+DS10+DS11,intents_solver_engine,StrategyConfig + Snapshot + Candidate + amount + adapters + risk context,GateEvidence + exact quote + costs + EV + simulation_id + reconciliation refs,Change-controlled config; adapters healthy; required data loaded; kill-switch false.,F001-F016 + detector-specific equation,MEV-09-019-T01..T07,MEV-09-019-I01..I06,NP>0; NetROI>=group target; EV>=MinEV; ExpectedROI>0; capture/success/revert/risk thresholds pass.,Simulation PASS + math tests PASS + invariants PASS + atomic repayment when required.,All declared oracle/bridge/external dependencies PASS/fresh.,LIVE requires reconciled trade count >= policy minimum and reconciled PnL >=0.,Group Policy=APPROVED_FOR_LIVE; Stage=LIVE; Enabled=YES; ManualApproval=YES; Input/Alpha/Data/Economic/Execution/Dependency/Evidence gates all PASS.,Any missing/stale data; nonpositive alpha; economic threshold fail; simulation/test/invariant fail; dependency fail; insufficient reconciled evidence; no approval.,NO-GO,GROUP_POLICY_NOT_APPROVED,Sí,No,No,No,OBSERVE_ONLY,op_10 Welford; op_11 Bayes,op_22 Monte Carlo,TRUE,Gas; slippage; competencia; revert; state drift,RealizedNetPnL = value(balance_after-balance_before) - gas - explicit external costs; bind to tx/settlement receipt; unexplained delta => QUARANTINE.,https://arxiv.org/abs/2204.05238,,
MEV-09-020,9,Searcher–builder vertically integrated arbitrage,"Intents, solvers, subastas y order flow",INTENT_AUCTION,OBSERVE,Observe-only / non-deterministic or non-authorized,"No is_opportunity=true. Emit structured evidence only until a lawful, deterministic, executable settlement path and required public/authorized data are present.","Telemetry/evidence only; no fabricated private flow, reorg certainty, future resolution or unavailable external data.",DS01+DS02+DS03+DS07+DS09+DS10+DS11,intents_solver_engine,StrategyConfig + Snapshot + Candidate + amount + adapters + risk context,GateEvidence + exact quote + costs + EV + simulation_id + reconciliation refs,Change-controlled config; adapters healthy; required data loaded; kill-switch false.,F001-F016 + detector-specific equation,MEV-09-020-T01..T07,MEV-09-020-I01..I06,NP>0; NetROI>=group target; EV>=MinEV; ExpectedROI>0; capture/success/revert/risk thresholds pass.,Simulation PASS + math tests PASS + invariants PASS + atomic repayment when required.,All declared oracle/bridge/external dependencies PASS/fresh.,LIVE requires reconciled trade count >= policy minimum and reconciled PnL >=0.,Group Policy=APPROVED_FOR_LIVE; Stage=LIVE; Enabled=YES; ManualApproval=YES; Input/Alpha/Data/Economic/Execution/Dependency/Evidence gates all PASS.,Any missing/stale data; nonpositive alpha; economic threshold fail; simulation/test/invariant fail; dependency fail; insufficient reconciled evidence; no approval.,NO-GO,GROUP_POLICY_NOT_APPROVED,Sí,No,No,No,OBSERVE_ONLY,op_10 Welford; op_11 Bayes,op_22 Monte Carlo,TRUE,Gas; slippage; competencia; revert; state drift,RealizedNetPnL = value(balance_after-balance_before) - gas - explicit external costs; bind to tx/settlement receipt; unexplained delta => QUARANTINE.,https://arxiv.org/abs/2204.05238,,
MEV-10-001,10,Cross-marketplace NFT arbitrage,"NFT, juegos y activos no fungibles",NFT,N_IDENTICAL,NFT identical-asset cross-market spread,"For identical tokenId/asset, Π=firm exit bid proceeds-acquisition ask-royalty-marketplace/gas costs; no floor proxy allowed for the exit leg.",TokenId identity; executable listing/ask and bid; royalties; marketplace fees; ownership/approval state.,DS01+DS02+DS03+DS07+DS09+DS10+DS11,nft_engine,StrategyConfig + Snapshot + Candidate + amount + adapters + risk context,GateEvidence + exact quote + costs + EV + simulation_id + reconciliation refs,Change-controlled config; adapters healthy; required data loaded; kill-switch false.,F001-F016 + detector-specific equation,MEV-10-001-T01..T07,MEV-10-001-I01..I06,NP>0; NetROI>=group target; EV>=MinEV; ExpectedROI>0; capture/success/revert/risk thresholds pass.,Simulation PASS + math tests PASS + invariants PASS + atomic repayment when required.,All declared oracle/bridge/external dependencies PASS/fresh.,LIVE requires reconciled trade count >= policy minimum and reconciled PnL >=0.,Group Policy=APPROVED_FOR_LIVE; Stage=LIVE; Enabled=YES; ManualApproval=YES; Input/Alpha/Data/Economic/Execution/Dependency/Evidence gates all PASS.,Any missing/stale data; nonpositive alpha; economic threshold fail; simulation/test/invariant fail; dependency fail; insufficient reconciled evidence; no approval.,NO-GO,GROUP_POLICY_NOT_APPROVED,Condicional,No,No,No,DETERMINISTIC_IF_FIRM_BID,op_08 Kalman; op_10 Welford; op_21 Newton-Raphson,op_11 Bayes; op_22 Monte Carlo; op_23 Queueing,TRUE,Gas; slippage; competencia; revert; state drift,RealizedNetPnL = value(balance_after-balance_before) - gas - explicit external costs; bind to tx/settlement receipt; unexplained delta => QUARANTINE.,https://arxiv.org/abs/2204.05238,,
MEV-10-002,10,Floor-price arbitrage,"NFT, juegos y activos no fungibles",NFT,N_FLOOR,NFT floor/relative-value signal,Floor/trait deviation is only a signal. Emit only when a firm buyer/bid or deterministic redemption converts it into Π_net>0; otherwise observe-only.,Listings; trait metadata; firm bids; sale history; royalty/fees; redemption if applicable.,DS01+DS02+DS03+DS07+DS09+DS10+DS11,nft_engine,StrategyConfig + Snapshot + Candidate + amount + adapters + risk context,GateEvidence + exact quote + costs + EV + simulation_id + reconciliation refs,Change-controlled config; adapters healthy; required data loaded; kill-switch false.,F001-F016 + detector-specific equation,MEV-10-002-T01..T07,MEV-10-002-I01..I06,NP>0; NetROI>=group target; EV>=MinEV; ExpectedROI>0; capture/success/revert/risk thresholds pass.,Simulation PASS + math tests PASS + invariants PASS + atomic repayment when required.,All declared oracle/bridge/external dependencies PASS/fresh.,LIVE requires reconciled trade count >= policy minimum and reconciled PnL >=0.,Group Policy=APPROVED_FOR_LIVE; Stage=LIVE; Enabled=YES; ManualApproval=YES; Input/Alpha/Data/Economic/Execution/Dependency/Evidence gates all PASS.,Any missing/stale data; nonpositive alpha; economic threshold fail; simulation/test/invariant fail; dependency fail; insufficient reconciled evidence; no approval.,NO-GO,GROUP_POLICY_NOT_APPROVED,Condicional,No,No,No,SIGNAL_UNLESS_FIRM_EXIT,op_08 Kalman; op_10 Welford; op_11 Bayes,op_13 Regression; op_22 Monte Carlo,TRUE,Gas; slippage; competencia; revert; state drift,RealizedNetPnL = value(balance_after-balance_before) - gas - explicit external costs; bind to tx/settlement receipt; unexplained delta => QUARANTINE.,https://arxiv.org/abs/2204.05238,,
MEV-10-003,10,Trait-floor arbitrage,"NFT, juegos y activos no fungibles",NFT,N_FLOOR,NFT floor/relative-value signal,Floor/trait deviation is only a signal. Emit only when a firm buyer/bid or deterministic redemption converts it into Π_net>0; otherwise observe-only.,Listings; trait metadata; firm bids; sale history; royalty/fees; redemption if applicable.,DS01+DS02+DS03+DS07+DS09+DS10+DS11,nft_engine,StrategyConfig + Snapshot + Candidate + amount + adapters + risk context,GateEvidence + exact quote + costs + EV + simulation_id + reconciliation refs,Change-controlled config; adapters healthy; required data loaded; kill-switch false.,F001-F016 + detector-specific equation,MEV-10-003-T01..T07,MEV-10-003-I01..I06,NP>0; NetROI>=group target; EV>=MinEV; ExpectedROI>0; capture/success/revert/risk thresholds pass.,Simulation PASS + math tests PASS + invariants PASS + atomic repayment when required.,All declared oracle/bridge/external dependencies PASS/fresh.,LIVE requires reconciled trade count >= policy minimum and reconciled PnL >=0.,Group Policy=APPROVED_FOR_LIVE; Stage=LIVE; Enabled=YES; ManualApproval=YES; Input/Alpha/Data/Economic/Execution/Dependency/Evidence gates all PASS.,Any missing/stale data; nonpositive alpha; economic threshold fail; simulation/test/invariant fail; dependency fail; insufficient reconciled evidence; no approval.,NO-GO,GROUP_POLICY_NOT_APPROVED,Condicional,No,No,No,SIGNAL_UNLESS_FIRM_EXIT,op_08 Kalman; op_10 Welford; op_11 Bayes,op_13 Regression; op_22 Monte Carlo,TRUE,Gas; slippage; competencia; revert; state drift,RealizedNetPnL = value(balance_after-balance_before) - gas - explicit external costs; bind to tx/settlement receipt; unexplained delta => QUARANTINE.,https://arxiv.org/abs/2204.05238,,
MEV-10-004,10,Collection basket arbitrage,"NFT, juegos y activos no fungibles",NFT,N_FLOOR,NFT floor/relative-value signal,Floor/trait deviation is only a signal. Emit only when a firm buyer/bid or deterministic redemption converts it into Π_net>0; otherwise observe-only.,Listings; trait metadata; firm bids; sale history; royalty/fees; redemption if applicable.,DS01+DS02+DS03+DS07+DS09+DS10+DS11,nft_engine,StrategyConfig + Snapshot + Candidate + amount + adapters + risk context,GateEvidence + exact quote + costs + EV + simulation_id + reconciliation refs,Change-controlled config; adapters healthy; required data loaded; kill-switch false.,F001-F016 + detector-specific equation,MEV-10-004-T01..T07,MEV-10-004-I01..I06,NP>0; NetROI>=group target; EV>=MinEV; ExpectedROI>0; capture/success/revert/risk thresholds pass.,Simulation PASS + math tests PASS + invariants PASS + atomic repayment when required.,All declared oracle/bridge/external dependencies PASS/fresh.,LIVE requires reconciled trade count >= policy minimum and reconciled PnL >=0.,Group Policy=APPROVED_FOR_LIVE; Stage=LIVE; Enabled=YES; ManualApproval=YES; Input/Alpha/Data/Economic/Execution/Dependency/Evidence gates all PASS.,Any missing/stale data; nonpositive alpha; economic threshold fail; simulation/test/invariant fail; dependency fail; insufficient reconciled evidence; no approval.,NO-GO,GROUP_POLICY_NOT_APPROVED,Condicional,No,No,No,SIGNAL_UNLESS_FIRM_EXIT,op_08 Kalman; op_10 Welford; op_11 Bayes,op_13 Regression; op_22 Monte Carlo,TRUE,Gas; slippage; competencia; revert; state drift,RealizedNetPnL = value(balance_after-balance_before) - gas - explicit external costs; bind to tx/settlement receipt; unexplained delta => QUARANTINE.,https://arxiv.org/abs/2204.05238,,
MEV-10-005,10,Bid–ask NFT arbitrage,"NFT, juegos y activos no fungibles",NFT,N_IDENTICAL,NFT identical-asset cross-market spread,"For identical tokenId/asset, Π=firm exit bid proceeds-acquisition ask-royalty-marketplace/gas costs; no floor proxy allowed for the exit leg.",TokenId identity; executable listing/ask and bid; royalties; marketplace fees; ownership/approval state.,DS01+DS02+DS03+DS07+DS09+DS10+DS11,nft_engine,StrategyConfig + Snapshot + Candidate + amount + adapters + risk context,GateEvidence + exact quote + costs + EV + simulation_id + reconciliation refs,Change-controlled config; adapters healthy; required data loaded; kill-switch false.,F001-F016 + detector-specific equation,MEV-10-005-T01..T07,MEV-10-005-I01..I06,NP>0; NetROI>=group target; EV>=MinEV; ExpectedROI>0; capture/success/revert/risk thresholds pass.,Simulation PASS + math tests PASS + invariants PASS + atomic repayment when required.,All declared oracle/bridge/external dependencies PASS/fresh.,LIVE requires reconciled trade count >= policy minimum and reconciled PnL >=0.,Group Policy=APPROVED_FOR_LIVE; Stage=LIVE; Enabled=YES; ManualApproval=YES; Input/Alpha/Data/Economic/Execution/Dependency/Evidence gates all PASS.,Any missing/stale data; nonpositive alpha; economic threshold fail; simulation/test/invariant fail; dependency fail; insufficient reconciled evidence; no approval.,NO-GO,GROUP_POLICY_NOT_APPROVED,Condicional,No,No,No,DETERMINISTIC_IF_FIRM_BID,op_08 Kalman; op_10 Welford; op_21 Newton-Raphson,op_11 Bayes; op_22 Monte Carlo; op_23 Queueing,TRUE,Gas; slippage; competencia; revert; state drift,RealizedNetPnL = value(balance_after-balance_before) - gas - explicit external costs; bind to tx/settlement receipt; unexplained delta => QUARANTINE.,https://arxiv.org/abs/2204.05238,,
MEV-10-006,10,AMM–marketplace NFT arbitrage,"NFT, juegos y activos no fungibles",NFT,N_AMM,NFT AMM / marketplace convergence,"Use exact NFT AMM bonding curve quote for acquisition/unwind and compare against firm marketplace bid/ask for same eligible asset/collection, net of royalties/fees.",NFT AMM curve/state; eligible token set; marketplace firm quotes; royalties; fees.,DS01+DS02+DS03+DS07+DS09+DS10+DS11,nft_engine,StrategyConfig + Snapshot + Candidate + amount + adapters + risk context,GateEvidence + exact quote + costs + EV + simulation_id + reconciliation refs,Change-controlled config; adapters healthy; required data loaded; kill-switch false.,F001-F016 + detector-specific equation,MEV-10-006-T01..T07,MEV-10-006-I01..I06,NP>0; NetROI>=group target; EV>=MinEV; ExpectedROI>0; capture/success/revert/risk thresholds pass.,Simulation PASS + math tests PASS + invariants PASS + atomic repayment when required.,All declared oracle/bridge/external dependencies PASS/fresh.,LIVE requires reconciled trade count >= policy minimum and reconciled PnL >=0.,Group Policy=APPROVED_FOR_LIVE; Stage=LIVE; Enabled=YES; ManualApproval=YES; Input/Alpha/Data/Economic/Execution/Dependency/Evidence gates all PASS.,Any missing/stale data; nonpositive alpha; economic threshold fail; simulation/test/invariant fail; dependency fail; insufficient reconciled evidence; no approval.,NO-GO,GROUP_POLICY_NOT_APPROVED,Condicional,No,No,No,DETERMINISTIC_IF_FIRM_EXIT,op_21 Newton-Raphson; op_15 Golden Section; op_08 Kalman,op_10 Welford; op_22 Monte Carlo,TRUE,Gas; slippage; competencia; revert; state drift,RealizedNetPnL = value(balance_after-balance_before) - gas - explicit external costs; bind to tx/settlement receipt; unexplained delta => QUARANTINE.,https://arxiv.org/abs/2107.12484,,
MEV-10-007,10,NFT AMM–NFT AMM arbitrage,"NFT, juegos y activos no fungibles",NFT,N_AMM,NFT AMM / marketplace convergence,"Use exact NFT AMM bonding curve quote for acquisition/unwind and compare against firm marketplace bid/ask for same eligible asset/collection, net of royalties/fees.",NFT AMM curve/state; eligible token set; marketplace firm quotes; royalties; fees.,DS01+DS02+DS03+DS07+DS09+DS10+DS11,nft_engine,StrategyConfig + Snapshot + Candidate + amount + adapters + risk context,GateEvidence + exact quote + costs + EV + simulation_id + reconciliation refs,Change-controlled config; adapters healthy; required data loaded; kill-switch false.,F001-F016 + detector-specific equation,MEV-10-007-T01..T07,MEV-10-007-I01..I06,NP>0; NetROI>=group target; EV>=MinEV; ExpectedROI>0; capture/success/revert/risk thresholds pass.,Simulation PASS + math tests PASS + invariants PASS + atomic repayment when required.,All declared oracle/bridge/external dependencies PASS/fresh.,LIVE requires reconciled trade count >= policy minimum and reconciled PnL >=0.,Group Policy=APPROVED_FOR_LIVE; Stage=LIVE; Enabled=YES; ManualApproval=YES; Input/Alpha/Data/Economic/Execution/Dependency/Evidence gates all PASS.,Any missing/stale data; nonpositive alpha; economic threshold fail; simulation/test/invariant fail; dependency fail; insufficient reconciled evidence; no approval.,NO-GO,GROUP_POLICY_NOT_APPROVED,Condicional,No,No,No,DETERMINISTIC_IF_FIRM_EXIT,op_21 Newton-Raphson; op_15 Golden Section; op_08 Kalman,op_10 Welford; op_22 Monte Carlo,TRUE,Gas; slippage; competencia; revert; state drift,RealizedNetPnL = value(balance_after-balance_before) - gas - explicit external costs; bind to tx/settlement receipt; unexplained delta => QUARANTINE.,https://arxiv.org/abs/2107.12484,,
MEV-10-008,10,Mint-to-secondary-market arbitrage,"NFT, juegos y activos no fungibles",NFT,N_IDENTICAL,NFT identical-asset cross-market spread,"For identical tokenId/asset, Π=firm exit bid proceeds-acquisition ask-royalty-marketplace/gas costs; no floor proxy allowed for the exit leg.",TokenId identity; executable listing/ask and bid; royalties; marketplace fees; ownership/approval state.,DS01+DS02+DS03+DS07+DS09+DS10+DS11,nft_engine,StrategyConfig + Snapshot + Candidate + amount + adapters + risk context,GateEvidence + exact quote + costs + EV + simulation_id + reconciliation refs,Change-controlled config; adapters healthy; required data loaded; kill-switch false.,F001-F016 + detector-specific equation,MEV-10-008-T01..T07,MEV-10-008-I01..I06,NP>0; NetROI>=group target; EV>=MinEV; ExpectedROI>0; capture/success/revert/risk thresholds pass.,Simulation PASS + math tests PASS + invariants PASS + atomic repayment when required.,All declared oracle/bridge/external dependencies PASS/fresh.,LIVE requires reconciled trade count >= policy minimum and reconciled PnL >=0.,Group Policy=APPROVED_FOR_LIVE; Stage=LIVE; Enabled=YES; ManualApproval=YES; Input/Alpha/Data/Economic/Execution/Dependency/Evidence gates all PASS.,Any missing/stale data; nonpositive alpha; economic threshold fail; simulation/test/invariant fail; dependency fail; insufficient reconciled evidence; no approval.,NO-GO,GROUP_POLICY_NOT_APPROVED,Condicional,No,No,No,DETERMINISTIC_IF_FIRM_BID,op_08 Kalman; op_10 Welford; op_21 Newton-Raphson,op_11 Bayes; op_22 Monte Carlo; op_23 Queueing,TRUE,Gas; slippage; competencia; revert; state drift,RealizedNetPnL = value(balance_after-balance_before) - gas - explicit external costs; bind to tx/settlement receipt; unexplained delta => QUARANTINE.,https://arxiv.org/abs/2204.05238,,
MEV-10-009,10,Underpriced-listing arbitrage,"NFT, juegos y activos no fungibles",NFT,N_FLOOR,NFT floor/relative-value signal,Floor/trait deviation is only a signal. Emit only when a firm buyer/bid or deterministic redemption converts it into Π_net>0; otherwise observe-only.,Listings; trait metadata; firm bids; sale history; royalty/fees; redemption if applicable.,DS01+DS02+DS03+DS07+DS09+DS10+DS11,nft_engine,StrategyConfig + Snapshot + Candidate + amount + adapters + risk context,GateEvidence + exact quote + costs + EV + simulation_id + reconciliation refs,Change-controlled config; adapters healthy; required data loaded; kill-switch false.,F001-F016 + detector-specific equation,MEV-10-009-T01..T07,MEV-10-009-I01..I06,NP>0; NetROI>=group target; EV>=MinEV; ExpectedROI>0; capture/success/revert/risk thresholds pass.,Simulation PASS + math tests PASS + invariants PASS + atomic repayment when required.,All declared oracle/bridge/external dependencies PASS/fresh.,LIVE requires reconciled trade count >= policy minimum and reconciled PnL >=0.,Group Policy=APPROVED_FOR_LIVE; Stage=LIVE; Enabled=YES; ManualApproval=YES; Input/Alpha/Data/Economic/Execution/Dependency/Evidence gates all PASS.,Any missing/stale data; nonpositive alpha; economic threshold fail; simulation/test/invariant fail; dependency fail; insufficient reconciled evidence; no approval.,NO-GO,GROUP_POLICY_NOT_APPROVED,Condicional,No,No,No,SIGNAL_UNLESS_FIRM_EXIT,op_08 Kalman; op_10 Welford; op_11 Bayes,op_13 Regression; op_22 Monte Carlo,TRUE,Gas; slippage; competencia; revert; state drift,RealizedNetPnL = value(balance_after-balance_before) - gas - explicit external costs; bind to tx/settlement receipt; unexplained delta => QUARANTINE.,https://arxiv.org/abs/2204.05238,,
MEV-10-010,10,NFT fractionalization arbitrage,"NFT, juegos y activos no fungibles",NFT,N_REDEEM,NFT fractional/bundle redemption NAV,Π=deterministic redeem/unbundle value-acquisition cost-component unwind costs; inverse path for mint/bundle-and-sell if contract permits.,Fractionalization/redemption contract; bundle composition; firm component bids; fees.,DS01+DS02+DS03+DS07+DS09+DS10+DS11,nft_engine,StrategyConfig + Snapshot + Candidate + amount + adapters + risk context,GateEvidence + exact quote + costs + EV + simulation_id + reconciliation refs,Change-controlled config; adapters healthy; required data loaded; kill-switch false.,F001-F016 + detector-specific equation,MEV-10-010-T01..T07,MEV-10-010-I01..I06,NP>0; NetROI>=group target; EV>=MinEV; ExpectedROI>0; capture/success/revert/risk thresholds pass.,Simulation PASS + math tests PASS + invariants PASS + atomic repayment when required.,All declared oracle/bridge/external dependencies PASS/fresh.,LIVE requires reconciled trade count >= policy minimum and reconciled PnL >=0.,Group Policy=APPROVED_FOR_LIVE; Stage=LIVE; Enabled=YES; ManualApproval=YES; Input/Alpha/Data/Economic/Execution/Dependency/Evidence gates all PASS.,Any missing/stale data; nonpositive alpha; economic threshold fail; simulation/test/invariant fail; dependency fail; insufficient reconciled evidence; no approval.,NO-GO,GROUP_POLICY_NOT_APPROVED,Condicional,No,No,No,DETERMINISTIC_IF_REDEEMABLE,op_19 Simplex; op_21 Newton-Raphson; op_13 Regression,op_08 Kalman; op_11 Bayes; op_22 Monte Carlo,TRUE,Gas; slippage; competencia; revert; state drift,RealizedNetPnL = value(balance_after-balance_before) - gas - explicit external costs; bind to tx/settlement receipt; unexplained delta => QUARANTINE.,https://arxiv.org/abs/2107.12484,,
MEV-10-011,10,Fractional-token redemption arbitrage,"NFT, juegos y activos no fungibles",NFT,N_REDEEM,NFT fractional/bundle redemption NAV,Π=deterministic redeem/unbundle value-acquisition cost-component unwind costs; inverse path for mint/bundle-and-sell if contract permits.,Fractionalization/redemption contract; bundle composition; firm component bids; fees.,DS01+DS02+DS03+DS07+DS09+DS10+DS11,nft_engine,StrategyConfig + Snapshot + Candidate + amount + adapters + risk context,GateEvidence + exact quote + costs + EV + simulation_id + reconciliation refs,Change-controlled config; adapters healthy; required data loaded; kill-switch false.,F001-F016 + detector-specific equation,MEV-10-011-T01..T07,MEV-10-011-I01..I06,NP>0; NetROI>=group target; EV>=MinEV; ExpectedROI>0; capture/success/revert/risk thresholds pass.,Simulation PASS + math tests PASS + invariants PASS + atomic repayment when required.,All declared oracle/bridge/external dependencies PASS/fresh.,LIVE requires reconciled trade count >= policy minimum and reconciled PnL >=0.,Group Policy=APPROVED_FOR_LIVE; Stage=LIVE; Enabled=YES; ManualApproval=YES; Input/Alpha/Data/Economic/Execution/Dependency/Evidence gates all PASS.,Any missing/stale data; nonpositive alpha; economic threshold fail; simulation/test/invariant fail; dependency fail; insufficient reconciled evidence; no approval.,NO-GO,GROUP_POLICY_NOT_APPROVED,Condicional,No,No,No,DETERMINISTIC_IF_REDEEMABLE,op_19 Simplex; op_21 Newton-Raphson; op_13 Regression,op_08 Kalman; op_11 Bayes; op_22 Monte Carlo,TRUE,Gas; slippage; competencia; revert; state drift,RealizedNetPnL = value(balance_after-balance_before) - gas - explicit external costs; bind to tx/settlement receipt; unexplained delta => QUARANTINE.,https://arxiv.org/abs/2107.12484,,
MEV-10-012,10,NFT-backed-loan liquidation arbitrage,"NFT, juegos y activos no fungibles",NFT,N_LIQ,NFT-backed loan liquidation,Eligibility from lending protocol; Π=conservative firm-bid value of seized NFT-debt repayment-liquidation/gas/unwind costs. Floor alone cannot be profit.,Loan state; liquidation rules; oracle/appraisal; firm NFT bid/liquidity; gas.,DS01+DS02+DS03+DS07+DS09+DS10+DS11,nft_engine,StrategyConfig + Snapshot + Candidate + amount + adapters + risk context,GateEvidence + exact quote + costs + EV + simulation_id + reconciliation refs,Change-controlled config; adapters healthy; required data loaded; kill-switch false.,F001-F016 + detector-specific equation,MEV-10-012-T01..T07,MEV-10-012-I01..I06,NP>0; NetROI>=group target; EV>=MinEV; ExpectedROI>0; capture/success/revert/risk thresholds pass.,Simulation PASS + math tests PASS + invariants PASS + atomic repayment when required.,All declared oracle/bridge/external dependencies PASS/fresh.,LIVE requires reconciled trade count >= policy minimum and reconciled PnL >=0.,Group Policy=APPROVED_FOR_LIVE; Stage=LIVE; Enabled=YES; ManualApproval=YES; Input/Alpha/Data/Economic/Execution/Dependency/Evidence gates all PASS.,Any missing/stale data; nonpositive alpha; economic threshold fail; simulation/test/invariant fail; dependency fail; insufficient reconciled evidence; no approval.,NO-GO,GROUP_POLICY_NOT_APPROVED,Condicional,No,No,No,DETERMINISTIC_IF_FIRM_BID,op_08 Kalman; op_11 Bayes; op_21 Newton-Raphson,op_22 Monte Carlo; op_23 Queueing; op_16 Kelly,TRUE,Gas; slippage; competencia; revert; state drift,RealizedNetPnL = value(balance_after-balance_before) - gas - explicit external costs; bind to tx/settlement receipt; unexplained delta => QUARANTINE.,https://aave.com/help/borrowing/liquidations,,
MEV-10-013,10,NFT rental-rights arbitrage,"NFT, juegos y activos no fungibles",NFT,N_FLOOR,NFT floor/relative-value signal,Floor/trait deviation is only a signal. Emit only when a firm buyer/bid or deterministic redemption converts it into Π_net>0; otherwise observe-only.,Listings; trait metadata; firm bids; sale history; royalty/fees; redemption if applicable.,DS01+DS02+DS03+DS07+DS09+DS10+DS11,nft_engine,StrategyConfig + Snapshot + Candidate + amount + adapters + risk context,GateEvidence + exact quote + costs + EV + simulation_id + reconciliation refs,Change-controlled config; adapters healthy; required data loaded; kill-switch false.,F001-F016 + detector-specific equation,MEV-10-013-T01..T07,MEV-10-013-I01..I06,NP>0; NetROI>=group target; EV>=MinEV; ExpectedROI>0; capture/success/revert/risk thresholds pass.,Simulation PASS + math tests PASS + invariants PASS + atomic repayment when required.,All declared oracle/bridge/external dependencies PASS/fresh.,LIVE requires reconciled trade count >= policy minimum and reconciled PnL >=0.,Group Policy=APPROVED_FOR_LIVE; Stage=LIVE; Enabled=YES; ManualApproval=YES; Input/Alpha/Data/Economic/Execution/Dependency/Evidence gates all PASS.,Any missing/stale data; nonpositive alpha; economic threshold fail; simulation/test/invariant fail; dependency fail; insufficient reconciled evidence; no approval.,NO-GO,GROUP_POLICY_NOT_APPROVED,Condicional,No,No,No,SIGNAL_UNLESS_FIRM_EXIT,op_08 Kalman; op_10 Welford; op_11 Bayes,op_13 Regression; op_22 Monte Carlo,TRUE,Gas; slippage; competencia; revert; state drift,RealizedNetPnL = value(balance_after-balance_before) - gas - explicit external costs; bind to tx/settlement receipt; unexplained delta => QUARANTINE.,https://arxiv.org/abs/2204.05238,,
MEV-10-014,10,Gaming-asset marketplace arbitrage,"NFT, juegos y activos no fungibles",NFT,N_IDENTICAL,NFT identical-asset cross-market spread,"For identical tokenId/asset, Π=firm exit bid proceeds-acquisition ask-royalty-marketplace/gas costs; no floor proxy allowed for the exit leg.",TokenId identity; executable listing/ask and bid; royalties; marketplace fees; ownership/approval state.,DS01+DS02+DS03+DS07+DS09+DS10+DS11,nft_engine,StrategyConfig + Snapshot + Candidate + amount + adapters + risk context,GateEvidence + exact quote + costs + EV + simulation_id + reconciliation refs,Change-controlled config; adapters healthy; required data loaded; kill-switch false.,F001-F016 + detector-specific equation,MEV-10-014-T01..T07,MEV-10-014-I01..I06,NP>0; NetROI>=group target; EV>=MinEV; ExpectedROI>0; capture/success/revert/risk thresholds pass.,Simulation PASS + math tests PASS + invariants PASS + atomic repayment when required.,All declared oracle/bridge/external dependencies PASS/fresh.,LIVE requires reconciled trade count >= policy minimum and reconciled PnL >=0.,Group Policy=APPROVED_FOR_LIVE; Stage=LIVE; Enabled=YES; ManualApproval=YES; Input/Alpha/Data/Economic/Execution/Dependency/Evidence gates all PASS.,Any missing/stale data; nonpositive alpha; economic threshold fail; simulation/test/invariant fail; dependency fail; insufficient reconciled evidence; no approval.,NO-GO,GROUP_POLICY_NOT_APPROVED,Condicional,No,No,No,DETERMINISTIC_IF_FIRM_BID,op_08 Kalman; op_10 Welford; op_21 Newton-Raphson,op_11 Bayes; op_22 Monte Carlo; op_23 Queueing,TRUE,Gas; slippage; competencia; revert; state drift,RealizedNetPnL = value(balance_after-balance_before) - gas - explicit external costs; bind to tx/settlement receipt; unexplained delta => QUARANTINE.,https://arxiv.org/abs/2204.05238,,
MEV-10-015,10,Cross-chain NFT arbitrage,"NFT, juegos y activos no fungibles",NFT,N_IDENTICAL,NFT identical-asset cross-market spread,"For identical tokenId/asset, Π=firm exit bid proceeds-acquisition ask-royalty-marketplace/gas costs; no floor proxy allowed for the exit leg.",TokenId identity; executable listing/ask and bid; royalties; marketplace fees; ownership/approval state.,DS01+DS02+DS03+DS07+DS09+DS10+DS11+DS06 Bridge,nft_engine,StrategyConfig + Snapshot + Candidate + amount + adapters + risk context,GateEvidence + exact quote + costs + EV + simulation_id + reconciliation refs,Change-controlled config; adapters healthy; required data loaded; kill-switch false.,F001-F016 + detector-specific equation,MEV-10-015-T01..T07,MEV-10-015-I01..I06,NP>0; NetROI>=group target; EV>=MinEV; ExpectedROI>0; capture/success/revert/risk thresholds pass.,Simulation PASS + math tests PASS + invariants PASS + atomic repayment when required.,All declared oracle/bridge/external dependencies PASS/fresh.,LIVE requires reconciled trade count >= policy minimum and reconciled PnL >=0.,Group Policy=APPROVED_FOR_LIVE; Stage=LIVE; Enabled=YES; ManualApproval=YES; Input/Alpha/Data/Economic/Execution/Dependency/Evidence gates all PASS.,Any missing/stale data; nonpositive alpha; economic threshold fail; simulation/test/invariant fail; dependency fail; insufficient reconciled evidence; no approval.,NO-GO,GROUP_POLICY_NOT_APPROVED,No,No,Sí,No,DETERMINISTIC_IF_FIRM_BID,op_08 Kalman; op_10 Welford; op_21 Newton-Raphson,op_11 Bayes; op_22 Monte Carlo; op_23 Queueing,TRUE,Gas; slippage; competencia; revert; state drift,RealizedNetPnL = value(balance_after-balance_before) - gas - explicit external costs; bind to tx/settlement receipt; unexplained delta => QUARANTINE.,https://arxiv.org/abs/2204.05238,,
MEV-10-016,10,Royalty-adjusted marketplace arbitrage,"NFT, juegos y activos no fungibles",NFT,N_IDENTICAL,NFT identical-asset cross-market spread,"For identical tokenId/asset, Π=firm exit bid proceeds-acquisition ask-royalty-marketplace/gas costs; no floor proxy allowed for the exit leg.",TokenId identity; executable listing/ask and bid; royalties; marketplace fees; ownership/approval state.,DS01+DS02+DS03+DS07+DS09+DS10+DS11,nft_engine,StrategyConfig + Snapshot + Candidate + amount + adapters + risk context,GateEvidence + exact quote + costs + EV + simulation_id + reconciliation refs,Change-controlled config; adapters healthy; required data loaded; kill-switch false.,F001-F016 + detector-specific equation,MEV-10-016-T01..T07,MEV-10-016-I01..I06,NP>0; NetROI>=group target; EV>=MinEV; ExpectedROI>0; capture/success/revert/risk thresholds pass.,Simulation PASS + math tests PASS + invariants PASS + atomic repayment when required.,All declared oracle/bridge/external dependencies PASS/fresh.,LIVE requires reconciled trade count >= policy minimum and reconciled PnL >=0.,Group Policy=APPROVED_FOR_LIVE; Stage=LIVE; Enabled=YES; ManualApproval=YES; Input/Alpha/Data/Economic/Execution/Dependency/Evidence gates all PASS.,Any missing/stale data; nonpositive alpha; economic threshold fail; simulation/test/invariant fail; dependency fail; insufficient reconciled evidence; no approval.,NO-GO,GROUP_POLICY_NOT_APPROVED,Condicional,No,No,No,DETERMINISTIC_IF_FIRM_BID,op_08 Kalman; op_10 Welford; op_21 Newton-Raphson,op_11 Bayes; op_22 Monte Carlo; op_23 Queueing,TRUE,Gas; slippage; competencia; revert; state drift,RealizedNetPnL = value(balance_after-balance_before) - gas - explicit external costs; bind to tx/settlement receipt; unexplained delta => QUARANTINE.,https://arxiv.org/abs/2204.05238,,
MEV-10-017,10,Bundle/unbundle NFT arbitrage,"NFT, juegos y activos no fungibles",NFT,N_REDEEM,NFT fractional/bundle redemption NAV,Π=deterministic redeem/unbundle value-acquisition cost-component unwind costs; inverse path for mint/bundle-and-sell if contract permits.,Fractionalization/redemption contract; bundle composition; firm component bids; fees.,DS01+DS02+DS03+DS07+DS09+DS10+DS11,nft_engine,StrategyConfig + Snapshot + Candidate + amount + adapters + risk context,GateEvidence + exact quote + costs + EV + simulation_id + reconciliation refs,Change-controlled config; adapters healthy; required data loaded; kill-switch false.,F001-F016 + detector-specific equation,MEV-10-017-T01..T07,MEV-10-017-I01..I06,NP>0; NetROI>=group target; EV>=MinEV; ExpectedROI>0; capture/success/revert/risk thresholds pass.,Simulation PASS + math tests PASS + invariants PASS + atomic repayment when required.,All declared oracle/bridge/external dependencies PASS/fresh.,LIVE requires reconciled trade count >= policy minimum and reconciled PnL >=0.,Group Policy=APPROVED_FOR_LIVE; Stage=LIVE; Enabled=YES; ManualApproval=YES; Input/Alpha/Data/Economic/Execution/Dependency/Evidence gates all PASS.,Any missing/stale data; nonpositive alpha; economic threshold fail; simulation/test/invariant fail; dependency fail; insufficient reconciled evidence; no approval.,NO-GO,GROUP_POLICY_NOT_APPROVED,Condicional,No,No,No,DETERMINISTIC_IF_REDEEMABLE,op_19 Simplex; op_21 Newton-Raphson; op_13 Regression,op_08 Kalman; op_11 Bayes; op_22 Monte Carlo,TRUE,Gas; slippage; competencia; revert; state drift,RealizedNetPnL = value(balance_after-balance_before) - gas - explicit external costs; bind to tx/settlement receipt; unexplained delta => QUARANTINE.,https://arxiv.org/abs/2107.12484,,
MEV-10-018,10,Redeemable-NFT arbitrage,"NFT, juegos y activos no fungibles",NFT,N_REDEEM,NFT fractional/bundle redemption NAV,Π=deterministic redeem/unbundle value-acquisition cost-component unwind costs; inverse path for mint/bundle-and-sell if contract permits.,Fractionalization/redemption contract; bundle composition; firm component bids; fees.,DS01+DS02+DS03+DS07+DS09+DS10+DS11,nft_engine,StrategyConfig + Snapshot + Candidate + amount + adapters + risk context,GateEvidence + exact quote + costs + EV + simulation_id + reconciliation refs,Change-controlled config; adapters healthy; required data loaded; kill-switch false.,F001-F016 + detector-specific equation,MEV-10-018-T01..T07,MEV-10-018-I01..I06,NP>0; NetROI>=group target; EV>=MinEV; ExpectedROI>0; capture/success/revert/risk thresholds pass.,Simulation PASS + math tests PASS + invariants PASS + atomic repayment when required.,All declared oracle/bridge/external dependencies PASS/fresh.,LIVE requires reconciled trade count >= policy minimum and reconciled PnL >=0.,Group Policy=APPROVED_FOR_LIVE; Stage=LIVE; Enabled=YES; ManualApproval=YES; Input/Alpha/Data/Economic/Execution/Dependency/Evidence gates all PASS.,Any missing/stale data; nonpositive alpha; economic threshold fail; simulation/test/invariant fail; dependency fail; insufficient reconciled evidence; no approval.,NO-GO,GROUP_POLICY_NOT_APPROVED,Condicional,No,No,No,DETERMINISTIC_IF_REDEEMABLE,op_19 Simplex; op_21 Newton-Raphson; op_13 Regression,op_08 Kalman; op_11 Bayes; op_22 Monte Carlo,TRUE,Gas; slippage; competencia; revert; state drift,RealizedNetPnL = value(balance_after-balance_before) - gas - explicit external costs; bind to tx/settlement receipt; unexplained delta => QUARANTINE.,https://arxiv.org/abs/2107.12484,,
MEV-11-001,11,Binary complement arbitrage,Prediction markets y mercados condicionales,PREDICTION,M_COMPLETE,Prediction complete-set arbitrage,"For exhaustive mutually exclusive outcomes backed by 1 collateral unit: buy all if Σ asks_i + fees < 1; mint/sell all if Σ bids_i - fees > 1, respecting split/merge/redeem mechanics.",Outcome partition; collateral denomination; firm bid/ask per outcome; split/merge/redeem availability; fees.,DS01+DS02+DS03+DS07+DS09+DS10+DS11,prediction_engine,StrategyConfig + Snapshot + Candidate + amount + adapters + risk context,GateEvidence + exact quote + costs + EV + simulation_id + reconciliation refs,Change-controlled config; adapters healthy; required data loaded; kill-switch false.,F001-F016 + detector-specific equation,MEV-11-001-T01..T07,MEV-11-001-I01..I06,NP>0; NetROI>=group target; EV>=MinEV; ExpectedROI>0; capture/success/revert/risk thresholds pass.,Simulation PASS + math tests PASS + invariants PASS + atomic repayment when required.,All declared oracle/bridge/external dependencies PASS/fresh.,LIVE requires reconciled trade count >= policy minimum and reconciled PnL >=0.,Group Policy=APPROVED_FOR_LIVE; Stage=LIVE; Enabled=YES; ManualApproval=YES; Input/Alpha/Data/Economic/Execution/Dependency/Evidence gates all PASS.,Any missing/stale data; nonpositive alpha; economic threshold fail; simulation/test/invariant fail; dependency fail; insufficient reconciled evidence; no approval.,NO-GO,GROUP_POLICY_NOT_APPROVED,Condicional,No,No,No,DETERMINISTIC_IF_COMPLETE_SET,op_19 Simplex; op_21 Newton-Raphson; op_11 Bayes,op_08 Kalman; op_14 KL divergence; op_22 Monte Carlo,TRUE,Gas; slippage; competencia; revert; state drift,RealizedNetPnL = value(balance_after-balance_before) - gas - explicit external costs; bind to tx/settlement receipt; unexplained delta => QUARANTINE.,https://conditional-tokens.readthedocs.io/en/latest/developer-guide.html,,
MEV-11-002,11,Complete-set arbitrage,Prediction markets y mercados condicionales,PREDICTION,M_COMPLETE,Prediction complete-set arbitrage,"For exhaustive mutually exclusive outcomes backed by 1 collateral unit: buy all if Σ asks_i + fees < 1; mint/sell all if Σ bids_i - fees > 1, respecting split/merge/redeem mechanics.",Outcome partition; collateral denomination; firm bid/ask per outcome; split/merge/redeem availability; fees.,DS01+DS02+DS03+DS07+DS09+DS10+DS11,prediction_engine,StrategyConfig + Snapshot + Candidate + amount + adapters + risk context,GateEvidence + exact quote + costs + EV + simulation_id + reconciliation refs,Change-controlled config; adapters healthy; required data loaded; kill-switch false.,F001-F016 + detector-specific equation,MEV-11-002-T01..T07,MEV-11-002-I01..I06,NP>0; NetROI>=group target; EV>=MinEV; ExpectedROI>0; capture/success/revert/risk thresholds pass.,Simulation PASS + math tests PASS + invariants PASS + atomic repayment when required.,All declared oracle/bridge/external dependencies PASS/fresh.,LIVE requires reconciled trade count >= policy minimum and reconciled PnL >=0.,Group Policy=APPROVED_FOR_LIVE; Stage=LIVE; Enabled=YES; ManualApproval=YES; Input/Alpha/Data/Economic/Execution/Dependency/Evidence gates all PASS.,Any missing/stale data; nonpositive alpha; economic threshold fail; simulation/test/invariant fail; dependency fail; insufficient reconciled evidence; no approval.,NO-GO,GROUP_POLICY_NOT_APPROVED,Condicional,No,No,No,DETERMINISTIC_IF_COMPLETE_SET,op_19 Simplex; op_21 Newton-Raphson; op_11 Bayes,op_08 Kalman; op_14 KL divergence; op_22 Monte Carlo,TRUE,Gas; slippage; competencia; revert; state drift,RealizedNetPnL = value(balance_after-balance_before) - gas - explicit external costs; bind to tx/settlement receipt; unexplained delta => QUARANTINE.,https://conditional-tokens.readthedocs.io/en/latest/developer-guide.html,,
MEV-11-003,11,Cross-platform prediction arbitrage,Prediction markets y mercados condicionales,PREDICTION,M_CROSS,Cross-platform prediction-market parity,"Normalize markets only if they reference the same event, resolution source and payout semantics; then compute firm cross-venue spread after fees/capital lockup.",Canonical event identity; resolution rules; outcome mapping; firm books; fees; settlement horizon.,DS01+DS02+DS03+DS07+DS09+DS10+DS11,prediction_engine,StrategyConfig + Snapshot + Candidate + amount + adapters + risk context,GateEvidence + exact quote + costs + EV + simulation_id + reconciliation refs,Change-controlled config; adapters healthy; required data loaded; kill-switch false.,F001-F016 + detector-specific equation,MEV-11-003-T01..T07,MEV-11-003-I01..I06,NP>0; NetROI>=group target; EV>=MinEV; ExpectedROI>0; capture/success/revert/risk thresholds pass.,Simulation PASS + math tests PASS + invariants PASS + atomic repayment when required.,All declared oracle/bridge/external dependencies PASS/fresh.,LIVE requires reconciled trade count >= policy minimum and reconciled PnL >=0.,Group Policy=APPROVED_FOR_LIVE; Stage=LIVE; Enabled=YES; ManualApproval=YES; Input/Alpha/Data/Economic/Execution/Dependency/Evidence gates all PASS.,Any missing/stale data; nonpositive alpha; economic threshold fail; simulation/test/invariant fail; dependency fail; insufficient reconciled evidence; no approval.,NO-GO,GROUP_POLICY_NOT_APPROVED,Condicional,No,No,No,EXTERNAL_DATA_REQUIRED,op_08 Kalman; op_11 Bayes; op_13 Regression,op_14 KL divergence; op_22 Monte Carlo; op_23 Queueing,TRUE,Gas; slippage; competencia; revert; state drift,RealizedNetPnL = value(balance_after-balance_before) - gas - explicit external costs; bind to tx/settlement receipt; unexplained delta => QUARANTINE.,https://conditional-tokens.readthedocs.io/en/latest/developer-guide.html,,
MEV-11-004,11,Mutually-exclusive outcomes arbitrage,Prediction markets y mercados condicionales,PREDICTION,M_LOGIC,Logical/payoff constraint arbitrage,"Represent outcome payoffs as linear constraints; solve LP for a portfolio with non-negative state payoff and negative acquisition cost (after fees), or detect violated logical probability bounds.",Outcome payoff matrix; logical relation/event mapping; firm quotes; resolution rules.,DS01+DS02+DS03+DS07+DS09+DS10+DS11,prediction_engine,StrategyConfig + Snapshot + Candidate + amount + adapters + risk context,GateEvidence + exact quote + costs + EV + simulation_id + reconciliation refs,Change-controlled config; adapters healthy; required data loaded; kill-switch false.,F001-F016 + detector-specific equation,MEV-11-004-T01..T07,MEV-11-004-I01..I06,NP>0; NetROI>=group target; EV>=MinEV; ExpectedROI>0; capture/success/revert/risk thresholds pass.,Simulation PASS + math tests PASS + invariants PASS + atomic repayment when required.,All declared oracle/bridge/external dependencies PASS/fresh.,LIVE requires reconciled trade count >= policy minimum and reconciled PnL >=0.,Group Policy=APPROVED_FOR_LIVE; Stage=LIVE; Enabled=YES; ManualApproval=YES; Input/Alpha/Data/Economic/Execution/Dependency/Evidence gates all PASS.,Any missing/stale data; nonpositive alpha; economic threshold fail; simulation/test/invariant fail; dependency fail; insufficient reconciled evidence; no approval.,NO-GO,GROUP_POLICY_NOT_APPROVED,Condicional,No,No,No,DETERMINISTIC_IF_PAYOFF_MODEL,op_19 Simplex; op_11 Bayes; op_14 KL divergence,op_13 Regression; op_22 Monte Carlo,TRUE,Gas; slippage; competencia; revert; state drift,RealizedNetPnL = value(balance_after-balance_before) - gas - explicit external costs; bind to tx/settlement receipt; unexplained delta => QUARANTINE.,https://conditional-tokens.readthedocs.io/en/latest/developer-guide.html,,
MEV-11-005,11,Exhaustive-outcome basket arbitrage,Prediction markets y mercados condicionales,PREDICTION,M_COMPLETE,Prediction complete-set arbitrage,"For exhaustive mutually exclusive outcomes backed by 1 collateral unit: buy all if Σ asks_i + fees < 1; mint/sell all if Σ bids_i - fees > 1, respecting split/merge/redeem mechanics.",Outcome partition; collateral denomination; firm bid/ask per outcome; split/merge/redeem availability; fees.,DS01+DS02+DS03+DS07+DS09+DS10+DS11,prediction_engine,StrategyConfig + Snapshot + Candidate + amount + adapters + risk context,GateEvidence + exact quote + costs + EV + simulation_id + reconciliation refs,Change-controlled config; adapters healthy; required data loaded; kill-switch false.,F001-F016 + detector-specific equation,MEV-11-005-T01..T07,MEV-11-005-I01..I06,NP>0; NetROI>=group target; EV>=MinEV; ExpectedROI>0; capture/success/revert/risk thresholds pass.,Simulation PASS + math tests PASS + invariants PASS + atomic repayment when required.,All declared oracle/bridge/external dependencies PASS/fresh.,LIVE requires reconciled trade count >= policy minimum and reconciled PnL >=0.,Group Policy=APPROVED_FOR_LIVE; Stage=LIVE; Enabled=YES; ManualApproval=YES; Input/Alpha/Data/Economic/Execution/Dependency/Evidence gates all PASS.,Any missing/stale data; nonpositive alpha; economic threshold fail; simulation/test/invariant fail; dependency fail; insufficient reconciled evidence; no approval.,NO-GO,GROUP_POLICY_NOT_APPROVED,Condicional,No,No,No,DETERMINISTIC_IF_COMPLETE_SET,op_19 Simplex; op_21 Newton-Raphson; op_11 Bayes,op_08 Kalman; op_14 KL divergence; op_22 Monte Carlo,TRUE,Gas; slippage; competencia; revert; state drift,RealizedNetPnL = value(balance_after-balance_before) - gas - explicit external costs; bind to tx/settlement receipt; unexplained delta => QUARANTINE.,https://conditional-tokens.readthedocs.io/en/latest/developer-guide.html,,
MEV-11-006,11,Conditional-token arbitrage,Prediction markets y mercados condicionales,PREDICTION,M_LOGIC,Logical/payoff constraint arbitrage,"Represent outcome payoffs as linear constraints; solve LP for a portfolio with non-negative state payoff and negative acquisition cost (after fees), or detect violated logical probability bounds.",Outcome payoff matrix; logical relation/event mapping; firm quotes; resolution rules.,DS01+DS02+DS03+DS07+DS09+DS10+DS11,prediction_engine,StrategyConfig + Snapshot + Candidate + amount + adapters + risk context,GateEvidence + exact quote + costs + EV + simulation_id + reconciliation refs,Change-controlled config; adapters healthy; required data loaded; kill-switch false.,F001-F016 + detector-specific equation,MEV-11-006-T01..T07,MEV-11-006-I01..I06,NP>0; NetROI>=group target; EV>=MinEV; ExpectedROI>0; capture/success/revert/risk thresholds pass.,Simulation PASS + math tests PASS + invariants PASS + atomic repayment when required.,All declared oracle/bridge/external dependencies PASS/fresh.,LIVE requires reconciled trade count >= policy minimum and reconciled PnL >=0.,Group Policy=APPROVED_FOR_LIVE; Stage=LIVE; Enabled=YES; ManualApproval=YES; Input/Alpha/Data/Economic/Execution/Dependency/Evidence gates all PASS.,Any missing/stale data; nonpositive alpha; economic threshold fail; simulation/test/invariant fail; dependency fail; insufficient reconciled evidence; no approval.,NO-GO,GROUP_POLICY_NOT_APPROVED,Condicional,No,No,No,DETERMINISTIC_IF_PAYOFF_MODEL,op_19 Simplex; op_11 Bayes; op_14 KL divergence,op_13 Regression; op_22 Monte Carlo,TRUE,Gas; slippage; competencia; revert; state drift,RealizedNetPnL = value(balance_after-balance_before) - gas - explicit external costs; bind to tx/settlement receipt; unexplained delta => QUARANTINE.,https://conditional-tokens.readthedocs.io/en/latest/developer-guide.html,,
MEV-11-007,11,Nested-market logical arbitrage,Prediction markets y mercados condicionales,PREDICTION,M_LOGIC,Logical/payoff constraint arbitrage,"Represent outcome payoffs as linear constraints; solve LP for a portfolio with non-negative state payoff and negative acquisition cost (after fees), or detect violated logical probability bounds.",Outcome payoff matrix; logical relation/event mapping; firm quotes; resolution rules.,DS01+DS02+DS03+DS07+DS09+DS10+DS11,prediction_engine,StrategyConfig + Snapshot + Candidate + amount + adapters + risk context,GateEvidence + exact quote + costs + EV + simulation_id + reconciliation refs,Change-controlled config; adapters healthy; required data loaded; kill-switch false.,F001-F016 + detector-specific equation,MEV-11-007-T01..T07,MEV-11-007-I01..I06,NP>0; NetROI>=group target; EV>=MinEV; ExpectedROI>0; capture/success/revert/risk thresholds pass.,Simulation PASS + math tests PASS + invariants PASS + atomic repayment when required.,All declared oracle/bridge/external dependencies PASS/fresh.,LIVE requires reconciled trade count >= policy minimum and reconciled PnL >=0.,Group Policy=APPROVED_FOR_LIVE; Stage=LIVE; Enabled=YES; ManualApproval=YES; Input/Alpha/Data/Economic/Execution/Dependency/Evidence gates all PASS.,Any missing/stale data; nonpositive alpha; economic threshold fail; simulation/test/invariant fail; dependency fail; insufficient reconciled evidence; no approval.,NO-GO,GROUP_POLICY_NOT_APPROVED,Condicional,No,No,No,DETERMINISTIC_IF_PAYOFF_MODEL,op_19 Simplex; op_11 Bayes; op_14 KL divergence,op_13 Regression; op_22 Monte Carlo,TRUE,Gas; slippage; competencia; revert; state drift,RealizedNetPnL = value(balance_after-balance_before) - gas - explicit external costs; bind to tx/settlement receipt; unexplained delta => QUARANTINE.,https://conditional-tokens.readthedocs.io/en/latest/developer-guide.html,,
MEV-11-008,11,Correlated-event arbitrage,Prediction markets y mercados condicionales,PREDICTION,M_LOGIC,Logical/payoff constraint arbitrage,"Represent outcome payoffs as linear constraints; solve LP for a portfolio with non-negative state payoff and negative acquisition cost (after fees), or detect violated logical probability bounds.",Outcome payoff matrix; logical relation/event mapping; firm quotes; resolution rules.,DS01+DS02+DS03+DS07+DS09+DS10+DS11,prediction_engine,StrategyConfig + Snapshot + Candidate + amount + adapters + risk context,GateEvidence + exact quote + costs + EV + simulation_id + reconciliation refs,Change-controlled config; adapters healthy; required data loaded; kill-switch false.,F001-F016 + detector-specific equation,MEV-11-008-T01..T07,MEV-11-008-I01..I06,NP>0; NetROI>=group target; EV>=MinEV; ExpectedROI>0; capture/success/revert/risk thresholds pass.,Simulation PASS + math tests PASS + invariants PASS + atomic repayment when required.,All declared oracle/bridge/external dependencies PASS/fresh.,LIVE requires reconciled trade count >= policy minimum and reconciled PnL >=0.,Group Policy=APPROVED_FOR_LIVE; Stage=LIVE; Enabled=YES; ManualApproval=YES; Input/Alpha/Data/Economic/Execution/Dependency/Evidence gates all PASS.,Any missing/stale data; nonpositive alpha; economic threshold fail; simulation/test/invariant fail; dependency fail; insufficient reconciled evidence; no approval.,NO-GO,GROUP_POLICY_NOT_APPROVED,Condicional,No,No,No,DETERMINISTIC_IF_PAYOFF_MODEL,op_19 Simplex; op_11 Bayes; op_14 KL divergence,op_13 Regression; op_22 Monte Carlo,TRUE,Gas; slippage; competencia; revert; state drift,RealizedNetPnL = value(balance_after-balance_before) - gas - explicit external costs; bind to tx/settlement receipt; unexplained delta => QUARANTINE.,https://conditional-tokens.readthedocs.io/en/latest/developer-guide.html,,
MEV-11-009,11,Resolution-source arbitrage,Prediction markets y mercados condicionales,PREDICTION,OBSERVE,Observe-only / non-deterministic or non-authorized,"No is_opportunity=true. Emit structured evidence only until a lawful, deterministic, executable settlement path and required public/authorized data are present.","Telemetry/evidence only; no fabricated private flow, reorg certainty, future resolution or unavailable external data.",DS01+DS02+DS03+DS07+DS09+DS10+DS11+DS04 Oracle,prediction_engine,StrategyConfig + Snapshot + Candidate + amount + adapters + risk context,GateEvidence + exact quote + costs + EV + simulation_id + reconciliation refs,Change-controlled config; adapters healthy; required data loaded; kill-switch false.,F001-F016 + detector-specific equation,MEV-11-009-T01..T07,MEV-11-009-I01..I06,NP>0; NetROI>=group target; EV>=MinEV; ExpectedROI>0; capture/success/revert/risk thresholds pass.,Simulation PASS + math tests PASS + invariants PASS + atomic repayment when required.,All declared oracle/bridge/external dependencies PASS/fresh.,LIVE requires reconciled trade count >= policy minimum and reconciled PnL >=0.,Group Policy=APPROVED_FOR_LIVE; Stage=LIVE; Enabled=YES; ManualApproval=YES; Input/Alpha/Data/Economic/Execution/Dependency/Evidence gates all PASS.,Any missing/stale data; nonpositive alpha; economic threshold fail; simulation/test/invariant fail; dependency fail; insufficient reconciled evidence; no approval.,NO-GO,GROUP_POLICY_NOT_APPROVED,Condicional,Sí,No,No,OBSERVE_ONLY,op_10 Welford; op_11 Bayes,op_22 Monte Carlo,TRUE,Gas; slippage; competencia; revert; state drift,RealizedNetPnL = value(balance_after-balance_before) - gas - explicit external costs; bind to tx/settlement receipt; unexplained delta => QUARANTINE.,https://arxiv.org/abs/2204.05238,,
MEV-11-010,11,Oracle-resolution timing arbitrage,Prediction markets y mercados condicionales,PREDICTION,OBSERVE,Observe-only / non-deterministic or non-authorized,"No is_opportunity=true. Emit structured evidence only until a lawful, deterministic, executable settlement path and required public/authorized data are present.","Telemetry/evidence only; no fabricated private flow, reorg certainty, future resolution or unavailable external data.",DS01+DS02+DS03+DS07+DS09+DS10+DS11+DS04 Oracle,prediction_engine,StrategyConfig + Snapshot + Candidate + amount + adapters + risk context,GateEvidence + exact quote + costs + EV + simulation_id + reconciliation refs,Change-controlled config; adapters healthy; required data loaded; kill-switch false.,F001-F016 + detector-specific equation,MEV-11-010-T01..T07,MEV-11-010-I01..I06,NP>0; NetROI>=group target; EV>=MinEV; ExpectedROI>0; capture/success/revert/risk thresholds pass.,Simulation PASS + math tests PASS + invariants PASS + atomic repayment when required.,All declared oracle/bridge/external dependencies PASS/fresh.,LIVE requires reconciled trade count >= policy minimum and reconciled PnL >=0.,Group Policy=APPROVED_FOR_LIVE; Stage=LIVE; Enabled=YES; ManualApproval=YES; Input/Alpha/Data/Economic/Execution/Dependency/Evidence gates all PASS.,Any missing/stale data; nonpositive alpha; economic threshold fail; simulation/test/invariant fail; dependency fail; insufficient reconciled evidence; no approval.,NO-GO,GROUP_POLICY_NOT_APPROVED,Condicional,Sí,No,No,OBSERVE_ONLY,op_10 Welford; op_11 Bayes,op_22 Monte Carlo,TRUE,Gas; slippage; competencia; revert; state drift,RealizedNetPnL = value(balance_after-balance_before) - gas - explicit external costs; bind to tx/settlement receipt; unexplained delta => QUARANTINE.,https://arxiv.org/abs/2204.05238,,
MEV-11-011,11,Pre-resolution settlement arbitrage,Prediction markets y mercados condicionales,PREDICTION,OBSERVE,Observe-only / non-deterministic or non-authorized,"No is_opportunity=true. Emit structured evidence only until a lawful, deterministic, executable settlement path and required public/authorized data are present.","Telemetry/evidence only; no fabricated private flow, reorg certainty, future resolution or unavailable external data.",DS01+DS02+DS03+DS07+DS09+DS10+DS11+DS04 Oracle,prediction_engine,StrategyConfig + Snapshot + Candidate + amount + adapters + risk context,GateEvidence + exact quote + costs + EV + simulation_id + reconciliation refs,Change-controlled config; adapters healthy; required data loaded; kill-switch false.,F001-F016 + detector-specific equation,MEV-11-011-T01..T07,MEV-11-011-I01..I06,NP>0; NetROI>=group target; EV>=MinEV; ExpectedROI>0; capture/success/revert/risk thresholds pass.,Simulation PASS + math tests PASS + invariants PASS + atomic repayment when required.,All declared oracle/bridge/external dependencies PASS/fresh.,LIVE requires reconciled trade count >= policy minimum and reconciled PnL >=0.,Group Policy=APPROVED_FOR_LIVE; Stage=LIVE; Enabled=YES; ManualApproval=YES; Input/Alpha/Data/Economic/Execution/Dependency/Evidence gates all PASS.,Any missing/stale data; nonpositive alpha; economic threshold fail; simulation/test/invariant fail; dependency fail; insufficient reconciled evidence; no approval.,NO-GO,GROUP_POLICY_NOT_APPROVED,Condicional,Sí,No,No,OBSERVE_ONLY,op_10 Welford; op_11 Bayes,op_22 Monte Carlo,TRUE,Gas; slippage; competencia; revert; state drift,RealizedNetPnL = value(balance_after-balance_before) - gas - explicit external costs; bind to tx/settlement receipt; unexplained delta => QUARANTINE.,https://arxiv.org/abs/2204.05238,,
MEV-11-012,11,Prediction AMM–order-book arbitrage,Prediction markets y mercados condicionales,PREDICTION,M_AMM,Prediction AMM vs order-book,"Quote conditional-token AMM exactly and compare with firm outcome order-book quotes for identical payout claim; net of split/merge, fees and settlement.",Prediction AMM invariant; outcome IDs; firm order book; complete-set mechanics; resolution source.,DS01+DS02+DS03+DS07+DS09+DS10+DS11,prediction_engine,StrategyConfig + Snapshot + Candidate + amount + adapters + risk context,GateEvidence + exact quote + costs + EV + simulation_id + reconciliation refs,Change-controlled config; adapters healthy; required data loaded; kill-switch false.,F001-F016 + detector-specific equation,MEV-11-012-T01..T07,MEV-11-012-I01..I06,NP>0; NetROI>=group target; EV>=MinEV; ExpectedROI>0; capture/success/revert/risk thresholds pass.,Simulation PASS + math tests PASS + invariants PASS + atomic repayment when required.,All declared oracle/bridge/external dependencies PASS/fresh.,LIVE requires reconciled trade count >= policy minimum and reconciled PnL >=0.,Group Policy=APPROVED_FOR_LIVE; Stage=LIVE; Enabled=YES; ManualApproval=YES; Input/Alpha/Data/Economic/Execution/Dependency/Evidence gates all PASS.,Any missing/stale data; nonpositive alpha; economic threshold fail; simulation/test/invariant fail; dependency fail; insufficient reconciled evidence; no approval.,NO-GO,GROUP_POLICY_NOT_APPROVED,Condicional,No,No,No,DETERMINISTIC_IF_MATCHED_CLAIM,op_21 Newton-Raphson; op_08 Kalman; op_19 Simplex,op_11 Bayes; op_22 Monte Carlo,TRUE,Gas; slippage; competencia; revert; state drift,RealizedNetPnL = value(balance_after-balance_before) - gas - explicit external costs; bind to tx/settlement receipt; unexplained delta => QUARANTINE.,https://conditional-tokens.readthedocs.io/en/latest/developer-guide.html,,
